schema_version,session_id,trial_id,sample_index,device_sequence,device_timestamp_ms,receive_timestamp_ms,word,vocabulary_version,signer_id,orientation_condition,who,ax,ay,az,gx,gy,gz,flex_thumb_raw,flex_index_raw,flex_middle_raw,flex_ring_raw,flex_pinky_raw,raw_packet,packet_valid
word-sequence-v1,session_20261005T212737_676Z,word_yes_0001,0,21103,529712,1791235657678,yes,words-draft,signer_01,neutral,0x70,0.0580000000000,0.600000000000,-0.801000000000,-2.36600000000,0.733000000000,0.0920000000000,239,237,187,239,269,"seq=21103,t_ms=529712,who=0x70,ax=0.058,ay=0.600,az=-0.801,gx=-2.366,gy=0.733,gz=0.092,expected=-,pred=E,pred_conf=100.0,flex0_raw=239,flex0_norm=0.058,flex1_raw=237,flex1_norm=0.058,flex2_raw=187,flex2_norm=0.046,flex3_raw=239,flex3_norm=0.058,flex4_raw=269,flex4_norm=0.066",true
word-sequence-v1,session_20261005T212737_676Z,word_yes_0001,1,21104,529737,1791235657719,yes,words-draft,signer_01,neutral,0x70,0.0550000000000,0.586000000000,-0.818000000000,-2.00000000000,1.22100000000,0.595000000000,238,237,187,240,269,"seq=21104,t_ms=529737,who=0x70,ax=0.055,ay=0.586,az=-0.818,gx=-2.000,gy=1.221,gz=0.595,expected=-,pred=E,pred_conf=100.0,flex0_raw=238,flex0_norm=0.058,flex1_raw=237,flex1_norm=0.058,flex2_raw=187,flex2_norm=0.046,flex3_raw=240,flex3_norm=0.059,flex4_raw=269,flex4_norm=0.066",true
word-sequence-v1,session_20261005T212737_676Z,word_yes_0001,2,21105,529762,1791235657760,yes,words-draft,signer_01,neutral,0x70,0.0620000000000,0.594000000000,-0.814000000000,-4.05300000000,2.23700000000,0.840000000000,238,237,185,240,271,"seq=21105,t_ms=529762,who=0x70,ax=0.062,ay=0.594,az=-0.814,gx=-4.053,gy=2.237,gz=0.840,expected=-,pred=E,pred_conf=100.0,flex0_raw=238,flex0_norm=0.058,flex1_raw=237,flex1_norm=0.058,flex2_raw=185,flex2_norm=0.045,flex3_raw=240,flex3_norm=0.059,flex4_raw=271,flex4_norm=0.066",true
word-sequence-v1,session_20261005T212737_676Z,word_yes_0001,3,21106,529787,1791235657789,yes,words-draft,signer_01,neutral,0x70,0.0600000000000,0.593000000000,-0.822000000000,-5.96200000000,3.22900000000,1.39700000000,238,237,185,239,271,"seq=21106,t_ms=529787,who=0x70,ax=0.060,ay=0.593,az=-0.822,gx=-5.962,gy=3.229,gz=1.397,expected=-,pred=E,pred_conf=100.0,flex0_raw=238,flex0_norm=0.058,flex1_raw=237,flex1_norm=0.058,flex2_raw=185,flex2_norm=0.045,flex3_raw=239,flex3_norm=0.058,flex4_raw=271,flex4_norm=0.066",true
word-sequence-v1,session_20261005T212737_676Z,word_yes_0001,4,21107,529812,1791235657790,yes,words-draft,signer_01,neutral,0x70,0.0600000000000,0.590000000000,-0.813000000000,-5.08400000000,0.878000000000,-0.107000000000,239,238,186,239,270,"seq=21107,t_ms=529812,who=0x70,ax=0.060,ay=0.590,az=-0.813,gx=-5.084,gy=0.878,gz=-0.107,expected=-,pred=E,pred_conf=100.0,flex0_raw=239,flex0_norm=0.058,flex1_raw=238,flex1_norm=0.058,flex2_raw=186,flex2_norm=0.045,flex3_raw=239,flex3_norm=0.058,flex4_raw=270,flex4_norm=0.066",true
word-sequence-v1,session_20261005T212737_676Z,word_yes_0001,5,21108,529837,1791235657828,yes,words-draft,signer_01,neutral,0x70,0.0630000000000,0.585000000000,-0.825000000000,-5.72500000000,3.89300000000,0.748000000000,239,237,185,240,271,"seq=21108,t_ms=529837,who=0x70,ax=0.063,ay=0.585,az=-0.825,gx=-5.725,gy=3.893,gz=0.748,expected=-,pred=E,pred_conf=100.0,flex0_raw=239,flex0_norm=0.058,flex1_raw=237,flex1_norm=0.058,flex2_raw=185,flex2_norm=0.045,flex3_raw=240,flex3_norm=0.059,flex4_raw=271,flex4_norm=0.066",true
word-sequence-v1,session_20261005T212737_676Z,word_yes_0001,6,21109,529862,1791235657829,yes,words-draft,signer_01,neutral,0x70,0.0700000000000,0.584000000000,-0.819000000000,-5.09900000000,3.67200000000,-0.0150000000000,239,237,186,239,270,"seq=21109,t_ms=529862,who=0x70,ax=0.070,ay=0.584,az=-0.819,gx=-5.099,gy=3.672,gz=-0.015,expected=-,pred=E,pred_conf=100.0,flex0_raw=239,flex0_norm=0.058,flex1_raw=237,flex1_norm=0.058,flex2_raw=186,flex2_norm=0.045,flex3_raw=239,flex3_norm=0.058,flex4_raw=270,flex4_norm=0.066",true
word-sequence-v1,session_20261005T212737_676Z,word_yes_0001,7,21110,529887,1791235657888,yes,words-draft,signer_01,neutral,0x70,0.0560000000000,0.591000000000,-0.808000000000,-4.53400000000,1.51900000000,0.221000000000,238,237,187,239,270,"seq=21110,t_ms=529887,who=0x70,ax=0.056,ay=0.591,az=-0.808,gx=-4.534,gy=1.519,gz=0.221,expected=-,pred=E,pred_conf=100.0,flex0_raw=238,flex0_norm=0.058,flex1_raw=237,flex1_norm=0.058,flex2_raw=187,flex2_norm=0.046,flex3_raw=239,flex3_norm=0.058,flex4_raw=270,flex4_norm=0.066",true
word-sequence-v1,session_20261005T212737_676Z,word_yes_0001,8,21111,529912,1791235657890,yes,words-draft,signer_01,neutral,0x70,0.0610000000000,0.593000000000,-0.802000000000,-2.30500000000,2.46600000000,0.191000000000,238,239,185,239,271,"seq=21111,t_ms=529912,who=0x70,ax=0.061,ay=0.593,az=-0.802,gx=-2.305,gy=2.466,gz=0.191,expected=-,pred=E,pred_conf=100.0,flex0_raw=238,flex0_norm=0.058,flex1_raw=239,flex1_norm=0.058,flex2_raw=185,flex2_norm=0.045,flex3_raw=239,flex3_norm=0.058,flex4_raw=271,flex4_norm=0.066",true
word-sequence-v1,session_20261005T212737_676Z,word_yes_0001,9,21112,529937,1791235657932,yes,words-draft,signer_01,neutral,0x70,0.0660000000000,0.590000000000,-0.806000000000,-0.939000000000,3.51100000000,0.191000000000,239,238,186,240,271,"seq=21112,t_ms=529937,who=0x70,ax=0.066,ay=0.590,az=-0.806,gx=-0.939,gy=3.511,gz=0.191,expected=-,pred=E,pred_conf=100.0,flex0_raw=239,flex0_norm=0.058,flex1_raw=238,flex1_norm=0.058,flex2_raw=186,flex2_norm=0.045,flex3_raw=240,flex3_norm=0.059,flex4_raw=271,flex4_norm=0.066",true
word-sequence-v1,session_20261005T212737_676Z,word_yes_0001,10,21113,529962,1791235657933,yes,words-draft,signer_01,neutral,0x70,0.0610000000000,0.585000000000,-0.801000000000,2.87800000000,2.88500000000,-0.771000000000,239,238,186,240,270,"seq=21113,t_ms=529962,who=0x70,ax=0.061,ay=0.585,az=-0.801,gx=2.878,gy=2.885,gz=-0.771,expected=-,pred=E,pred_conf=100.0,flex0_raw=239,flex0_norm=0.058,flex1_raw=238,flex1_norm=0.058,flex2_raw=186,flex2_norm=0.045,flex3_raw=240,flex3_norm=0.059,flex4_raw=270,flex4_norm=0.066",true
word-sequence-v1,session_20261005T212737_676Z,word_yes_0001,11,21114,529987,1791235657970,yes,words-draft,signer_01,neutral,0x70,0.0660000000000,0.589000000000,-0.817000000000,1.63400000000,4.66400000000,-1.57300000000,237,237,187,239,269,"seq=21114,t_ms=529987,who=0x70,ax=0.066,ay=0.589,az=-0.817,gx=1.634,gy=4.664,gz=-1.573,expected=-,pred=E,pred_conf=100.0,flex0_raw=237,flex0_norm=0.058,flex1_raw=237,flex1_norm=0.058,flex2_raw=187,flex2_norm=0.046,flex3_raw=239,flex3_norm=0.058,flex4_raw=269,flex4_norm=0.066",true
word-sequence-v1,session_20261005T212737_676Z,word_yes_0001,12,21115,530012,1791235658011,yes,words-draft,signer_01,neutral,0x70,0.0630000000000,0.580000000000,-0.845000000000,1.18300000000,3.96200000000,-1.71800000000,238,237,186,239,269,"seq=21115,t_ms=530012,who=0x70,ax=0.063,ay=0.580,az=-0.845,gx=1.183,gy=3.962,gz=-1.718,expected=-,pred=E,pred_conf=100.0,flex0_raw=238,flex0_norm=0.058,flex1_raw=237,flex1_norm=0.058,flex2_raw=186,flex2_norm=0.045,flex3_raw=239,flex3_norm=0.058,flex4_raw=269,flex4_norm=0.066",true
word-sequence-v1,session_20261005T212737_676Z,word_yes_0001,13,21116,530037,1791235658013,yes,words-draft,signer_01,neutral,0x70,0.0720000000000,0.578000000000,-0.846000000000,1.12200000000,3.04600000000,-0.634000000000,239,237,186,240,270,"seq=21116,t_ms=530037,who=0x70,ax=0.072,ay=0.578,az=-0.846,gx=1.122,gy=3.046,gz=-0.634,expected=-,pred=E,pred_conf=100.0,flex0_raw=239,flex0_norm=0.058,flex1_raw=237,flex1_norm=0.058,flex2_raw=186,flex2_norm=0.045,flex3_raw=240,flex3_norm=0.059,flex4_raw=270,flex4_norm=0.066",true
word-sequence-v1,session_20261005T212737_676Z,word_yes_0001,14,21117,530062,1791235658084,yes,words-draft,signer_01,neutral,0x70,0.0750000000000,0.577000000000,-0.842000000000,1.71000000000,5.77100000000,-1.45800000000,239,238,186,243,271,"seq=21117,t_ms=530062,who=0x70,ax=0.075,ay=0.577,az=-0.842,gx=1.710,gy=5.771,gz=-1.458,expected=-,pred=E,pred_conf=100.0,flex0_raw=239,flex0_norm=0.058,flex1_raw=238,flex1_norm=0.058,flex2_raw=186,flex2_norm=0.045,flex3_raw=243,flex3_norm=0.059,flex4_raw=271,flex4_norm=0.066",true
word-sequence-v1,session_20261005T212737_676Z,word_yes_0001,15,21118,530087,1791235658125,yes,words-draft,signer_01,neutral,0x70,0.0610000000000,0.581000000000,-0.814000000000,1.77900000000,7.14500000000,-1.08400000000,239,239,187,243,270,"seq=21118,t_ms=530087,who=0x70,ax=0.061,ay=0.581,az=-0.814,gx=1.779,gy=7.145,gz=-1.084,expected=-,pred=E,pred_conf=100.0,flex0_raw=239,flex0_norm=0.058,flex1_raw=239,flex1_norm=0.058,flex2_raw=187,flex2_norm=0.046,flex3_raw=243,flex3_norm=0.059,flex4_raw=270,flex4_norm=0.066",true
word-sequence-v1,session_20261005T212737_676Z,word_yes_0001,16,21119,530112,1791235658126,yes,words-draft,signer_01,neutral,0x70,0.0660000000000,0.592000000000,-0.880000000000,-4.22100000000,6.67900000000,1.73300000000,239,237,187,239,270,"seq=21119,t_ms=530112,who=0x70,ax=0.066,ay=0.592,az=-0.880,gx=-4.221,gy=6.679,gz=1.733,expected=-,pred=E,pred_conf=100.0,flex0_raw=239,flex0_norm=0.058,flex1_raw=237,flex1_norm=0.058,flex2_raw=187,flex2_norm=0.046,flex3_raw=239,flex3_norm=0.058,flex4_raw=270,flex4_norm=0.066",true
word-sequence-v1,session_20261005T212737_676Z,word_yes_0001,17,21120,530137,1791235658127,yes,words-draft,signer_01,neutral,0x70,0.0560000000000,0.604000000000,-0.955000000000,-17.9010000000,-0.0990000000000,3.56500000000,239,238,188,243,273,"seq=21120,t_ms=530137,who=0x70,ax=0.056,ay=0.604,az=-0.955,gx=-17.901,gy=-0.099,gz=3.565,expected=-,pred=E,pred_conf=100.0,flex0_raw=239,flex0_norm=0.058,flex1_raw=238,flex1_norm=0.058,flex2_raw=188,flex2_norm=0.046,flex3_raw=243,flex3_norm=0.059,flex4_raw=273,flex4_norm=0.067",true
word-sequence-v1,session_20261005T212737_676Z,word_yes_0001,18,21121,530162,1791235658157,yes,words-draft,signer_01,neutral,0x70,0.0710000000000,0.643000000000,-1.02900000000,-49.2750000000,1.01500000000,9.40500000000,239,238,187,240,271,"seq=21121,t_ms=530162,who=0x70,ax=0.071,ay=0.643,az=-1.029,gx=-49.275,gy=1.015,gz=9.405,expected=-,pred=E,pred_conf=100.0,flex0_raw=239,flex0_norm=0.058,flex1_raw=238,flex1_norm=0.058,flex2_raw=187,flex2_norm=0.046,flex3_raw=240,flex3_norm=0.059,flex4_raw=271,flex4_norm=0.066",true
word-sequence-v1,session_20261005T212737_676Z,word_yes_0001,19,21122,530187,1791235658158,yes,words-draft,signer_01,neutral,0x70,0.122000000000,0.654000000000,-1.09300000000,-105.901000000,-0.695000000000,12.3740000000,238,239,187,243,270,"seq=21122,t_ms=530187,who=0x70,ax=0.122,ay=0.654,az=-1.093,gx=-105.901,gy=-0.695,gz=12.374,expected=-,pred=E,pred_conf=100.0,flex0_raw=238,flex0_norm=0.058,flex1_raw=239,flex1_norm=0.058,flex2_raw=187,flex2_norm=0.046,flex3_raw=243,flex3_norm=0.059,flex4_raw=270,flex4_norm=0.066",true
word-sequence-v1,session_20261005T212737_676Z,word_yes_0001,20,21123,530212,1791235658192,yes,words-draft,signer_01,neutral,0x70,0.0770000000000,0.678000000000,-1.09100000000,-169.206000000,-6.08400000000,3.62600000000,240,240,186,244,270,"seq=21123,t_ms=530212,who=0x70,ax=0.077,ay=0.678,az=-1.091,gx=-169.206,gy=-6.084,gz=3.626,expected=-,pred=E,pred_conf=100.0,flex0_raw=240,flex0_norm=0.059,flex1_raw=240,flex1_norm=0.059,flex2_raw=186,flex2_norm=0.045,flex3_raw=244,flex3_norm=0.060,flex4_raw=270,flex4_norm=0.066",true
word-sequence-v1,session_20261005T212737_676Z,word_yes_0001,21,21124,530237,1791235658223,yes,words-draft,signer_01,neutral,0x70,0.123000000000,0.739000000000,-0.969000000000,-232.336000000,0.802000000000,-3.58800000000,243,240,188,245,270,"seq=21124,t_ms=530237,who=0x70,ax=0.123,ay=0.739,az=-0.969,gx=-232.336,gy=0.802,gz=-3.588,expected=-,pred=E,pred_conf=100.0,flex0_raw=243,flex0_norm=0.059,flex1_raw=240,flex1_norm=0.059,flex2_raw=188,flex2_norm=0.046,flex3_raw=245,flex3_norm=0.060,flex4_raw=270,flex4_norm=0.066",true
word-sequence-v1,session_20261005T212737_676Z,word_yes_0001,22,21125,530262,1791235658224,yes,words-draft,signer_01,neutral,0x70,0.155000000000,0.777000000000,-0.767000000000,-250.137000000,5.12200000000,-15.4350000000,245,244,188,244,268,"seq=21125,t_ms=530262,who=0x70,ax=0.155,ay=0.777,az=-0.767,gx=-250.137,gy=5.122,gz=-15.435,expected=-,pred=E,pred_conf=100.0,flex0_raw=245,flex0_norm=0.060,flex1_raw=244,flex1_norm=0.060,flex2_raw=188,flex2_norm=0.046,flex3_raw=244,flex3_norm=0.060,flex4_raw=268,flex4_norm=0.065",true
word-sequence-v1,session_20261005T212737_676Z,word_yes_0001,23,21126,530287,1791235658261,yes,words-draft,signer_01,neutral,0x70,0.109000000000,0.813000000000,-0.471000000000,-241.076000000,-15.1220000000,-34.7940000000,245,243,189,245,266,"seq=21126,t_ms=530287,who=0x70,ax=0.109,ay=0.813,az=-0.471,gx=-241.076,gy=-15.122,gz=-34.794,expected=-,pred=E,pred_conf=100.0,flex0_raw=245,flex0_norm=0.060,flex1_raw=243,flex1_norm=0.059,flex2_raw=189,flex2_norm=0.046,flex3_raw=245,flex3_norm=0.060,flex4_raw=266,flex4_norm=0.065",true
word-sequence-v1,session_20261005T212737_676Z,word_yes_0001,24,21127,530312,1791235658303,yes,words-draft,signer_01,neutral,0x70,0.121000000000,0.875000000000,-0.206000000000,-204.672000000,-33.6030000000,-36.5190000000,247,246,189,248,264,"seq=21127,t_ms=530312,who=0x70,ax=0.121,ay=0.875,az=-0.206,gx=-204.672,gy=-33.603,gz=-36.519,expected=-,pred=E,pred_conf=100.0,flex0_raw=247,flex0_norm=0.060,flex1_raw=246,flex1_norm=0.060,flex2_raw=189,flex2_norm=0.046,flex3_raw=248,flex3_norm=0.061,flex4_raw=264,flex4_norm=0.064",true
word-sequence-v1,session_20261005T212737_676Z,word_yes_0001,25,21128,530337,1791235658330,yes,words-draft,signer_01,neutral,0x70,-0.0290000000000,0.781000000000,-0.0630000000000,-130.916000000,-26.2370000000,-38.0310000000,248,248,188,248,265,"seq=21128,t_ms=530337,who=0x70,ax=-0.029,ay=0.781,az=-0.063,gx=-130.916,gy=-26.237,gz=-38.031,expected=-,pred=E,pred_conf=100.0,flex0_raw=248,flex0_norm=0.061,flex1_raw=248,flex1_norm=0.061,flex2_raw=188,flex2_norm=0.046,flex3_raw=248,flex3_norm=0.061,flex4_raw=265,flex4_norm=0.065",true
word-sequence-v1,session_20261005T212737_676Z,word_yes_0001,26,21129,530362,1791235658339,yes,words-draft,signer_01,neutral,0x70,-0.0280000000000,0.708000000000,-0.0190000000000,-73.2060000000,-23.3440000000,-26.0840000000,249,249,187,248,264,"seq=21129,t_ms=530362,who=0x70,ax=-0.028,ay=0.708,az=-0.019,gx=-73.206,gy=-23.344,gz=-26.084,expected=-,pred=E,pred_conf=100.0,flex0_raw=249,flex0_norm=0.061,flex1_raw=249,flex1_norm=0.061,flex2_raw=187,flex2_norm=0.046,flex3_raw=248,flex3_norm=0.061,flex4_raw=264,flex4_norm=0.064",true
word-sequence-v1,session_20261005T212737_676Z,word_yes_0001,27,21130,530387,1791235658368,yes,words-draft,signer_01,neutral,0x70,-0.0210000000000,0.783000000000,0.0220000000000,-23.7020000000,-12.2900000000,-22.0310000000,249,249,188,248,264,"seq=21130,t_ms=530387,who=0x70,ax=-0.021,ay=0.783,az=0.022,gx=-23.702,gy=-12.290,gz=-22.031,expected=-,pred=E,pred_conf=100.0,flex0_raw=249,flex0_norm=0.061,flex1_raw=249,flex1_norm=0.061,flex2_raw=188,flex2_norm=0.046,flex3_raw=248,flex3_norm=0.061,flex4_raw=264,flex4_norm=0.064",true
word-sequence-v1,session_20261005T212737_676Z,word_yes_0001,28,21131,530412,1791235658370,yes,words-draft,signer_01,neutral,0x70,-0.0520000000000,0.737000000000,-0.0100000000000,48.5040000000,-15.3740000000,-10.6640000000,251,249,187,248,264,"seq=21131,t_ms=530412,who=0x70,ax=-0.052,ay=0.737,az=-0.010,gx=48.504,gy=-15.374,gz=-10.664,expected=-,pred=E,pred_conf=100.0,flex0_raw=251,flex0_norm=0.061,flex1_raw=249,flex1_norm=0.061,flex2_raw=187,flex2_norm=0.046,flex3_raw=248,flex3_norm=0.061,flex4_raw=264,flex4_norm=0.064",true
word-sequence-v1,session_20261005T212737_676Z,word_yes_0001,29,21132,530437,1791235658399,yes,words-draft,signer_01,neutral,0x70,-0.0310000000000,0.803000000000,-0.0750000000000,119.023000000,1.11500000000,-3.95400000000,249,249,186,247,264,"seq=21132,t_ms=530437,who=0x70,ax=-0.031,ay=0.803,az=-0.075,gx=119.023,gy=1.115,gz=-3.954,expected=-,pred=E,pred_conf=100.0,flex0_raw=249,flex0_norm=0.061,flex1_raw=249,flex1_norm=0.061,flex2_raw=186,flex2_norm=0.045,flex3_raw=247,flex3_norm=0.060,flex4_raw=264,flex4_norm=0.064",true
word-sequence-v1,session_20261005T212737_676Z,word_yes_0001,30,21133,530462,1791235658434,yes,words-draft,signer_01,neutral,0x70,-0.00500000000000,0.881000000000,-0.0830000000000,233.718000000,6.47300000000,-8.48900000000,249,249,188,243,265,"seq=21133,t_ms=530462,who=0x70,ax=-0.005,ay=0.881,az=-0.083,gx=233.718,gy=6.473,gz=-8.489,expected=-,pred=E,pred_conf=100.0,flex0_raw=249,flex0_norm=0.061,flex1_raw=249,flex1_norm=0.061,flex2_raw=188,flex2_norm=0.046,flex3_raw=243,flex3_norm=0.059,flex4_raw=265,flex4_norm=0.065",true
word-sequence-v1,session_20261005T212737_676Z,word_yes_0001,31,21134,530487,1791235658465,yes,words-draft,signer_01,neutral,0x70,-0.0760000000000,0.611000000000,-0.393000000000,250.130000000,10.9310000000,-24.3510000000,247,247,187,240,265,"seq=21134,t_ms=530487,who=0x70,ax=-0.076,ay=0.611,az=-0.393,gx=250.130,gy=10.931,gz=-24.351,expected=-,pred=E,pred_conf=100.0,flex0_raw=247,flex0_norm=0.060,flex1_raw=247,flex1_norm=0.060,flex2_raw=187,flex2_norm=0.046,flex3_raw=240,flex3_norm=0.059,flex4_raw=265,flex4_norm=0.065",true
word-sequence-v1,session_20261005T212737_676Z,word_yes_0001,32,21135,530512,1791235658499,yes,words-draft,signer_01,neutral,0x70,-0.0290000000000,0.506000000000,-0.632000000000,250.130000000,18.2370000000,-22.6640000000,247,246,187,237,265,"seq=21135,t_ms=530512,who=0x70,ax=-0.029,ay=0.506,az=-0.632,gx=250.130,gy=18.237,gz=-22.664,expected=-,pred=E,pred_conf=100.0,flex0_raw=247,flex0_norm=0.060,flex1_raw=246,flex1_norm=0.060,flex2_raw=187,flex2_norm=0.046,flex3_raw=237,flex3_norm=0.058,flex4_raw=265,flex4_norm=0.065",true
word-sequence-v1,session_20261005T212737_676Z,word_yes_0001,33,21136,530537,1791235658534,yes,words-draft,signer_01,neutral,0x70,0.0200000000000,0.404000000000,-0.721000000000,250.130000000,44.7790000000,-13.5500000000,245,245,187,236,266,"seq=21136,t_ms=530537,who=0x70,ax=0.020,ay=0.404,az=-0.721,gx=250.130,gy=44.779,gz=-13.550,expected=-,pred=E,pred_conf=100.0,flex0_raw=245,flex0_norm=0.060,flex1_raw=245,flex1_norm=0.060,flex2_raw=187,flex2_norm=0.046,flex3_raw=236,flex3_norm=0.058,flex4_raw=266,flex4_norm=0.065",true
word-sequence-v1,session_20261005T212737_676Z,word_yes_0001,34,21137,530562,1791235658535,yes,words-draft,signer_01,neutral,0x70,-0.00600000000000,0.344000000000,-0.928000000000,250.130000000,22.6870000000,-44.7710000000,247,245,189,235,265,"seq=21137,t_ms=530562,who=0x70,ax=-0.006,ay=0.344,az=-0.928,gx=250.130,gy=22.687,gz=-44.771,expected=-,pred=E,pred_conf=100.0,flex0_raw=247,flex0_norm=0.060,flex1_raw=245,flex1_norm=0.060,flex2_raw=189,flex2_norm=0.046,flex3_raw=235,flex3_norm=0.057,flex4_raw=265,flex4_norm=0.065",true
word-sequence-v1,session_20261005T212737_676Z,word_yes_0001,35,21138,530587,1791235658562,yes,words-draft,signer_01,neutral,0x70,0.0250000000000,0.0900000000000,-1.09600000000,250.130000000,35.7560000000,-52.0380000000,245,246,189,233,265,"seq=21138,t_ms=530587,who=0x70,ax=0.025,ay=0.090,az=-1.096,gx=250.130,gy=35.756,gz=-52.038,expected=-,pred=E,pred_conf=100.0,flex0_raw=245,flex0_norm=0.060,flex1_raw=246,flex1_norm=0.060,flex2_raw=189,flex2_norm=0.046,flex3_raw=233,flex3_norm=0.057,flex4_raw=265,flex4_norm=0.065",true
word-sequence-v1,session_20261005T212737_676Z,word_yes_0001,36,21139,530612,1791235658599,yes,words-draft,signer_01,neutral,0x70,0.209000000000,-0.0120000000000,-1.13900000000,218.099000000,84.8400000000,-8.79400000000,247,245,189,234,265,"seq=21139,t_ms=530612,who=0x70,ax=0.209,ay=-0.012,az=-1.139,gx=218.099,gy=84.840,gz=-8.794,expected=-,pred=E,pred_conf=100.0,flex0_raw=247,flex0_norm=0.060,flex1_raw=245,flex1_norm=0.060,flex2_raw=189,flex2_norm=0.046,flex3_raw=234,flex3_norm=0.057,flex4_raw=265,flex4_norm=0.065",true
word-sequence-v1,session_20261005T212737_676Z,word_yes_0001,37,21140,530637,1791235658635,yes,words-draft,signer_01,neutral,0x70,0.110000000000,0.129000000000,-1.05700000000,168.275000000,91.4580000000,-6.96900000000,246,245,190,233,265,"seq=21140,t_ms=530637,who=0x70,ax=0.110,ay=0.129,az=-1.057,gx=168.275,gy=91.458,gz=-6.969,expected=-,pred=E,pred_conf=100.0,flex0_raw=246,flex0_norm=0.060,flex1_raw=245,flex1_norm=0.060,flex2_raw=190,flex2_norm=0.046,flex3_raw=233,flex3_norm=0.057,flex4_raw=265,flex4_norm=0.065",true
word-sequence-v1,session_20261005T212737_676Z,word_yes_0001,38,21141,530662,1791235658664,yes,words-draft,signer_01,neutral,0x70,0.0480000000000,0.0370000000000,-1.06900000000,205.496000000,57.1680000000,-8.26700000000,246,245,187,233,266,"seq=21141,t_ms=530662,who=0x70,ax=0.048,ay=0.037,az=-1.069,gx=205.496,gy=57.168,gz=-8.267,expected=-,pred=E,pred_conf=100.0,flex0_raw=246,flex0_norm=0.060,flex1_raw=245,flex1_norm=0.060,flex2_raw=187,flex2_norm=0.046,flex3_raw=233,flex3_norm=0.057,flex4_raw=266,flex4_norm=0.065",true
word-sequence-v1,session_20261005T212737_676Z,word_yes_0001,39,21142,530687,1791235658668,yes,words-draft,signer_01,neutral,0x70,0.0870000000000,-0.0910000000000,-1.08800000000,177.908000000,64.1760000000,-23.4050000000,245,244,188,231,265,"seq=21142,t_ms=530687,who=0x70,ax=0.087,ay=-0.091,az=-1.088,gx=177.908,gy=64.176,gz=-23.405,expected=-,pred=E,pred_conf=100.0,flex0_raw=245,flex0_norm=0.060,flex1_raw=244,flex1_norm=0.060,flex2_raw=188,flex2_norm=0.046,flex3_raw=231,flex3_norm=0.056,flex4_raw=265,flex4_norm=0.065",true
word-sequence-v1,session_20261005T212737_676Z,word_yes_0001,40,21143,530712,1791235658670,yes,words-draft,signer_01,neutral,0x70,0.0880000000000,-0.164000000000,-1.12700000000,138.168000000,70.7560000000,-9.39700000000,245,245,189,230,265,"seq=21143,t_ms=530712,who=0x70,ax=0.088,ay=-0.164,az=-1.127,gx=138.168,gy=70.756,gz=-9.397,expected=-,pred=E,pred_conf=100.0,flex0_raw=245,flex0_norm=0.060,flex1_raw=245,flex1_norm=0.060,flex2_raw=189,flex2_norm=0.046,flex3_raw=230,flex3_norm=0.056,flex4_raw=265,flex4_norm=0.065",true
word-sequence-v1,session_20261005T212737_676Z,word_yes_0001,41,21144,530737,1791235658699,yes,words-draft,signer_01,neutral,0x70,0.182000000000,-0.129000000000,-1.17100000000,115.229000000,65.0760000000,4.96900000000,245,244,188,230,265,"seq=21144,t_ms=530737,who=0x70,ax=0.182,ay=-0.129,az=-1.171,gx=115.229,gy=65.076,gz=4.969,expected=-,pred=E,pred_conf=100.0,flex0_raw=245,flex0_norm=0.060,flex1_raw=244,flex1_norm=0.060,flex2_raw=188,flex2_norm=0.046,flex3_raw=230,flex3_norm=0.056,flex4_raw=265,flex4_norm=0.065",true
word-sequence-v1,session_20261005T212737_676Z,word_yes_0001,42,21145,530762,1791235658734,yes,words-draft,signer_01,neutral,0x70,0.158000000000,-0.249000000000,-1.20300000000,71.6260000000,44.2140000000,33.0310000000,245,244,188,229,265,"seq=21145,t_ms=530762,who=0x70,ax=0.158,ay=-0.249,az=-1.203,gx=71.626,gy=44.214,gz=33.031,expected=-,pred=E,pred_conf=100.0,flex0_raw=245,flex0_norm=0.060,flex1_raw=244,flex1_norm=0.060,flex2_raw=188,flex2_norm=0.046,flex3_raw=229,flex3_norm=0.056,flex4_raw=265,flex4_norm=0.065",true
word-sequence-v1,session_20261005T212737_676Z,word_yes_0001,43,21146,530787,1791235658761,yes,words-draft,signer_01,neutral,0x70,0.176000000000,-0.266000000000,-1.25200000000,7.49600000000,36.2210000000,49.0840000000,246,245,189,230,266,"seq=21146,t_ms=530787,who=0x70,ax=0.176,ay=-0.266,az=-1.252,gx=7.496,gy=36.221,gz=49.084,expected=-,pred=E,pred_conf=100.0,flex0_raw=246,flex0_norm=0.060,flex1_raw=245,flex1_norm=0.060,flex2_raw=189,flex2_norm=0.046,flex3_raw=230,flex3_norm=0.056,flex4_raw=266,flex4_norm=0.065",true
word-sequence-v1,session_20261005T212737_676Z,word_yes_0001,44,21147,530812,1791235658798,yes,words-draft,signer_01,neutral,0x70,0.194000000000,-0.275000000000,-1.26100000000,-35.7630000000,10.1450000000,44.9850000000,245,245,189,231,267,"seq=21147,t_ms=530812,who=0x70,ax=0.194,ay=-0.275,az=-1.261,gx=-35.763,gy=10.145,gz=44.985,expected=-,pred=E,pred_conf=100.0,flex0_raw=245,flex0_norm=0.060,flex1_raw=245,flex1_norm=0.060,flex2_raw=189,flex2_norm=0.046,flex3_raw=231,flex3_norm=0.056,flex4_raw=267,flex4_norm=0.065",true
word-sequence-v1,session_20261005T212737_676Z,word_yes_0001,45,21148,530837,1791235658828,yes,words-draft,signer_01,neutral,0x70,0.239000000000,-0.334000000000,-1.26000000000,-109.366000000,-1.16000000000,47.0230000000,246,245,190,232,266,"seq=21148,t_ms=530837,who=0x70,ax=0.239,ay=-0.334,az=-1.260,gx=-109.366,gy=-1.160,gz=47.023,expected=-,pred=E,pred_conf=100.0,flex0_raw=246,flex0_norm=0.060,flex1_raw=245,flex1_norm=0.060,flex2_raw=190,flex2_norm=0.046,flex3_raw=232,flex3_norm=0.057,flex4_raw=266,flex4_norm=0.065",true
word-sequence-v1,session_20261005T212737_676Z,word_yes_0001,46,21149,530862,1791235658829,yes,words-draft,signer_01,neutral,0x70,0.210000000000,-0.250000000000,-1.20900000000,-222.351000000,-5.99200000000,49.5340000000,248,247,198,235,266,"seq=21149,t_ms=530862,who=0x70,ax=0.210,ay=-0.250,az=-1.209,gx=-222.351,gy=-5.992,gz=49.534,expected=-,pred=E,pred_conf=100.0,flex0_raw=248,flex0_norm=0.061,flex1_raw=247,flex1_norm=0.060,flex2_raw=198,flex2_norm=0.048,flex3_raw=235,flex3_norm=0.057,flex4_raw=266,flex4_norm=0.065",true
word-sequence-v1,session_20261005T212737_676Z,word_yes_0001,47,21150,530887,1791235658868,yes,words-draft,signer_01,neutral,0x70,0.162000000000,-0.0190000000000,-1.18800000000,-250.137000000,-24.0920000000,29.3510000000,249,249,197,239,265,"seq=21150,t_ms=530887,who=0x70,ax=0.162,ay=-0.019,az=-1.188,gx=-250.137,gy=-24.092,gz=29.351,expected=-,pred=E,pred_conf=100.0,flex0_raw=249,flex0_norm=0.061,flex1_raw=249,flex1_norm=0.061,flex2_raw=197,flex2_norm=0.048,flex3_raw=239,flex3_norm=0.058,flex4_raw=265,flex4_norm=0.065",true
word-sequence-v1,session_20261005T212737_676Z,word_yes_0001,48,21151,530912,1791235658878,yes,words-draft,signer_01,neutral,0x70,0.152000000000,-0.00500000000000,-1.13100000000,-250.137000000,-48.5950000000,16.5570000000,251,249,199,239,264,"seq=21151,t_ms=530912,who=0x70,ax=0.152,ay=-0.005,az=-1.131,gx=-250.137,gy=-48.595,gz=16.557,expected=-,pred=E,pred_conf=100.0,flex0_raw=251,flex0_norm=0.061,flex1_raw=249,flex1_norm=0.061,flex2_raw=199,flex2_norm=0.049,flex3_raw=239,flex3_norm=0.058,flex4_raw=264,flex4_norm=0.064",true
word-sequence-v1,session_20261005T212737_676Z,word_yes_0001,49,21152,530937,1791235658909,yes,words-draft,signer_01,neutral,0x70,0.181000000000,-0.0310000000000,-1.04300000000,-250.137000000,-43.1530000000,30.7400000000,252,251,197,240,262,"seq=21152,t_ms=530937,who=0x70,ax=0.181,ay=-0.031,az=-1.043,gx=-250.137,gy=-43.153,gz=30.740,expected=-,pred=E,pred_conf=100.0,flex0_raw=252,flex0_norm=0.062,flex1_raw=251,flex1_norm=0.061,flex2_raw=197,flex2_norm=0.048,flex3_raw=240,flex3_norm=0.059,flex4_raw=262,flex4_norm=0.064",true
word-sequence-v1,session_20261005T212737_676Z,word_yes_0001,50,21153,530962,1791235658944,yes,words-draft,signer_01,neutral,0x70,0.209000000000,0.392000000000,-0.900000000000,-250.137000000,-34.2370000000,33.7180000000,253,253,198,245,261,"seq=21153,t_ms=530962,who=0x70,ax=0.209,ay=0.392,az=-0.900,gx=-250.137,gy=-34.237,gz=33.718,expected=-,pred=E,pred_conf=100.0,flex0_raw=253,flex0_norm=0.062,flex1_raw=253,flex1_norm=0.062,flex2_raw=198,flex2_norm=0.048,flex3_raw=245,flex3_norm=0.060,flex4_raw=261,flex4_norm=0.064",true
word-sequence-v1,session_20261005T212737_676Z,word_yes_0001,51,21154,530987,1791235658999,yes,words-draft,signer_01,neutral,0x70,0.123000000000,0.546000000000,-0.865000000000,-250.137000000,-37.1220000000,0.412000000000,261,254,199,247,261,"seq=21154,t_ms=530987,who=0x70,ax=0.123,ay=0.546,az=-0.865,gx=-250.137,gy=-37.122,gz=0.412,expected=-,pred=E,pred_conf=100.0,flex0_raw=261,flex0_norm=0.064,flex1_raw=254,flex1_norm=0.062,flex2_raw=199,flex2_norm=0.049,flex3_raw=247,flex3_norm=0.060,flex4_raw=261,flex4_norm=0.064",true
word-sequence-v1,session_20261005T212737_676Z,word_yes_0001,52,21155,531012,1791235659003,yes,words-draft,signer_01,neutral,0x70,0.101000000000,0.668000000000,-0.669000000000,-250.137000000,-29.6030000000,-3.48900000000,255,261,200,247,261,"seq=21155,t_ms=531012,who=0x70,ax=0.101,ay=0.668,az=-0.669,gx=-250.137,gy=-29.603,gz=-3.489,expected=-,pred=E,pred_conf=100.0,flex0_raw=255,flex0_norm=0.062,flex1_raw=261,flex1_norm=0.064,flex2_raw=200,flex2_norm=0.049,flex3_raw=247,flex3_norm=0.060,flex4_raw=261,flex4_norm=0.064",true
word-sequence-v1,session_20261005T212737_676Z,word_yes_0001,53,21156,531037,1791235659004,yes,words-draft,signer_01,neutral,0x70,0.102000000000,0.736000000000,-0.611000000000,-235.191000000,-10.0460000000,-6.17600000000,261,261,199,248,255,"seq=21156,t_ms=531037,who=0x70,ax=0.102,ay=0.736,az=-0.611,gx=-235.191,gy=-10.046,gz=-6.176,expected=-,pred=E,pred_conf=99.9,flex0_raw=261,flex0_norm=0.064,flex1_raw=261,flex1_norm=0.064,flex2_raw=199,flex2_norm=0.049,flex3_raw=248,flex3_norm=0.061,flex4_raw=255,flex4_norm=0.062",true
word-sequence-v1,session_20261005T212737_676Z,word_yes_0001,54,21157,531062,1791235659043,yes,words-draft,signer_01,neutral,0x70,0.0890000000000,0.706000000000,-0.528000000000,-174.817000000,-5.83200000000,-0.649000000000,261,261,199,248,260,"seq=21157,t_ms=531062,who=0x70,ax=0.089,ay=0.706,az=-0.528,gx=-174.817,gy=-5.832,gz=-0.649,expected=-,pred=E,pred_conf=100.0,flex0_raw=261,flex0_norm=0.064,flex1_raw=261,flex1_norm=0.064,flex2_raw=199,flex2_norm=0.049,flex3_raw=248,flex3_norm=0.061,flex4_raw=260,flex4_norm=0.063",true
word-sequence-v1,session_20261005T212737_676Z,word_yes_0001,55,21158,531087,1791235659071,yes,words-draft,signer_01,neutral,0x70,0.125000000000,0.763000000000,-0.434000000000,-154.366000000,-3.76300000000,-2.32800000000,261,256,199,247,255,"seq=21158,t_ms=531087,who=0x70,ax=0.125,ay=0.763,az=-0.434,gx=-154.366,gy=-3.763,gz=-2.328,expected=-,pred=E,pred_conf=99.9,flex0_raw=261,flex0_norm=0.064,flex1_raw=256,flex1_norm=0.063,flex2_raw=199,flex2_norm=0.049,flex3_raw=247,flex3_norm=0.060,flex4_raw=255,flex4_norm=0.062",true
word-sequence-v1,session_20261005T212737_676Z,word_yes_0001,56,21159,531112,1791235659108,yes,words-draft,signer_01,neutral,0x70,0.100000000000,0.807000000000,-0.347000000000,-103.061000000,-2.29000000000,-11.6260000000,261,263,197,248,254,"seq=21159,t_ms=531112,who=0x70,ax=0.100,ay=0.807,az=-0.347,gx=-103.061,gy=-2.290,gz=-11.626,expected=-,pred=E,pred_conf=99.9,flex0_raw=261,flex0_norm=0.064,flex1_raw=263,flex1_norm=0.064,flex2_raw=197,flex2_norm=0.048,flex3_raw=248,flex3_norm=0.061,flex4_raw=254,flex4_norm=0.062",true
word-sequence-v1,session_20261005T212737_676Z,word_yes_0001,57,21160,531137,1791235659109,yes,words-draft,signer_01,neutral,0x70,0.0260000000000,0.749000000000,-0.323000000000,-61.5880000000,-6.77900000000,-3.41200000000,262,262,199,249,253,"seq=21160,t_ms=531137,who=0x70,ax=0.026,ay=0.749,az=-0.323,gx=-61.588,gy=-6.779,gz=-3.412,expected=-,pred=E,pred_conf=99.9,flex0_raw=262,flex0_norm=0.064,flex1_raw=262,flex1_norm=0.064,flex2_raw=199,flex2_norm=0.049,flex3_raw=249,flex3_norm=0.061,flex4_raw=253,flex4_norm=0.062",true
word-sequence-v1,session_20261005T212737_676Z,word_yes_0001,58,21161,531162,1791235659142,yes,words-draft,signer_01,neutral,0x70,0.0830000000000,0.731000000000,-0.333000000000,-45.5730000000,-1.45800000000,-2.90100000000,263,263,199,249,253,"seq=21161,t_ms=531162,who=0x70,ax=0.083,ay=0.731,az=-0.333,gx=-45.573,gy=-1.458,gz=-2.901,expected=-,pred=E,pred_conf=99.9,flex0_raw=263,flex0_norm=0.064,flex1_raw=263,flex1_norm=0.064,flex2_raw=199,flex2_norm=0.049,flex3_raw=249,flex3_norm=0.061,flex4_raw=253,flex4_norm=0.062",true
word-sequence-v1,session_20261005T212737_676Z,word_yes_0001,59,21162,531187,1791235659173,yes,words-draft,signer_01,neutral,0x70,0.0740000000000,0.823000000000,-0.258000000000,-11.6110000000,4.34400000000,1.58800000000,263,263,199,248,253,"seq=21162,t_ms=531187,who=0x70,ax=0.074,ay=0.823,az=-0.258,gx=-11.611,gy=4.344,gz=1.588,expected=-,pred=E,pred_conf=99.9,flex0_raw=263,flex0_norm=0.064,flex1_raw=263,flex1_norm=0.064,flex2_raw=199,flex2_norm=0.049,flex3_raw=248,flex3_norm=0.061,flex4_raw=253,flex4_norm=0.062",true
word-sequence-v1,session_20261005T212737_676Z,word_yes_0001,60,21163,531212,1791235659178,yes,words-draft,signer_01,neutral,0x70,0.0620000000000,0.822000000000,-0.296000000000,45.9080000000,5.51900000000,2.13000000000,263,263,198,249,253,"seq=21163,t_ms=531212,who=0x70,ax=0.062,ay=0.822,az=-0.296,gx=45.908,gy=5.519,gz=2.130,expected=-,pred=E,pred_conf=99.9,flex0_raw=263,flex0_norm=0.064,flex1_raw=263,flex1_norm=0.064,flex2_raw=198,flex2_norm=0.048,flex3_raw=249,flex3_norm=0.061,flex4_raw=253,flex4_norm=0.062",true
word-sequence-v1,session_20261005T212737_676Z,word_yes_0001,61,21164,531237,1791235659208,yes,words-draft,signer_01,neutral,0x70,0.0630000000000,0.787000000000,-0.400000000000,89.4350000000,18.2670000000,-3.87800000000,263,262,199,249,252,"seq=21164,t_ms=531237,who=0x70,ax=0.063,ay=0.787,az=-0.400,gx=89.435,gy=18.267,gz=-3.878,expected=-,pred=E,pred_conf=99.9,flex0_raw=263,flex0_norm=0.064,flex1_raw=262,flex1_norm=0.064,flex2_raw=199,flex2_norm=0.049,flex3_raw=249,flex3_norm=0.061,flex4_raw=252,flex4_norm=0.062",true
word-sequence-v1,session_20261005T212737_676Z,word_yes_0001,62,21165,531262,1791235659239,yes,words-draft,signer_01,neutral,0x70,0.112000000000,0.735000000000,-0.464000000000,115.313000000,37.8470000000,4.98500000000,256,261,198,248,260,"seq=21165,t_ms=531262,who=0x70,ax=0.112,ay=0.735,az=-0.464,gx=115.313,gy=37.847,gz=4.985,expected=-,pred=E,pred_conf=100.0,flex0_raw=256,flex0_norm=0.063,flex1_raw=261,flex1_norm=0.064,flex2_raw=198,flex2_norm=0.048,flex3_raw=248,flex3_norm=0.061,flex4_raw=260,flex4_norm=0.063",true
word-sequence-v1,session_20261005T212737_676Z,word_yes_0001,63,21166,531287,1791235659274,yes,words-draft,signer_01,neutral,0x70,0.201000000000,0.845000000000,-0.431000000000,170.427000000,34.6030000000,10.4810000000,255,255,199,246,256,"seq=21166,t_ms=531287,who=0x70,ax=0.201,ay=0.845,az=-0.431,gx=170.427,gy=34.603,gz=10.481,expected=-,pred=E,pred_conf=99.9,flex0_raw=255,flex0_norm=0.062,flex1_raw=255,flex1_norm=0.062,flex2_raw=199,flex2_norm=0.049,flex3_raw=246,flex3_norm=0.060,flex4_raw=256,flex4_norm=0.063",true
word-sequence-v1,session_20261005T212737_676Z,word_yes_0001,64,21167,531312,1791235659275,yes,words-draft,signer_01,neutral,0x70,0.0910000000000,0.742000000000,-0.476000000000,250.130000000,28.0920000000,2.84700000000,253,253,191,246,261,"seq=21167,t_ms=531312,who=0x70,ax=0.091,ay=0.742,az=-0.476,gx=250.130,gy=28.092,gz=2.847,expected=-,pred=E,pred_conf=100.0,flex0_raw=253,flex0_norm=0.062,flex1_raw=253,flex1_norm=0.062,flex2_raw=191,flex2_norm=0.047,flex3_raw=246,flex3_norm=0.060,flex4_raw=261,flex4_norm=0.064",true
word-sequence-v1,session_20261005T212737_676Z,word_yes_0001,65,21168,531337,1791235659305,yes,words-draft,signer_01,neutral,0x70,-0.0190000000000,0.520000000000,-0.641000000000,250.130000000,13.5730000000,-7.72500000000,253,254,199,245,262,"seq=21168,t_ms=531337,who=0x70,ax=-0.019,ay=0.520,az=-0.641,gx=250.130,gy=13.573,gz=-7.725,expected=-,pred=E,pred_conf=100.0,flex0_raw=253,flex0_norm=0.062,flex1_raw=254,flex1_norm=0.062,flex2_raw=199,flex2_norm=0.049,flex3_raw=245,flex3_norm=0.060,flex4_raw=262,flex4_norm=0.064",true
word-sequence-v1,session_20261005T212737_676Z,word_yes_0001,66,21169,531362,1791235659341,yes,words-draft,signer_01,neutral,0x70,0.128000000000,0.233000000000,-0.953000000000,250.130000000,39.1370000000,19.3210000000,255,253,199,243,263,"seq=21169,t_ms=531362,who=0x70,ax=0.128,ay=0.233,az=-0.953,gx=250.130,gy=39.137,gz=19.321,expected=-,pred=E,pred_conf=100.0,flex0_raw=255,flex0_norm=0.062,flex1_raw=253,flex1_norm=0.062,flex2_raw=199,flex2_norm=0.049,flex3_raw=243,flex3_norm=0.059,flex4_raw=263,flex4_norm=0.064",true
word-sequence-v1,session_20261005T212737_676Z,word_yes_0001,67,21170,531387,1791235659374,yes,words-draft,signer_01,neutral,0x70,0.274000000000,0.393000000000,-0.903000000000,215.885000000,67.1910000000,35.4430000000,251,250,199,243,262,"seq=21170,t_ms=531387,who=0x70,ax=0.274,ay=0.393,az=-0.903,gx=215.885,gy=67.191,gz=35.443,expected=-,pred=E,pred_conf=100.0,flex0_raw=251,flex0_norm=0.061,flex1_raw=250,flex1_norm=0.061,flex2_raw=199,flex2_norm=0.049,flex3_raw=243,flex3_norm=0.059,flex4_raw=262,flex4_norm=0.064",true
word-sequence-v1,session_20261005T212737_676Z,word_yes_0001,68,21171,531412,1791235659406,yes,words-draft,signer_01,neutral,0x70,0.192000000000,0.380000000000,-0.885000000000,250.130000000,32.1070000000,33.1980000000,251,251,191,244,263,"seq=21171,t_ms=531412,who=0x70,ax=0.192,ay=0.380,az=-0.885,gx=250.130,gy=32.107,gz=33.198,expected=-,pred=E,pred_conf=100.0,flex0_raw=251,flex0_norm=0.061,flex1_raw=251,flex1_norm=0.061,flex2_raw=191,flex2_norm=0.047,flex3_raw=244,flex3_norm=0.060,flex4_raw=263,flex4_norm=0.064",true
word-sequence-v1,session_20261005T212737_676Z,word_yes_0001,69,21172,531437,1791235659439,yes,words-draft,signer_01,neutral,0x70,0.132000000000,0.0950000000000,-0.978000000000,250.130000000,13.9920000000,30.1070000000,253,252,199,244,264,"seq=21172,t_ms=531437,who=0x70,ax=0.132,ay=0.095,az=-0.978,gx=250.130,gy=13.992,gz=30.107,expected=-,pred=E,pred_conf=100.0,flex0_raw=253,flex0_norm=0.062,flex1_raw=252,flex1_norm=0.062,flex2_raw=199,flex2_norm=0.049,flex3_raw=244,flex3_norm=0.060,flex4_raw=264,flex4_norm=0.064",true
word-sequence-v1,session_20261005T212737_676Z,word_yes_0001,70,21173,531462,1791235659440,yes,words-draft,signer_01,neutral,0x70,0.281000000000,-0.0770000000000,-1.04900000000,204.000000000,57.4200000000,24.1300000000,253,252,199,242,264,"seq=21173,t_ms=531462,who=0x70,ax=0.281,ay=-0.077,az=-1.049,gx=204.000,gy=57.420,gz=24.130,expected=-,pred=E,pred_conf=100.0,flex0_raw=253,flex0_norm=0.062,flex1_raw=252,flex1_norm=0.062,flex2_raw=199,flex2_norm=0.049,flex3_raw=242,flex3_norm=0.059,flex4_raw=264,flex4_norm=0.064",true
word-sequence-v1,session_20261005T212737_676Z,word_yes_0001,71,21174,531487,1791235659476,yes,words-draft,signer_01,neutral,0x70,0.321000000000,-0.0190000000000,-0.997000000000,161.733000000,60.6030000000,28.0380000000,250,249,199,239,263,"seq=21174,t_ms=531487,who=0x70,ax=0.321,ay=-0.019,az=-0.997,gx=161.733,gy=60.603,gz=28.038,expected=-,pred=E,pred_conf=100.0,flex0_raw=250,flex0_norm=0.061,flex1_raw=249,flex1_norm=0.061,flex2_raw=199,flex2_norm=0.049,flex3_raw=239,flex3_norm=0.058,flex4_raw=263,flex4_norm=0.064",true
word-sequence-v1,session_20261005T212737_676Z,word_yes_0001,72,21175,531512,1791235659478,yes,words-draft,signer_01,neutral,0x70,0.283000000000,-0.0790000000000,-1.01200000000,165.557000000,11.1220000000,31.0310000000,251,250,199,239,265,"seq=21175,t_ms=531512,who=0x70,ax=0.283,ay=-0.079,az=-1.012,gx=165.557,gy=11.122,gz=31.031,expected=-,pred=E,pred_conf=100.0,flex0_raw=251,flex0_norm=0.061,flex1_raw=250,flex1_norm=0.061,flex2_raw=199,flex2_norm=0.049,flex3_raw=239,flex3_norm=0.058,flex4_raw=265,flex4_norm=0.065",true
word-sequence-v1,session_20261005T212737_676Z,word_yes_0001,73,21176,531537,1791235659527,yes,words-draft,signer_01,neutral,0x70,0.178000000000,-0.239000000000,-1.08400000000,141.305000000,-14.5340000000,24.0990000000,251,250,199,239,264,"seq=21176,t_ms=531537,who=0x70,ax=0.178,ay=-0.239,az=-1.084,gx=141.305,gy=-14.534,gz=24.099,expected=-,pred=E,pred_conf=100.0,flex0_raw=251,flex0_norm=0.061,flex1_raw=250,flex1_norm=0.061,flex2_raw=199,flex2_norm=0.049,flex3_raw=239,flex3_norm=0.058,flex4_raw=264,flex4_norm=0.064",true
word-sequence-v1,session_20261005T212737_676Z,word_yes_0001,74,21177,531562,1791235659559,yes,words-draft,signer_01,neutral,0x70,0.213000000000,-0.277000000000,-1.07900000000,107.107000000,8.02300000000,24.9470000000,250,251,198,238,265,"seq=21177,t_ms=531562,who=0x70,ax=0.213,ay=-0.277,az=-1.079,gx=107.107,gy=8.023,gz=24.947,expected=-,pred=E,pred_conf=100.0,flex0_raw=250,flex0_norm=0.061,flex1_raw=251,flex1_norm=0.061,flex2_raw=198,flex2_norm=0.048,flex3_raw=238,flex3_norm=0.058,flex4_raw=265,flex4_norm=0.065",true
word-sequence-v1,session_20261005T212737_676Z,word_yes_0001,75,21178,531587,1791235659598,yes,words-draft,signer_01,neutral,0x70,0.302000000000,-0.276000000000,-1.09000000000,82.6110000000,12.5340000000,18.6410000000,250,249,197,238,266,"seq=21178,t_ms=531587,who=0x70,ax=0.302,ay=-0.276,az=-1.090,gx=82.611,gy=12.534,gz=18.641,expected=-,pred=E,pred_conf=100.0,flex0_raw=250,flex0_norm=0.061,flex1_raw=249,flex1_norm=0.061,flex2_raw=197,flex2_norm=0.048,flex3_raw=238,flex3_norm=0.058,flex4_raw=266,flex4_norm=0.065",true
word-sequence-v1,session_20261005T212737_676Z,word_yes_0001,76,21179,531612,1791235659599,yes,words-draft,signer_01,neutral,0x70,0.261000000000,-0.315000000000,-1.11600000000,62.1830000000,-6.38900000000,8.93100000000,249,250,199,238,265,"seq=21179,t_ms=531612,who=0x70,ax=0.261,ay=-0.315,az=-1.116,gx=62.183,gy=-6.389,gz=8.931,expected=-,pred=E,pred_conf=100.0,flex0_raw=249,flex0_norm=0.061,flex1_raw=250,flex1_norm=0.061,flex2_raw=199,flex2_norm=0.049,flex3_raw=238,flex3_norm=0.058,flex4_raw=265,flex4_norm=0.065",true
word-sequence-v1,session_20261005T212737_676Z,word_yes_0001,77,21180,531637,1791235659600,yes,words-draft,signer_01,neutral,0x70,0.264000000000,-0.347000000000,-1.13800000000,18.5420000000,0.374000000000,5.50400000000,251,250,199,239,265,"seq=21180,t_ms=531637,who=0x70,ax=0.264,ay=-0.347,az=-1.138,gx=18.542,gy=0.374,gz=5.504,expected=-,pred=E,pred_conf=100.0,flex0_raw=251,flex0_norm=0.061,flex1_raw=250,flex1_norm=0.061,flex2_raw=199,flex2_norm=0.049,flex3_raw=239,flex3_norm=0.058,flex4_raw=265,flex4_norm=0.065",true
word-sequence-v1,session_20261005T212737_676Z,word_yes_0001,78,21181,531662,1791235659643,yes,words-draft,signer_01,neutral,0x70,0.260000000000,-0.363000000000,-1.16800000000,-28.0990000000,6.80900000000,7.68700000000,251,251,199,239,266,"seq=21181,t_ms=531662,who=0x70,ax=0.260,ay=-0.363,az=-1.168,gx=-28.099,gy=6.809,gz=7.687,expected=-,pred=E,pred_conf=100.0,flex0_raw=251,flex0_norm=0.061,flex1_raw=251,flex1_norm=0.061,flex2_raw=199,flex2_norm=0.049,flex3_raw=239,flex3_norm=0.058,flex4_raw=266,flex4_norm=0.065",true
word-sequence-v1,session_20261005T212737_676Z,word_yes_0001,79,21182,531687,1791235659692,yes,words-draft,signer_01,neutral,0x70,0.272000000000,-0.304000000000,-1.16800000000,-87.1530000000,-2.65600000000,12.7400000000,253,251,199,239,265,"seq=21182,t_ms=531687,who=0x70,ax=0.272,ay=-0.304,az=-1.168,gx=-87.153,gy=-2.656,gz=12.740,expected=-,pred=E,pred_conf=100.0,flex0_raw=253,flex0_norm=0.062,flex1_raw=251,flex1_norm=0.061,flex2_raw=199,flex2_norm=0.049,flex3_raw=239,flex3_norm=0.058,flex4_raw=265,flex4_norm=0.065",true
word-sequence-v1,session_20261005T212737_676Z,word_yes_0001,80,21183,531712,1791235659693,yes,words-draft,signer_01,neutral,0x70,0.261000000000,-0.257000000000,-1.15500000000,-135.779000000,-21.5420000000,0.359000000000,253,253,198,239,265,"seq=21183,t_ms=531712,who=0x70,ax=0.261,ay=-0.257,az=-1.155,gx=-135.779,gy=-21.542,gz=0.359,expected=-,pred=E,pred_conf=100.0,flex0_raw=253,flex0_norm=0.062,flex1_raw=253,flex1_norm=0.062,flex2_raw=198,flex2_norm=0.048,flex3_raw=239,flex3_norm=0.058,flex4_raw=265,flex4_norm=0.065",true
word-sequence-v1,session_20261005T212737_676Z,word_yes_0001,81,21184,531737,1791235659732,yes,words-draft,signer_01,neutral,0x70,0.238000000000,-0.229000000000,-1.17000000000,-194.198000000,-26.3970000000,-0.588000000000,253,253,199,238,264,"seq=21184,t_ms=531737,who=0x70,ax=0.238,ay=-0.229,az=-1.170,gx=-194.198,gy=-26.397,gz=-0.588,expected=-,pred=E,pred_conf=100.0,flex0_raw=253,flex0_norm=0.062,flex1_raw=253,flex1_norm=0.062,flex2_raw=199,flex2_norm=0.049,flex3_raw=238,flex3_norm=0.058,flex4_raw=264,flex4_norm=0.064",true
word-sequence-v1,session_20261005T212737_676Z,word_yes_0001,82,21185,531762,1791235659733,yes,words-draft,signer_01,neutral,0x70,0.252000000000,-0.202000000000,-1.15600000000,-250.137000000,-11.7560000000,1.31300000000,261,255,201,239,263,"seq=21185,t_ms=531762,who=0x70,ax=0.252,ay=-0.202,az=-1.156,gx=-250.137,gy=-11.756,gz=1.313,expected=-,pred=E,pred_conf=100.0,flex0_raw=261,flex0_norm=0.064,flex1_raw=255,flex1_norm=0.062,flex2_raw=201,flex2_norm=0.049,flex3_raw=239,flex3_norm=0.058,flex4_raw=263,flex4_norm=0.064",true
word-sequence-v1,session_20261005T212737_676Z,word_yes_0001,83,21186,531787,1791235659774,yes,words-draft,signer_01,neutral,0x70,0.233000000000,-0.0450000000000,-1.13800000000,-250.137000000,-2.54200000000,-7.32800000000,262,261,202,243,255,"seq=21186,t_ms=531787,who=0x70,ax=0.233,ay=-0.045,az=-1.138,gx=-250.137,gy=-2.542,gz=-7.328,expected=-,pred=E,pred_conf=99.9,flex0_raw=262,flex0_norm=0.064,flex1_raw=261,flex1_norm=0.064,flex2_raw=202,flex2_norm=0.049,flex3_raw=243,flex3_norm=0.059,flex4_raw=255,flex4_norm=0.062",true
word-sequence-v1,session_20261005T212737_676Z,word_yes_0001,84,21187,531812,1791235659801,yes,words-draft,signer_01,neutral,0x70,0.199000000000,0.167000000000,-1.06800000000,-250.137000000,-13.2370000000,-1.03800000000,263,263,203,244,254,"seq=21187,t_ms=531812,who=0x70,ax=0.199,ay=0.167,az=-1.068,gx=-250.137,gy=-13.237,gz=-1.038,expected=-,pred=E,pred_conf=99.9,flex0_raw=263,flex0_norm=0.064,flex1_raw=263,flex1_norm=0.064,flex2_raw=203,flex2_norm=0.050,flex3_raw=244,flex3_norm=0.060,flex4_raw=254,flex4_norm=0.062",true
word-sequence-v1,session_20261005T212737_676Z,word_yes_0001,85,21188,531837,1791235659809,yes,words-draft,signer_01,neutral,0x70,0.186000000000,0.209000000000,-0.984000000000,-250.137000000,-11.1070000000,-6.91600000000,265,265,203,244,253,"seq=21188,t_ms=531837,who=0x70,ax=0.186,ay=0.209,az=-0.984,gx=-250.137,gy=-11.107,gz=-6.916,expected=-,pred=E,pred_conf=99.9,flex0_raw=265,flex0_norm=0.065,flex1_raw=265,flex1_norm=0.065,flex2_raw=203,flex2_norm=0.050,flex3_raw=244,flex3_norm=0.060,flex4_raw=253,flex4_norm=0.062",true
word-sequence-v1,session_20261005T212737_676Z,word_yes_0001,86,21189,531862,1791235659839,yes,words-draft,signer_01,neutral,0x70,0.223000000000,0.449000000000,-0.854000000000,-250.137000000,-6.95400000000,-16.0920000000,266,266,201,244,250,"seq=21189,t_ms=531862,who=0x70,ax=0.223,ay=0.449,az=-0.854,gx=-250.137,gy=-6.954,gz=-16.092,expected=-,pred=E,pred_conf=99.9,flex0_raw=266,flex0_norm=0.065,flex1_raw=266,flex1_norm=0.065,flex2_raw=201,flex2_norm=0.049,flex3_raw=244,flex3_norm=0.060,flex4_raw=250,flex4_norm=0.061",true
word-sequence-v1,session_20261005T212737_676Z,word_yes_0001,87,21190,531887,1791235659870,yes,words-draft,signer_01,neutral,0x70,0.136000000000,0.586000000000,-0.730000000000,-250.137000000,-23.0690000000,-19.5420000000,266,265,203,244,252,"seq=21190,t_ms=531887,who=0x70,ax=0.136,ay=0.586,az=-0.730,gx=-250.137,gy=-23.069,gz=-19.542,expected=-,pred=E,pred_conf=99.9,flex0_raw=266,flex0_norm=0.065,flex1_raw=265,flex1_norm=0.065,flex2_raw=203,flex2_norm=0.050,flex3_raw=244,flex3_norm=0.060,flex4_raw=252,flex4_norm=0.062",true
word-sequence-v1,session_20261005T212737_676Z,word_yes_0001,88,21191,531912,1791235659871,yes,words-draft,signer_01,neutral,0x70,0.222000000000,0.733000000000,-0.596000000000,-249.443000000,-11.4960000000,-28.5270000000,267,265,203,244,251,"seq=21191,t_ms=531912,who=0x70,ax=0.222,ay=0.733,az=-0.596,gx=-249.443,gy=-11.496,gz=-28.527,expected=-,pred=E,pred_conf=99.9,flex0_raw=267,flex0_norm=0.065,flex1_raw=265,flex1_norm=0.065,flex2_raw=203,flex2_norm=0.050,flex3_raw=244,flex3_norm=0.060,flex4_raw=251,flex4_norm=0.061",true
word-sequence-v1,session_20261005T212737_676Z,word_yes_0001,89,21192,531937,1791235659904,yes,words-draft,signer_01,neutral,0x70,0.178000000000,0.758000000000,-0.456000000000,-194.382000000,-11.5340000000,-33.4120000000,266,267,203,244,251,"seq=21192,t_ms=531937,who=0x70,ax=0.178,ay=0.758,az=-0.456,gx=-194.382,gy=-11.534,gz=-33.412,expected=-,pred=E,pred_conf=99.9,flex0_raw=266,flex0_norm=0.065,flex1_raw=267,flex1_norm=0.065,flex2_raw=203,flex2_norm=0.050,flex3_raw=244,flex3_norm=0.060,flex4_raw=251,flex4_norm=0.061",true
word-sequence-v1,session_20261005T212737_676Z,word_yes_0001,90,21193,531962,1791235659941,yes,words-draft,signer_01,neutral,0x70,0.131000000000,0.738000000000,-0.409000000000,-132.603000000,-27.0380000000,-30.3210000000,265,265,203,244,251,"seq=21193,t_ms=531962,who=0x70,ax=0.131,ay=0.738,az=-0.409,gx=-132.603,gy=-27.038,gz=-30.321,expected=-,pred=E,pred_conf=99.9,flex0_raw=265,flex0_norm=0.065,flex1_raw=265,flex1_norm=0.065,flex2_raw=203,flex2_norm=0.050,flex3_raw=244,flex3_norm=0.060,flex4_raw=251,flex4_norm=0.061",true
word-sequence-v1,session_20261005T212737_676Z,word_yes_0001,91,21194,531987,1791235659969,yes,words-draft,signer_01,neutral,0x70,0.142000000000,0.655000000000,-0.375000000000,-101.725000000,-12.1450000000,-28.1370000000,266,265,203,245,250,"seq=21194,t_ms=531987,who=0x70,ax=0.142,ay=0.655,az=-0.375,gx=-101.725,gy=-12.145,gz=-28.137,expected=-,pred=E,pred_conf=99.9,flex0_raw=266,flex0_norm=0.065,flex1_raw=265,flex1_norm=0.065,flex2_raw=203,flex2_norm=0.050,flex3_raw=245,flex3_norm=0.060,flex4_raw=250,flex4_norm=0.061",true
word-sequence-v1,session_20261005T212737_676Z,word_yes_0001,92,21195,532012,1791235660005,yes,words-draft,signer_01,neutral,0x70,0.120000000000,0.779000000000,-0.311000000000,-63.0460000000,-7.89300000000,-25.9160000000,265,267,201,243,252,"seq=21195,t_ms=532012,who=0x70,ax=0.120,ay=0.779,az=-0.311,gx=-63.046,gy=-7.893,gz=-25.916,expected=-,pred=E,pred_conf=99.9,flex0_raw=265,flex0_norm=0.065,flex1_raw=267,flex1_norm=0.065,flex2_raw=201,flex2_norm=0.049,flex3_raw=243,flex3_norm=0.059,flex4_raw=252,flex4_norm=0.062",true
word-sequence-v1,session_20261005T212737_676Z,word_yes_0001,93,21196,532037,1791235660035,yes,words-draft,signer_01,neutral,0x70,0.0980000000000,0.759000000000,-0.294000000000,-15.2820000000,-15.6410000000,-13.5730000000,267,265,202,244,251,"seq=21196,t_ms=532037,who=0x70,ax=0.098,ay=0.759,az=-0.294,gx=-15.282,gy=-15.641,gz=-13.573,expected=-,pred=E,pred_conf=99.9,flex0_raw=267,flex0_norm=0.065,flex1_raw=265,flex1_norm=0.065,flex2_raw=202,flex2_norm=0.049,flex3_raw=244,flex3_norm=0.060,flex4_raw=251,flex4_norm=0.061",true
word-sequence-v1,session_20261005T212737_676Z,word_yes_0001,94,21197,532062,1791235660035,yes,words-draft,signer_01,neutral,0x70,0.101000000000,0.740000000000,-0.331000000000,43.0150000000,-5.73300000000,-9.19100000000,267,266,201,244,251,"seq=21197,t_ms=532062,who=0x70,ax=0.101,ay=0.740,az=-0.331,gx=43.015,gy=-5.733,gz=-9.191,expected=-,pred=E,pred_conf=99.9,flex0_raw=267,flex0_norm=0.065,flex1_raw=266,flex1_norm=0.065,flex2_raw=201,flex2_norm=0.049,flex3_raw=244,flex3_norm=0.060,flex4_raw=251,flex4_norm=0.061",true
word-sequence-v1,session_20261005T212737_676Z,word_yes_0001,95,21198,532087,1791235660074,yes,words-draft,signer_01,neutral,0x70,0.127000000000,0.753000000000,-0.390000000000,79.4810000000,15.6110000000,-4.98500000000,265,266,201,243,252,"seq=21198,t_ms=532087,who=0x70,ax=0.127,ay=0.753,az=-0.390,gx=79.481,gy=15.611,gz=-4.985,expected=-,pred=E,pred_conf=99.9,flex0_raw=265,flex0_norm=0.065,flex1_raw=266,flex1_norm=0.065,flex2_raw=201,flex2_norm=0.049,flex3_raw=243,flex3_norm=0.059,flex4_raw=252,flex4_norm=0.062",true
word-sequence-v1,session_20261005T212737_676Z,word_yes_0001,96,21199,532112,1791235660101,yes,words-draft,signer_01,neutral,0x70,0.135000000000,0.771000000000,-0.362000000000,135.221000000,8.94700000000,-2.71000000000,263,263,201,244,252,"seq=21199,t_ms=532112,who=0x70,ax=0.135,ay=0.771,az=-0.362,gx=135.221,gy=8.947,gz=-2.710,expected=-,pred=E,pred_conf=99.9,flex0_raw=263,flex0_norm=0.064,flex1_raw=263,flex1_norm=0.064,flex2_raw=201,flex2_norm=0.049,flex3_raw=244,flex3_norm=0.060,flex4_raw=252,flex4_norm=0.062",true
word-sequence-v1,session_20261005T212737_676Z,word_yes_0001,97,21200,532137,1791235660108,yes,words-draft,signer_01,neutral,0x70,0.106000000000,0.771000000000,-0.479000000000,234.740000000,10.4960000000,-1.35100000000,263,262,201,243,254,"seq=21200,t_ms=532137,who=0x70,ax=0.106,ay=0.771,az=-0.479,gx=234.740,gy=10.496,gz=-1.351,expected=-,pred=E,pred_conf=99.9,flex0_raw=263,flex0_norm=0.064,flex1_raw=262,flex1_norm=0.064,flex2_raw=201,flex2_norm=0.049,flex3_raw=243,flex3_norm=0.059,flex4_raw=254,flex4_norm=0.062",true
word-sequence-v1,session_20261005T212737_676Z,word_yes_0001,98,21201,532162,1791235660138,yes,words-draft,signer_01,neutral,0x70,0.0720000000000,0.659000000000,-0.575000000000,250.130000000,16.5340000000,-3.32100000000,262,263,200,243,262,"seq=21201,t_ms=532162,who=0x70,ax=0.072,ay=0.659,az=-0.575,gx=250.130,gy=16.534,gz=-3.321,expected=-,pred=E,pred_conf=100.0,flex0_raw=262,flex0_norm=0.064,flex1_raw=263,flex1_norm=0.064,flex2_raw=200,flex2_norm=0.049,flex3_raw=243,flex3_norm=0.059,flex4_raw=262,flex4_norm=0.064",true
word-sequence-v1,session_20261005T212737_676Z,word_yes_0001,99,21202,532187,1791235660173,yes,words-draft,signer_01,neutral,0x70,0.0730000000000,0.414000000000,-0.672000000000,250.130000000,22.8020000000,0.626000000000,255,255,200,239,262,"seq=21202,t_ms=532187,who=0x70,ax=0.073,ay=0.414,az=-0.672,gx=250.130,gy=22.802,gz=0.626,expected=-,pred=E,pred_conf=100.0,flex0_raw=255,flex0_norm=0.062,flex1_raw=255,flex1_norm=0.062,flex2_raw=200,flex2_norm=0.049,flex3_raw=239,flex3_norm=0.058,flex4_raw=262,flex4_norm=0.064",true
word-sequence-v1,session_20261005T212737_676Z,word_yes_0001,100,21203,532212,1791235660201,yes,words-draft,signer_01,neutral,0x70,0.201000000000,0.232000000000,-0.725000000000,250.130000000,12.3440000000,-18.1450000000,253,252,199,238,262,"seq=21203,t_ms=532212,who=0x70,ax=0.201,ay=0.232,az=-0.725,gx=250.130,gy=12.344,gz=-18.145,expected=-,pred=E,pred_conf=100.0,flex0_raw=253,flex0_norm=0.062,flex1_raw=252,flex1_norm=0.062,flex2_raw=199,flex2_norm=0.049,flex3_raw=238,flex3_norm=0.058,flex4_raw=262,flex4_norm=0.064",true
word-sequence-v1,session_20261005T212737_676Z,word_yes_0001,101,21204,532237,1791235660202,yes,words-draft,signer_01,neutral,0x70,0.0780000000000,0.00200000000000,-0.902000000000,250.130000000,-6.74000000000,-17.7400000000,253,253,199,237,261,"seq=21204,t_ms=532237,who=0x70,ax=0.078,ay=0.002,az=-0.902,gx=250.130,gy=-6.740,gz=-17.740,expected=-,pred=E,pred_conf=99.9,flex0_raw=253,flex0_norm=0.062,flex1_raw=253,flex1_norm=0.062,flex2_raw=199,flex2_norm=0.049,flex3_raw=237,flex3_norm=0.058,flex4_raw=261,flex4_norm=0.064",true
word-sequence-v1,session_20261005T212737_676Z,word_yes_0001,102,21205,532262,1791235660237,yes,words-draft,signer_01,neutral,0x70,0.0870000000000,-0.231000000000,-1.08700000000,250.130000000,12.6340000000,-13.2370000000,254,253,199,237,260,"seq=21205,t_ms=532262,who=0x70,ax=0.087,ay=-0.231,az=-1.087,gx=250.130,gy=12.634,gz=-13.237,expected=-,pred=E,pred_conf=99.9,flex0_raw=254,flex0_norm=0.062,flex1_raw=253,flex1_norm=0.062,flex2_raw=199,flex2_norm=0.049,flex3_raw=237,flex3_norm=0.058,flex4_raw=260,flex4_norm=0.063",true
word-sequence-v1,session_20261005T212737_676Z,word_yes_0001,103,21206,532287,1791235660268,yes,words-draft,signer_01,neutral,0x70,0.0950000000000,-0.200000000000,-1.11300000000,250.130000000,23.0760000000,-1.12200000000,251,251,197,237,254,"seq=21206,t_ms=532287,who=0x70,ax=0.095,ay=-0.200,az=-1.113,gx=250.130,gy=23.076,gz=-1.122,expected=-,pred=E,pred_conf=99.9,flex0_raw=251,flex0_norm=0.061,flex1_raw=251,flex1_norm=0.061,flex2_raw=197,flex2_norm=0.048,flex3_raw=237,flex3_norm=0.058,flex4_raw=254,flex4_norm=0.062",true
word-sequence-v1,session_20261005T212737_676Z,word_yes_0001,104,21207,532312,1791235660304,yes,words-draft,signer_01,neutral,0x70,0.0770000000000,-0.210000000000,-1.11200000000,204.725000000,30.4730000000,10.7710000000,251,251,190,236,255,"seq=21207,t_ms=532312,who=0x70,ax=0.077,ay=-0.210,az=-1.112,gx=204.725,gy=30.473,gz=10.771,expected=-,pred=E,pred_conf=99.9,flex0_raw=251,flex0_norm=0.061,flex1_raw=251,flex1_norm=0.061,flex2_raw=190,flex2_norm=0.046,flex3_raw=236,flex3_norm=0.058,flex4_raw=255,flex4_norm=0.062",true
word-sequence-v1,session_20261005T212737_676Z,word_yes_0001,105,21208,532337,1791235660351,yes,words-draft,signer_01,neutral,0x70,0.103000000000,-0.280000000000,-1.17300000000,190.115000000,5.90100000000,4.81700000000,251,251,191,234,255,"seq=21208,t_ms=532337,who=0x70,ax=0.103,ay=-0.280,az=-1.173,gx=190.115,gy=5.901,gz=4.817,expected=-,pred=E,pred_conf=99.9,flex0_raw=251,flex0_norm=0.061,flex1_raw=251,flex1_norm=0.061,flex2_raw=191,flex2_norm=0.047,flex3_raw=234,flex3_norm=0.057,flex4_raw=255,flex4_norm=0.062",true
word-sequence-v1,session_20261005T212737_676Z,word_yes_0001,106,21209,532362,1791235660352,yes,words-draft,signer_01,neutral,0x70,0.103000000000,-0.423000000000,-1.16000000000,67.9240000000,18.3280000000,-10.2600000000,252,251,191,235,261,"seq=21209,t_ms=532362,who=0x70,ax=0.103,ay=-0.423,az=-1.160,gx=67.924,gy=18.328,gz=-10.260,expected=-,pred=E,pred_conf=99.9,flex0_raw=252,flex0_norm=0.062,flex1_raw=251,flex1_norm=0.061,flex2_raw=191,flex2_norm=0.047,flex3_raw=235,flex3_norm=0.057,flex4_raw=261,flex4_norm=0.064",true
word-sequence-v1,session_20261005T212737_676Z,word_yes_0001,107,21210,532387,1791235660353,yes,words-draft,signer_01,neutral,0x70,0.219000000000,-0.446000000000,-1.11200000000,19.0460000000,23.5420000000,-7.50400000000,250,250,191,235,260,"seq=21210,t_ms=532387,who=0x70,ax=0.219,ay=-0.446,az=-1.112,gx=19.046,gy=23.542,gz=-7.504,expected=-,pred=E,pred_conf=99.9,flex0_raw=250,flex0_norm=0.061,flex1_raw=250,flex1_norm=0.061,flex2_raw=191,flex2_norm=0.047,flex3_raw=235,flex3_norm=0.057,flex4_raw=260,flex4_norm=0.063",true
word-sequence-v1,session_20261005T212737_676Z,word_yes_0001,108,21211,532412,1791235660400,yes,words-draft,signer_01,neutral,0x70,0.216000000000,-0.461000000000,-1.11900000000,20.0230000000,13.9540000000,-1.81700000000,249,249,189,235,262,"seq=21211,t_ms=532412,who=0x70,ax=0.216,ay=-0.461,az=-1.119,gx=20.023,gy=13.954,gz=-1.817,expected=-,pred=E,pred_conf=100.0,flex0_raw=249,flex0_norm=0.061,flex1_raw=249,flex1_norm=0.061,flex2_raw=189,flex2_norm=0.046,flex3_raw=235,flex3_norm=0.057,flex4_raw=262,flex4_norm=0.064",true
word-sequence-v1,session_20261005T212737_676Z,word_yes_0001,109,21212,532437,1791235660409,yes,words-draft,signer_01,neutral,0x70,0.193000000000,-0.453000000000,-1.12500000000,4.68700000000,2.78600000000,3.92400000000,250,249,191,234,261,"seq=21212,t_ms=532437,who=0x70,ax=0.193,ay=-0.453,az=-1.125,gx=4.687,gy=2.786,gz=3.924,expected=-,pred=E,pred_conf=99.9,flex0_raw=250,flex0_norm=0.061,flex1_raw=249,flex1_norm=0.061,flex2_raw=191,flex2_norm=0.047,flex3_raw=234,flex3_norm=0.057,flex4_raw=261,flex4_norm=0.064",true
word-sequence-v1,session_20261005T212737_676Z,word_yes_0001,110,21213,532462,1791235660439,yes,words-draft,signer_01,neutral,0x70,0.191000000000,-0.399000000000,-1.08000000000,-40.3740000000,0.603000000000,7.39700000000,250,251,191,234,263,"seq=21213,t_ms=532462,who=0x70,ax=0.191,ay=-0.399,az=-1.080,gx=-40.374,gy=0.603,gz=7.397,expected=-,pred=E,pred_conf=100.0,flex0_raw=250,flex0_norm=0.061,flex1_raw=251,flex1_norm=0.061,flex2_raw=191,flex2_norm=0.047,flex3_raw=234,flex3_norm=0.057,flex4_raw=263,flex4_norm=0.064",true
word-sequence-v1,session_20261005T212737_676Z,word_yes_0001,111,21214,532487,1791235660469,yes,words-draft,signer_01,neutral,0x70,0.200000000000,-0.428000000000,-1.07200000000,-92.3740000000,-0.305000000000,20.7860000000,251,251,198,235,263,"seq=21214,t_ms=532487,who=0x70,ax=0.200,ay=-0.428,az=-1.072,gx=-92.374,gy=-0.305,gz=20.786,expected=-,pred=E,pred_conf=100.0,flex0_raw=251,flex0_norm=0.061,flex1_raw=251,flex1_norm=0.061,flex2_raw=198,flex2_norm=0.048,flex3_raw=235,flex3_norm=0.057,flex4_raw=263,flex4_norm=0.064",true
word-sequence-v1,session_20261005T212737_676Z,word_yes_0001,112,21215,532512,1791235660470,yes,words-draft,signer_01,neutral,0x70,0.177000000000,-0.353000000000,-1.12700000000,-161.366000000,-5.48100000000,30.4430000000,253,252,199,236,263,"seq=21215,t_ms=532512,who=0x70,ax=0.177,ay=-0.353,az=-1.127,gx=-161.366,gy=-5.481,gz=30.443,expected=-,pred=E,pred_conf=100.0,flex0_raw=253,flex0_norm=0.062,flex1_raw=252,flex1_norm=0.062,flex2_raw=199,flex2_norm=0.049,flex3_raw=236,flex3_norm=0.058,flex4_raw=263,flex4_norm=0.064",true
word-sequence-v1,session_20261005T212737_676Z,word_yes_0001,113,21216,532537,1791235660504,yes,words-draft,signer_01,neutral,0x70,0.0740000000000,-0.276000000000,-1.15400000000,-250.137000000,-11.7250000000,26.9770000000,254,253,201,237,263,"seq=21216,t_ms=532537,who=0x70,ax=0.074,ay=-0.276,az=-1.154,gx=-250.137,gy=-11.725,gz=26.977,expected=-,pred=E,pred_conf=100.0,flex0_raw=254,flex0_norm=0.062,flex1_raw=253,flex1_norm=0.062,flex2_raw=201,flex2_norm=0.049,flex3_raw=237,flex3_norm=0.058,flex4_raw=263,flex4_norm=0.064",true
word-sequence-v1,session_20261005T212737_676Z,word_yes_0001,114,21217,532562,1791235660535,yes,words-draft,signer_01,neutral,0x70,0.102000000000,-0.148000000000,-1.12900000000,-250.137000000,5.74000000000,20.9470000000,255,255,201,239,261,"seq=21217,t_ms=532562,who=0x70,ax=0.102,ay=-0.148,az=-1.129,gx=-250.137,gy=5.740,gz=20.947,expected=-,pred=E,pred_conf=99.9,flex0_raw=255,flex0_norm=0.062,flex1_raw=255,flex1_norm=0.062,flex2_raw=201,flex2_norm=0.049,flex3_raw=239,flex3_norm=0.058,flex4_raw=261,flex4_norm=0.064",true
word-sequence-v1,session_20261005T212737_676Z,word_yes_0001,115,21218,532587,1791235660567,yes,words-draft,signer_01,neutral,0x70,0.116000000000,0.0760000000000,-1.10300000000,-250.137000000,12.3590000000,-16.7790000000,261,261,202,239,255,"seq=21218,t_ms=532587,who=0x70,ax=0.116,ay=0.076,az=-1.103,gx=-250.137,gy=12.359,gz=-16.779,expected=-,pred=E,pred_conf=99.9,flex0_raw=261,flex0_norm=0.064,flex1_raw=261,flex1_norm=0.064,flex2_raw=202,flex2_norm=0.049,flex3_raw=239,flex3_norm=0.058,flex4_raw=255,flex4_norm=0.062",true
word-sequence-v1,session_20261005T212737_676Z,word_yes_0001,116,21219,532612,1791235660608,yes,words-draft,signer_01,neutral,0x70,0.125000000000,0.122000000000,-1.06900000000,-250.137000000,10.4580000000,-32.6560000000,262,263,201,240,261,"seq=21219,t_ms=532612,who=0x70,ax=0.125,ay=0.122,az=-1.069,gx=-250.137,gy=10.458,gz=-32.656,expected=-,pred=E,pred_conf=100.0,flex0_raw=262,flex0_norm=0.064,flex1_raw=263,flex1_norm=0.064,flex2_raw=201,flex2_norm=0.049,flex3_raw=240,flex3_norm=0.059,flex4_raw=261,flex4_norm=0.064",true
word-sequence-v1,session_20261005T212737_676Z,word_yes_0001,117,21220,532637,1791235660619,yes,words-draft,signer_01,neutral,0x70,0.181000000000,0.351000000000,-0.974000000000,-250.137000000,10.9390000000,-32.0610000000,265,264,203,239,261,"seq=21220,t_ms=532637,who=0x70,ax=0.181,ay=0.351,az=-0.974,gx=-250.137,gy=10.939,gz=-32.061,expected=-,pred=E,pred_conf=99.9,flex0_raw=265,flex0_norm=0.065,flex1_raw=264,flex1_norm=0.064,flex2_raw=203,flex2_norm=0.050,flex3_raw=239,flex3_norm=0.058,flex4_raw=261,flex4_norm=0.064",true
word-sequence-v1,session_20261005T212737_676Z,word_yes_0001,118,21221,532662,1791235660650,yes,words-draft,signer_01,neutral,0x70,0.131000000000,0.649000000000,-0.829000000000,-250.137000000,0.313000000000,-36.8400000000,265,264,203,239,255,"seq=21221,t_ms=532662,who=0x70,ax=0.131,ay=0.649,az=-0.829,gx=-250.137,gy=0.313,gz=-36.840,expected=-,pred=E,pred_conf=99.9,flex0_raw=265,flex0_norm=0.065,flex1_raw=264,flex1_norm=0.064,flex2_raw=203,flex2_norm=0.050,flex3_raw=239,flex3_norm=0.058,flex4_raw=255,flex4_norm=0.062",true
word-sequence-v1,session_20261005T212737_676Z,word_yes_0001,119,21222,532687,1791235660650,yes,words-draft,signer_01,neutral,0x70,0.124000000000,0.704000000000,-0.634000000000,-250.137000000,-18.1980000000,-52.1600000000,265,265,201,244,255,"seq=21222,t_ms=532687,who=0x70,ax=0.124,ay=0.704,az=-0.634,gx=-250.137,gy=-18.198,gz=-52.160,expected=-,pred=E,pred_conf=99.9,flex0_raw=265,flex0_norm=0.065,flex1_raw=265,flex1_norm=0.065,flex2_raw=201,flex2_norm=0.049,flex3_raw=244,flex3_norm=0.060,flex4_raw=255,flex4_norm=0.062",true
word-sequence-v1,session_20261005T212737_676Z,word_yes_0001,120,21223,532712,1791235660681,yes,words-draft,signer_01,neutral,0x70,0.111000000000,0.832000000000,-0.482000000000,-236.023000000,-15.2140000000,-42.8020000000,265,265,202,243,260,"seq=21223,t_ms=532712,who=0x70,ax=0.111,ay=0.832,az=-0.482,gx=-236.023,gy=-15.214,gz=-42.802,expected=-,pred=E,pred_conf=100.0,flex0_raw=265,flex0_norm=0.065,flex1_raw=265,flex1_norm=0.065,flex2_raw=202,flex2_norm=0.049,flex3_raw=243,flex3_norm=0.059,flex4_raw=260,flex4_norm=0.063",true
word-sequence-v1,session_20261005T212737_676Z,word_yes_0001,121,21224,532737,1791235660715,yes,words-draft,signer_01,neutral,0x70,0.0600000000000,0.794000000000,-0.368000000000,-183.939000000,-22.2520000000,-47.2600000000,266,265,202,243,259,"seq=21224,t_ms=532737,who=0x70,ax=0.060,ay=0.794,az=-0.368,gx=-183.939,gy=-22.252,gz=-47.260,expected=-,pred=E,pred_conf=99.9,flex0_raw=266,flex0_norm=0.065,flex1_raw=265,flex1_norm=0.065,flex2_raw=202,flex2_norm=0.049,flex3_raw=243,flex3_norm=0.059,flex4_raw=259,flex4_norm=0.063",true
word-sequence-v1,session_20261005T212737_676Z,word_yes_0001,122,21225,532762,1791235660747,yes,words-draft,signer_01,neutral,0x70,0.0540000000000,0.735000000000,-0.310000000000,-142.603000000,-34.1530000000,-36.3820000000,267,269,201,243,255,"seq=21225,t_ms=532762,who=0x70,ax=0.054,ay=0.735,az=-0.310,gx=-142.603,gy=-34.153,gz=-36.382,expected=-,pred=E,pred_conf=99.9,flex0_raw=267,flex0_norm=0.065,flex1_raw=269,flex1_norm=0.066,flex2_raw=201,flex2_norm=0.049,flex3_raw=243,flex3_norm=0.059,flex4_raw=255,flex4_norm=0.062",true
word-sequence-v1,session_20261005T212737_676Z,word_yes_0001,123,21226,532787,1791235660788,yes,words-draft,signer_01,neutral,0x70,0.0310000000000,0.775000000000,-0.219000000000,-101.023000000,-25.0990000000,-25.2060000000,268,267,203,240,253,"seq=21226,t_ms=532787,who=0x70,ax=0.031,ay=0.775,az=-0.219,gx=-101.023,gy=-25.099,gz=-25.206,expected=-,pred=E,pred_conf=99.9,flex0_raw=268,flex0_norm=0.065,flex1_raw=267,flex1_norm=0.065,flex2_raw=203,flex2_norm=0.050,flex3_raw=240,flex3_norm=0.059,flex4_raw=253,flex4_norm=0.062",true
word-sequence-v1,session_20261005T212737_676Z,word_yes_0001,124,21227,532812,1791235660789,yes,words-draft,signer_01,neutral,0x70,0.0260000000000,0.813000000000,-0.206000000000,-50.6870000000,-24.0380000000,-20.9470000000,269,267,201,239,253,"seq=21227,t_ms=532812,who=0x70,ax=0.026,ay=0.813,az=-0.206,gx=-50.687,gy=-24.038,gz=-20.947,expected=-,pred=E,pred_conf=99.9,flex0_raw=269,flex0_norm=0.066,flex1_raw=267,flex1_norm=0.065,flex2_raw=201,flex2_norm=0.049,flex3_raw=239,flex3_norm=0.058,flex4_raw=253,flex4_norm=0.062",true
word-sequence-v1,session_20261005T212737_676Z,word_yes_0001,125,21228,532837,1791235660824,yes,words-draft,signer_01,neutral,0x70,0.0230000000000,0.836000000000,-0.217000000000,-13.9080000000,-13.7480000000,-13.4810000000,269,266,201,239,252,"seq=21228,t_ms=532837,who=0x70,ax=0.023,ay=0.836,az=-0.217,gx=-13.908,gy=-13.748,gz=-13.481,expected=-,pred=E,pred_conf=99.9,flex0_raw=269,flex0_norm=0.066,flex1_raw=266,flex1_norm=0.065,flex2_raw=201,flex2_norm=0.049,flex3_raw=239,flex3_norm=0.058,flex4_raw=252,flex4_norm=0.062",true
word-sequence-v1,session_20261005T212737_676Z,word_yes_0001,126,21229,532862,1791235660857,yes,words-draft,signer_01,neutral,0x70,0.0210000000000,0.814000000000,-0.270000000000,19.0380000000,4.43500000000,-7.73300000000,269,267,201,239,252,"seq=21229,t_ms=532862,who=0x70,ax=0.021,ay=0.814,az=-0.270,gx=19.038,gy=4.435,gz=-7.733,expected=-,pred=E,pred_conf=99.9,flex0_raw=269,flex0_norm=0.066,flex1_raw=267,flex1_norm=0.065,flex2_raw=201,flex2_norm=0.049,flex3_raw=239,flex3_norm=0.058,flex4_raw=252,flex4_norm=0.062",true
word-sequence-v1,session_20261005T212737_676Z,word_yes_0001,127,21230,532887,1791235660859,yes,words-draft,signer_01,neutral,0x70,0.0250000000000,0.833000000000,-0.284000000000,57.4270000000,15.2820000000,-6.70200000000,267,267,202,239,253,"seq=21230,t_ms=532887,who=0x70,ax=0.025,ay=0.833,az=-0.284,gx=57.427,gy=15.282,gz=-6.702,expected=-,pred=E,pred_conf=99.9,flex0_raw=267,flex0_norm=0.065,flex1_raw=267,flex1_norm=0.065,flex2_raw=202,flex2_norm=0.049,flex3_raw=239,flex3_norm=0.058,flex4_raw=253,flex4_norm=0.062",true
word-sequence-v1,session_20261005T212737_676Z,word_yes_0001,128,21231,532912,1791235660889,yes,words-draft,signer_01,neutral,0x70,0.0640000000000,0.901000000000,-0.206000000000,136.519000000,19.8630000000,-6.36600000000,266,265,199,239,254,"seq=21231,t_ms=532912,who=0x70,ax=0.064,ay=0.901,az=-0.206,gx=136.519,gy=19.863,gz=-6.366,expected=-,pred=E,pred_conf=99.9,flex0_raw=266,flex0_norm=0.065,flex1_raw=265,flex1_norm=0.065,flex2_raw=199,flex2_norm=0.049,flex3_raw=239,flex3_norm=0.058,flex4_raw=254,flex4_norm=0.062",true
word-sequence-v1,session_20261005T212737_676Z,word_yes_0001,129,21232,532937,1791235660928,yes,words-draft,signer_01,neutral,0x70,0.0470000000000,0.878000000000,-0.317000000000,250.130000000,26.3050000000,-11.0230000000,266,264,201,243,262,"seq=21232,t_ms=532937,who=0x70,ax=0.047,ay=0.878,az=-0.317,gx=250.130,gy=26.305,gz=-11.023,expected=-,pred=E,pred_conf=100.0,flex0_raw=266,flex0_norm=0.065,flex1_raw=264,flex1_norm=0.064,flex2_raw=201,flex2_norm=0.049,flex3_raw=243,flex3_norm=0.059,flex4_raw=262,flex4_norm=0.064",true
word-sequence-v1,session_20261005T212737_676Z,word_yes_0001,130,21233,532962,1791235660929,yes,words-draft,signer_01,neutral,0x70,-0.182000000000,0.665000000000,-0.527000000000,250.130000000,41.4730000000,-3.45000000000,263,263,201,238,262,"seq=21233,t_ms=532962,who=0x70,ax=-0.182,ay=0.665,az=-0.527,gx=250.130,gy=41.473,gz=-3.450,expected=-,pred=E,pred_conf=100.0,flex0_raw=263,flex0_norm=0.064,flex1_raw=263,flex1_norm=0.064,flex2_raw=201,flex2_norm=0.049,flex3_raw=238,flex3_norm=0.058,flex4_raw=262,flex4_norm=0.064",true
word-sequence-v1,session_20261005T212737_676Z,word_yes_0001,131,21234,532987,1791235660949,yes,words-draft,signer_01,neutral,0x70,0.0830000000000,0.331000000000,-0.771000000000,250.130000000,15.5500000000,13.4660000000,261,255,201,235,261,"seq=21234,t_ms=532987,who=0x70,ax=0.083,ay=0.331,az=-0.771,gx=250.130,gy=15.550,gz=13.466,expected=-,pred=E,pred_conf=99.9,flex0_raw=261,flex0_norm=0.064,flex1_raw=255,flex1_norm=0.062,flex2_raw=201,flex2_norm=0.049,flex3_raw=235,flex3_norm=0.057,flex4_raw=261,flex4_norm=0.064",true
word-sequence-v1,session_20261005T212737_676Z,word_yes_0001,132,21235,533012,1791235660987,yes,words-draft,signer_01,neutral,0x70,0.208000000000,0.483000000000,-0.828000000000,250.130000000,56.4890000000,27.1600000000,253,253,198,233,256,"seq=21235,t_ms=533012,who=0x70,ax=0.208,ay=0.483,az=-0.828,gx=250.130,gy=56.489,gz=27.160,expected=-,pred=E,pred_conf=99.9,flex0_raw=253,flex0_norm=0.062,flex1_raw=253,flex1_norm=0.062,flex2_raw=198,flex2_norm=0.048,flex3_raw=233,flex3_norm=0.057,flex4_raw=256,flex4_norm=0.063",true
word-sequence-v1,session_20261005T212737_676Z,word_yes_0001,133,21236,533037,1791235661024,yes,words-draft,signer_01,neutral,0x70,0.0920000000000,0.403000000000,-0.838000000000,250.130000000,44.5500000000,-5.99200000000,255,254,198,233,261,"seq=21236,t_ms=533037,who=0x70,ax=0.092,ay=0.403,az=-0.838,gx=250.130,gy=44.550,gz=-5.992,expected=-,pred=E,pred_conf=99.9,flex0_raw=255,flex0_norm=0.062,flex1_raw=254,flex1_norm=0.062,flex2_raw=198,flex2_norm=0.048,flex3_raw=233,flex3_norm=0.057,flex4_raw=261,flex4_norm=0.064",true
word-sequence-v1,session_20261005T212737_676Z,word_yes_0001,134,21237,533062,1791235661055,yes,words-draft,signer_01,neutral,0x70,0.0530000000000,-0.0210000000000,-1.00200000000,250.130000000,45.0990000000,-9.18300000000,261,261,196,233,263,"seq=21237,t_ms=533062,who=0x70,ax=0.053,ay=-0.021,az=-1.002,gx=250.130,gy=45.099,gz=-9.183,expected=-,pred=E,pred_conf=100.0,flex0_raw=261,flex0_norm=0.064,flex1_raw=261,flex1_norm=0.064,flex2_raw=196,flex2_norm=0.048,flex3_raw=233,flex3_norm=0.057,flex4_raw=263,flex4_norm=0.064",true
word-sequence-v1,session_20261005T212737_676Z,word_yes_0001,135,21238,533087,1791235661091,yes,words-draft,signer_01,neutral,0x70,0.142000000000,-0.138000000000,-1.06700000000,250.130000000,82.6640000000,18.0610000000,261,255,197,232,261,"seq=21238,t_ms=533087,who=0x70,ax=0.142,ay=-0.138,az=-1.067,gx=250.130,gy=82.664,gz=18.061,expected=-,pred=E,pred_conf=99.9,flex0_raw=261,flex0_norm=0.064,flex1_raw=255,flex1_norm=0.062,flex2_raw=197,flex2_norm=0.048,flex3_raw=232,flex3_norm=0.057,flex4_raw=261,flex4_norm=0.064",true
word-sequence-v1,session_20261005T212737_676Z,word_yes_0001,136,21239,533112,1791235661092,yes,words-draft,signer_01,neutral,0x70,0.255000000000,-0.0210000000000,-1.02300000000,250.130000000,88.6410000000,41.7400000000,255,253,197,232,263,"seq=21239,t_ms=533112,who=0x70,ax=0.255,ay=-0.021,az=-1.023,gx=250.130,gy=88.641,gz=41.740,expected=-,pred=E,pred_conf=100.0,flex0_raw=255,flex0_norm=0.062,flex1_raw=253,flex1_norm=0.062,flex2_raw=197,flex2_norm=0.048,flex3_raw=232,flex3_norm=0.057,flex4_raw=263,flex4_norm=0.064",true
word-sequence-v1,session_20261005T212737_676Z,word_yes_0001,137,21240,533137,1791235661121,yes,words-draft,signer_01,neutral,0x70,0.185000000000,-0.227000000000,-0.925000000000,250.130000000,25.8020000000,20.5950000000,253,253,197,231,263,"seq=21240,t_ms=533137,who=0x70,ax=0.185,ay=-0.227,az=-0.925,gx=250.130,gy=25.802,gz=20.595,expected=-,pred=E,pred_conf=99.9,flex0_raw=253,flex0_norm=0.062,flex1_raw=253,flex1_norm=0.062,flex2_raw=197,flex2_norm=0.048,flex3_raw=231,flex3_norm=0.056,flex4_raw=263,flex4_norm=0.064",true
word-sequence-v1,session_20261005T212737_676Z,word_yes_0001,138,21241,533162,1791235661129,yes,words-draft,signer_01,neutral,0x70,0.166000000000,-0.424000000000,-1.08700000000,192.603000000,26.3280000000,-2.92400000000,255,255,197,228,263,"seq=21241,t_ms=533162,who=0x70,ax=0.166,ay=-0.424,az=-1.087,gx=192.603,gy=26.328,gz=-2.924,expected=-,pred=E,pred_conf=99.9,flex0_raw=255,flex0_norm=0.062,flex1_raw=255,flex1_norm=0.062,flex2_raw=197,flex2_norm=0.048,flex3_raw=228,flex3_norm=0.056,flex4_raw=263,flex4_norm=0.064",true
word-sequence-v1,session_20261005T212737_676Z,word_yes_0001,139,21242,533187,1791235661158,yes,words-draft,signer_01,neutral,0x70,0.141000000000,-0.442000000000,-1.14400000000,61.0690000000,38.0150000000,29.4200000000,252,251,191,229,265,"seq=21242,t_ms=533187,who=0x70,ax=0.141,ay=-0.442,az=-1.144,gx=61.069,gy=38.015,gz=29.420,expected=-,pred=E,pred_conf=100.0,flex0_raw=252,flex0_norm=0.062,flex1_raw=251,flex1_norm=0.061,flex2_raw=191,flex2_norm=0.047,flex3_raw=229,flex3_norm=0.056,flex4_raw=265,flex4_norm=0.065",true
word-sequence-v1,session_20261005T212737_676Z,word_yes_0001,140,21243,533212,1791235661188,yes,words-draft,signer_01,neutral,0x70,0.184000000000,-0.288000000000,-1.05200000000,76.0990000000,12.4120000000,17.6490000000,249,251,191,228,265,"seq=21243,t_ms=533212,who=0x70,ax=0.184,ay=-0.288,az=-1.052,gx=76.099,gy=12.412,gz=17.649,expected=-,pred=E,pred_conf=100.0,flex0_raw=249,flex0_norm=0.061,flex1_raw=251,flex1_norm=0.061,flex2_raw=191,flex2_norm=0.047,flex3_raw=228,flex3_norm=0.056,flex4_raw=265,flex4_norm=0.065",true
word-sequence-v1,session_20261005T212737_676Z,word_yes_0001,141,21244,533237,1791235661225,yes,words-draft,signer_01,neutral,0x70,0.202000000000,-0.398000000000,-0.998000000000,82.5570000000,-5.09900000000,-6.87800000000,251,250,199,229,266,"seq=21244,t_ms=533237,who=0x70,ax=0.202,ay=-0.398,az=-0.998,gx=82.557,gy=-5.099,gz=-6.878,expected=-,pred=E,pred_conf=100.0,flex0_raw=251,flex0_norm=0.061,flex1_raw=250,flex1_norm=0.061,flex2_raw=199,flex2_norm=0.049,flex3_raw=229,flex3_norm=0.056,flex4_raw=266,flex4_norm=0.065",true
word-sequence-v1,session_20261005T212737_676Z,word_yes_0001,142,21245,533262,1791235661226,yes,words-draft,signer_01,neutral,0x70,0.261000000000,-0.519000000000,-1.03200000000,43.5950000000,8.42000000000,-16.1910000000,252,251,192,230,268,"seq=21245,t_ms=533262,who=0x70,ax=0.261,ay=-0.519,az=-1.032,gx=43.595,gy=8.420,gz=-16.191,expected=-,pred=E,pred_conf=100.0,flex0_raw=252,flex0_norm=0.062,flex1_raw=251,flex1_norm=0.061,flex2_raw=192,flex2_norm=0.047,flex3_raw=230,flex3_norm=0.056,flex4_raw=268,flex4_norm=0.065",true
word-sequence-v1,session_20261005T212737_676Z,word_yes_0001,143,21246,533287,1791235661253,yes,words-draft,signer_01,neutral,0x70,0.258000000000,-0.528000000000,-1.05300000000,-11.2750000000,22.6790000000,-2.95400000000,251,251,197,229,268,"seq=21246,t_ms=533287,who=0x70,ax=0.258,ay=-0.528,az=-1.053,gx=-11.275,gy=22.679,gz=-2.954,expected=-,pred=E,pred_conf=100.0,flex0_raw=251,flex0_norm=0.061,flex1_raw=251,flex1_norm=0.061,flex2_raw=197,flex2_norm=0.048,flex3_raw=229,flex3_norm=0.056,flex4_raw=268,flex4_norm=0.065",true
word-sequence-v1,session_20261005T212737_676Z,word_yes_0001,144,21247,533312,1791235661291,yes,words-draft,signer_01,neutral,0x70,0.214000000000,-0.438000000000,-1.06000000000,-65.7630000000,18.0230000000,7.58800000000,251,251,197,229,267,"seq=21247,t_ms=533312,who=0x70,ax=0.214,ay=-0.438,az=-1.060,gx=-65.763,gy=18.023,gz=7.588,expected=-,pred=E,pred_conf=100.0,flex0_raw=251,flex0_norm=0.061,flex1_raw=251,flex1_norm=0.061,flex2_raw=197,flex2_norm=0.048,flex3_raw=229,flex3_norm=0.056,flex4_raw=267,flex4_norm=0.065",true
word-sequence-v1,session_20261005T212737_676Z,word_yes_0001,145,21248,533337,1791235661320,yes,words-draft,signer_01,neutral,0x70,0.202000000000,-0.410000000000,-1.06800000000,-119.458000000,-4.61800000000,6.74000000000,253,251,199,231,268,"seq=21248,t_ms=533337,who=0x70,ax=0.202,ay=-0.410,az=-1.068,gx=-119.458,gy=-4.618,gz=6.740,expected=-,pred=E,pred_conf=100.0,flex0_raw=253,flex0_norm=0.062,flex1_raw=251,flex1_norm=0.061,flex2_raw=199,flex2_norm=0.049,flex3_raw=231,flex3_norm=0.056,flex4_raw=268,flex4_norm=0.065",true
word-sequence-v1,session_20261005T212737_676Z,word_yes_0001,146,21249,533362,1791235661357,yes,words-draft,signer_01,neutral,0x70,0.226000000000,-0.373000000000,-1.08500000000,-196.366000000,-23.6560000000,3.46600000000,253,255,200,232,269,"seq=21249,t_ms=533362,who=0x70,ax=0.226,ay=-0.373,az=-1.085,gx=-196.366,gy=-23.656,gz=3.466,expected=-,pred=E,pred_conf=100.0,flex0_raw=253,flex0_norm=0.062,flex1_raw=255,flex1_norm=0.062,flex2_raw=200,flex2_norm=0.049,flex3_raw=232,flex3_norm=0.057,flex4_raw=269,flex4_norm=0.066",true
word-sequence-v1,session_20261005T212737_676Z,word_yes_0001,147,21250,533387,1791235661387,yes,words-draft,signer_01,neutral,0x70,0.182000000000,-0.249000000000,-1.08700000000,-250.137000000,-22.6110000000,0.0610000000000,260,254,201,233,267,"seq=21250,t_ms=533387,who=0x70,ax=0.182,ay=-0.249,az=-1.087,gx=-250.137,gy=-22.611,gz=0.061,expected=-,pred=E,pred_conf=100.0,flex0_raw=260,flex0_norm=0.063,flex1_raw=254,flex1_norm=0.062,flex2_raw=201,flex2_norm=0.049,flex3_raw=233,flex3_norm=0.057,flex4_raw=267,flex4_norm=0.065",true
word-sequence-v1,session_20261005T212737_676Z,word_yes_0001,148,21251,533412,1791235661387,yes,words-draft,signer_01,neutral,0x70,0.0820000000000,-0.215000000000,-1.11900000000,-250.137000000,-23.1680000000,-0.0230000000000,263,262,204,237,263,"seq=21251,t_ms=533412,who=0x70,ax=0.082,ay=-0.215,az=-1.119,gx=-250.137,gy=-23.168,gz=-0.023,expected=-,pred=E,pred_conf=100.0,flex0_raw=263,flex0_norm=0.064,flex1_raw=262,flex1_norm=0.064,flex2_raw=204,flex2_norm=0.050,flex3_raw=237,flex3_norm=0.058,flex4_raw=263,flex4_norm=0.064",true
word-sequence-v1,session_20261005T212737_676Z,word_yes_0001,149,21252,533437,1791235661422,yes,words-draft,signer_01,neutral,0x70,0.223000000000,-0.0180000000000,-1.02200000000,-250.137000000,-10.7480000000,1.80900000000,266,265,207,237,252,"seq=21252,t_ms=533437,who=0x70,ax=0.223,ay=-0.018,az=-1.022,gx=-250.137,gy=-10.748,gz=1.809,expected=-,pred=E,pred_conf=99.9,flex0_raw=266,flex0_norm=0.065,flex1_raw=265,flex1_norm=0.065,flex2_raw=207,flex2_norm=0.051,flex3_raw=237,flex3_norm=0.058,flex4_raw=252,flex4_norm=0.062",true
word-sequence-v1,session_20261005T212737_676Z,word_yes_0001,150,21253,533462,1791235661455,yes,words-draft,signer_01,neutral,0x70,0.184000000000,0.184000000000,-0.976000000000,-250.137000000,1.22100000000,-26.5340000000,269,267,207,237,252,"seq=21253,t_ms=533462,who=0x70,ax=0.184,ay=0.184,az=-0.976,gx=-250.137,gy=1.221,gz=-26.534,expected=-,pred=E,pred_conf=99.9,flex0_raw=269,flex0_norm=0.066,flex1_raw=267,flex1_norm=0.065,flex2_raw=207,flex2_norm=0.051,flex3_raw=237,flex3_norm=0.058,flex4_raw=252,flex4_norm=0.062",true
word-sequence-v1,session_20261005T212737_676Z,word_yes_0001,151,21254,533487,1791235661458,yes,words-draft,signer_01,neutral,0x70,0.138000000000,0.359000000000,-0.874000000000,-250.137000000,-4.64900000000,-21.6490000000,270,269,210,239,251,"seq=21254,t_ms=533487,who=0x70,ax=0.138,ay=0.359,az=-0.874,gx=-250.137,gy=-4.649,gz=-21.649,expected=-,pred=E,pred_conf=99.9,flex0_raw=270,flex0_norm=0.066,flex1_raw=269,flex1_norm=0.066,flex2_raw=210,flex2_norm=0.051,flex3_raw=239,flex3_norm=0.058,flex4_raw=251,flex4_norm=0.061",true
word-sequence-v1,session_20261005T212737_676Z,word_yes_0001,152,21255,533512,1791235661490,yes,words-draft,signer_01,neutral,0x70,0.217000000000,0.583000000000,-0.776000000000,-250.137000000,3.22100000000,-33.0840000000,275,272,209,239,249,"seq=21255,t_ms=533512,who=0x70,ax=0.217,ay=0.583,az=-0.776,gx=-250.137,gy=3.221,gz=-33.084,expected=-,pred=E,pred_conf=99.9,flex0_raw=275,flex0_norm=0.067,flex1_raw=272,flex1_norm=0.066,flex2_raw=209,flex2_norm=0.051,flex3_raw=239,flex3_norm=0.058,flex4_raw=249,flex4_norm=0.061",true
word-sequence-v1,session_20261005T212737_676Z,word_yes_0001,153,21256,533537,1791235661521,yes,words-draft,signer_01,neutral,0x70,0.221000000000,0.775000000000,-0.608000000000,-250.137000000,-3.50400000000,-58.2670000000,276,275,211,239,247,"seq=21256,t_ms=533537,who=0x70,ax=0.221,ay=0.775,az=-0.608,gx=-250.137,gy=-3.504,gz=-58.267,expected=-,pred=E,pred_conf=99.9,flex0_raw=276,flex0_norm=0.067,flex1_raw=275,flex1_norm=0.067,flex2_raw=211,flex2_norm=0.052,flex3_raw=239,flex3_norm=0.058,flex4_raw=247,flex4_norm=0.060",true
word-sequence-v1,session_20261005T212737_676Z,word_yes_0001,154,21257,533562,1791235661522,yes,words-draft,signer_01,neutral,0x70,0.0930000000000,0.742000000000,-0.531000000000,-231.992000000,-22.2290000000,-57.5730000000,275,271,211,241,249,"seq=21257,t_ms=533562,who=0x70,ax=0.093,ay=0.742,az=-0.531,gx=-231.992,gy=-22.229,gz=-57.573,expected=-,pred=E,pred_conf=99.9,flex0_raw=275,flex0_norm=0.067,flex1_raw=271,flex1_norm=0.066,flex2_raw=211,flex2_norm=0.052,flex3_raw=241,flex3_norm=0.059,flex4_raw=249,flex4_norm=0.061",true
word-sequence-v1,session_20261005T212737_676Z,word_yes_0001,155,21258,533587,1791235661552,yes,words-draft,signer_01,neutral,0x70,0.180000000000,0.833000000000,-0.350000000000,-184.397000000,-24.7790000000,-61.5420000000,275,276,211,239,248,"seq=21258,t_ms=533587,who=0x70,ax=0.180,ay=0.833,az=-0.350,gx=-184.397,gy=-24.779,gz=-61.542,expected=-,pred=E,pred_conf=99.9,flex0_raw=275,flex0_norm=0.067,flex1_raw=276,flex1_norm=0.067,flex2_raw=211,flex2_norm=0.052,flex3_raw=239,flex3_norm=0.058,flex4_raw=248,flex4_norm=0.061",true
word-sequence-v1,session_20261005T212737_676Z,word_yes_0001,156,21259,533612,1791235661601,yes,words-draft,signer_01,neutral,0x70,0.0770000000000,0.819000000000,-0.235000000000,-107.313000000,-23.2210000000,-55.9850000000,278,277,211,239,248,"seq=21259,t_ms=533612,who=0x70,ax=0.077,ay=0.819,az=-0.235,gx=-107.313,gy=-23.221,gz=-55.985,expected=-,pred=E,pred_conf=99.9,flex0_raw=278,flex0_norm=0.068,flex1_raw=277,flex1_norm=0.068,flex2_raw=211,flex2_norm=0.052,flex3_raw=239,flex3_norm=0.058,flex4_raw=248,flex4_norm=0.061",true
word-sequence-v1,session_20261005T212737_676Z,word_yes_0001,157,21260,533637,1791235661630,yes,words-draft,signer_01,neutral,0x70,-0.0430000000000,0.724000000000,-0.374000000000,-69.2670000000,-30.3130000000,-41.1070000000,279,279,209,238,247,"seq=21260,t_ms=533637,who=0x70,ax=-0.043,ay=0.724,az=-0.374,gx=-69.267,gy=-30.313,gz=-41.107,expected=-,pred=E,pred_conf=99.9,flex0_raw=279,flex0_norm=0.068,flex1_raw=279,flex1_norm=0.068,flex2_raw=209,flex2_norm=0.051,flex3_raw=238,flex3_norm=0.058,flex4_raw=247,flex4_norm=0.060",true
word-sequence-v1,session_20261005T212737_676Z,word_yes_0001,158,21261,533662,1791235661667,yes,words-draft,signer_01,neutral,0x70,0.0980000000000,0.843000000000,-0.320000000000,-75.2210000000,-12.9240000000,-28.0310000000,279,279,207,237,247,"seq=21261,t_ms=533662,who=0x70,ax=0.098,ay=0.843,az=-0.320,gx=-75.221,gy=-12.924,gz=-28.031,expected=-,pred=E,pred_conf=99.9,flex0_raw=279,flex0_norm=0.068,flex1_raw=279,flex1_norm=0.068,flex2_raw=207,flex2_norm=0.051,flex3_raw=237,flex3_norm=0.058,flex4_raw=247,flex4_norm=0.060",true
word-sequence-v1,session_20261005T212737_676Z,word_yes_0001,159,21262,533687,1791235661668,yes,words-draft,signer_01,neutral,0x70,0.0240000000000,0.853000000000,-0.351000000000,-38.2440000000,-5.19800000000,-27.2820000000,280,280,210,237,245,"seq=21262,t_ms=533687,who=0x70,ax=0.024,ay=0.853,az=-0.351,gx=-38.244,gy=-5.198,gz=-27.282,expected=-,pred=E,pred_conf=99.9,flex0_raw=280,flex0_norm=0.068,flex1_raw=280,flex1_norm=0.068,flex2_raw=210,flex2_norm=0.051,flex3_raw=237,flex3_norm=0.058,flex4_raw=245,flex4_norm=0.060",true
word-sequence-v1,session_20261005T212737_676Z,word_yes_0001,160,21263,533712,1791235661670,yes,words-draft,signer_01,neutral,0x70,-0.0580000000000,0.894000000000,-0.385000000000,-17.5500000000,-4.68700000000,-11.8240000000,281,280,211,237,246,"seq=21263,t_ms=533712,who=0x70,ax=-0.058,ay=0.894,az=-0.385,gx=-17.550,gy=-4.687,gz=-11.824,expected=-,pred=E,pred_conf=99.9,flex0_raw=281,flex0_norm=0.069,flex1_raw=280,flex1_norm=0.068,flex2_raw=211,flex2_norm=0.052,flex3_raw=237,flex3_norm=0.058,flex4_raw=246,flex4_norm=0.060",true
word-sequence-v1,session_20261005T212737_676Z,word_yes_0001,161,21264,533737,1791235661698,yes,words-draft,signer_01,neutral,0x70,0.0420000000000,0.904000000000,-0.394000000000,-19.6410000000,12.8550000000,-0.466000000000,283,281,210,236,245,"seq=21264,t_ms=533737,who=0x70,ax=0.042,ay=0.904,az=-0.394,gx=-19.641,gy=12.855,gz=-0.466,expected=-,pred=E,pred_conf=99.9,flex0_raw=283,flex0_norm=0.069,flex1_raw=281,flex1_norm=0.069,flex2_raw=210,flex2_norm=0.051,flex3_raw=236,flex3_norm=0.058,flex4_raw=245,flex4_norm=0.060",true
word-sequence-v1,session_20261005T212737_676Z,word_yes_0001,162,21265,533762,1791235661736,yes,words-draft,signer_01,neutral,0x70,0.0170000000000,0.973000000000,-0.343000000000,-9.94700000000,5.40500000000,-2.15300000000,282,281,210,236,246,"seq=21265,t_ms=533762,who=0x70,ax=0.017,ay=0.973,az=-0.343,gx=-9.947,gy=5.405,gz=-2.153,expected=-,pred=E,pred_conf=99.9,flex0_raw=282,flex0_norm=0.069,flex1_raw=281,flex1_norm=0.069,flex2_raw=210,flex2_norm=0.051,flex3_raw=236,flex3_norm=0.058,flex4_raw=246,flex4_norm=0.060",true
word-sequence-v1,session_20261005T212737_676Z,word_yes_0001,163,21266,533787,1791235661785,yes,words-draft,signer_01,neutral,0x70,-0.00500000000000,0.921000000000,-0.401000000000,2.92400000000,1.28200000000,1.90100000000,281,279,210,237,245,"seq=21266,t_ms=533787,who=0x70,ax=-0.005,ay=0.921,az=-0.401,gx=2.924,gy=1.282,gz=1.901,expected=-,pred=E,pred_conf=99.9,flex0_raw=281,flex0_norm=0.069,flex1_raw=279,flex1_norm=0.068,flex2_raw=210,flex2_norm=0.051,flex3_raw=237,flex3_norm=0.058,flex4_raw=245,flex4_norm=0.060",true
word-sequence-v1,session_20261005T212737_676Z,word_yes_0001,164,21267,533812,1791235661788,yes,words-draft,signer_01,neutral,0x70,0.0130000000000,0.911000000000,-0.427000000000,-0.618000000000,6.45800000000,4.87000000000,281,281,209,237,247,"seq=21267,t_ms=533812,who=0x70,ax=0.013,ay=0.911,az=-0.427,gx=-0.618,gy=6.458,gz=4.870,expected=-,pred=E,pred_conf=99.9,flex0_raw=281,flex0_norm=0.069,flex1_raw=281,flex1_norm=0.069,flex2_raw=209,flex2_norm=0.051,flex3_raw=237,flex3_norm=0.058,flex4_raw=247,flex4_norm=0.060",true
word-sequence-v1,session_20261005T212737_676Z,word_yes_0001,165,21268,533837,1791235661827,yes,words-draft,signer_01,neutral,0x70,0.0240000000000,0.944000000000,-0.385000000000,-2.83200000000,8.32100000000,2.85500000000,280,281,211,237,246,"seq=21268,t_ms=533837,who=0x70,ax=0.024,ay=0.944,az=-0.385,gx=-2.832,gy=8.321,gz=2.855,expected=-,pred=E,pred_conf=99.9,flex0_raw=280,flex0_norm=0.068,flex1_raw=281,flex1_norm=0.069,flex2_raw=211,flex2_norm=0.052,flex3_raw=237,flex3_norm=0.058,flex4_raw=246,flex4_norm=0.060",true
word-sequence-v1,session_20261005T212737_676Z,word_yes_0001,166,21269,533862,1791235661828,yes,words-draft,signer_01,neutral,0x70,0.0150000000000,0.926000000000,-0.370000000000,14.7710000000,5.21400000000,3.03800000000,281,281,209,237,247,"seq=21269,t_ms=533862,who=0x70,ax=0.015,ay=0.926,az=-0.370,gx=14.771,gy=5.214,gz=3.038,expected=-,pred=E,pred_conf=99.9,flex0_raw=281,flex0_norm=0.069,flex1_raw=281,flex1_norm=0.069,flex2_raw=209,flex2_norm=0.051,flex3_raw=237,flex3_norm=0.058,flex4_raw=247,flex4_norm=0.060",true
word-sequence-v1,session_20261005T212737_676Z,word_yes_0001,167,21270,533887,1791235661876,yes,words-draft,signer_01,neutral,0x70,-0.0180000000000,0.894000000000,-0.477000000000,5.88500000000,5.92400000000,3.94700000000,283,280,210,237,247,"seq=21270,t_ms=533887,who=0x70,ax=-0.018,ay=0.894,az=-0.477,gx=5.885,gy=5.924,gz=3.947,expected=-,pred=E,pred_conf=99.9,flex0_raw=283,flex0_norm=0.069,flex1_raw=280,flex1_norm=0.068,flex2_raw=210,flex2_norm=0.051,flex3_raw=237,flex3_norm=0.058,flex4_raw=247,flex4_norm=0.060",true
word-sequence-v1,session_20261005T212737_676Z,word_yes_0001,168,21271,533912,1791235661880,yes,words-draft,signer_01,neutral,0x70,0.0120000000000,0.935000000000,-0.399000000000,-3.13000000000,5.48900000000,1.96200000000,281,280,210,237,246,"seq=21271,t_ms=533912,who=0x70,ax=0.012,ay=0.935,az=-0.399,gx=-3.130,gy=5.489,gz=1.962,expected=-,pred=E,pred_conf=99.9,flex0_raw=281,flex0_norm=0.069,flex1_raw=280,flex1_norm=0.068,flex2_raw=210,flex2_norm=0.051,flex3_raw=237,flex3_norm=0.058,flex4_raw=246,flex4_norm=0.060",true
word-sequence-v1,session_20261005T212737_676Z,word_yes_0001,169,21272,533937,1791235661917,yes,words-draft,signer_01,neutral,0x70,0.0110000000000,0.928000000000,-0.386000000000,10.0690000000,-1.42000000000,-1.09200000000,281,281,211,239,247,"seq=21272,t_ms=533937,who=0x70,ax=0.011,ay=0.928,az=-0.386,gx=10.069,gy=-1.420,gz=-1.092,expected=-,pred=E,pred_conf=99.9,flex0_raw=281,flex0_norm=0.069,flex1_raw=281,flex1_norm=0.069,flex2_raw=211,flex2_norm=0.052,flex3_raw=239,flex3_norm=0.058,flex4_raw=247,flex4_norm=0.060",true
word-sequence-v1,session_20261005T212737_676Z,word_yes_0001,170,21273,533962,1791235661961,yes,words-draft,signer_01,neutral,0x70,-0.0110000000000,0.885000000000,-0.457000000000,10.8240000000,-2.69500000000,0.0690000000000,280,281,211,237,247,"seq=21273,t_ms=533962,who=0x70,ax=-0.011,ay=0.885,az=-0.457,gx=10.824,gy=-2.695,gz=0.069,expected=-,pred=E,pred_conf=99.9,flex0_raw=280,flex0_norm=0.068,flex1_raw=281,flex1_norm=0.069,flex2_raw=211,flex2_norm=0.052,flex3_raw=237,flex3_norm=0.058,flex4_raw=247,flex4_norm=0.060",true
word-sequence-v1,session_20261005T212737_676Z,word_yes_0001,171,21274,533987,1791235661968,yes,words-draft,signer_01,neutral,0x70,0.0460000000000,0.901000000000,-0.441000000000,-0.0460000000000,4.80900000000,1.38900000000,281,280,208,237,247,"seq=21274,t_ms=533987,who=0x70,ax=0.046,ay=0.901,az=-0.441,gx=-0.046,gy=4.809,gz=1.389,expected=-,pred=E,pred_conf=99.9,flex0_raw=281,flex0_norm=0.069,flex1_raw=280,flex1_norm=0.068,flex2_raw=208,flex2_norm=0.051,flex3_raw=237,flex3_norm=0.058,flex4_raw=247,flex4_norm=0.060",true
word-sequence-v1,session_20261005T212737_676Z,word_yes_0001,172,21275,534012,1791235661970,yes,words-draft,signer_01,neutral,0x70,0.0100000000000,0.917000000000,-0.411000000000,2.38200000000,1.21400000000,0.947000000000,281,280,210,237,247,"seq=21275,t_ms=534012,who=0x70,ax=0.010,ay=0.917,az=-0.411,gx=2.382,gy=1.214,gz=0.947,expected=-,pred=E,pred_conf=99.9,flex0_raw=281,flex0_norm=0.069,flex1_raw=280,flex1_norm=0.068,flex2_raw=210,flex2_norm=0.051,flex3_raw=237,flex3_norm=0.058,flex4_raw=247,flex4_norm=0.060",true
word-sequence-v1,session_20261005T212737_676Z,word_yes_0001,173,21276,534037,1791235662001,yes,words-draft,signer_01,neutral,0x70,0.0260000000000,0.884000000000,-0.425000000000,8.13000000000,2.17600000000,2.82400000000,280,280,210,237,248,"seq=21276,t_ms=534037,who=0x70,ax=0.026,ay=0.884,az=-0.425,gx=8.130,gy=2.176,gz=2.824,expected=-,pred=E,pred_conf=99.9,flex0_raw=280,flex0_norm=0.068,flex1_raw=280,flex1_norm=0.068,flex2_raw=210,flex2_norm=0.051,flex3_raw=237,flex3_norm=0.058,flex4_raw=248,flex4_norm=0.061",true
word-sequence-v1,session_20261005T212737_676Z,word_yes_0001,174,21277,534062,1791235662045,yes,words-draft,signer_01,neutral,0x70,0.0400000000000,0.878000000000,-0.453000000000,5.09200000000,5.25200000000,2.81700000000,281,280,211,238,248,"seq=21277,t_ms=534062,who=0x70,ax=0.040,ay=0.878,az=-0.453,gx=5.092,gy=5.252,gz=2.817,expected=-,pred=E,pred_conf=99.9,flex0_raw=281,flex0_norm=0.069,flex1_raw=280,flex1_norm=0.068,flex2_raw=211,flex2_norm=0.052,flex3_raw=238,flex3_norm=0.058,flex4_raw=248,flex4_norm=0.061",true
word-sequence-v1,session_20261005T212737_676Z,word_yes_0001,175,21278,534087,1791235662089,yes,words-draft,signer_01,neutral,0x70,0.0170000000000,0.901000000000,-0.450000000000,3.78600000000,5.89300000000,-0.176000000000,282,281,211,238,247,"seq=21278,t_ms=534087,who=0x70,ax=0.017,ay=0.901,az=-0.450,gx=3.786,gy=5.893,gz=-0.176,expected=-,pred=E,pred_conf=99.9,flex0_raw=282,flex0_norm=0.069,flex1_raw=281,flex1_norm=0.069,flex2_raw=211,flex2_norm=0.052,flex3_raw=238,flex3_norm=0.058,flex4_raw=247,flex4_norm=0.060",true
word-sequence-v1,session_20261005T212737_676Z,word_yes_0001,176,21279,534112,1791235662091,yes,words-draft,signer_01,neutral,0x70,0.00200000000000,0.891000000000,-0.474000000000,5.09200000000,6.38900000000,2.64100000000,281,281,209,237,247,"seq=21279,t_ms=534112,who=0x70,ax=0.002,ay=0.891,az=-0.474,gx=5.092,gy=6.389,gz=2.641,expected=-,pred=E,pred_conf=99.9,flex0_raw=281,flex0_norm=0.069,flex1_raw=281,flex1_norm=0.069,flex2_raw=209,flex2_norm=0.051,flex3_raw=237,flex3_norm=0.058,flex4_raw=247,flex4_norm=0.060",true
word-sequence-v1,session_20261005T212737_676Z,word_yes_0001,177,21280,534137,1791235662124,yes,words-draft,signer_01,neutral,0x70,0.0320000000000,0.904000000000,-0.468000000000,-2.63400000000,3.45000000000,1.06900000000,281,280,210,237,248,"seq=21280,t_ms=534137,who=0x70,ax=0.032,ay=0.904,az=-0.468,gx=-2.634,gy=3.450,gz=1.069,expected=-,pred=E,pred_conf=99.9,flex0_raw=281,flex0_norm=0.069,flex1_raw=280,flex1_norm=0.068,flex2_raw=210,flex2_norm=0.051,flex3_raw=237,flex3_norm=0.058,flex4_raw=248,flex4_norm=0.061",true
word-sequence-v1,session_20261005T212737_676Z,word_yes_0001,178,21281,534162,1791235662125,yes,words-draft,signer_01,neutral,0x70,0.0290000000000,0.888000000000,-0.477000000000,-4.45800000000,2.45000000000,0.702000000000,281,281,211,237,247,"seq=21281,t_ms=534162,who=0x70,ax=0.029,ay=0.888,az=-0.477,gx=-4.458,gy=2.450,gz=0.702,expected=-,pred=E,pred_conf=99.9,flex0_raw=281,flex0_norm=0.069,flex1_raw=281,flex1_norm=0.069,flex2_raw=211,flex2_norm=0.052,flex3_raw=237,flex3_norm=0.058,flex4_raw=247,flex4_norm=0.060",true
word-sequence-v1,session_20261005T212737_676Z,word_yes_0001,179,21282,534187,1791235662172,yes,words-draft,signer_01,neutral,0x70,0.0240000000000,0.898000000000,-0.467000000000,-3.40500000000,0.504000000000,-0.382000000000,282,280,211,237,248,"seq=21282,t_ms=534187,who=0x70,ax=0.024,ay=0.898,az=-0.467,gx=-3.405,gy=0.504,gz=-0.382,expected=-,pred=E,pred_conf=99.9,flex0_raw=282,flex0_norm=0.069,flex1_raw=280,flex1_norm=0.068,flex2_raw=211,flex2_norm=0.052,flex3_raw=237,flex3_norm=0.058,flex4_raw=248,flex4_norm=0.061",true
word-sequence-v1,session_20261005T212737_676Z,word_yes_0001,180,21283,534212,1791235662178,yes,words-draft,signer_01,neutral,0x70,0.0240000000000,0.886000000000,-0.470000000000,-1.38200000000,4.62600000000,0.847000000000,281,281,210,237,248,"seq=21283,t_ms=534212,who=0x70,ax=0.024,ay=0.886,az=-0.470,gx=-1.382,gy=4.626,gz=0.847,expected=-,pred=E,pred_conf=99.9,flex0_raw=281,flex0_norm=0.069,flex1_raw=281,flex1_norm=0.069,flex2_raw=210,flex2_norm=0.051,flex3_raw=237,flex3_norm=0.058,flex4_raw=248,flex4_norm=0.061",true
word-sequence-v1,session_20261005T212737_676Z,word_yes_0001,181,21284,534237,1791235662208,yes,words-draft,signer_01,neutral,0x70,0.0230000000000,0.904000000000,-0.467000000000,-5.86300000000,3.89300000000,0.557000000000,281,281,211,237,248,"seq=21284,t_ms=534237,who=0x70,ax=0.023,ay=0.904,az=-0.467,gx=-5.863,gy=3.893,gz=0.557,expected=-,pred=E,pred_conf=99.9,flex0_raw=281,flex0_norm=0.069,flex1_raw=281,flex1_norm=0.069,flex2_raw=211,flex2_norm=0.052,flex3_raw=237,flex3_norm=0.058,flex4_raw=248,flex4_norm=0.061",true
word-sequence-v1,session_20261005T212737_676Z,word_yes_0001,182,21285,534262,1791235662239,yes,words-draft,signer_01,neutral,0x70,0.0220000000000,0.897000000000,-0.444000000000,-6.51900000000,0.748000000000,0.290000000000,281,281,209,237,248,"seq=21285,t_ms=534262,who=0x70,ax=0.022,ay=0.897,az=-0.444,gx=-6.519,gy=0.748,gz=0.290,expected=-,pred=E,pred_conf=99.9,flex0_raw=281,flex0_norm=0.069,flex1_raw=281,flex1_norm=0.069,flex2_raw=209,flex2_norm=0.051,flex3_raw=237,flex3_norm=0.058,flex4_raw=248,flex4_norm=0.061",true
word-sequence-v1,session_20261005T212737_676Z,word_yes_0001,183,21286,534287,1791235662301,yes,words-draft,signer_01,neutral,0x70,0.0260000000000,0.876000000000,-0.461000000000,-2.41200000000,0.771000000000,-0.290000000000,281,281,212,237,248,"seq=21286,t_ms=534287,who=0x70,ax=0.026,ay=0.876,az=-0.461,gx=-2.412,gy=0.771,gz=-0.290,expected=-,pred=E,pred_conf=99.9,flex0_raw=281,flex0_norm=0.069,flex1_raw=281,flex1_norm=0.069,flex2_raw=212,flex2_norm=0.052,flex3_raw=237,flex3_norm=0.058,flex4_raw=248,flex4_norm=0.061",true
word-sequence-v1,session_20261005T212737_676Z,word_yes_0001,184,21287,534312,1791235662303,yes,words-draft,signer_01,neutral,0x70,0.0190000000000,0.887000000000,-0.477000000000,-6.94700000000,1.99200000000,-0.992000000000,281,280,211,237,247,"seq=21287,t_ms=534312,who=0x70,ax=0.019,ay=0.887,az=-0.477,gx=-6.947,gy=1.992,gz=-0.992,expected=-,pred=E,pred_conf=99.9,flex0_raw=281,flex0_norm=0.069,flex1_raw=280,flex1_norm=0.068,flex2_raw=211,flex2_norm=0.052,flex3_raw=237,flex3_norm=0.058,flex4_raw=247,flex4_norm=0.060",true
word-sequence-v1,session_20261005T212737_676Z,word_yes_0001,185,21288,534337,1791235662304,yes,words-draft,signer_01,neutral,0x70,0.0300000000000,0.907000000000,-0.465000000000,-12.0000000000,1.45800000000,-1.37400000000,281,281,212,237,249,"seq=21288,t_ms=534337,who=0x70,ax=0.030,ay=0.907,az=-0.465,gx=-12.000,gy=1.458,gz=-1.374,expected=-,pred=E,pred_conf=99.9,flex0_raw=281,flex0_norm=0.069,flex1_raw=281,flex1_norm=0.069,flex2_raw=212,flex2_norm=0.052,flex3_raw=237,flex3_norm=0.058,flex4_raw=249,flex4_norm=0.061",true
word-sequence-v1,session_20261005T212737_676Z,word_yes_0001,186,21289,534362,1791235662350,yes,words-draft,signer_01,neutral,0x70,0.0230000000000,0.908000000000,-0.445000000000,-8.87000000000,-1.23700000000,-1.44300000000,281,281,211,239,248,"seq=21289,t_ms=534362,who=0x70,ax=0.023,ay=0.908,az=-0.445,gx=-8.870,gy=-1.237,gz=-1.443,expected=-,pred=E,pred_conf=99.9,flex0_raw=281,flex0_norm=0.069,flex1_raw=281,flex1_norm=0.069,flex2_raw=211,flex2_norm=0.052,flex3_raw=239,flex3_norm=0.058,flex4_raw=248,flex4_norm=0.061",true
word-sequence-v1,session_20261005T212737_676Z,word_yes_0001,187,21290,534387,1791235662384,yes,words-draft,signer_01,neutral,0x70,0.0150000000000,0.891000000000,-0.470000000000,-9.71800000000,-2.90800000000,-2.05300000000,281,281,212,237,248,"seq=21290,t_ms=534387,who=0x70,ax=0.015,ay=0.891,az=-0.470,gx=-9.718,gy=-2.908,gz=-2.053,expected=-,pred=E,pred_conf=99.9,flex0_raw=281,flex0_norm=0.069,flex1_raw=281,flex1_norm=0.069,flex2_raw=212,flex2_norm=0.052,flex3_raw=237,flex3_norm=0.058,flex4_raw=248,flex4_norm=0.061",true
word-sequence-v1,session_20261005T212737_676Z,word_yes_0001,188,21291,534412,1791235662388,yes,words-draft,signer_01,neutral,0x70,0.0310000000000,0.901000000000,-0.449000000000,-12.5800000000,-0.916000000000,-1.35900000000,282,281,211,239,249,"seq=21291,t_ms=534412,who=0x70,ax=0.031,ay=0.901,az=-0.449,gx=-12.580,gy=-0.916,gz=-1.359,expected=-,pred=E,pred_conf=99.9,flex0_raw=282,flex0_norm=0.069,flex1_raw=281,flex1_norm=0.069,flex2_raw=211,flex2_norm=0.052,flex3_raw=239,flex3_norm=0.058,flex4_raw=249,flex4_norm=0.061",true
word-sequence-v1,session_20261005T212737_676Z,word_yes_0001,189,21292,534437,1791235662419,yes,words-draft,signer_01,neutral,0x70,0.0140000000000,0.903000000000,-0.411000000000,-8.08400000000,-0.931000000000,-4.00800000000,281,281,212,237,248,"seq=21292,t_ms=534437,who=0x70,ax=0.014,ay=0.903,az=-0.411,gx=-8.084,gy=-0.931,gz=-4.008,expected=-,pred=E,pred_conf=99.9,flex0_raw=281,flex0_norm=0.069,flex1_raw=281,flex1_norm=0.069,flex2_raw=212,flex2_norm=0.052,flex3_raw=237,flex3_norm=0.058,flex4_raw=248,flex4_norm=0.061",true
word-sequence-v1,session_20261005T212737_676Z,word_yes_0001,190,21293,534462,1791235662420,yes,words-draft,signer_01,neutral,0x70,0.0180000000000,0.891000000000,-0.410000000000,3.02300000000,-1.42700000000,-1.80900000000,281,280,211,237,249,"seq=21293,t_ms=534462,who=0x70,ax=0.018,ay=0.891,az=-0.410,gx=3.023,gy=-1.427,gz=-1.809,expected=-,pred=E,pred_conf=99.9,flex0_raw=281,flex0_norm=0.069,flex1_raw=280,flex1_norm=0.068,flex2_raw=211,flex2_norm=0.052,flex3_raw=237,flex3_norm=0.058,flex4_raw=249,flex4_norm=0.061",true
word-sequence-v1,session_20261005T212737_676Z,word_yes_0001,191,21294,534487,1791235662449,yes,words-draft,signer_01,neutral,0x70,0.0110000000000,0.890000000000,-0.451000000000,7.53400000000,-1.25200000000,-2.62600000000,281,279,211,238,248,"seq=21294,t_ms=534487,who=0x70,ax=0.011,ay=0.890,az=-0.451,gx=7.534,gy=-1.252,gz=-2.626,expected=-,pred=E,pred_conf=99.9,flex0_raw=281,flex0_norm=0.069,flex1_raw=279,flex1_norm=0.068,flex2_raw=211,flex2_norm=0.052,flex3_raw=238,flex3_norm=0.058,flex4_raw=248,flex4_norm=0.061",true
word-sequence-v1,session_20261005T212737_676Z,word_yes_0001,192,21295,534512,1791235662485,yes,words-draft,signer_01,neutral,0x70,0.0300000000000,0.898000000000,-0.456000000000,11.9080000000,3.13000000000,-1.87000000000,280,279,211,238,249,"seq=21295,t_ms=534512,who=0x70,ax=0.030,ay=0.898,az=-0.456,gx=11.908,gy=3.130,gz=-1.870,expected=-,pred=E,pred_conf=99.9,flex0_raw=280,flex0_norm=0.068,flex1_raw=279,flex1_norm=0.068,flex2_raw=211,flex2_norm=0.052,flex3_raw=238,flex3_norm=0.058,flex4_raw=249,flex4_norm=0.061",true
word-sequence-v1,session_20261005T212737_676Z,word_yes_0001,193,21296,534537,1791235662515,yes,words-draft,signer_01,neutral,0x70,0.0510000000000,0.908000000000,-0.435000000000,31.0310000000,6.45000000000,-1.35900000000,280,279,211,239,249,"seq=21296,t_ms=534537,who=0x70,ax=0.051,ay=0.908,az=-0.435,gx=31.031,gy=6.450,gz=-1.359,expected=-,pred=E,pred_conf=99.9,flex0_raw=280,flex0_norm=0.068,flex1_raw=279,flex1_norm=0.068,flex2_raw=211,flex2_norm=0.052,flex3_raw=239,flex3_norm=0.058,flex4_raw=249,flex4_norm=0.061",true
word-sequence-v1,session_20261005T212737_676Z,word_yes_0001,194,21297,534562,1791235662551,yes,words-draft,signer_01,neutral,0x70,-0.0460000000000,0.878000000000,-0.516000000000,47.3890000000,2.09200000000,3.96900000000,279,280,209,238,251,"seq=21297,t_ms=534562,who=0x70,ax=-0.046,ay=0.878,az=-0.516,gx=47.389,gy=2.092,gz=3.969,expected=-,pred=E,pred_conf=99.9,flex0_raw=279,flex0_norm=0.068,flex1_raw=280,flex1_norm=0.068,flex2_raw=209,flex2_norm=0.051,flex3_raw=238,flex3_norm=0.058,flex4_raw=251,flex4_norm=0.061",true
word-sequence-v1,session_20261005T212737_676Z,word_yes_0001,195,21298,534587,1791235662583,yes,words-draft,signer_01,neutral,0x70,0.00900000000000,0.800000000000,-0.563000000000,14.1150000000,2.72500000000,7.06100000000,280,279,207,237,250,"seq=21298,t_ms=534587,who=0x70,ax=0.009,ay=0.800,az=-0.563,gx=14.115,gy=2.725,gz=7.061,expected=-,pred=E,pred_conf=99.9,flex0_raw=280,flex0_norm=0.068,flex1_raw=279,flex1_norm=0.068,flex2_raw=207,flex2_norm=0.051,flex3_raw=237,flex3_norm=0.058,flex4_raw=250,flex4_norm=0.061",true
word-sequence-v1,session_20261005T212737_676Z,word_yes_0001,196,21299,534612,1791235662616,yes,words-draft,signer_01,neutral,0x70,0.0470000000000,0.876000000000,-0.554000000000,-4.28200000000,1.95400000000,2.62600000000,281,279,210,239,250,"seq=21299,t_ms=534612,who=0x70,ax=0.047,ay=0.876,az=-0.554,gx=-4.282,gy=1.954,gz=2.626,expected=-,pred=E,pred_conf=99.9,flex0_raw=281,flex0_norm=0.069,flex1_raw=279,flex1_norm=0.068,flex2_raw=210,flex2_norm=0.051,flex3_raw=239,flex3_norm=0.058,flex4_raw=250,flex4_norm=0.061",true
word-sequence-v1,session_20261005T212737_676Z,word_yes_0001,197,21300,534637,1791235662617,yes,words-draft,signer_01,neutral,0x70,0.0210000000000,0.880000000000,-0.537000000000,-5.97700000000,-3.55700000000,-0.557000000000,280,279,211,239,249,"seq=21300,t_ms=534637,who=0x70,ax=0.021,ay=0.880,az=-0.537,gx=-5.977,gy=-3.557,gz=-0.557,expected=-,pred=E,pred_conf=99.9,flex0_raw=280,flex0_norm=0.068,flex1_raw=279,flex1_norm=0.068,flex2_raw=211,flex2_norm=0.052,flex3_raw=239,flex3_norm=0.058,flex4_raw=249,flex4_norm=0.061",true
word-sequence-v1,session_20261005T212737_676Z,word_yes_0001,198,21301,534662,1791235662653,yes,words-draft,signer_01,neutral,0x70,0.0290000000000,0.856000000000,-0.532000000000,-7.61800000000,0.405000000000,0.611000000000,279,280,211,239,251,"seq=21301,t_ms=534662,who=0x70,ax=0.029,ay=0.856,az=-0.532,gx=-7.618,gy=0.405,gz=0.611,expected=-,pred=E,pred_conf=99.9,flex0_raw=279,flex0_norm=0.068,flex1_raw=280,flex1_norm=0.068,flex2_raw=211,flex2_norm=0.052,flex3_raw=239,flex3_norm=0.058,flex4_raw=251,flex4_norm=0.061",true
word-sequence-v1,session_20261005T212737_676Z,word_yes_0001,199,21302,534687,1791235662682,yes,words-draft,signer_01,neutral,0x70,0.0310000000000,0.873000000000,-0.492000000000,-7.50400000000,3.72500000000,1.33600000000,280,279,212,239,250,"seq=21302,t_ms=534687,who=0x70,ax=0.031,ay=0.873,az=-0.492,gx=-7.504,gy=3.725,gz=1.336,expected=-,pred=E,pred_conf=99.9,flex0_raw=280,flex0_norm=0.068,flex1_raw=279,flex1_norm=0.068,flex2_raw=212,flex2_norm=0.052,flex3_raw=239,flex3_norm=0.058,flex4_raw=250,flex4_norm=0.061",true
word-sequence-v1,session_20261005T212737_676Z,word_yes_0001,200,21303,534712,1791235662688,yes,words-draft,signer_01,neutral,0x70,0.00500000000000,0.859000000000,-0.506000000000,-9.36600000000,2.07600000000,0.733000000000,280,279,210,239,251,"seq=21303,t_ms=534712,who=0x70,ax=0.005,ay=0.859,az=-0.506,gx=-9.366,gy=2.076,gz=0.733,expected=-,pred=E,pred_conf=99.9,flex0_raw=280,flex0_norm=0.068,flex1_raw=279,flex1_norm=0.068,flex2_raw=210,flex2_norm=0.051,flex3_raw=239,flex3_norm=0.058,flex4_raw=251,flex4_norm=0.061",true
word-sequence-v1,session_20261005T212737_676Z,word_yes_0001,201,21304,534737,1791235662718,yes,words-draft,signer_01,neutral,0x70,0.0160000000000,0.874000000000,-0.466000000000,-3.86300000000,2.35100000000,2.93100000000,281,279,211,239,250,"seq=21304,t_ms=534737,who=0x70,ax=0.016,ay=0.874,az=-0.466,gx=-3.863,gy=2.351,gz=2.931,expected=-,pred=E,pred_conf=99.9,flex0_raw=281,flex0_norm=0.069,flex1_raw=279,flex1_norm=0.068,flex2_raw=211,flex2_norm=0.052,flex3_raw=239,flex3_norm=0.058,flex4_raw=250,flex4_norm=0.061",true
word-sequence-v1,session_20261005T212737_676Z,word_yes_0001,202,21305,534762,1791235662721,yes,words-draft,signer_01,neutral,0x70,0.0270000000000,0.822000000000,-0.523000000000,-0.595000000000,0.435000000000,-0.321000000000,280,279,211,239,251,"seq=21305,t_ms=534762,who=0x70,ax=0.027,ay=0.822,az=-0.523,gx=-0.595,gy=0.435,gz=-0.321,expected=-,pred=E,pred_conf=99.9,flex0_raw=280,flex0_norm=0.068,flex1_raw=279,flex1_norm=0.068,flex2_raw=211,flex2_norm=0.052,flex3_raw=239,flex3_norm=0.058,flex4_raw=251,flex4_norm=0.061",true
word-sequence-v1,session_20261005T212737_676Z,word_yes_0001,203,21306,534787,1791235662748,yes,words-draft,signer_01,neutral,0x70,0.0330000000000,0.873000000000,-0.490000000000,-4.48900000000,3.47300000000,0.954000000000,280,279,211,239,252,"seq=21306,t_ms=534787,who=0x70,ax=0.033,ay=0.873,az=-0.490,gx=-4.489,gy=3.473,gz=0.954,expected=-,pred=E,pred_conf=99.9,flex0_raw=280,flex0_norm=0.068,flex1_raw=279,flex1_norm=0.068,flex2_raw=211,flex2_norm=0.052,flex3_raw=239,flex3_norm=0.058,flex4_raw=252,flex4_norm=0.062",true
word-sequence-v1,session_20261005T212737_676Z,word_yes_0001,204,21307,534812,1791235662783,yes,words-draft,signer_01,neutral,0x70,0.0360000000000,0.863000000000,-0.491000000000,4.62600000000,5.02300000000,-0.542000000000,279,279,211,239,251,"seq=21307,t_ms=534812,who=0x70,ax=0.036,ay=0.863,az=-0.491,gx=4.626,gy=5.023,gz=-0.542,expected=-,pred=E,pred_conf=99.9,flex0_raw=279,flex0_norm=0.068,flex1_raw=279,flex1_norm=0.068,flex2_raw=211,flex2_norm=0.052,flex3_raw=239,flex3_norm=0.058,flex4_raw=251,flex4_norm=0.061",true
word-sequence-v1,session_20261005T212737_676Z,word_yes_0001,205,21308,534837,1791235662815,yes,words-draft,signer_01,neutral,0x70,0.0110000000000,0.861000000000,-0.534000000000,2.58000000000,1.74800000000,3.24400000000,280,278,212,239,250,"seq=21308,t_ms=534837,who=0x70,ax=0.011,ay=0.861,az=-0.534,gx=2.580,gy=1.748,gz=3.244,expected=-,pred=E,pred_conf=99.9,flex0_raw=280,flex0_norm=0.068,flex1_raw=278,flex1_norm=0.068,flex2_raw=212,flex2_norm=0.052,flex3_raw=239,flex3_norm=0.058,flex4_raw=250,flex4_norm=0.061",true
word-sequence-v1,session_20261005T212737_676Z,word_yes_0001,206,21309,534862,1791235662851,yes,words-draft,signer_01,neutral,0x70,0.0310000000000,0.850000000000,-0.531000000000,-1.80900000000,-0.916000000000,2.65600000000,280,279,211,239,252,"seq=21309,t_ms=534862,who=0x70,ax=0.031,ay=0.850,az=-0.531,gx=-1.809,gy=-0.916,gz=2.656,expected=-,pred=E,pred_conf=99.9,flex0_raw=280,flex0_norm=0.068,flex1_raw=279,flex1_norm=0.068,flex2_raw=211,flex2_norm=0.052,flex3_raw=239,flex3_norm=0.058,flex4_raw=252,flex4_norm=0.062",true
word-sequence-v1,session_20261005T212737_676Z,word_yes_0001,207,21310,534887,1791235662887,yes,words-draft,signer_01,neutral,0x70,0.0380000000000,0.863000000000,-0.531000000000,-6.58000000000,0.382000000000,2.90800000000,280,279,211,239,251,"seq=21310,t_ms=534887,who=0x70,ax=0.038,ay=0.863,az=-0.531,gx=-6.580,gy=0.382,gz=2.908,expected=-,pred=E,pred_conf=99.9,flex0_raw=280,flex0_norm=0.068,flex1_raw=279,flex1_norm=0.068,flex2_raw=211,flex2_norm=0.052,flex3_raw=239,flex3_norm=0.058,flex4_raw=251,flex4_norm=0.061",true
word-sequence-v1,session_20261005T212737_676Z,word_yes_0001,208,21311,534912,1791235662888,yes,words-draft,signer_01,neutral,0x70,0.0550000000000,0.863000000000,-0.501000000000,-4.05300000000,3.83200000000,0.473000000000,279,279,211,239,251,"seq=21311,t_ms=534912,who=0x70,ax=0.055,ay=0.863,az=-0.501,gx=-4.053,gy=3.832,gz=0.473,expected=-,pred=E,pred_conf=99.9,flex0_raw=279,flex0_norm=0.068,flex1_raw=279,flex1_norm=0.068,flex2_raw=211,flex2_norm=0.052,flex3_raw=239,flex3_norm=0.058,flex4_raw=251,flex4_norm=0.061",true
word-sequence-v1,session_20261005T212737_676Z,word_yes_0001,209,21312,534937,1791235662899,yes,words-draft,signer_01,neutral,0x70,0.0340000000000,0.867000000000,-0.488000000000,2.21400000000,3.36600000000,-1.30500000000,279,279,211,239,251,"seq=21312,t_ms=534937,who=0x70,ax=0.034,ay=0.867,az=-0.488,gx=2.214,gy=3.366,gz=-1.305,expected=-,pred=E,pred_conf=99.9,flex0_raw=279,flex0_norm=0.068,flex1_raw=279,flex1_norm=0.068,flex2_raw=211,flex2_norm=0.052,flex3_raw=239,flex3_norm=0.058,flex4_raw=251,flex4_norm=0.061",true
word-sequence-v1,session_20261005T212737_676Z,word_yes_0001,210,21313,534962,1791235662929,yes,words-draft,signer_01,neutral,0x70,0.0460000000000,0.860000000000,-0.437000000000,22.1450000000,4.19800000000,-1.40500000000,277,277,212,239,251,"seq=21313,t_ms=534962,who=0x70,ax=0.046,ay=0.860,az=-0.437,gx=22.145,gy=4.198,gz=-1.405,expected=-,pred=E,pred_conf=99.9,flex0_raw=277,flex0_norm=0.068,flex1_raw=277,flex1_norm=0.068,flex2_raw=212,flex2_norm=0.052,flex3_raw=239,flex3_norm=0.058,flex4_raw=251,flex4_norm=0.061",true
word-sequence-v1,session_20261005T212737_676Z,word_yes_0001,211,21314,534987,1791235662959,yes,words-draft,signer_01,neutral,0x70,0.0500000000000,0.863000000000,-0.388000000000,73.0000000000,8.96200000000,0.947000000000,272,274,207,240,253,"seq=21314,t_ms=534987,who=0x70,ax=0.050,ay=0.863,az=-0.388,gx=73.000,gy=8.962,gz=0.947,expected=-,pred=E,pred_conf=99.9,flex0_raw=272,flex0_norm=0.066,flex1_raw=274,flex1_norm=0.067,flex2_raw=207,flex2_norm=0.051,flex3_raw=240,flex3_norm=0.059,flex4_raw=253,flex4_norm=0.062",true
word-sequence-v1,session_20261005T212737_676Z,word_yes_0002,0,22136,555541,1791235683543,yes,words-draft,signer_02,neutral,0x70,0.201000000000,0.214000000000,-0.968000000000,-5.28200000000,7.50400000000,3.44300000000,333,334,253,281,295,"seq=22136,t_ms=555541,who=0x70,ax=0.201,ay=0.214,az=-0.968,gx=-5.282,gy=7.504,gz=3.443,expected=-,pred=E,pred_conf=100.0,flex0_raw=333,flex0_norm=0.081,flex1_raw=334,flex1_norm=0.082,flex2_raw=253,flex2_norm=0.062,flex3_raw=281,flex3_norm=0.069,flex4_raw=295,flex4_norm=0.072",true
word-sequence-v1,session_20261005T212737_676Z,word_yes_0002,1,22137,555566,1791235683545,yes,words-draft,signer_02,neutral,0x70,0.185000000000,0.236000000000,-0.969000000000,-4.19800000000,6.29800000000,2.94700000000,334,333,253,281,294,"seq=22137,t_ms=555566,who=0x70,ax=0.185,ay=0.236,az=-0.969,gx=-4.198,gy=6.298,gz=2.947,expected=-,pred=E,pred_conf=100.0,flex0_raw=334,flex0_norm=0.082,flex1_raw=333,flex1_norm=0.081,flex2_raw=253,flex2_norm=0.062,flex3_raw=281,flex3_norm=0.069,flex4_raw=294,flex4_norm=0.072",true
word-sequence-v1,session_20261005T212737_676Z,word_yes_0002,2,22138,555591,1791235683579,yes,words-draft,signer_02,neutral,0x70,0.193000000000,0.230000000000,-0.985000000000,-2.36600000000,4.22900000000,-0.374000000000,333,333,253,280,295,"seq=22138,t_ms=555591,who=0x70,ax=0.193,ay=0.230,az=-0.985,gx=-2.366,gy=4.229,gz=-0.374,expected=-,pred=E,pred_conf=100.0,flex0_raw=333,flex0_norm=0.081,flex1_raw=333,flex1_norm=0.081,flex2_raw=253,flex2_norm=0.062,flex3_raw=280,flex3_norm=0.068,flex4_raw=295,flex4_norm=0.072",true
word-sequence-v1,session_20261005T212737_676Z,word_yes_0002,3,22139,555616,1791235683579,yes,words-draft,signer_02,neutral,0x70,0.200000000000,0.212000000000,-0.974000000000,1.13700000000,2.61100000000,-1.83200000000,333,333,253,281,296,"seq=22139,t_ms=555616,who=0x70,ax=0.200,ay=0.212,az=-0.974,gx=1.137,gy=2.611,gz=-1.832,expected=-,pred=E,pred_conf=100.0,flex0_raw=333,flex0_norm=0.081,flex1_raw=333,flex1_norm=0.081,flex2_raw=253,flex2_norm=0.062,flex3_raw=281,flex3_norm=0.069,flex4_raw=296,flex4_norm=0.072",true
word-sequence-v1,session_20261005T212737_676Z,word_yes_0002,4,22140,555641,1791235683610,yes,words-draft,signer_02,neutral,0x70,0.198000000000,0.210000000000,-0.977000000000,-4.89300000000,2.32100000000,-2.22900000000,334,333,252,280,295,"seq=22140,t_ms=555641,who=0x70,ax=0.198,ay=0.210,az=-0.977,gx=-4.893,gy=2.321,gz=-2.229,expected=-,pred=E,pred_conf=100.0,flex0_raw=334,flex0_norm=0.082,flex1_raw=333,flex1_norm=0.081,flex2_raw=252,flex2_norm=0.062,flex3_raw=280,flex3_norm=0.068,flex4_raw=295,flex4_norm=0.072",true
word-sequence-v1,session_20261005T212737_676Z,word_yes_0002,5,22141,555666,1791235683644,yes,words-draft,signer_02,neutral,0x70,0.199000000000,0.218000000000,-0.977000000000,-10.3740000000,-0.282000000000,-1.33600000000,334,333,253,280,296,"seq=22141,t_ms=555666,who=0x70,ax=0.199,ay=0.218,az=-0.977,gx=-10.374,gy=-0.282,gz=-1.336,expected=-,pred=E,pred_conf=100.0,flex0_raw=334,flex0_norm=0.082,flex1_raw=333,flex1_norm=0.081,flex2_raw=253,flex2_norm=0.062,flex3_raw=280,flex3_norm=0.068,flex4_raw=296,flex4_norm=0.072",true
word-sequence-v1,session_20261005T212737_676Z,word_yes_0002,6,22142,555691,1791235683679,yes,words-draft,signer_02,neutral,0x70,0.204000000000,0.221000000000,-0.965000000000,-9.97700000000,0.450000000000,-0.244000000000,334,334,253,281,296,"seq=22142,t_ms=555691,who=0x70,ax=0.204,ay=0.221,az=-0.965,gx=-9.977,gy=0.450,gz=-0.244,expected=-,pred=E,pred_conf=100.0,flex0_raw=334,flex0_norm=0.082,flex1_raw=334,flex1_norm=0.082,flex2_raw=253,flex2_norm=0.062,flex3_raw=281,flex3_norm=0.069,flex4_raw=296,flex4_norm=0.072",true
word-sequence-v1,session_20261005T212737_676Z,word_yes_0002,7,22143,555716,1791235683708,yes,words-draft,signer_02,neutral,0x70,0.199000000000,0.214000000000,-0.964000000000,-6.91600000000,-1.99200000000,-0.656000000000,335,333,254,281,295,"seq=22143,t_ms=555716,who=0x70,ax=0.199,ay=0.214,az=-0.964,gx=-6.916,gy=-1.992,gz=-0.656,expected=-,pred=E,pred_conf=100.0,flex0_raw=335,flex0_norm=0.082,flex1_raw=333,flex1_norm=0.081,flex2_raw=254,flex2_norm=0.062,flex3_raw=281,flex3_norm=0.069,flex4_raw=295,flex4_norm=0.072",true
word-sequence-v1,session_20261005T212737_676Z,word_yes_0002,8,22144,555741,1791235683719,yes,words-draft,signer_02,neutral,0x70,0.201000000000,0.214000000000,-0.959000000000,-7.78600000000,-2.58800000000,-0.595000000000,335,333,253,280,295,"seq=22144,t_ms=555741,who=0x70,ax=0.201,ay=0.214,az=-0.959,gx=-7.786,gy=-2.588,gz=-0.595,expected=-,pred=E,pred_conf=100.0,flex0_raw=335,flex0_norm=0.082,flex1_raw=333,flex1_norm=0.081,flex2_raw=253,flex2_norm=0.062,flex3_raw=280,flex3_norm=0.068,flex4_raw=295,flex4_norm=0.072",true
word-sequence-v1,session_20261005T212737_676Z,word_yes_0002,9,22145,555766,1791235683748,yes,words-draft,signer_02,neutral,0x70,0.198000000000,0.214000000000,-0.963000000000,-8.32800000000,-2.25200000000,-0.275000000000,334,333,255,281,295,"seq=22145,t_ms=555766,who=0x70,ax=0.198,ay=0.214,az=-0.963,gx=-8.328,gy=-2.252,gz=-0.275,expected=-,pred=E,pred_conf=100.0,flex0_raw=334,flex0_norm=0.082,flex1_raw=333,flex1_norm=0.081,flex2_raw=255,flex2_norm=0.062,flex3_raw=281,flex3_norm=0.069,flex4_raw=295,flex4_norm=0.072",true
word-sequence-v1,session_20261005T212737_676Z,word_yes_0002,10,22146,555791,1791235683750,yes,words-draft,signer_02,neutral,0x70,0.199000000000,0.205000000000,-0.958000000000,-4.99200000000,-3.51900000000,-0.427000000000,335,333,253,280,295,"seq=22146,t_ms=555791,who=0x70,ax=0.199,ay=0.205,az=-0.958,gx=-4.992,gy=-3.519,gz=-0.427,expected=-,pred=E,pred_conf=100.0,flex0_raw=335,flex0_norm=0.082,flex1_raw=333,flex1_norm=0.081,flex2_raw=253,flex2_norm=0.062,flex3_raw=280,flex3_norm=0.068,flex4_raw=295,flex4_norm=0.072",true
word-sequence-v1,session_20261005T212737_676Z,word_yes_0002,11,22147,555816,1791235683778,yes,words-draft,signer_02,neutral,0x70,0.191000000000,0.215000000000,-0.964000000000,-5.35100000000,1.70200000000,-1.55000000000,335,334,253,280,295,"seq=22147,t_ms=555816,who=0x70,ax=0.191,ay=0.215,az=-0.964,gx=-5.351,gy=1.702,gz=-1.550,expected=-,pred=E,pred_conf=100.0,flex0_raw=335,flex0_norm=0.082,flex1_raw=334,flex1_norm=0.082,flex2_raw=253,flex2_norm=0.062,flex3_raw=280,flex3_norm=0.068,flex4_raw=295,flex4_norm=0.072",true
word-sequence-v1,session_20261005T212737_676Z,word_yes_0002,12,22148,555841,1791235683810,yes,words-draft,signer_02,neutral,0x70,0.194000000000,0.215000000000,-0.974000000000,-5.93100000000,4.58000000000,-0.947000000000,333,333,254,281,296,"seq=22148,t_ms=555841,who=0x70,ax=0.194,ay=0.215,az=-0.974,gx=-5.931,gy=4.580,gz=-0.947,expected=-,pred=E,pred_conf=100.0,flex0_raw=333,flex0_norm=0.081,flex1_raw=333,flex1_norm=0.081,flex2_raw=254,flex2_norm=0.062,flex3_raw=281,flex3_norm=0.069,flex4_raw=296,flex4_norm=0.072",true
word-sequence-v1,session_20261005T212737_676Z,word_yes_0002,13,22149,555866,1791235683846,yes,words-draft,signer_02,neutral,0x70,0.186000000000,0.221000000000,-0.968000000000,-7.26000000000,5.34400000000,1.05300000000,335,333,253,281,295,"seq=22149,t_ms=555866,who=0x70,ax=0.186,ay=0.221,az=-0.968,gx=-7.260,gy=5.344,gz=1.053,expected=-,pred=E,pred_conf=100.0,flex0_raw=335,flex0_norm=0.082,flex1_raw=333,flex1_norm=0.081,flex2_raw=253,flex2_norm=0.062,flex3_raw=281,flex3_norm=0.069,flex4_raw=295,flex4_norm=0.072",true
word-sequence-v1,session_20261005T212737_676Z,word_yes_0002,14,22150,555891,1791235683897,yes,words-draft,signer_02,neutral,0x70,0.194000000000,0.230000000000,-0.955000000000,-6.22900000000,-0.351000000000,0.725000000000,337,333,253,281,296,"seq=22150,t_ms=555891,who=0x70,ax=0.194,ay=0.230,az=-0.955,gx=-6.229,gy=-0.351,gz=0.725,expected=-,pred=E,pred_conf=100.0,flex0_raw=337,flex0_norm=0.082,flex1_raw=333,flex1_norm=0.081,flex2_raw=253,flex2_norm=0.062,flex3_raw=281,flex3_norm=0.069,flex4_raw=296,flex4_norm=0.072",true
word-sequence-v1,session_20261005T212737_676Z,word_yes_0002,15,22151,555916,1791235683899,yes,words-draft,signer_02,neutral,0x70,0.197000000000,0.221000000000,-0.965000000000,-5.09200000000,-2.80900000000,0.0690000000000,335,334,253,281,296,"seq=22151,t_ms=555916,who=0x70,ax=0.197,ay=0.221,az=-0.965,gx=-5.092,gy=-2.809,gz=0.069,expected=-,pred=E,pred_conf=100.0,flex0_raw=335,flex0_norm=0.082,flex1_raw=334,flex1_norm=0.082,flex2_raw=253,flex2_norm=0.062,flex3_raw=281,flex3_norm=0.069,flex4_raw=296,flex4_norm=0.072",true
word-sequence-v1,session_20261005T212737_676Z,word_yes_0002,16,22152,555941,1791235683901,yes,words-draft,signer_02,neutral,0x70,0.196000000000,0.223000000000,-0.966000000000,-9.77900000000,0.244000000000,0.0990000000000,335,333,253,280,296,"seq=22152,t_ms=555941,who=0x70,ax=0.196,ay=0.223,az=-0.966,gx=-9.779,gy=0.244,gz=0.099,expected=-,pred=E,pred_conf=100.0,flex0_raw=335,flex0_norm=0.082,flex1_raw=333,flex1_norm=0.081,flex2_raw=253,flex2_norm=0.062,flex3_raw=280,flex3_norm=0.068,flex4_raw=296,flex4_norm=0.072",true
word-sequence-v1,session_20261005T212737_676Z,word_yes_0002,17,22153,555966,1791235683935,yes,words-draft,signer_02,neutral,0x70,0.181000000000,0.225000000000,-0.977000000000,-7.44300000000,0.374000000000,0.206000000000,335,335,254,281,296,"seq=22153,t_ms=555966,who=0x70,ax=0.181,ay=0.225,az=-0.977,gx=-7.443,gy=0.374,gz=0.206,expected=-,pred=E,pred_conf=100.0,flex0_raw=335,flex0_norm=0.082,flex1_raw=335,flex1_norm=0.082,flex2_raw=254,flex2_norm=0.062,flex3_raw=281,flex3_norm=0.069,flex4_raw=296,flex4_norm=0.072",true
word-sequence-v1,session_20261005T212737_676Z,word_yes_0002,18,22154,555991,1791235683963,yes,words-draft,signer_02,neutral,0x70,0.184000000000,0.226000000000,-0.954000000000,-4.34400000000,0.817000000000,0.420000000000,337,334,255,281,295,"seq=22154,t_ms=555991,who=0x70,ax=0.184,ay=0.226,az=-0.954,gx=-4.344,gy=0.817,gz=0.420,expected=-,pred=E,pred_conf=100.0,flex0_raw=337,flex0_norm=0.082,flex1_raw=334,flex1_norm=0.082,flex2_raw=255,flex2_norm=0.062,flex3_raw=281,flex3_norm=0.069,flex4_raw=295,flex4_norm=0.072",true
word-sequence-v1,session_20261005T212737_676Z,word_yes_0002,19,22155,556016,1791235684004,yes,words-draft,signer_02,neutral,0x70,0.191000000000,0.227000000000,-0.960000000000,-6.38200000000,0.473000000000,-0.153000000000,335,335,255,281,297,"seq=22155,t_ms=556016,who=0x70,ax=0.191,ay=0.227,az=-0.960,gx=-6.382,gy=0.473,gz=-0.153,expected=-,pred=E,pred_conf=100.0,flex0_raw=335,flex0_norm=0.082,flex1_raw=335,flex1_norm=0.082,flex2_raw=255,flex2_norm=0.062,flex3_raw=281,flex3_norm=0.069,flex4_raw=297,flex4_norm=0.073",true
word-sequence-v1,session_20261005T212737_676Z,word_yes_0002,20,22156,556041,1791235684043,yes,words-draft,signer_02,neutral,0x70,0.200000000000,0.224000000000,-0.965000000000,-6.78600000000,-1.61800000000,-1.13000000000,338,335,253,281,297,"seq=22156,t_ms=556041,who=0x70,ax=0.200,ay=0.224,az=-0.965,gx=-6.786,gy=-1.618,gz=-1.130,expected=-,pred=E,pred_conf=100.0,flex0_raw=338,flex0_norm=0.083,flex1_raw=335,flex1_norm=0.082,flex2_raw=253,flex2_norm=0.062,flex3_raw=281,flex3_norm=0.069,flex4_raw=297,flex4_norm=0.073",true
word-sequence-v1,session_20261005T212737_676Z,word_yes_0002,21,22157,556066,1791235684049,yes,words-draft,signer_02,neutral,0x70,0.202000000000,0.208000000000,-0.981000000000,-5.94700000000,-0.214000000000,-1.23700000000,335,335,253,281,296,"seq=22157,t_ms=556066,who=0x70,ax=0.202,ay=0.208,az=-0.981,gx=-5.947,gy=-0.214,gz=-1.237,expected=-,pred=E,pred_conf=100.0,flex0_raw=335,flex0_norm=0.082,flex1_raw=335,flex1_norm=0.082,flex2_raw=253,flex2_norm=0.062,flex3_raw=281,flex3_norm=0.069,flex4_raw=296,flex4_norm=0.072",true
word-sequence-v1,session_20261005T212737_676Z,word_yes_0002,22,22158,556091,1791235684050,yes,words-draft,signer_02,neutral,0x70,0.187000000000,0.221000000000,-0.969000000000,-4.32800000000,2.90800000000,0.382000000000,334,334,254,282,296,"seq=22158,t_ms=556091,who=0x70,ax=0.187,ay=0.221,az=-0.969,gx=-4.328,gy=2.908,gz=0.382,expected=-,pred=E,pred_conf=100.0,flex0_raw=334,flex0_norm=0.082,flex1_raw=334,flex1_norm=0.082,flex2_raw=254,flex2_norm=0.062,flex3_raw=282,flex3_norm=0.069,flex4_raw=296,flex4_norm=0.072",true
word-sequence-v1,session_20261005T212737_676Z,word_yes_0002,23,22159,556116,1791235684111,yes,words-draft,signer_02,neutral,0x70,0.188000000000,0.230000000000,-0.946000000000,-3.10700000000,-0.0380000000000,0.771000000000,334,335,254,281,297,"seq=22159,t_ms=556116,who=0x70,ax=0.188,ay=0.230,az=-0.946,gx=-3.107,gy=-0.038,gz=0.771,expected=-,pred=E,pred_conf=100.0,flex0_raw=334,flex0_norm=0.082,flex1_raw=335,flex1_norm=0.082,flex2_raw=254,flex2_norm=0.062,flex3_raw=281,flex3_norm=0.069,flex4_raw=297,flex4_norm=0.073",true
word-sequence-v1,session_20261005T212737_676Z,word_yes_0002,24,22160,556141,1791235684112,yes,words-draft,signer_02,neutral,0x70,0.185000000000,0.222000000000,-0.945000000000,-1.81700000000,-0.687000000000,0.565000000000,335,335,255,282,297,"seq=22160,t_ms=556141,who=0x70,ax=0.185,ay=0.222,az=-0.945,gx=-1.817,gy=-0.687,gz=0.565,expected=-,pred=E,pred_conf=100.0,flex0_raw=335,flex0_norm=0.082,flex1_raw=335,flex1_norm=0.082,flex2_raw=255,flex2_norm=0.062,flex3_raw=282,flex3_norm=0.069,flex4_raw=297,flex4_norm=0.073",true
word-sequence-v1,session_20261005T212737_676Z,word_yes_0002,25,22161,556166,1791235684144,yes,words-draft,signer_02,neutral,0x70,0.193000000000,0.214000000000,-0.953000000000,-6.06100000000,3.51100000000,-0.298000000000,335,335,253,277,295,"seq=22161,t_ms=556166,who=0x70,ax=0.193,ay=0.214,az=-0.953,gx=-6.061,gy=3.511,gz=-0.298,expected=-,pred=E,pred_conf=100.0,flex0_raw=335,flex0_norm=0.082,flex1_raw=335,flex1_norm=0.082,flex2_raw=253,flex2_norm=0.062,flex3_raw=277,flex3_norm=0.068,flex4_raw=295,flex4_norm=0.072",true
word-sequence-v1,session_20261005T212737_676Z,word_yes_0002,26,22162,556191,1791235684175,yes,words-draft,signer_02,neutral,0x70,0.189000000000,0.219000000000,-0.969000000000,-5.42700000000,3.09200000000,-0.351000000000,337,334,255,281,295,"seq=22162,t_ms=556191,who=0x70,ax=0.189,ay=0.219,az=-0.969,gx=-5.427,gy=3.092,gz=-0.351,expected=-,pred=E,pred_conf=100.0,flex0_raw=337,flex0_norm=0.082,flex1_raw=334,flex1_norm=0.082,flex2_raw=255,flex2_norm=0.062,flex3_raw=281,flex3_norm=0.069,flex4_raw=295,flex4_norm=0.072",true
word-sequence-v1,session_20261005T212737_676Z,word_yes_0002,27,22163,556216,1791235684209,yes,words-draft,signer_02,neutral,0x70,0.187000000000,0.237000000000,-0.965000000000,-0.885000000000,3.39700000000,-0.244000000000,336,335,253,282,297,"seq=22163,t_ms=556216,who=0x70,ax=0.187,ay=0.237,az=-0.965,gx=-0.885,gy=3.397,gz=-0.244,expected=-,pred=E,pred_conf=100.0,flex0_raw=336,flex0_norm=0.082,flex1_raw=335,flex1_norm=0.082,flex2_raw=253,flex2_norm=0.062,flex3_raw=282,flex3_norm=0.069,flex4_raw=297,flex4_norm=0.073",true
word-sequence-v1,session_20261005T212737_676Z,word_yes_0002,28,22164,556241,1791235684209,yes,words-draft,signer_02,neutral,0x70,0.197000000000,0.223000000000,-0.984000000000,-0.198000000000,2.19100000000,-0.992000000000,338,335,255,282,297,"seq=22164,t_ms=556241,who=0x70,ax=0.197,ay=0.223,az=-0.984,gx=-0.198,gy=2.191,gz=-0.992,expected=-,pred=E,pred_conf=100.0,flex0_raw=338,flex0_norm=0.083,flex1_raw=335,flex1_norm=0.082,flex2_raw=255,flex2_norm=0.062,flex3_raw=282,flex3_norm=0.069,flex4_raw=297,flex4_norm=0.073",true
word-sequence-v1,session_20261005T212737_676Z,word_yes_0002,29,22165,556266,1791235684242,yes,words-draft,signer_02,neutral,0x70,0.202000000000,0.206000000000,-1.03900000000,-4.73300000000,3.65600000000,-1.86300000000,338,335,255,283,297,"seq=22165,t_ms=556266,who=0x70,ax=0.202,ay=0.206,az=-1.039,gx=-4.733,gy=3.656,gz=-1.863,expected=-,pred=E,pred_conf=100.0,flex0_raw=338,flex0_norm=0.083,flex1_raw=335,flex1_norm=0.082,flex2_raw=255,flex2_norm=0.062,flex3_raw=283,flex3_norm=0.069,flex4_raw=297,flex4_norm=0.073",true
word-sequence-v1,session_20261005T212737_676Z,word_yes_0002,30,22166,556291,1791235684274,yes,words-draft,signer_02,neutral,0x70,0.198000000000,0.223000000000,-1.04000000000,-15.1220000000,1.12200000000,-2.66400000000,335,335,255,281,296,"seq=22166,t_ms=556291,who=0x70,ax=0.198,ay=0.223,az=-1.040,gx=-15.122,gy=1.122,gz=-2.664,expected=-,pred=E,pred_conf=100.0,flex0_raw=335,flex0_norm=0.082,flex1_raw=335,flex1_norm=0.082,flex2_raw=255,flex2_norm=0.062,flex3_raw=281,flex3_norm=0.069,flex4_raw=296,flex4_norm=0.072",true
word-sequence-v1,session_20261005T212737_676Z,word_yes_0002,31,22167,556316,1791235684316,yes,words-draft,signer_02,neutral,0x70,0.182000000000,0.221000000000,-1.06200000000,-30.9920000000,0.519000000000,-5.64100000000,335,337,255,283,296,"seq=22167,t_ms=556316,who=0x70,ax=0.182,ay=0.221,az=-1.062,gx=-30.992,gy=0.519,gz=-5.641,expected=-,pred=E,pred_conf=100.0,flex0_raw=335,flex0_norm=0.082,flex1_raw=337,flex1_norm=0.082,flex2_raw=255,flex2_norm=0.062,flex3_raw=283,flex3_norm=0.069,flex4_raw=296,flex4_norm=0.072",true
word-sequence-v1,session_20261005T212737_676Z,word_yes_0002,32,22168,556341,1791235684319,yes,words-draft,signer_02,neutral,0x70,0.139000000000,0.222000000000,-1.12200000000,-51.6180000000,-2.24400000000,-13.5110000000,337,335,255,281,291,"seq=22168,t_ms=556341,who=0x70,ax=0.139,ay=0.222,az=-1.122,gx=-51.618,gy=-2.244,gz=-13.511,expected=-,pred=E,pred_conf=100.0,flex0_raw=337,flex0_norm=0.082,flex1_raw=335,flex1_norm=0.082,flex2_raw=255,flex2_norm=0.062,flex3_raw=281,flex3_norm=0.069,flex4_raw=291,flex4_norm=0.071",true
word-sequence-v1,session_20261005T212737_676Z,word_yes_0002,33,22169,556366,1791235684321,yes,words-draft,signer_02,neutral,0x70,0.136000000000,0.144000000000,-1.23600000000,-98.2440000000,-2.80900000000,-20.1760000000,339,337,256,280,280,"seq=22169,t_ms=556366,who=0x70,ax=0.136,ay=0.144,az=-1.236,gx=-98.244,gy=-2.809,gz=-20.176,expected=-,pred=E,pred_conf=100.0,flex0_raw=339,flex0_norm=0.083,flex1_raw=337,flex1_norm=0.082,flex2_raw=256,flex2_norm=0.063,flex3_raw=280,flex3_norm=0.068,flex4_raw=280,flex4_norm=0.068",true
word-sequence-v1,session_20261005T212737_676Z,word_yes_0002,34,22170,556391,1791235684373,yes,words-draft,signer_02,neutral,0x70,0.130000000000,0.105000000000,-1.12600000000,-162.443000000,11.9310000000,-21.9160000000,340,335,261,276,266,"seq=22170,t_ms=556391,who=0x70,ax=0.130,ay=0.105,az=-1.126,gx=-162.443,gy=11.931,gz=-21.916,expected=-,pred=E,pred_conf=100.0,flex0_raw=340,flex0_norm=0.083,flex1_raw=335,flex1_norm=0.082,flex2_raw=261,flex2_norm=0.064,flex3_raw=276,flex3_norm=0.067,flex4_raw=266,flex4_norm=0.065",true
word-sequence-v1,session_20261005T212737_676Z,word_yes_0002,35,22171,556416,1791235684378,yes,words-draft,signer_02,neutral,0x70,0.255000000000,0.330000000000,-0.884000000000,-199.618000000,33.0920000000,-34.7940000000,339,339,260,271,260,"seq=22171,t_ms=556416,who=0x70,ax=0.255,ay=0.330,az=-0.884,gx=-199.618,gy=33.092,gz=-34.794,expected=-,pred=E,pred_conf=99.9,flex0_raw=339,flex0_norm=0.083,flex1_raw=339,flex1_norm=0.083,flex2_raw=260,flex2_norm=0.063,flex3_raw=271,flex3_norm=0.066,flex4_raw=260,flex4_norm=0.063",true
word-sequence-v1,session_20261005T212737_676Z,word_yes_0002,36,22172,556441,1791235684408,yes,words-draft,signer_02,neutral,0x70,0.196000000000,0.504000000000,-0.702000000000,-246.099000000,39.1680000000,-20.2370000000,342,341,253,271,252,"seq=22172,t_ms=556441,who=0x70,ax=0.196,ay=0.504,az=-0.702,gx=-246.099,gy=39.168,gz=-20.237,expected=-,pred=E,pred_conf=99.9,flex0_raw=342,flex0_norm=0.084,flex1_raw=341,flex1_norm=0.083,flex2_raw=253,flex2_norm=0.062,flex3_raw=271,flex3_norm=0.066,flex4_raw=252,flex4_norm=0.062",true
word-sequence-v1,session_20261005T212737_676Z,word_yes_0002,37,22173,556466,1791235684444,yes,words-draft,signer_02,neutral,0x70,0.194000000000,0.743000000000,-0.611000000000,-250.137000000,59.5190000000,-14.2980000000,343,341,251,269,250,"seq=22173,t_ms=556466,who=0x70,ax=0.194,ay=0.743,az=-0.611,gx=-250.137,gy=59.519,gz=-14.298,expected=-,pred=E,pred_conf=99.9,flex0_raw=343,flex0_norm=0.084,flex1_raw=341,flex1_norm=0.083,flex2_raw=251,flex2_norm=0.061,flex3_raw=269,flex3_norm=0.066,flex4_raw=250,flex4_norm=0.061",true
word-sequence-v1,session_20261005T212737_676Z,word_yes_0002,38,22174,556491,1791235684473,yes,words-draft,signer_02,neutral,0x70,0.197000000000,0.712000000000,-0.617000000000,-250.137000000,40.2440000000,-26.3510000000,343,343,252,265,250,"seq=22174,t_ms=556491,who=0x70,ax=0.197,ay=0.712,az=-0.617,gx=-250.137,gy=40.244,gz=-26.351,expected=-,pred=E,pred_conf=99.9,flex0_raw=343,flex0_norm=0.084,flex1_raw=343,flex1_norm=0.084,flex2_raw=252,flex2_norm=0.062,flex3_raw=265,flex3_norm=0.065,flex4_raw=250,flex4_norm=0.061",true
word-sequence-v1,session_20261005T212737_676Z,word_yes_0002,39,22175,556516,1791235684511,yes,words-draft,signer_02,neutral,0x70,0.265000000000,0.783000000000,-0.601000000000,-226.076000000,33.5570000000,-21.8020000000,344,343,251,263,245,"seq=22175,t_ms=556516,who=0x70,ax=0.265,ay=0.783,az=-0.601,gx=-226.076,gy=33.557,gz=-21.802,expected=-,pred=E,pred_conf=99.9,flex0_raw=344,flex0_norm=0.084,flex1_raw=343,flex1_norm=0.084,flex2_raw=251,flex2_norm=0.061,flex3_raw=263,flex3_norm=0.064,flex4_raw=245,flex4_norm=0.060",true
word-sequence-v1,session_20261005T212737_676Z,word_yes_0002,40,22176,556541,1791235684512,yes,words-draft,signer_02,neutral,0x70,0.195000000000,0.839000000000,-0.547000000000,-131.198000000,2.90800000000,-26.8930000000,344,343,249,262,244,"seq=22176,t_ms=556541,who=0x70,ax=0.195,ay=0.839,az=-0.547,gx=-131.198,gy=2.908,gz=-26.893,expected=-,pred=E,pred_conf=99.9,flex0_raw=344,flex0_norm=0.084,flex1_raw=343,flex1_norm=0.084,flex2_raw=249,flex2_norm=0.061,flex3_raw=262,flex3_norm=0.064,flex4_raw=244,flex4_norm=0.060",true
word-sequence-v1,session_20261005T212737_676Z,word_yes_0002,41,22177,556566,1791235684539,yes,words-draft,signer_02,neutral,0x70,0.241000000000,0.789000000000,-0.474000000000,-66.5420000000,-19.1830000000,-29.9010000000,343,343,248,253,242,"seq=22177,t_ms=556566,who=0x70,ax=0.241,ay=0.789,az=-0.474,gx=-66.542,gy=-19.183,gz=-29.901,expected=-,pred=E,pred_conf=99.9,flex0_raw=343,flex0_norm=0.084,flex1_raw=343,flex1_norm=0.084,flex2_raw=248,flex2_norm=0.061,flex3_raw=253,flex3_norm=0.062,flex4_raw=242,flex4_norm=0.059",true
word-sequence-v1,session_20261005T212737_676Z,word_yes_0002,42,22178,556591,1791235684581,yes,words-draft,signer_02,neutral,0x70,0.189000000000,0.813000000000,-0.396000000000,-40.8020000000,-19.9770000000,-24.4960000000,343,343,247,253,239,"seq=22178,t_ms=556591,who=0x70,ax=0.189,ay=0.813,az=-0.396,gx=-40.802,gy=-19.977,gz=-24.496,expected=-,pred=E,pred_conf=99.9,flex0_raw=343,flex0_norm=0.084,flex1_raw=343,flex1_norm=0.084,flex2_raw=247,flex2_norm=0.060,flex3_raw=253,flex3_norm=0.062,flex4_raw=239,flex4_norm=0.058",true
word-sequence-v1,session_20261005T212737_676Z,word_yes_0002,43,22179,556616,1791235684622,yes,words-draft,signer_02,neutral,0x70,0.209000000000,0.867000000000,-0.303000000000,1.47300000000,-26.9470000000,-22.1680000000,343,343,248,254,242,"seq=22179,t_ms=556616,who=0x70,ax=0.209,ay=0.867,az=-0.303,gx=1.473,gy=-26.947,gz=-22.168,expected=-,pred=E,pred_conf=99.9,flex0_raw=343,flex0_norm=0.084,flex1_raw=343,flex1_norm=0.084,flex2_raw=248,flex2_norm=0.061,flex3_raw=254,flex3_norm=0.062,flex4_raw=242,flex4_norm=0.059",true
word-sequence-v1,session_20261005T212737_676Z,word_yes_0002,44,22180,556641,1791235684623,yes,words-draft,signer_02,neutral,0x70,0.159000000000,0.730000000000,-0.355000000000,73.0530000000,-39.7400000000,-20.8780000000,343,342,247,254,244,"seq=22180,t_ms=556641,who=0x70,ax=0.159,ay=0.730,az=-0.355,gx=73.053,gy=-39.740,gz=-20.878,expected=-,pred=E,pred_conf=99.9,flex0_raw=343,flex0_norm=0.084,flex1_raw=342,flex1_norm=0.084,flex2_raw=247,flex2_norm=0.060,flex3_raw=254,flex3_norm=0.062,flex4_raw=244,flex4_norm=0.060",true
word-sequence-v1,session_20261005T212737_676Z,word_yes_0002,45,22181,556666,1791235684624,yes,words-draft,signer_02,neutral,0x70,0.139000000000,0.760000000000,-0.486000000000,135.160000000,-40.1830000000,-4.52700000000,341,341,249,255,247,"seq=22181,t_ms=556666,who=0x70,ax=0.139,ay=0.760,az=-0.486,gx=135.160,gy=-40.183,gz=-4.527,expected=-,pred=E,pred_conf=99.9,flex0_raw=341,flex0_norm=0.083,flex1_raw=341,flex1_norm=0.083,flex2_raw=249,flex2_norm=0.061,flex3_raw=255,flex3_norm=0.062,flex4_raw=247,flex4_norm=0.060",true
word-sequence-v1,session_20261005T212737_676Z,word_yes_0002,46,22182,556691,1791235684648,yes,words-draft,signer_02,neutral,0x70,0.202000000000,0.674000000000,-0.536000000000,172.290000000,-31.7100000000,0.298000000000,341,340,248,254,251,"seq=22182,t_ms=556691,who=0x70,ax=0.202,ay=0.674,az=-0.536,gx=172.290,gy=-31.710,gz=0.298,expected=-,pred=E,pred_conf=99.9,flex0_raw=341,flex0_norm=0.083,flex1_raw=340,flex1_norm=0.083,flex2_raw=248,flex2_norm=0.061,flex3_raw=254,flex3_norm=0.062,flex4_raw=251,flex4_norm=0.061",true
word-sequence-v1,session_20261005T212737_676Z,word_yes_0002,47,22183,556716,1791235684685,yes,words-draft,signer_02,neutral,0x70,0.141000000000,0.650000000000,-0.637000000000,233.534000000,-20.9160000000,1.44300000000,341,340,248,261,254,"seq=22183,t_ms=556716,who=0x70,ax=0.141,ay=0.650,az=-0.637,gx=233.534,gy=-20.916,gz=1.443,expected=-,pred=E,pred_conf=99.9,flex0_raw=341,flex0_norm=0.083,flex1_raw=340,flex1_norm=0.083,flex2_raw=248,flex2_norm=0.061,flex3_raw=261,flex3_norm=0.064,flex4_raw=254,flex4_norm=0.062",true
word-sequence-v1,session_20261005T212737_676Z,word_yes_0002,48,22184,556741,1791235684718,yes,words-draft,signer_02,neutral,0x70,0.0500000000000,0.353000000000,-0.842000000000,250.130000000,-15.7630000000,7.82400000000,341,340,251,263,255,"seq=22184,t_ms=556741,who=0x70,ax=0.050,ay=0.353,az=-0.842,gx=250.130,gy=-15.763,gz=7.824,expected=-,pred=E,pred_conf=99.9,flex0_raw=341,flex0_norm=0.083,flex1_raw=340,flex1_norm=0.083,flex2_raw=251,flex2_norm=0.061,flex3_raw=263,flex3_norm=0.064,flex4_raw=255,flex4_norm=0.062",true
word-sequence-v1,session_20261005T212737_676Z,word_yes_0002,49,22185,556766,1791235684751,yes,words-draft,signer_02,neutral,0x70,0.110000000000,0.408000000000,-0.764000000000,237.901000000,19.8700000000,38.9920000000,341,340,250,261,263,"seq=22185,t_ms=556766,who=0x70,ax=0.110,ay=0.408,az=-0.764,gx=237.901,gy=19.870,gz=38.992,expected=-,pred=E,pred_conf=100.0,flex0_raw=341,flex0_norm=0.083,flex1_raw=340,flex1_norm=0.083,flex2_raw=250,flex2_norm=0.061,flex3_raw=261,flex3_norm=0.064,flex4_raw=263,flex4_norm=0.064",true
word-sequence-v1,session_20261005T212737_676Z,word_yes_0002,50,22186,556791,1791235684785,yes,words-draft,signer_02,neutral,0x70,0.176000000000,0.316000000000,-0.764000000000,222.221000000,44.1300000000,39.0150000000,340,339,249,261,266,"seq=22186,t_ms=556791,who=0x70,ax=0.176,ay=0.316,az=-0.764,gx=222.221,gy=44.130,gz=39.015,expected=-,pred=E,pred_conf=100.0,flex0_raw=340,flex0_norm=0.083,flex1_raw=339,flex1_norm=0.083,flex2_raw=249,flex2_norm=0.061,flex3_raw=261,flex3_norm=0.064,flex4_raw=266,flex4_norm=0.065",true
word-sequence-v1,session_20261005T212737_676Z,word_yes_0002,51,22187,556816,1791235684826,yes,words-draft,signer_02,neutral,0x70,0.124000000000,0.168000000000,-0.951000000000,250.130000000,68.5730000000,37.5950000000,341,341,252,263,268,"seq=22187,t_ms=556816,who=0x70,ax=0.124,ay=0.168,az=-0.951,gx=250.130,gy=68.573,gz=37.595,expected=-,pred=E,pred_conf=100.0,flex0_raw=341,flex0_norm=0.083,flex1_raw=341,flex1_norm=0.083,flex2_raw=252,flex2_norm=0.062,flex3_raw=263,flex3_norm=0.064,flex4_raw=268,flex4_norm=0.065",true
word-sequence-v1,session_20261005T212737_676Z,word_yes_0002,52,22188,556841,1791235684827,yes,words-draft,signer_02,neutral,0x70,0.177000000000,0.0640000000000,-0.954000000000,192.611000000,17.4660000000,9.85500000000,341,341,253,265,271,"seq=22188,t_ms=556841,who=0x70,ax=0.177,ay=0.064,az=-0.954,gx=192.611,gy=17.466,gz=9.855,expected=-,pred=E,pred_conf=100.0,flex0_raw=341,flex0_norm=0.083,flex1_raw=341,flex1_norm=0.083,flex2_raw=253,flex2_norm=0.062,flex3_raw=265,flex3_norm=0.065,flex4_raw=271,flex4_norm=0.066",true
word-sequence-v1,session_20261005T212737_676Z,word_yes_0002,53,22189,556866,1791235684828,yes,words-draft,signer_02,neutral,0x70,0.279000000000,0.0770000000000,-0.935000000000,128.977000000,28.8320000000,6.42700000000,341,342,253,264,271,"seq=22189,t_ms=556866,who=0x70,ax=0.279,ay=0.077,az=-0.935,gx=128.977,gy=28.832,gz=6.427,expected=-,pred=E,pred_conf=100.0,flex0_raw=341,flex0_norm=0.083,flex1_raw=342,flex1_norm=0.084,flex2_raw=253,flex2_norm=0.062,flex3_raw=264,flex3_norm=0.064,flex4_raw=271,flex4_norm=0.066",true
word-sequence-v1,session_20261005T212737_676Z,word_yes_0002,54,22190,556891,1791235684865,yes,words-draft,signer_02,neutral,0x70,0.303000000000,-0.0130000000000,-0.996000000000,132.305000000,50.8630000000,10.7400000000,340,339,252,265,271,"seq=22190,t_ms=556891,who=0x70,ax=0.303,ay=-0.013,az=-0.996,gx=132.305,gy=50.863,gz=10.740,expected=-,pred=E,pred_conf=100.0,flex0_raw=340,flex0_norm=0.083,flex1_raw=339,flex1_norm=0.083,flex2_raw=252,flex2_norm=0.062,flex3_raw=265,flex3_norm=0.065,flex4_raw=271,flex4_norm=0.066",true
word-sequence-v1,session_20261005T212737_676Z,word_yes_0002,55,22191,556916,1791235684893,yes,words-draft,signer_02,neutral,0x70,0.240000000000,0.00200000000000,-1.08000000000,160.962000000,43.3660000000,16.1910000000,341,340,252,266,274,"seq=22191,t_ms=556916,who=0x70,ax=0.240,ay=0.002,az=-1.080,gx=160.962,gy=43.366,gz=16.191,expected=-,pred=E,pred_conf=100.0,flex0_raw=341,flex0_norm=0.083,flex1_raw=340,flex1_norm=0.083,flex2_raw=252,flex2_norm=0.062,flex3_raw=266,flex3_norm=0.065,flex4_raw=274,flex4_norm=0.067",true
word-sequence-v1,session_20261005T212737_676Z,word_yes_0002,56,22192,556941,1791235684933,yes,words-draft,signer_02,neutral,0x70,0.242000000000,-0.0910000000000,-1.05300000000,163.183000000,29.4120000000,14.4270000000,340,339,251,267,275,"seq=22192,t_ms=556941,who=0x70,ax=0.242,ay=-0.091,az=-1.053,gx=163.183,gy=29.412,gz=14.427,expected=-,pred=E,pred_conf=100.0,flex0_raw=340,flex0_norm=0.083,flex1_raw=339,flex1_norm=0.083,flex2_raw=251,flex2_norm=0.061,flex3_raw=267,flex3_norm=0.065,flex4_raw=275,flex4_norm=0.067",true
word-sequence-v1,session_20261005T212737_676Z,word_yes_0002,57,22193,556966,1791235684934,yes,words-draft,signer_02,neutral,0x70,0.321000000000,-0.202000000000,-1.04700000000,133.137000000,50.2520000000,29.6870000000,338,337,249,267,275,"seq=22193,t_ms=556966,who=0x70,ax=0.321,ay=-0.202,az=-1.047,gx=133.137,gy=50.252,gz=29.687,expected=-,pred=E,pred_conf=100.0,flex0_raw=338,flex0_norm=0.083,flex1_raw=337,flex1_norm=0.082,flex2_raw=249,flex2_norm=0.061,flex3_raw=267,flex3_norm=0.065,flex4_raw=275,flex4_norm=0.067",true
word-sequence-v1,session_20261005T212737_676Z,word_yes_0002,58,22194,556991,1791235684959,yes,words-draft,signer_02,neutral,0x70,0.405000000000,-0.190000000000,-1.10200000000,115.427000000,48.6180000000,33.4580000000,334,335,249,269,276,"seq=22194,t_ms=556991,who=0x70,ax=0.405,ay=-0.190,az=-1.102,gx=115.427,gy=48.618,gz=33.458,expected=-,pred=E,pred_conf=100.0,flex0_raw=334,flex0_norm=0.082,flex1_raw=335,flex1_norm=0.082,flex2_raw=249,flex2_norm=0.061,flex3_raw=269,flex3_norm=0.066,flex4_raw=276,flex4_norm=0.067",true
word-sequence-v1,session_20261005T212737_676Z,word_yes_0002,59,22195,557016,1791235684996,yes,words-draft,signer_02,neutral,0x70,0.307000000000,-0.273000000000,-1.14800000000,75.2980000000,21.1370000000,29.6410000000,338,339,251,275,277,"seq=22195,t_ms=557016,who=0x70,ax=0.307,ay=-0.273,az=-1.148,gx=75.298,gy=21.137,gz=29.641,expected=-,pred=E,pred_conf=100.0,flex0_raw=338,flex0_norm=0.083,flex1_raw=339,flex1_norm=0.083,flex2_raw=251,flex2_norm=0.061,flex3_raw=275,flex3_norm=0.067,flex4_raw=277,flex4_norm=0.068",true
word-sequence-v1,session_20261005T212737_676Z,word_yes_0002,60,22196,557041,1791235685029,yes,words-draft,signer_02,neutral,0x70,0.333000000000,-0.323000000000,-1.13600000000,5.36600000000,3.16000000000,25.1070000000,340,339,251,276,278,"seq=22196,t_ms=557041,who=0x70,ax=0.333,ay=-0.323,az=-1.136,gx=5.366,gy=3.160,gz=25.107,expected=-,pred=E,pred_conf=100.0,flex0_raw=340,flex0_norm=0.083,flex1_raw=339,flex1_norm=0.083,flex2_raw=251,flex2_norm=0.061,flex3_raw=276,flex3_norm=0.067,flex4_raw=278,flex4_norm=0.068",true
word-sequence-v1,session_20261005T212737_676Z,word_yes_0002,61,22197,557066,1791235685063,yes,words-draft,signer_02,neutral,0x70,0.302000000000,-0.274000000000,-1.19300000000,-70.0610000000,5.22100000000,23.6340000000,341,339,251,275,277,"seq=22197,t_ms=557066,who=0x70,ax=0.302,ay=-0.274,az=-1.193,gx=-70.061,gy=5.221,gz=23.634,expected=-,pred=E,pred_conf=100.0,flex0_raw=341,flex0_norm=0.083,flex1_raw=339,flex1_norm=0.083,flex2_raw=251,flex2_norm=0.061,flex3_raw=275,flex3_norm=0.067,flex4_raw=277,flex4_norm=0.068",true
word-sequence-v1,session_20261005T212737_676Z,word_yes_0002,62,22198,557091,1791235685068,yes,words-draft,signer_02,neutral,0x70,0.321000000000,-0.218000000000,-1.14900000000,-99.6720000000,-20.7020000000,9.78600000000,342,340,253,275,278,"seq=22198,t_ms=557091,who=0x70,ax=0.321,ay=-0.218,az=-1.149,gx=-99.672,gy=-20.702,gz=9.786,expected=-,pred=E,pred_conf=100.0,flex0_raw=342,flex0_norm=0.084,flex1_raw=340,flex1_norm=0.083,flex2_raw=253,flex2_norm=0.062,flex3_raw=275,flex3_norm=0.067,flex4_raw=278,flex4_norm=0.068",true
word-sequence-v1,session_20261005T212737_676Z,word_yes_0002,63,22199,557116,1791235685131,yes,words-draft,signer_02,neutral,0x70,0.277000000000,-0.167000000000,-1.13400000000,-152.924000000,-18.8850000000,-8.00000000000,344,343,254,277,277,"seq=22199,t_ms=557116,who=0x70,ax=0.277,ay=-0.167,az=-1.134,gx=-152.924,gy=-18.885,gz=-8.000,expected=-,pred=E,pred_conf=100.0,flex0_raw=344,flex0_norm=0.084,flex1_raw=343,flex1_norm=0.084,flex2_raw=254,flex2_norm=0.062,flex3_raw=277,flex3_norm=0.068,flex4_raw=277,flex4_norm=0.068",true
word-sequence-v1,session_20261005T212737_676Z,word_yes_0002,64,22200,557141,1791235685133,yes,words-draft,signer_02,neutral,0x70,0.294000000000,-0.164000000000,-1.13300000000,-191.779000000,-14.6260000000,-15.4270000000,344,344,260,278,275,"seq=22200,t_ms=557141,who=0x70,ax=0.294,ay=-0.164,az=-1.133,gx=-191.779,gy=-14.626,gz=-15.427,expected=-,pred=E,pred_conf=100.0,flex0_raw=344,flex0_norm=0.084,flex1_raw=344,flex1_norm=0.084,flex2_raw=260,flex2_norm=0.063,flex3_raw=278,flex3_norm=0.068,flex4_raw=275,flex4_norm=0.067",true
word-sequence-v1,session_20261005T212737_676Z,word_yes_0002,65,22201,557166,1791235685134,yes,words-draft,signer_02,neutral,0x70,0.340000000000,-0.0560000000000,-1.07400000000,-216.618000000,-18.7180000000,-29.5040000000,347,345,261,278,268,"seq=22201,t_ms=557166,who=0x70,ax=0.340,ay=-0.056,az=-1.074,gx=-216.618,gy=-18.718,gz=-29.504,expected=-,pred=E,pred_conf=100.0,flex0_raw=347,flex0_norm=0.085,flex1_raw=345,flex1_norm=0.084,flex2_raw=261,flex2_norm=0.064,flex3_raw=278,flex3_norm=0.068,flex4_raw=268,flex4_norm=0.065",true
word-sequence-v1,session_20261005T212737_676Z,word_yes_0002,66,22202,557191,1791235685160,yes,words-draft,signer_02,neutral,0x70,0.272000000000,0.0410000000000,-1.05700000000,-227.573000000,-16.2900000000,-42.4810000000,347,346,262,279,269,"seq=22202,t_ms=557191,who=0x70,ax=0.272,ay=0.041,az=-1.057,gx=-227.573,gy=-16.290,gz=-42.481,expected=-,pred=E,pred_conf=100.0,flex0_raw=347,flex0_norm=0.085,flex1_raw=346,flex1_norm=0.084,flex2_raw=262,flex2_norm=0.064,flex3_raw=279,flex3_norm=0.068,flex4_raw=269,flex4_norm=0.066",true
word-sequence-v1,session_20261005T212737_676Z,word_yes_0002,67,22203,557216,1791235685194,yes,words-draft,signer_02,neutral,0x70,0.233000000000,0.0830000000000,-1.04600000000,-250.137000000,-14.1600000000,-31.8780000000,348,347,261,279,267,"seq=22203,t_ms=557216,who=0x70,ax=0.233,ay=0.083,az=-1.046,gx=-250.137,gy=-14.160,gz=-31.878,expected=-,pred=E,pred_conf=100.0,flex0_raw=348,flex0_norm=0.085,flex1_raw=347,flex1_norm=0.085,flex2_raw=261,flex2_norm=0.064,flex3_raw=279,flex3_norm=0.068,flex4_raw=267,flex4_norm=0.065",true
word-sequence-v1,session_20261005T212737_676Z,word_yes_0002,68,22204,557241,1791235685228,yes,words-draft,signer_02,neutral,0x70,0.289000000000,0.210000000000,-1.04100000000,-250.137000000,10.3590000000,-20.7330000000,349,347,263,277,265,"seq=22204,t_ms=557241,who=0x70,ax=0.289,ay=0.210,az=-1.041,gx=-250.137,gy=10.359,gz=-20.733,expected=-,pred=E,pred_conf=100.0,flex0_raw=349,flex0_norm=0.085,flex1_raw=347,flex1_norm=0.085,flex2_raw=263,flex2_norm=0.064,flex3_raw=277,flex3_norm=0.068,flex4_raw=265,flex4_norm=0.065",true
word-sequence-v1,session_20261005T212737_676Z,word_yes_0002,69,22205,557266,1791235685264,yes,words-draft,signer_02,neutral,0x70,0.252000000000,0.375000000000,-0.867000000000,-250.137000000,20.5650000000,-14.3660000000,350,349,265,277,264,"seq=22205,t_ms=557266,who=0x70,ax=0.252,ay=0.375,az=-0.867,gx=-250.137,gy=20.565,gz=-14.366,expected=-,pred=E,pred_conf=100.0,flex0_raw=350,flex0_norm=0.085,flex1_raw=349,flex1_norm=0.085,flex2_raw=265,flex2_norm=0.065,flex3_raw=277,flex3_norm=0.068,flex4_raw=264,flex4_norm=0.064",true
word-sequence-v1,session_20261005T212737_676Z,word_yes_0002,70,22206,557291,1791235685265,yes,words-draft,signer_02,neutral,0x70,0.173000000000,0.518000000000,-0.795000000000,-250.137000000,19.7100000000,-8.52700000000,350,349,266,277,263,"seq=22206,t_ms=557291,who=0x70,ax=0.173,ay=0.518,az=-0.795,gx=-250.137,gy=19.710,gz=-8.527,expected=-,pred=E,pred_conf=100.0,flex0_raw=350,flex0_norm=0.085,flex1_raw=349,flex1_norm=0.085,flex2_raw=266,flex2_norm=0.065,flex3_raw=277,flex3_norm=0.068,flex4_raw=263,flex4_norm=0.064",true
word-sequence-v1,session_20261005T212737_676Z,word_yes_0002,71,22207,557316,1791235685290,yes,words-draft,signer_02,neutral,0x70,0.271000000000,0.495000000000,-0.720000000000,-250.137000000,14.7480000000,-10.3820000000,351,349,266,276,261,"seq=22207,t_ms=557316,who=0x70,ax=0.271,ay=0.495,az=-0.720,gx=-250.137,gy=14.748,gz=-10.382,expected=-,pred=E,pred_conf=100.0,flex0_raw=351,flex0_norm=0.086,flex1_raw=349,flex1_norm=0.085,flex2_raw=266,flex2_norm=0.065,flex3_raw=276,flex3_norm=0.067,flex4_raw=261,flex4_norm=0.064",true
word-sequence-v1,session_20261005T212737_676Z,word_yes_0002,72,22208,557341,1791235685334,yes,words-draft,signer_02,neutral,0x70,0.278000000000,0.846000000000,-0.479000000000,-250.137000000,33.2440000000,-19.3510000000,349,348,264,271,251,"seq=22208,t_ms=557341,who=0x70,ax=0.278,ay=0.846,az=-0.479,gx=-250.137,gy=33.244,gz=-19.351,expected=-,pred=E,pred_conf=99.9,flex0_raw=349,flex0_norm=0.085,flex1_raw=348,flex1_norm=0.085,flex2_raw=264,flex2_norm=0.064,flex3_raw=271,flex3_norm=0.066,flex4_raw=251,flex4_norm=0.061",true
word-sequence-v1,session_20261005T212737_676Z,word_yes_0002,73,22209,557366,1791235685359,yes,words-draft,signer_02,neutral,0x70,0.179000000000,0.820000000000,-0.369000000000,-199.962000000,-9.32100000000,-46.9850000000,351,350,266,269,250,"seq=22209,t_ms=557366,who=0x70,ax=0.179,ay=0.820,az=-0.369,gx=-199.962,gy=-9.321,gz=-46.985,expected=-,pred=E,pred_conf=99.9,flex0_raw=351,flex0_norm=0.086,flex1_raw=350,flex1_norm=0.085,flex2_raw=266,flex2_norm=0.065,flex3_raw=269,flex3_norm=0.066,flex4_raw=250,flex4_norm=0.061",true
word-sequence-v1,session_20261005T212737_676Z,word_yes_0002,74,22210,557391,1791235685370,yes,words-draft,signer_02,neutral,0x70,0.262000000000,0.713000000000,-0.374000000000,-130.389000000,-43.4580000000,-38.5190000000,351,351,265,265,247,"seq=22210,t_ms=557391,who=0x70,ax=0.262,ay=0.713,az=-0.374,gx=-130.389,gy=-43.458,gz=-38.519,expected=-,pred=E,pred_conf=99.9,flex0_raw=351,flex0_norm=0.086,flex1_raw=351,flex1_norm=0.086,flex2_raw=265,flex2_norm=0.065,flex3_raw=265,flex3_norm=0.065,flex4_raw=247,flex4_norm=0.060",true
word-sequence-v1,session_20261005T212737_676Z,word_yes_0002,75,22211,557416,1791235685399,yes,words-draft,signer_02,neutral,0x70,0.241000000000,0.878000000000,-0.312000000000,-85.5880000000,-35.9620000000,-37.1070000000,352,351,264,264,245,"seq=22211,t_ms=557416,who=0x70,ax=0.241,ay=0.878,az=-0.312,gx=-85.588,gy=-35.962,gz=-37.107,expected=-,pred=E,pred_conf=99.9,flex0_raw=352,flex0_norm=0.086,flex1_raw=351,flex1_norm=0.086,flex2_raw=264,flex2_norm=0.064,flex3_raw=264,flex3_norm=0.064,flex4_raw=245,flex4_norm=0.060",true
word-sequence-v1,session_20261005T212737_676Z,word_yes_0002,76,22212,557441,1791235685400,yes,words-draft,signer_02,neutral,0x70,0.193000000000,0.864000000000,-0.306000000000,-57.9770000000,-11.8320000000,-32.6490000000,355,354,264,263,243,"seq=22212,t_ms=557441,who=0x70,ax=0.193,ay=0.864,az=-0.306,gx=-57.977,gy=-11.832,gz=-32.649,expected=-,pred=E,pred_conf=99.9,flex0_raw=355,flex0_norm=0.087,flex1_raw=354,flex1_norm=0.086,flex2_raw=264,flex2_norm=0.064,flex3_raw=263,flex3_norm=0.064,flex4_raw=243,flex4_norm=0.059",true
word-sequence-v1,session_20261005T212737_676Z,word_yes_0002,77,22213,557466,1791235685428,yes,words-draft,signer_02,neutral,0x70,0.177000000000,0.798000000000,-0.294000000000,-25.5190000000,-11.1450000000,-19.3820000000,355,355,264,263,240,"seq=22213,t_ms=557466,who=0x70,ax=0.177,ay=0.798,az=-0.294,gx=-25.519,gy=-11.145,gz=-19.382,expected=-,pred=E,pred_conf=99.9,flex0_raw=355,flex0_norm=0.087,flex1_raw=355,flex1_norm=0.087,flex2_raw=264,flex2_norm=0.064,flex3_raw=263,flex3_norm=0.064,flex4_raw=240,flex4_norm=0.059",true
word-sequence-v1,session_20261005T212737_676Z,word_yes_0002,78,22214,557491,1791235685461,yes,words-draft,signer_02,neutral,0x70,0.194000000000,0.786000000000,-0.316000000000,5.02300000000,1.61800000000,-7.63400000000,354,351,264,262,242,"seq=22214,t_ms=557491,who=0x70,ax=0.194,ay=0.786,az=-0.316,gx=5.023,gy=1.618,gz=-7.634,expected=-,pred=E,pred_conf=99.9,flex0_raw=354,flex0_norm=0.086,flex1_raw=351,flex1_norm=0.086,flex2_raw=264,flex2_norm=0.064,flex3_raw=262,flex3_norm=0.064,flex4_raw=242,flex4_norm=0.059",true
word-sequence-v1,session_20261005T212737_676Z,word_yes_0002,79,22215,557516,1791235685492,yes,words-draft,signer_02,neutral,0x70,0.151000000000,0.806000000000,-0.380000000000,26.1070000000,16.9080000000,2.61100000000,354,353,264,263,244,"seq=22215,t_ms=557516,who=0x70,ax=0.151,ay=0.806,az=-0.380,gx=26.107,gy=16.908,gz=2.611,expected=-,pred=E,pred_conf=99.9,flex0_raw=354,flex0_norm=0.086,flex1_raw=353,flex1_norm=0.086,flex2_raw=264,flex2_norm=0.064,flex3_raw=263,flex3_norm=0.064,flex4_raw=244,flex4_norm=0.060",true
word-sequence-v1,session_20261005T212737_676Z,word_yes_0002,80,22216,557541,1791235685530,yes,words-draft,signer_02,neutral,0x70,0.150000000000,0.873000000000,-0.336000000000,44.8630000000,16.0310000000,6.95400000000,353,350,264,261,245,"seq=22216,t_ms=557541,who=0x70,ax=0.150,ay=0.873,az=-0.336,gx=44.863,gy=16.031,gz=6.954,expected=-,pred=E,pred_conf=99.9,flex0_raw=353,flex0_norm=0.086,flex1_raw=350,flex1_norm=0.085,flex2_raw=264,flex2_norm=0.064,flex3_raw=261,flex3_norm=0.064,flex4_raw=245,flex4_norm=0.060",true
word-sequence-v1,session_20261005T212737_676Z,word_yes_0002,81,22217,557566,1791235685531,yes,words-draft,signer_02,neutral,0x70,0.246000000000,0.804000000000,-0.310000000000,81.1450000000,4.89300000000,3.02300000000,349,349,263,261,247,"seq=22217,t_ms=557566,who=0x70,ax=0.246,ay=0.804,az=-0.310,gx=81.145,gy=4.893,gz=3.023,expected=-,pred=E,pred_conf=99.9,flex0_raw=349,flex0_norm=0.085,flex1_raw=349,flex1_norm=0.085,flex2_raw=263,flex2_norm=0.064,flex3_raw=261,flex3_norm=0.064,flex4_raw=247,flex4_norm=0.060",true
word-sequence-v1,session_20261005T212737_676Z,word_yes_0002,82,22218,557591,1791235685559,yes,words-draft,signer_02,neutral,0x70,0.273000000000,0.829000000000,-0.404000000000,154.076000000,-1.14500000000,7.00000000000,347,346,261,262,248,"seq=22218,t_ms=557591,who=0x70,ax=0.273,ay=0.829,az=-0.404,gx=154.076,gy=-1.145,gz=7.000,expected=-,pred=E,pred_conf=99.9,flex0_raw=347,flex0_norm=0.085,flex1_raw=346,flex1_norm=0.084,flex2_raw=261,flex2_norm=0.064,flex3_raw=262,flex3_norm=0.064,flex4_raw=248,flex4_norm=0.061",true
word-sequence-v1,session_20261005T212737_676Z,word_yes_0002,83,22219,557616,1791235685596,yes,words-draft,signer_02,neutral,0x70,0.0330000000000,0.745000000000,-0.640000000000,183.443000000,1.96200000000,9.09200000000,347,346,263,263,249,"seq=22219,t_ms=557616,who=0x70,ax=0.033,ay=0.745,az=-0.640,gx=183.443,gy=1.962,gz=9.092,expected=-,pred=E,pred_conf=99.9,flex0_raw=347,flex0_norm=0.085,flex1_raw=346,flex1_norm=0.084,flex2_raw=263,flex2_norm=0.064,flex3_raw=263,flex3_norm=0.064,flex4_raw=249,flex4_norm=0.061",true
word-sequence-v1,session_20261005T212737_676Z,word_yes_0002,84,22220,557641,1791235685641,yes,words-draft,signer_02,neutral,0x70,0.194000000000,0.593000000000,-0.665000000000,179.153000000,2.87000000000,11.1220000000,346,346,263,264,251,"seq=22220,t_ms=557641,who=0x70,ax=0.194,ay=0.593,az=-0.665,gx=179.153,gy=2.870,gz=11.122,expected=-,pred=E,pred_conf=99.9,flex0_raw=346,flex0_norm=0.084,flex1_raw=346,flex1_norm=0.084,flex2_raw=263,flex2_norm=0.064,flex3_raw=264,flex3_norm=0.064,flex4_raw=251,flex4_norm=0.061",true
word-sequence-v1,session_20261005T212737_676Z,word_yes_0002,85,22221,557666,1791235685642,yes,words-draft,signer_02,neutral,0x70,0.334000000000,0.657000000000,-0.603000000000,195.740000000,35.7630000000,14.7100000000,343,344,261,264,255,"seq=22221,t_ms=557666,who=0x70,ax=0.334,ay=0.657,az=-0.603,gx=195.740,gy=35.763,gz=14.710,expected=-,pred=E,pred_conf=99.9,flex0_raw=343,flex0_norm=0.084,flex1_raw=344,flex1_norm=0.084,flex2_raw=261,flex2_norm=0.064,flex3_raw=264,flex3_norm=0.064,flex4_raw=255,flex4_norm=0.062",true
word-sequence-v1,session_20261005T212737_676Z,word_yes_0002,86,22222,557691,1791235685676,yes,words-draft,signer_02,neutral,0x70,0.214000000000,0.580000000000,-0.720000000000,225.947000000,32.1910000000,-6.72500000000,345,343,261,264,261,"seq=22222,t_ms=557691,who=0x70,ax=0.214,ay=0.580,az=-0.720,gx=225.947,gy=32.191,gz=-6.725,expected=-,pred=E,pred_conf=99.9,flex0_raw=345,flex0_norm=0.084,flex1_raw=343,flex1_norm=0.084,flex2_raw=261,flex2_norm=0.064,flex3_raw=264,flex3_norm=0.064,flex4_raw=261,flex4_norm=0.064",true
word-sequence-v1,session_20261005T212737_676Z,word_yes_0002,87,22223,557716,1791235685676,yes,words-draft,signer_02,neutral,0x70,0.152000000000,0.338000000000,-0.881000000000,250.130000000,5.35100000000,4.73300000000,343,343,261,265,263,"seq=22223,t_ms=557716,who=0x70,ax=0.152,ay=0.338,az=-0.881,gx=250.130,gy=5.351,gz=4.733,expected=-,pred=E,pred_conf=100.0,flex0_raw=343,flex0_norm=0.084,flex1_raw=343,flex1_norm=0.084,flex2_raw=261,flex2_norm=0.064,flex3_raw=265,flex3_norm=0.065,flex4_raw=263,flex4_norm=0.064",true
word-sequence-v1,session_20261005T212737_676Z,word_yes_0002,88,22224,557741,1791235685701,yes,words-draft,signer_02,neutral,0x70,0.221000000000,0.345000000000,-0.821000000000,219.389000000,24.1530000000,38.2370000000,343,342,255,265,264,"seq=22224,t_ms=557741,who=0x70,ax=0.221,ay=0.345,az=-0.821,gx=219.389,gy=24.153,gz=38.237,expected=-,pred=E,pred_conf=100.0,flex0_raw=343,flex0_norm=0.084,flex1_raw=342,flex1_norm=0.084,flex2_raw=255,flex2_norm=0.062,flex3_raw=265,flex3_norm=0.065,flex4_raw=264,flex4_norm=0.064",true
word-sequence-v1,session_20261005T212737_676Z,word_yes_0002,89,22225,557766,1791235685740,yes,words-draft,signer_02,neutral,0x70,0.279000000000,0.294000000000,-0.894000000000,218.702000000,33.8700000000,30.3970000000,343,343,254,265,264,"seq=22225,t_ms=557766,who=0x70,ax=0.279,ay=0.294,az=-0.894,gx=218.702,gy=33.870,gz=30.397,expected=-,pred=E,pred_conf=100.0,flex0_raw=343,flex0_norm=0.084,flex1_raw=343,flex1_norm=0.084,flex2_raw=254,flex2_norm=0.062,flex3_raw=265,flex3_norm=0.065,flex4_raw=264,flex4_norm=0.064",true
word-sequence-v1,session_20261005T212737_676Z,word_yes_0002,90,22226,557791,1791235685770,yes,words-draft,signer_02,neutral,0x70,0.302000000000,0.0310000000000,-1.01000000000,250.130000000,-2.28200000000,18.0000000000,342,342,255,267,266,"seq=22226,t_ms=557791,who=0x70,ax=0.302,ay=0.031,az=-1.010,gx=250.130,gy=-2.282,gz=18.000,expected=-,pred=E,pred_conf=100.0,flex0_raw=342,flex0_norm=0.084,flex1_raw=342,flex1_norm=0.084,flex2_raw=255,flex2_norm=0.062,flex3_raw=267,flex3_norm=0.065,flex4_raw=266,flex4_norm=0.065",true
word-sequence-v1,session_20261005T212737_676Z,word_yes_0002,91,22227,557816,1791235685803,yes,words-draft,signer_02,neutral,0x70,0.280000000000,-0.0680000000000,-1.01500000000,246.290000000,-41.1910000000,17.8550000000,343,343,253,271,267,"seq=22227,t_ms=557816,who=0x70,ax=0.280,ay=-0.068,az=-1.015,gx=246.290,gy=-41.191,gz=17.855,expected=-,pred=E,pred_conf=100.0,flex0_raw=343,flex0_norm=0.084,flex1_raw=343,flex1_norm=0.084,flex2_raw=253,flex2_norm=0.062,flex3_raw=271,flex3_norm=0.066,flex4_raw=267,flex4_norm=0.065",true
word-sequence-v1,session_20261005T212737_676Z,word_yes_0002,92,22228,557841,1791235685842,yes,words-draft,signer_02,neutral,0x70,0.265000000000,-0.0540000000000,-1.03000000000,131.420000000,57.2370000000,34.3440000000,342,340,251,270,267,"seq=22228,t_ms=557841,who=0x70,ax=0.265,ay=-0.054,az=-1.030,gx=131.420,gy=57.237,gz=34.344,expected=-,pred=E,pred_conf=100.0,flex0_raw=342,flex0_norm=0.084,flex1_raw=340,flex1_norm=0.083,flex2_raw=251,flex2_norm=0.061,flex3_raw=270,flex3_norm=0.066,flex4_raw=267,flex4_norm=0.065",true
word-sequence-v1,session_20261005T212737_676Z,word_yes_0002,93,22229,557866,1791235685868,yes,words-draft,signer_02,neutral,0x70,0.297000000000,0.00000000000,-1.06500000000,141.863000000,47.1220000000,31.6640000000,343,341,251,269,269,"seq=22229,t_ms=557866,who=0x70,ax=0.297,ay=0.000,az=-1.065,gx=141.863,gy=47.122,gz=31.664,expected=-,pred=E,pred_conf=100.0,flex0_raw=343,flex0_norm=0.084,flex1_raw=341,flex1_norm=0.083,flex2_raw=251,flex2_norm=0.061,flex3_raw=269,flex3_norm=0.066,flex4_raw=269,flex4_norm=0.066",true
word-sequence-v1,session_20261005T212737_676Z,word_yes_0002,94,22230,557891,1791235685869,yes,words-draft,signer_02,neutral,0x70,0.259000000000,-0.112000000000,-1.08000000000,152.023000000,17.4350000000,19.2980000000,342,341,251,270,270,"seq=22230,t_ms=557891,who=0x70,ax=0.259,ay=-0.112,az=-1.080,gx=152.023,gy=17.435,gz=19.298,expected=-,pred=E,pred_conf=100.0,flex0_raw=342,flex0_norm=0.084,flex1_raw=341,flex1_norm=0.083,flex2_raw=251,flex2_norm=0.061,flex3_raw=270,flex3_norm=0.066,flex4_raw=270,flex4_norm=0.066",true
word-sequence-v1,session_20261005T212737_676Z,word_yes_0002,95,22231,557916,1791235685878,yes,words-draft,signer_02,neutral,0x70,0.312000000000,-0.247000000000,-1.09700000000,100.954000000,21.0150000000,12.8630000000,341,342,251,271,271,"seq=22231,t_ms=557916,who=0x70,ax=0.312,ay=-0.247,az=-1.097,gx=100.954,gy=21.015,gz=12.863,expected=-,pred=E,pred_conf=100.0,flex0_raw=341,flex0_norm=0.083,flex1_raw=342,flex1_norm=0.084,flex2_raw=251,flex2_norm=0.061,flex3_raw=271,flex3_norm=0.066,flex4_raw=271,flex4_norm=0.066",true
word-sequence-v1,session_20261005T212737_676Z,word_yes_0002,96,22232,557941,1791235685908,yes,words-draft,signer_02,neutral,0x70,0.366000000000,-0.250000000000,-1.15200000000,62.3210000000,25.6870000000,18.6640000000,342,341,249,273,270,"seq=22232,t_ms=557941,who=0x70,ax=0.366,ay=-0.250,az=-1.152,gx=62.321,gy=25.687,gz=18.664,expected=-,pred=E,pred_conf=100.0,flex0_raw=342,flex0_norm=0.084,flex1_raw=341,flex1_norm=0.083,flex2_raw=249,flex2_norm=0.061,flex3_raw=273,flex3_norm=0.067,flex4_raw=270,flex4_norm=0.066",true
word-sequence-v1,session_20261005T212737_676Z,word_yes_0002,97,22233,557966,1791235685938,yes,words-draft,signer_02,neutral,0x70,0.287000000000,-0.231000000000,-1.17600000000,33.0990000000,0.374000000000,10.7400000000,343,341,251,274,270,"seq=22233,t_ms=557966,who=0x70,ax=0.287,ay=-0.231,az=-1.176,gx=33.099,gy=0.374,gz=10.740,expected=-,pred=E,pred_conf=100.0,flex0_raw=343,flex0_norm=0.084,flex1_raw=341,flex1_norm=0.083,flex2_raw=251,flex2_norm=0.061,flex3_raw=274,flex3_norm=0.067,flex4_raw=270,flex4_norm=0.066",true
word-sequence-v1,session_20261005T212737_676Z,word_yes_0002,98,22234,557991,1791235685973,yes,words-draft,signer_02,neutral,0x70,0.298000000000,-0.258000000000,-1.18400000000,-25.0380000000,-21.4200000000,2.57300000000,343,343,252,275,271,"seq=22234,t_ms=557991,who=0x70,ax=0.298,ay=-0.258,az=-1.184,gx=-25.038,gy=-21.420,gz=2.573,expected=-,pred=E,pred_conf=100.0,flex0_raw=343,flex0_norm=0.084,flex1_raw=343,flex1_norm=0.084,flex2_raw=252,flex2_norm=0.062,flex3_raw=275,flex3_norm=0.067,flex4_raw=271,flex4_norm=0.066",true
word-sequence-v1,session_20261005T212737_676Z,word_yes_0002,99,22235,558016,1791235686001,yes,words-draft,signer_02,neutral,0x70,0.371000000000,-0.288000000000,-1.23300000000,-99.6180000000,-17.2210000000,6.47300000000,344,344,253,274,271,"seq=22235,t_ms=558016,who=0x70,ax=0.371,ay=-0.288,az=-1.233,gx=-99.618,gy=-17.221,gz=6.473,expected=-,pred=E,pred_conf=100.0,flex0_raw=344,flex0_norm=0.084,flex1_raw=344,flex1_norm=0.084,flex2_raw=253,flex2_norm=0.062,flex3_raw=274,flex3_norm=0.067,flex4_raw=271,flex4_norm=0.066",true
word-sequence-v1,session_20261005T212737_676Z,word_yes_0002,100,22236,558041,1791235686002,yes,words-draft,signer_02,neutral,0x70,0.368000000000,-0.245000000000,-1.23200000000,-167.687000000,-12.2290000000,2.77100000000,345,345,255,275,270,"seq=22236,t_ms=558041,who=0x70,ax=0.368,ay=-0.245,az=-1.232,gx=-167.687,gy=-12.229,gz=2.771,expected=-,pred=E,pred_conf=100.0,flex0_raw=345,flex0_norm=0.084,flex1_raw=345,flex1_norm=0.084,flex2_raw=255,flex2_norm=0.062,flex3_raw=275,flex3_norm=0.067,flex4_raw=270,flex4_norm=0.066",true
word-sequence-v1,session_20261005T212737_676Z,word_yes_0002,101,22237,558066,1791235686037,yes,words-draft,signer_02,neutral,0x70,0.278000000000,-0.152000000000,-1.15700000000,-231.137000000,-18.7180000000,-15.0310000000,347,347,262,275,267,"seq=22237,t_ms=558066,who=0x70,ax=0.278,ay=-0.152,az=-1.157,gx=-231.137,gy=-18.718,gz=-15.031,expected=-,pred=E,pred_conf=100.0,flex0_raw=347,flex0_norm=0.085,flex1_raw=347,flex1_norm=0.085,flex2_raw=262,flex2_norm=0.064,flex3_raw=275,flex3_norm=0.067,flex4_raw=267,flex4_norm=0.065",true
word-sequence-v1,session_20261005T212737_676Z,word_yes_0002,102,22238,558091,1791235686070,yes,words-draft,signer_02,neutral,0x70,0.261000000000,-0.0560000000000,-1.07100000000,-250.137000000,-28.9160000000,-24.7400000000,349,347,264,275,264,"seq=22238,t_ms=558091,who=0x70,ax=0.261,ay=-0.056,az=-1.071,gx=-250.137,gy=-28.916,gz=-24.740,expected=-,pred=E,pred_conf=100.0,flex0_raw=349,flex0_norm=0.085,flex1_raw=347,flex1_norm=0.085,flex2_raw=264,flex2_norm=0.064,flex3_raw=275,flex3_norm=0.067,flex4_raw=264,flex4_norm=0.064",true
word-sequence-v1,session_20261005T212737_676Z,word_yes_0002,103,22239,558116,1791235686105,yes,words-draft,signer_02,neutral,0x70,0.295000000000,0.115000000000,-1.08100000000,-250.137000000,-9.71800000000,-28.7250000000,350,349,267,276,263,"seq=22239,t_ms=558116,who=0x70,ax=0.295,ay=0.115,az=-1.081,gx=-250.137,gy=-9.718,gz=-28.725,expected=-,pred=E,pred_conf=100.0,flex0_raw=350,flex0_norm=0.085,flex1_raw=349,flex1_norm=0.085,flex2_raw=267,flex2_norm=0.065,flex3_raw=276,flex3_norm=0.067,flex4_raw=263,flex4_norm=0.064",true
word-sequence-v1,session_20261005T212737_676Z,word_yes_0002,104,22240,558141,1791235686134,yes,words-draft,signer_02,neutral,0x70,0.244000000000,0.215000000000,-1.02100000000,-250.137000000,-9.34400000000,-47.3740000000,351,350,268,277,262,"seq=22240,t_ms=558141,who=0x70,ax=0.244,ay=0.215,az=-1.021,gx=-250.137,gy=-9.344,gz=-47.374,expected=-,pred=E,pred_conf=100.0,flex0_raw=351,flex0_norm=0.086,flex1_raw=350,flex1_norm=0.085,flex2_raw=268,flex2_norm=0.065,flex3_raw=277,flex3_norm=0.068,flex4_raw=262,flex4_norm=0.064",true
word-sequence-v1,session_20261005T212737_676Z,word_yes_0002,105,22241,558166,1791235686170,yes,words-draft,signer_02,neutral,0x70,0.234000000000,0.358000000000,-0.902000000000,-250.137000000,-20.0760000000,-50.7330000000,358,357,270,278,261,"seq=22241,t_ms=558166,who=0x70,ax=0.234,ay=0.358,az=-0.902,gx=-250.137,gy=-20.076,gz=-50.733,expected=-,pred=E,pred_conf=100.0,flex0_raw=358,flex0_norm=0.087,flex1_raw=357,flex1_norm=0.087,flex2_raw=270,flex2_norm=0.066,flex3_raw=278,flex3_norm=0.068,flex4_raw=261,flex4_norm=0.064",true
word-sequence-v1,session_20261005T212737_676Z,word_yes_0002,106,22242,558191,1791235686171,yes,words-draft,signer_02,neutral,0x70,0.207000000000,0.434000000000,-0.729000000000,-250.137000000,18.0990000000,-39.9920000000,359,359,275,277,260,"seq=22242,t_ms=558191,who=0x70,ax=0.207,ay=0.434,az=-0.729,gx=-250.137,gy=18.099,gz=-39.992,expected=-,pred=E,pred_conf=99.9,flex0_raw=359,flex0_norm=0.088,flex1_raw=359,flex1_norm=0.088,flex2_raw=275,flex2_norm=0.067,flex3_raw=277,flex3_norm=0.068,flex4_raw=260,flex4_norm=0.063",true
word-sequence-v1,session_20261005T212737_676Z,word_yes_0002,107,22243,558216,1791235686201,yes,words-draft,signer_02,neutral,0x70,0.172000000000,0.725000000000,-0.623000000000,-250.137000000,8.08400000000,-43.2750000000,360,357,276,278,260,"seq=22243,t_ms=558216,who=0x70,ax=0.172,ay=0.725,az=-0.623,gx=-250.137,gy=8.084,gz=-43.275,expected=-,pred=E,pred_conf=99.9,flex0_raw=360,flex0_norm=0.088,flex1_raw=357,flex1_norm=0.087,flex2_raw=276,flex2_norm=0.067,flex3_raw=278,flex3_norm=0.068,flex4_raw=260,flex4_norm=0.063",true
word-sequence-v1,session_20261005T212737_676Z,word_yes_0002,108,22244,558241,1791235686209,yes,words-draft,signer_02,neutral,0x70,0.187000000000,0.736000000000,-0.482000000000,-250.137000000,-11.5110000000,-49.4350000000,359,359,275,275,253,"seq=22244,t_ms=558241,who=0x70,ax=0.187,ay=0.736,az=-0.482,gx=-250.137,gy=-11.511,gz=-49.435,expected=-,pred=E,pred_conf=99.9,flex0_raw=359,flex0_norm=0.088,flex1_raw=359,flex1_norm=0.088,flex2_raw=275,flex2_norm=0.067,flex3_raw=275,flex3_norm=0.067,flex4_raw=253,flex4_norm=0.062",true
word-sequence-v1,session_20261005T212737_676Z,word_yes_0002,109,22245,558266,1791235686238,yes,words-draft,signer_02,neutral,0x70,0.225000000000,0.733000000000,-0.421000000000,-201.893000000,-22.1830000000,-51.4200000000,360,359,276,274,251,"seq=22245,t_ms=558266,who=0x70,ax=0.225,ay=0.733,az=-0.421,gx=-201.893,gy=-22.183,gz=-51.420,expected=-,pred=E,pred_conf=99.9,flex0_raw=360,flex0_norm=0.088,flex1_raw=359,flex1_norm=0.088,flex2_raw=276,flex2_norm=0.067,flex3_raw=274,flex3_norm=0.067,flex4_raw=251,flex4_norm=0.061",true
word-sequence-v1,session_20261005T212737_676Z,word_yes_0002,110,22246,558291,1791235686271,yes,words-draft,signer_02,neutral,0x70,0.202000000000,0.790000000000,-0.306000000000,-151.809000000,-34.7330000000,-34.5040000000,360,358,277,270,250,"seq=22246,t_ms=558291,who=0x70,ax=0.202,ay=0.790,az=-0.306,gx=-151.809,gy=-34.733,gz=-34.504,expected=-,pred=E,pred_conf=99.9,flex0_raw=360,flex0_norm=0.088,flex1_raw=358,flex1_norm=0.087,flex2_raw=277,flex2_norm=0.068,flex3_raw=270,flex3_norm=0.066,flex4_raw=250,flex4_norm=0.061",true
word-sequence-v1,session_20261005T212737_676Z,word_yes_0002,111,22247,558316,1791235686304,yes,words-draft,signer_02,neutral,0x70,0.139000000000,0.796000000000,-0.287000000000,-97.4890000000,-36.4120000000,-31.5270000000,360,358,275,269,249,"seq=22247,t_ms=558316,who=0x70,ax=0.139,ay=0.796,az=-0.287,gx=-97.489,gy=-36.412,gz=-31.527,expected=-,pred=E,pred_conf=99.9,flex0_raw=360,flex0_norm=0.088,flex1_raw=358,flex1_norm=0.087,flex2_raw=275,flex2_norm=0.067,flex3_raw=269,flex3_norm=0.066,flex4_raw=249,flex4_norm=0.061",true
word-sequence-v1,session_20261005T212737_676Z,word_yes_0002,112,22248,558341,1791235686304,yes,words-draft,signer_02,neutral,0x70,0.143000000000,0.855000000000,-0.230000000000,-61.3210000000,-41.3360000000,-36.3130000000,357,357,276,268,248,"seq=22248,t_ms=558341,who=0x70,ax=0.143,ay=0.855,az=-0.230,gx=-61.321,gy=-41.336,gz=-36.313,expected=-,pred=E,pred_conf=99.9,flex0_raw=357,flex0_norm=0.087,flex1_raw=357,flex1_norm=0.087,flex2_raw=276,flex2_norm=0.067,flex3_raw=268,flex3_norm=0.065,flex4_raw=248,flex4_norm=0.061",true
word-sequence-v1,session_20261005T212737_676Z,word_yes_0002,113,22249,558366,1791235686361,yes,words-draft,signer_02,neutral,0x70,0.121000000000,0.786000000000,-0.213000000000,-30.6030000000,-17.2670000000,-23.1600000000,359,357,276,267,246,"seq=22249,t_ms=558366,who=0x70,ax=0.121,ay=0.786,az=-0.213,gx=-30.603,gy=-17.267,gz=-23.160,expected=-,pred=E,pred_conf=99.9,flex0_raw=359,flex0_norm=0.088,flex1_raw=357,flex1_norm=0.087,flex2_raw=276,flex2_norm=0.067,flex3_raw=267,flex3_norm=0.065,flex4_raw=246,flex4_norm=0.060",true
word-sequence-v1,session_20261005T212737_676Z,word_yes_0002,114,22250,558391,1791235686363,yes,words-draft,signer_02,neutral,0x70,0.0670000000000,0.828000000000,-0.185000000000,8.55000000000,-0.992000000000,-5.39700000000,358,358,275,267,248,"seq=22250,t_ms=558391,who=0x70,ax=0.067,ay=0.828,az=-0.185,gx=8.550,gy=-0.992,gz=-5.397,expected=-,pred=E,pred_conf=99.9,flex0_raw=358,flex0_norm=0.087,flex1_raw=358,flex1_norm=0.087,flex2_raw=275,flex2_norm=0.067,flex3_raw=267,flex3_norm=0.065,flex4_raw=248,flex4_norm=0.061",true
word-sequence-v1,session_20261005T212737_676Z,word_yes_0002,115,22251,558416,1791235686418,yes,words-draft,signer_02,neutral,0x70,0.0220000000000,0.862000000000,-0.256000000000,45.2980000000,10.2370000000,0.939000000000,358,357,275,264,249,"seq=22251,t_ms=558416,who=0x70,ax=0.022,ay=0.862,az=-0.256,gx=45.298,gy=10.237,gz=0.939,expected=-,pred=E,pred_conf=99.9,flex0_raw=358,flex0_norm=0.087,flex1_raw=357,flex1_norm=0.087,flex2_raw=275,flex2_norm=0.067,flex3_raw=264,flex3_norm=0.064,flex4_raw=249,flex4_norm=0.061",true
word-sequence-v1,session_20261005T212737_676Z,word_yes_0002,116,22252,558441,1791235686422,yes,words-draft,signer_02,neutral,0x70,0.0730000000000,0.879000000000,-0.274000000000,71.4580000000,11.9310000000,9.13000000000,356,355,270,267,250,"seq=22252,t_ms=558441,who=0x70,ax=0.073,ay=0.879,az=-0.274,gx=71.458,gy=11.931,gz=9.130,expected=-,pred=E,pred_conf=99.9,flex0_raw=356,flex0_norm=0.087,flex1_raw=355,flex1_norm=0.087,flex2_raw=270,flex2_norm=0.066,flex3_raw=267,flex3_norm=0.065,flex4_raw=250,flex4_norm=0.061",true
word-sequence-v1,session_20261005T212737_676Z,word_yes_0002,117,22253,558466,1791235686452,yes,words-draft,signer_02,neutral,0x70,0.112000000000,0.800000000000,-0.270000000000,128.397000000,14.9010000000,15.3280000000,351,351,268,267,251,"seq=22253,t_ms=558466,who=0x70,ax=0.112,ay=0.800,az=-0.270,gx=128.397,gy=14.901,gz=15.328,expected=-,pred=E,pred_conf=99.9,flex0_raw=351,flex0_norm=0.086,flex1_raw=351,flex1_norm=0.086,flex2_raw=268,flex2_norm=0.065,flex3_raw=267,flex3_norm=0.065,flex4_raw=251,flex4_norm=0.061",true
word-sequence-v1,session_20261005T212737_676Z,word_yes_0002,118,22254,558491,1791235686453,yes,words-draft,signer_02,neutral,0x70,0.111000000000,0.790000000000,-0.377000000000,193.351000000,12.5880000000,21.4960000000,350,349,267,267,251,"seq=22254,t_ms=558491,who=0x70,ax=0.111,ay=0.790,az=-0.377,gx=193.351,gy=12.588,gz=21.496,expected=-,pred=E,pred_conf=99.9,flex0_raw=350,flex0_norm=0.085,flex1_raw=349,flex1_norm=0.085,flex2_raw=267,flex2_norm=0.065,flex3_raw=267,flex3_norm=0.065,flex4_raw=251,flex4_norm=0.061",true
word-sequence-v1,session_20261005T212737_676Z,word_yes_0002,119,22255,558516,1791235686496,yes,words-draft,signer_02,neutral,0x70,0.0940000000000,0.690000000000,-0.516000000000,205.160000000,-17.6950000000,25.1450000000,348,347,265,265,253,"seq=22255,t_ms=558516,who=0x70,ax=0.094,ay=0.690,az=-0.516,gx=205.160,gy=-17.695,gz=25.145,expected=-,pred=E,pred_conf=99.9,flex0_raw=348,flex0_norm=0.085,flex1_raw=347,flex1_norm=0.085,flex2_raw=265,flex2_norm=0.065,flex3_raw=265,flex3_norm=0.065,flex4_raw=253,flex4_norm=0.062",true
word-sequence-v1,session_20261005T212737_676Z,word_yes_0002,120,22256,558541,1791235686520,yes,words-draft,signer_02,neutral,0x70,0.151000000000,0.611000000000,-0.564000000000,248.412000000,-24.9390000000,23.0230000000,346,345,263,264,255,"seq=22256,t_ms=558541,who=0x70,ax=0.151,ay=0.611,az=-0.564,gx=248.412,gy=-24.939,gz=23.023,expected=-,pred=E,pred_conf=99.9,flex0_raw=346,flex0_norm=0.084,flex1_raw=345,flex1_norm=0.084,flex2_raw=263,flex2_norm=0.064,flex3_raw=264,flex3_norm=0.064,flex4_raw=255,flex4_norm=0.062",true
word-sequence-v1,session_20261005T212737_676Z,word_yes_0002,121,22257,558566,1791235686563,yes,words-draft,signer_02,neutral,0x70,0.160000000000,0.552000000000,-0.719000000000,250.130000000,-24.0990000000,16.3280000000,345,346,263,268,260,"seq=22257,t_ms=558566,who=0x70,ax=0.160,ay=0.552,az=-0.719,gx=250.130,gy=-24.099,gz=16.328,expected=-,pred=E,pred_conf=99.9,flex0_raw=345,flex0_norm=0.084,flex1_raw=346,flex1_norm=0.084,flex2_raw=263,flex2_norm=0.064,flex3_raw=268,flex3_norm=0.065,flex4_raw=260,flex4_norm=0.063",true
word-sequence-v1,session_20261005T212737_676Z,word_yes_0002,122,22258,558591,1791235686568,yes,words-draft,signer_02,neutral,0x70,0.0490000000000,0.320000000000,-0.895000000000,250.130000000,-8.96200000000,13.5880000000,347,347,263,268,261,"seq=22258,t_ms=558591,who=0x70,ax=0.049,ay=0.320,az=-0.895,gx=250.130,gy=-8.962,gz=13.588,expected=-,pred=E,pred_conf=99.9,flex0_raw=347,flex0_norm=0.085,flex1_raw=347,flex1_norm=0.085,flex2_raw=263,flex2_norm=0.064,flex3_raw=268,flex3_norm=0.065,flex4_raw=261,flex4_norm=0.064",true
word-sequence-v1,session_20261005T212737_676Z,word_yes_0002,123,22259,558616,1791235686603,yes,words-draft,signer_02,neutral,0x70,0.199000000000,0.322000000000,-0.929000000000,250.130000000,29.2140000000,30.9010000000,346,347,262,269,262,"seq=22259,t_ms=558616,who=0x70,ax=0.199,ay=0.322,az=-0.929,gx=250.130,gy=29.214,gz=30.901,expected=-,pred=E,pred_conf=100.0,flex0_raw=346,flex0_norm=0.084,flex1_raw=347,flex1_norm=0.085,flex2_raw=262,flex2_norm=0.064,flex3_raw=269,flex3_norm=0.066,flex4_raw=262,flex4_norm=0.064",true
word-sequence-v1,session_20261005T212737_676Z,word_yes_0002,124,22260,558641,1791235686604,yes,words-draft,signer_02,neutral,0x70,0.231000000000,0.231000000000,-0.927000000000,250.130000000,76.0460000000,4.61800000000,345,344,260,269,265,"seq=22260,t_ms=558641,who=0x70,ax=0.231,ay=0.231,az=-0.927,gx=250.130,gy=76.046,gz=4.618,expected=-,pred=E,pred_conf=100.0,flex0_raw=345,flex0_norm=0.084,flex1_raw=344,flex1_norm=0.084,flex2_raw=260,flex2_norm=0.063,flex3_raw=269,flex3_norm=0.066,flex4_raw=265,flex4_norm=0.065",true
word-sequence-v1,session_20261005T212737_676Z,word_yes_0002,125,22261,558666,1791235686635,yes,words-draft,signer_02,neutral,0x70,0.142000000000,0.0830000000000,-1.01100000000,250.130000000,43.4810000000,10.1830000000,345,344,255,270,266,"seq=22261,t_ms=558666,who=0x70,ax=0.142,ay=0.083,az=-1.011,gx=250.130,gy=43.481,gz=10.183,expected=-,pred=E,pred_conf=100.0,flex0_raw=345,flex0_norm=0.084,flex1_raw=344,flex1_norm=0.084,flex2_raw=255,flex2_norm=0.062,flex3_raw=270,flex3_norm=0.066,flex4_raw=266,flex4_norm=0.065",true
word-sequence-v1,session_20261005T212737_676Z,word_yes_0002,126,22262,558691,1791235686668,yes,words-draft,signer_02,neutral,0x70,0.153000000000,-0.0820000000000,-1.10400000000,250.130000000,22.1300000000,6.47300000000,344,345,255,271,266,"seq=22262,t_ms=558691,who=0x70,ax=0.153,ay=-0.082,az=-1.104,gx=250.130,gy=22.130,gz=6.473,expected=-,pred=E,pred_conf=100.0,flex0_raw=344,flex0_norm=0.084,flex1_raw=345,flex1_norm=0.084,flex2_raw=255,flex2_norm=0.062,flex3_raw=271,flex3_norm=0.066,flex4_raw=266,flex4_norm=0.065",true
word-sequence-v1,session_20261005T212737_676Z,word_yes_0002,127,22263,558716,1791235686698,yes,words-draft,signer_02,neutral,0x70,0.236000000000,-0.168000000000,-1.08600000000,176.435000000,30.8090000000,5.58000000000,345,343,254,270,266,"seq=22263,t_ms=558716,who=0x70,ax=0.236,ay=-0.168,az=-1.086,gx=176.435,gy=30.809,gz=5.580,expected=-,pred=E,pred_conf=100.0,flex0_raw=345,flex0_norm=0.084,flex1_raw=343,flex1_norm=0.084,flex2_raw=254,flex2_norm=0.062,flex3_raw=270,flex3_norm=0.066,flex4_raw=266,flex4_norm=0.065",true
word-sequence-v1,session_20261005T212737_676Z,word_yes_0002,128,22264,558741,1791235686738,yes,words-draft,signer_02,neutral,0x70,0.339000000000,-0.148000000000,-1.09500000000,156.374000000,34.1910000000,-3.20600000000,342,341,253,270,267,"seq=22264,t_ms=558741,who=0x70,ax=0.339,ay=-0.148,az=-1.095,gx=156.374,gy=34.191,gz=-3.206,expected=-,pred=E,pred_conf=100.0,flex0_raw=342,flex0_norm=0.084,flex1_raw=341,flex1_norm=0.083,flex2_raw=253,flex2_norm=0.062,flex3_raw=270,flex3_norm=0.066,flex4_raw=267,flex4_norm=0.065",true
word-sequence-v1,session_20261005T212737_676Z,word_yes_0002,129,22265,558766,1791235686765,yes,words-draft,signer_02,neutral,0x70,0.186000000000,-0.229000000000,-1.11900000000,160.580000000,12.9160000000,7.76300000000,342,341,252,271,269,"seq=22265,t_ms=558766,who=0x70,ax=0.186,ay=-0.229,az=-1.119,gx=160.580,gy=12.916,gz=7.763,expected=-,pred=E,pred_conf=100.0,flex0_raw=342,flex0_norm=0.084,flex1_raw=341,flex1_norm=0.083,flex2_raw=252,flex2_norm=0.062,flex3_raw=271,flex3_norm=0.066,flex4_raw=269,flex4_norm=0.066",true
word-sequence-v1,session_20261005T212737_676Z,word_yes_0002,130,22266,558791,1791235686765,yes,words-draft,signer_02,neutral,0x70,0.221000000000,-0.299000000000,-1.09900000000,96.8780000000,6.77900000000,4.84000000000,341,341,251,273,269,"seq=22266,t_ms=558791,who=0x70,ax=0.221,ay=-0.299,az=-1.099,gx=96.878,gy=6.779,gz=4.840,expected=-,pred=E,pred_conf=100.0,flex0_raw=341,flex0_norm=0.083,flex1_raw=341,flex1_norm=0.083,flex2_raw=251,flex2_norm=0.061,flex3_raw=273,flex3_norm=0.067,flex4_raw=269,flex4_norm=0.066",true
word-sequence-v1,session_20261005T212737_676Z,word_yes_0002,131,22267,558816,1791235686803,yes,words-draft,signer_02,neutral,0x70,0.235000000000,-0.308000000000,-1.16200000000,51.6950000000,19.5340000000,2.00000000000,341,340,251,271,271,"seq=22267,t_ms=558816,who=0x70,ax=0.235,ay=-0.308,az=-1.162,gx=51.695,gy=19.534,gz=2.000,expected=-,pred=E,pred_conf=100.0,flex0_raw=341,flex0_norm=0.083,flex1_raw=340,flex1_norm=0.083,flex2_raw=251,flex2_norm=0.061,flex3_raw=271,flex3_norm=0.066,flex4_raw=271,flex4_norm=0.066",true
word-sequence-v1,session_20261005T212737_676Z,word_yes_0002,132,22268,558841,1791235686829,yes,words-draft,signer_02,neutral,0x70,0.290000000000,-0.361000000000,-1.15700000000,31.7330000000,10.5190000000,6.34400000000,341,340,251,271,269,"seq=22268,t_ms=558841,who=0x70,ax=0.290,ay=-0.361,az=-1.157,gx=31.733,gy=10.519,gz=6.344,expected=-,pred=E,pred_conf=100.0,flex0_raw=341,flex0_norm=0.083,flex1_raw=340,flex1_norm=0.083,flex2_raw=251,flex2_norm=0.061,flex3_raw=271,flex3_norm=0.066,flex4_raw=269,flex4_norm=0.066",true
word-sequence-v1,session_20261005T212737_676Z,word_yes_0002,133,22269,558866,1791235686873,yes,words-draft,signer_02,neutral,0x70,0.225000000000,-0.345000000000,-1.16100000000,-38.1680000000,16.0690000000,1.12200000000,343,341,253,271,273,"seq=22269,t_ms=558866,who=0x70,ax=0.225,ay=-0.345,az=-1.161,gx=-38.168,gy=16.069,gz=1.122,expected=-,pred=E,pred_conf=100.0,flex0_raw=343,flex0_norm=0.084,flex1_raw=341,flex1_norm=0.083,flex2_raw=253,flex2_norm=0.062,flex3_raw=271,flex3_norm=0.066,flex4_raw=273,flex4_norm=0.067",true
word-sequence-v1,session_20261005T212737_676Z,word_yes_0002,134,22270,558891,1791235686874,yes,words-draft,signer_02,neutral,0x70,0.256000000000,-0.328000000000,-1.15700000000,-121.160000000,21.3440000000,4.84700000000,344,343,253,273,273,"seq=22270,t_ms=558891,who=0x70,ax=0.256,ay=-0.328,az=-1.157,gx=-121.160,gy=21.344,gz=4.847,expected=-,pred=E,pred_conf=100.0,flex0_raw=344,flex0_norm=0.084,flex1_raw=343,flex1_norm=0.084,flex2_raw=253,flex2_norm=0.062,flex3_raw=273,flex3_norm=0.067,flex4_raw=273,flex4_norm=0.067",true
word-sequence-v1,session_20261005T212737_676Z,word_yes_0002,135,22271,558916,1791235686874,yes,words-draft,signer_02,neutral,0x70,0.276000000000,-0.286000000000,-1.19700000000,-189.656000000,13.4890000000,5.51100000000,345,344,261,274,271,"seq=22271,t_ms=558916,who=0x70,ax=0.276,ay=-0.286,az=-1.197,gx=-189.656,gy=13.489,gz=5.511,expected=-,pred=E,pred_conf=100.0,flex0_raw=345,flex0_norm=0.084,flex1_raw=344,flex1_norm=0.084,flex2_raw=261,flex2_norm=0.064,flex3_raw=274,flex3_norm=0.067,flex4_raw=271,flex4_norm=0.066",true
word-sequence-v1,session_20261005T212737_676Z,word_yes_0002,136,22272,558941,1791235686919,yes,words-draft,signer_02,neutral,0x70,0.325000000000,-0.191000000000,-1.15800000000,-243.145000000,-19.8930000000,-4.04600000000,345,345,263,275,274,"seq=22272,t_ms=558941,who=0x70,ax=0.325,ay=-0.191,az=-1.158,gx=-243.145,gy=-19.893,gz=-4.046,expected=-,pred=E,pred_conf=100.0,flex0_raw=345,flex0_norm=0.084,flex1_raw=345,flex1_norm=0.084,flex2_raw=263,flex2_norm=0.064,flex3_raw=275,flex3_norm=0.067,flex4_raw=274,flex4_norm=0.067",true
word-sequence-v1,session_20261005T212737_676Z,word_yes_0002,137,22273,558966,1791235686929,yes,words-draft,signer_02,neutral,0x70,0.221000000000,-0.123000000000,-1.05900000000,-250.137000000,-34.8850000000,-8.29000000000,347,347,264,276,269,"seq=22273,t_ms=558966,who=0x70,ax=0.221,ay=-0.123,az=-1.059,gx=-250.137,gy=-34.885,gz=-8.290,expected=-,pred=E,pred_conf=100.0,flex0_raw=347,flex0_norm=0.085,flex1_raw=347,flex1_norm=0.085,flex2_raw=264,flex2_norm=0.064,flex3_raw=276,flex3_norm=0.067,flex4_raw=269,flex4_norm=0.066",true
word-sequence-v1,session_20261005T212737_676Z,word_yes_0002,138,22274,558991,1791235686958,yes,words-draft,signer_02,neutral,0x70,0.189000000000,0.101000000000,-1.00000000000,-250.137000000,-19.5110000000,-15.2980000000,349,348,265,277,268,"seq=22274,t_ms=558991,who=0x70,ax=0.189,ay=0.101,az=-1.000,gx=-250.137,gy=-19.511,gz=-15.298,expected=-,pred=E,pred_conf=100.0,flex0_raw=349,flex0_norm=0.085,flex1_raw=348,flex1_norm=0.085,flex2_raw=265,flex2_norm=0.065,flex3_raw=277,flex3_norm=0.068,flex4_raw=268,flex4_norm=0.065",true
word-sequence-v1,session_20261005T212737_676Z,word_yes_0002,139,22275,559016,1791235686989,yes,words-draft,signer_02,neutral,0x70,0.206000000000,0.215000000000,-0.985000000000,-250.137000000,-5.92400000000,-26.8240000000,349,350,267,277,267,"seq=22275,t_ms=559016,who=0x70,ax=0.206,ay=0.215,az=-0.985,gx=-250.137,gy=-5.924,gz=-26.824,expected=-,pred=E,pred_conf=100.0,flex0_raw=349,flex0_norm=0.085,flex1_raw=350,flex1_norm=0.085,flex2_raw=267,flex2_norm=0.065,flex3_raw=277,flex3_norm=0.068,flex4_raw=267,flex4_norm=0.065",true
word-sequence-v1,session_20261005T212737_676Z,word_yes_0002,140,22276,559041,1791235687024,yes,words-draft,signer_02,neutral,0x70,0.240000000000,0.242000000000,-0.892000000000,-250.137000000,-0.00800000000000,-33.1830000000,351,350,268,276,264,"seq=22276,t_ms=559041,who=0x70,ax=0.240,ay=0.242,az=-0.892,gx=-250.137,gy=-0.008,gz=-33.183,expected=-,pred=E,pred_conf=100.0,flex0_raw=351,flex0_norm=0.086,flex1_raw=350,flex1_norm=0.085,flex2_raw=268,flex2_norm=0.065,flex3_raw=276,flex3_norm=0.067,flex4_raw=264,flex4_norm=0.064",true
word-sequence-v1,session_20261005T212737_676Z,word_yes_0002,141,22277,559066,1791235687052,yes,words-draft,signer_02,neutral,0x70,0.186000000000,0.398000000000,-0.793000000000,-250.137000000,36.2750000000,-16.3360000000,355,353,269,279,264,"seq=22277,t_ms=559066,who=0x70,ax=0.186,ay=0.398,az=-0.793,gx=-250.137,gy=36.275,gz=-16.336,expected=-,pred=E,pred_conf=100.0,flex0_raw=355,flex0_norm=0.087,flex1_raw=353,flex1_norm=0.086,flex2_raw=269,flex2_norm=0.066,flex3_raw=279,flex3_norm=0.068,flex4_raw=264,flex4_norm=0.064",true
word-sequence-v1,session_20261005T212737_676Z,word_yes_0002,142,22278,559091,1791235687053,yes,words-draft,signer_02,neutral,0x70,0.201000000000,0.744000000000,-0.589000000000,-250.137000000,56.5340000000,-28.4890000000,355,355,271,277,263,"seq=22278,t_ms=559091,who=0x70,ax=0.201,ay=0.744,az=-0.589,gx=-250.137,gy=56.534,gz=-28.489,expected=-,pred=E,pred_conf=100.0,flex0_raw=355,flex0_norm=0.087,flex1_raw=355,flex1_norm=0.087,flex2_raw=271,flex2_norm=0.066,flex3_raw=277,flex3_norm=0.068,flex4_raw=263,flex4_norm=0.064",true
word-sequence-v1,session_20261005T212737_676Z,word_yes_0002,143,22279,559116,1791235687092,yes,words-draft,signer_02,neutral,0x70,0.273000000000,0.845000000000,-0.447000000000,-233.802000000,-5.76300000000,-59.4270000000,356,355,271,276,262,"seq=22279,t_ms=559116,who=0x70,ax=0.273,ay=0.845,az=-0.447,gx=-233.802,gy=-5.763,gz=-59.427,expected=-,pred=E,pred_conf=100.0,flex0_raw=356,flex0_norm=0.087,flex1_raw=355,flex1_norm=0.087,flex2_raw=271,flex2_norm=0.066,flex3_raw=276,flex3_norm=0.067,flex4_raw=262,flex4_norm=0.064",true
word-sequence-v1,session_20261005T212737_676Z,word_yes_0002,144,22280,559141,1791235687121,yes,words-draft,signer_02,neutral,0x70,0.194000000000,0.691000000000,-0.436000000000,-170.366000000,-33.2060000000,-57.6870000000,356,356,274,276,261,"seq=22280,t_ms=559141,who=0x70,ax=0.194,ay=0.691,az=-0.436,gx=-170.366,gy=-33.206,gz=-57.687,expected=-,pred=E,pred_conf=100.0,flex0_raw=356,flex0_norm=0.087,flex1_raw=356,flex1_norm=0.087,flex2_raw=274,flex2_norm=0.067,flex3_raw=276,flex3_norm=0.067,flex4_raw=261,flex4_norm=0.064",true
word-sequence-v1,session_20261005T212737_676Z,word_yes_0002,145,22281,559166,1791235687156,yes,words-draft,signer_02,neutral,0x70,0.197000000000,0.805000000000,-0.363000000000,-131.282000000,-29.8320000000,-44.9770000000,359,357,275,275,253,"seq=22281,t_ms=559166,who=0x70,ax=0.197,ay=0.805,az=-0.363,gx=-131.282,gy=-29.832,gz=-44.977,expected=-,pred=E,pred_conf=99.9,flex0_raw=359,flex0_norm=0.088,flex1_raw=357,flex1_norm=0.087,flex2_raw=275,flex2_norm=0.067,flex3_raw=275,flex3_norm=0.067,flex4_raw=253,flex4_norm=0.062",true
word-sequence-v1,session_20261005T212737_676Z,word_yes_0002,146,22282,559191,1791235687186,yes,words-draft,signer_02,neutral,0x70,0.136000000000,0.822000000000,-0.323000000000,-107.473000000,-18.8020000000,-44.2440000000,357,357,274,269,252,"seq=22282,t_ms=559191,who=0x70,ax=0.136,ay=0.822,az=-0.323,gx=-107.473,gy=-18.802,gz=-44.244,expected=-,pred=E,pred_conf=99.9,flex0_raw=357,flex0_norm=0.087,flex1_raw=357,flex1_norm=0.087,flex2_raw=274,flex2_norm=0.067,flex3_raw=269,flex3_norm=0.066,flex4_raw=252,flex4_norm=0.062",true
word-sequence-v1,session_20261005T212737_676Z,word_yes_0002,147,22283,559216,1791235687221,yes,words-draft,signer_02,neutral,0x70,0.112000000000,0.814000000000,-0.276000000000,-58.1450000000,-27.1760000000,-34.8850000000,358,356,275,269,251,"seq=22283,t_ms=559216,who=0x70,ax=0.112,ay=0.814,az=-0.276,gx=-58.145,gy=-27.176,gz=-34.885,expected=-,pred=E,pred_conf=99.9,flex0_raw=358,flex0_norm=0.087,flex1_raw=356,flex1_norm=0.087,flex2_raw=275,flex2_norm=0.067,flex3_raw=269,flex3_norm=0.066,flex4_raw=251,flex4_norm=0.061",true
word-sequence-v1,session_20261005T212737_676Z,word_yes_0002,148,22284,559241,1791235687221,yes,words-draft,signer_02,neutral,0x70,0.126000000000,0.854000000000,-0.248000000000,-18.0530000000,-4.50400000000,-12.8630000000,357,356,271,269,249,"seq=22284,t_ms=559241,who=0x70,ax=0.126,ay=0.854,az=-0.248,gx=-18.053,gy=-4.504,gz=-12.863,expected=-,pred=E,pred_conf=99.9,flex0_raw=357,flex0_norm=0.087,flex1_raw=356,flex1_norm=0.087,flex2_raw=271,flex2_norm=0.066,flex3_raw=269,flex3_norm=0.066,flex4_raw=249,flex4_norm=0.061",true
word-sequence-v1,session_20261005T212737_676Z,word_yes_0002,149,22285,559266,1791235687228,yes,words-draft,signer_02,neutral,0x70,0.113000000000,0.844000000000,-0.193000000000,41.4730000000,2.62600000000,0.290000000000,356,356,273,268,249,"seq=22285,t_ms=559266,who=0x70,ax=0.113,ay=0.844,az=-0.193,gx=41.473,gy=2.626,gz=0.290,expected=-,pred=E,pred_conf=99.9,flex0_raw=356,flex0_norm=0.087,flex1_raw=356,flex1_norm=0.087,flex2_raw=273,flex2_norm=0.067,flex3_raw=268,flex3_norm=0.065,flex4_raw=249,flex4_norm=0.061",true
word-sequence-v1,session_20261005T212737_676Z,word_yes_0002,150,22286,559291,1791235687258,yes,words-draft,signer_02,neutral,0x70,0.0520000000000,0.849000000000,-0.306000000000,108.527000000,22.6030000000,9.46600000000,357,355,271,269,251,"seq=22286,t_ms=559291,who=0x70,ax=0.052,ay=0.849,az=-0.306,gx=108.527,gy=22.603,gz=9.466,expected=-,pred=E,pred_conf=99.9,flex0_raw=357,flex0_norm=0.087,flex1_raw=355,flex1_norm=0.087,flex2_raw=271,flex2_norm=0.066,flex3_raw=269,flex3_norm=0.066,flex4_raw=251,flex4_norm=0.061",true
word-sequence-v1,session_20261005T212737_676Z,word_yes_0002,151,22287,559316,1791235687291,yes,words-draft,signer_02,neutral,0x70,0.0960000000000,0.709000000000,-0.410000000000,128.733000000,18.6790000000,26.9770000000,357,355,270,269,253,"seq=22287,t_ms=559316,who=0x70,ax=0.096,ay=0.709,az=-0.410,gx=128.733,gy=18.679,gz=26.977,expected=-,pred=E,pred_conf=99.9,flex0_raw=357,flex0_norm=0.087,flex1_raw=355,flex1_norm=0.087,flex2_raw=270,flex2_norm=0.066,flex3_raw=269,flex3_norm=0.066,flex4_raw=253,flex4_norm=0.062",true
word-sequence-v1,session_20261005T212737_676Z,word_yes_0002,152,22288,559341,1791235687318,yes,words-draft,signer_02,neutral,0x70,0.197000000000,0.832000000000,-0.420000000000,160.656000000,43.1450000000,36.4500000000,355,354,269,268,253,"seq=22288,t_ms=559341,who=0x70,ax=0.197,ay=0.832,az=-0.420,gx=160.656,gy=43.145,gz=36.450,expected=-,pred=E,pred_conf=99.9,flex0_raw=355,flex0_norm=0.087,flex1_raw=354,flex1_norm=0.086,flex2_raw=269,flex2_norm=0.066,flex3_raw=268,flex3_norm=0.065,flex4_raw=253,flex4_norm=0.062",true
word-sequence-v1,session_20261005T212737_676Z,word_yes_0002,153,22289,559366,1791235687361,yes,words-draft,signer_02,neutral,0x70,0.193000000000,0.739000000000,-0.350000000000,215.809000000,58.9010000000,14.2520000000,349,349,267,269,261,"seq=22289,t_ms=559366,who=0x70,ax=0.193,ay=0.739,az=-0.350,gx=215.809,gy=58.901,gz=14.252,expected=-,pred=E,pred_conf=99.9,flex0_raw=349,flex0_norm=0.085,flex1_raw=349,flex1_norm=0.085,flex2_raw=267,flex2_norm=0.065,flex3_raw=269,flex3_norm=0.066,flex4_raw=261,flex4_norm=0.064",true
word-sequence-v1,session_20261005T212737_676Z,word_yes_0002,154,22290,559391,1791235687402,yes,words-draft,signer_02,neutral,0x70,0.0360000000000,0.573000000000,-0.613000000000,250.130000000,7.55700000000,35.2440000000,349,349,268,271,263,"seq=22290,t_ms=559391,who=0x70,ax=0.036,ay=0.573,az=-0.613,gx=250.130,gy=7.557,gz=35.244,expected=-,pred=E,pred_conf=100.0,flex0_raw=349,flex0_norm=0.085,flex1_raw=349,flex1_norm=0.085,flex2_raw=268,flex2_norm=0.065,flex3_raw=271,flex3_norm=0.066,flex4_raw=263,flex4_norm=0.064",true
word-sequence-v1,session_20261005T212737_676Z,word_yes_0002,155,22291,559416,1791235687403,yes,words-draft,signer_02,neutral,0x70,0.106000000000,0.377000000000,-0.838000000000,250.130000000,-18.6950000000,34.0380000000,350,349,267,271,264,"seq=22291,t_ms=559416,who=0x70,ax=0.106,ay=0.377,az=-0.838,gx=250.130,gy=-18.695,gz=34.038,expected=-,pred=E,pred_conf=100.0,flex0_raw=350,flex0_norm=0.085,flex1_raw=349,flex1_norm=0.085,flex2_raw=267,flex2_norm=0.065,flex3_raw=271,flex3_norm=0.066,flex4_raw=264,flex4_norm=0.064",true
word-sequence-v1,session_20261005T212737_676Z,word_yes_0002,156,22292,559441,1791235687426,yes,words-draft,signer_02,neutral,0x70,0.422000000000,0.309000000000,-0.876000000000,250.130000000,32.8090000000,31.2600000000,347,346,265,271,266,"seq=22292,t_ms=559441,who=0x70,ax=0.422,ay=0.309,az=-0.876,gx=250.130,gy=32.809,gz=31.260,expected=-,pred=E,pred_conf=100.0,flex0_raw=347,flex0_norm=0.085,flex1_raw=346,flex1_norm=0.084,flex2_raw=265,flex2_norm=0.065,flex3_raw=271,flex3_norm=0.066,flex4_raw=266,flex4_norm=0.065",true
word-sequence-v1,session_20261005T212737_676Z,word_yes_0002,157,22293,559466,1791235687440,yes,words-draft,signer_02,neutral,0x70,0.309000000000,0.263000000000,-0.934000000000,250.130000000,47.2370000000,30.9390000000,347,346,264,275,268,"seq=22293,t_ms=559466,who=0x70,ax=0.309,ay=0.263,az=-0.934,gx=250.130,gy=47.237,gz=30.939,expected=-,pred=E,pred_conf=100.0,flex0_raw=347,flex0_norm=0.085,flex1_raw=346,flex1_norm=0.084,flex2_raw=264,flex2_norm=0.064,flex3_raw=275,flex3_norm=0.067,flex4_raw=268,flex4_norm=0.065",true
word-sequence-v1,session_20261005T212737_676Z,word_yes_0002,158,22294,559491,1791235687501,yes,words-draft,signer_02,neutral,0x70,0.100000000000,0.110000000000,-1.03600000000,250.130000000,-9.51100000000,50.1370000000,345,345,265,277,269,"seq=22294,t_ms=559491,who=0x70,ax=0.100,ay=0.110,az=-1.036,gx=250.130,gy=-9.511,gz=50.137,expected=-,pred=E,pred_conf=100.0,flex0_raw=345,flex0_norm=0.084,flex1_raw=345,flex1_norm=0.084,flex2_raw=265,flex2_norm=0.065,flex3_raw=277,flex3_norm=0.068,flex4_raw=269,flex4_norm=0.066",true
word-sequence-v1,session_20261005T212737_676Z,word_yes_0002,159,22295,559516,1791235687502,yes,words-draft,signer_02,neutral,0x70,0.270000000000,-0.0190000000000,-1.04200000000,193.870000000,6.55700000000,40.7250000000,346,345,263,278,274,"seq=22295,t_ms=559516,who=0x70,ax=0.270,ay=-0.019,az=-1.042,gx=193.870,gy=6.557,gz=40.725,expected=-,pred=E,pred_conf=100.0,flex0_raw=346,flex0_norm=0.084,flex1_raw=345,flex1_norm=0.084,flex2_raw=263,flex2_norm=0.064,flex3_raw=278,flex3_norm=0.068,flex4_raw=274,flex4_norm=0.067",true
word-sequence-v1,session_20261005T212737_676Z,word_yes_0002,160,22296,559541,1791235687503,yes,words-draft,signer_02,neutral,0x70,0.345000000000,-0.0260000000000,-1.05700000000,162.634000000,60.5800000000,24.1910000000,343,343,260,277,276,"seq=22296,t_ms=559541,who=0x70,ax=0.345,ay=-0.026,az=-1.057,gx=162.634,gy=60.580,gz=24.191,expected=-,pred=E,pred_conf=100.0,flex0_raw=343,flex0_norm=0.084,flex1_raw=343,flex1_norm=0.084,flex2_raw=260,flex2_norm=0.063,flex3_raw=277,flex3_norm=0.068,flex4_raw=276,flex4_norm=0.067",true
word-sequence-v1,session_20261005T212737_676Z,word_yes_0002,161,22297,559566,1791235687537,yes,words-draft,signer_02,neutral,0x70,0.354000000000,-0.104000000000,-1.13000000000,174.550000000,39.1830000000,12.0310000000,344,343,262,277,276,"seq=22297,t_ms=559566,who=0x70,ax=0.354,ay=-0.104,az=-1.130,gx=174.550,gy=39.183,gz=12.031,expected=-,pred=E,pred_conf=100.0,flex0_raw=344,flex0_norm=0.084,flex1_raw=343,flex1_norm=0.084,flex2_raw=262,flex2_norm=0.064,flex3_raw=277,flex3_norm=0.068,flex4_raw=276,flex4_norm=0.067",true
word-sequence-v1,session_20261005T212737_676Z,word_yes_0002,162,22298,559591,1791235687577,yes,words-draft,signer_02,neutral,0x70,0.246000000000,-0.184000000000,-1.13800000000,107.298000000,17.3210000000,9.32100000000,343,343,262,279,276,"seq=22298,t_ms=559591,who=0x70,ax=0.246,ay=-0.184,az=-1.138,gx=107.298,gy=17.321,gz=9.321,expected=-,pred=E,pred_conf=100.0,flex0_raw=343,flex0_norm=0.084,flex1_raw=343,flex1_norm=0.084,flex2_raw=262,flex2_norm=0.064,flex3_raw=279,flex3_norm=0.068,flex4_raw=276,flex4_norm=0.067",true
word-sequence-v1,session_20261005T212737_676Z,word_yes_0002,163,22299,559616,1791235687605,yes,words-draft,signer_02,neutral,0x70,0.281000000000,-0.118000000000,-1.10800000000,9.59500000000,39.9850000000,2.52700000000,343,341,261,279,277,"seq=22299,t_ms=559616,who=0x70,ax=0.281,ay=-0.118,az=-1.108,gx=9.595,gy=39.985,gz=2.527,expected=-,pred=E,pred_conf=100.0,flex0_raw=343,flex0_norm=0.084,flex1_raw=341,flex1_norm=0.083,flex2_raw=261,flex2_norm=0.064,flex3_raw=279,flex3_norm=0.068,flex4_raw=277,flex4_norm=0.068",true
word-sequence-v1,session_20261005T212737_676Z,word_yes_0002,164,22300,559641,1791235687651,yes,words-draft,signer_02,neutral,0x70,0.351000000000,-0.129000000000,-1.12600000000,-11.2900000000,23.9850000000,6.42700000000,343,343,261,279,277,"seq=22300,t_ms=559641,who=0x70,ax=0.351,ay=-0.129,az=-1.126,gx=-11.290,gy=23.985,gz=6.427,expected=-,pred=E,pred_conf=100.0,flex0_raw=343,flex0_norm=0.084,flex1_raw=343,flex1_norm=0.084,flex2_raw=261,flex2_norm=0.064,flex3_raw=279,flex3_norm=0.068,flex4_raw=277,flex4_norm=0.068",true
word-sequence-v1,session_20261005T212737_676Z,word_yes_0002,165,22301,559666,1791235687652,yes,words-draft,signer_02,neutral,0x70,0.323000000000,-0.139000000000,-1.13000000000,-27.9770000000,0.260000000000,0.832000000000,345,343,261,279,278,"seq=22301,t_ms=559666,who=0x70,ax=0.323,ay=-0.139,az=-1.130,gx=-27.977,gy=0.260,gz=0.832,expected=-,pred=E,pred_conf=100.0,flex0_raw=345,flex0_norm=0.084,flex1_raw=343,flex1_norm=0.084,flex2_raw=261,flex2_norm=0.064,flex3_raw=279,flex3_norm=0.068,flex4_raw=278,flex4_norm=0.068",true
word-sequence-v1,session_20261005T212737_676Z,word_yes_0002,166,22302,559691,1791235687653,yes,words-draft,signer_02,neutral,0x70,0.320000000000,-0.172000000000,-1.11600000000,-88.3660000000,10.6870000000,-2.25200000000,345,344,265,280,277,"seq=22302,t_ms=559691,who=0x70,ax=0.320,ay=-0.172,az=-1.116,gx=-88.366,gy=10.687,gz=-2.252,expected=-,pred=E,pred_conf=100.0,flex0_raw=345,flex0_norm=0.084,flex1_raw=344,flex1_norm=0.084,flex2_raw=265,flex2_norm=0.065,flex3_raw=280,flex3_norm=0.068,flex4_raw=277,flex4_norm=0.068",true
word-sequence-v1,session_20261005T212737_676Z,word_yes_0002,167,22303,559716,1791235687688,yes,words-draft,signer_02,neutral,0x70,0.401000000000,-0.0670000000000,-1.09900000000,-148.542000000,16.6640000000,-3.22100000000,345,346,264,280,277,"seq=22303,t_ms=559716,who=0x70,ax=0.401,ay=-0.067,az=-1.099,gx=-148.542,gy=16.664,gz=-3.221,expected=-,pred=E,pred_conf=100.0,flex0_raw=345,flex0_norm=0.084,flex1_raw=346,flex1_norm=0.084,flex2_raw=264,flex2_norm=0.064,flex3_raw=280,flex3_norm=0.068,flex4_raw=277,flex4_norm=0.068",true
word-sequence-v1,session_20261005T212737_676Z,word_yes_0002,168,22304,559741,1791235687716,yes,words-draft,signer_02,neutral,0x70,0.366000000000,0.0320000000000,-1.02400000000,-150.763000000,0.802000000000,-23.3440000000,347,346,265,280,277,"seq=22304,t_ms=559741,who=0x70,ax=0.366,ay=0.032,az=-1.024,gx=-150.763,gy=0.802,gz=-23.344,expected=-,pred=E,pred_conf=100.0,flex0_raw=347,flex0_norm=0.085,flex1_raw=346,flex1_norm=0.084,flex2_raw=265,flex2_norm=0.065,flex3_raw=280,flex3_norm=0.068,flex4_raw=277,flex4_norm=0.068",true
word-sequence-v1,session_20261005T212737_676Z,word_yes_0002,169,22305,559766,1791235687754,yes,words-draft,signer_02,neutral,0x70,0.279000000000,0.0960000000000,-1.00200000000,-134.198000000,-22.7860000000,-28.5420000000,348,347,267,281,275,"seq=22305,t_ms=559766,who=0x70,ax=0.279,ay=0.096,az=-1.002,gx=-134.198,gy=-22.786,gz=-28.542,expected=-,pred=E,pred_conf=100.0,flex0_raw=348,flex0_norm=0.085,flex1_raw=347,flex1_norm=0.085,flex2_raw=267,flex2_norm=0.065,flex3_raw=281,flex3_norm=0.069,flex4_raw=275,flex4_norm=0.067",true
word-sequence-v1,session_20261005T212737_676Z,word_yes_0002,170,22306,559791,1791235687782,yes,words-draft,signer_02,neutral,0x70,0.320000000000,0.109000000000,-1.00900000000,-128.168000000,-8.41200000000,-22.6490000000,349,349,268,281,271,"seq=22306,t_ms=559791,who=0x70,ax=0.320,ay=0.109,az=-1.009,gx=-128.168,gy=-8.412,gz=-22.649,expected=-,pred=E,pred_conf=100.0,flex0_raw=349,flex0_norm=0.085,flex1_raw=349,flex1_norm=0.085,flex2_raw=268,flex2_norm=0.065,flex3_raw=281,flex3_norm=0.069,flex4_raw=271,flex4_norm=0.066",true
word-sequence-v1,session_20261005T212737_676Z,word_yes_0002,171,22307,559816,1791235687822,yes,words-draft,signer_02,neutral,0x70,0.356000000000,0.136000000000,-0.913000000000,-131.420000000,13.1600000000,-30.2140000000,350,349,269,281,268,"seq=22307,t_ms=559816,who=0x70,ax=0.356,ay=0.136,az=-0.913,gx=-131.420,gy=13.160,gz=-30.214,expected=-,pred=E,pred_conf=100.0,flex0_raw=350,flex0_norm=0.085,flex1_raw=349,flex1_norm=0.085,flex2_raw=269,flex2_norm=0.066,flex3_raw=281,flex3_norm=0.069,flex4_raw=268,flex4_norm=0.065",true
word-sequence-v1,session_20261005T212737_676Z,word_yes_0002,172,22308,559841,1791235687822,yes,words-draft,signer_02,neutral,0x70,0.296000000000,0.291000000000,-0.816000000000,-117.374000000,13.4660000000,-34.9010000000,350,351,269,281,267,"seq=22308,t_ms=559841,who=0x70,ax=0.296,ay=0.291,az=-0.816,gx=-117.374,gy=13.466,gz=-34.901,expected=-,pred=E,pred_conf=100.0,flex0_raw=350,flex0_norm=0.085,flex1_raw=351,flex1_norm=0.086,flex2_raw=269,flex2_norm=0.066,flex3_raw=281,flex3_norm=0.069,flex4_raw=267,flex4_norm=0.065",true
word-sequence-v1,session_20261005T212737_676Z,word_yes_0002,173,22309,559866,1791235687849,yes,words-draft,signer_02,neutral,0x70,0.265000000000,0.296000000000,-0.838000000000,-75.7330000000,8.15300000000,-22.9850000000,351,349,271,281,267,"seq=22309,t_ms=559866,who=0x70,ax=0.265,ay=0.296,az=-0.838,gx=-75.733,gy=8.153,gz=-22.985,expected=-,pred=E,pred_conf=100.0,flex0_raw=351,flex0_norm=0.086,flex1_raw=349,flex1_norm=0.085,flex2_raw=271,flex2_norm=0.066,flex3_raw=281,flex3_norm=0.069,flex4_raw=267,flex4_norm=0.065",true
word-sequence-v1,session_20261005T212737_676Z,word_yes_0002,174,22310,559891,1791235687859,yes,words-draft,signer_02,neutral,0x70,0.317000000000,0.262000000000,-0.872000000000,-51.8020000000,14.8170000000,-13.5650000000,351,351,270,282,267,"seq=22310,t_ms=559891,who=0x70,ax=0.317,ay=0.262,az=-0.872,gx=-51.802,gy=14.817,gz=-13.565,expected=-,pred=E,pred_conf=100.0,flex0_raw=351,flex0_norm=0.086,flex1_raw=351,flex1_norm=0.086,flex2_raw=270,flex2_norm=0.066,flex3_raw=282,flex3_norm=0.069,flex4_raw=267,flex4_norm=0.065",true
word-sequence-v1,session_20261005T212737_676Z,word_yes_0002,175,22311,559916,1791235687892,yes,words-draft,signer_02,neutral,0x70,0.358000000000,0.287000000000,-0.857000000000,-53.2210000000,18.5650000000,-10.3280000000,351,350,271,283,268,"seq=22311,t_ms=559916,who=0x70,ax=0.358,ay=0.287,az=-0.857,gx=-53.221,gy=18.565,gz=-10.328,expected=-,pred=E,pred_conf=100.0,flex0_raw=351,flex0_norm=0.086,flex1_raw=350,flex1_norm=0.085,flex2_raw=271,flex2_norm=0.066,flex3_raw=283,flex3_norm=0.069,flex4_raw=268,flex4_norm=0.065",true
word-sequence-v1,session_20261005T212737_676Z,word_yes_0002,176,22312,559941,1791235687935,yes,words-draft,signer_02,neutral,0x70,0.287000000000,0.347000000000,-0.825000000000,-42.7860000000,10.1070000000,-10.9620000000,352,353,274,282,267,"seq=22312,t_ms=559941,who=0x70,ax=0.287,ay=0.347,az=-0.825,gx=-42.786,gy=10.107,gz=-10.962,expected=-,pred=E,pred_conf=100.0,flex0_raw=352,flex0_norm=0.086,flex1_raw=353,flex1_norm=0.086,flex2_raw=274,flex2_norm=0.067,flex3_raw=282,flex3_norm=0.069,flex4_raw=267,flex4_norm=0.065",true
word-sequence-v1,session_20261005T212737_676Z,word_yes_0002,177,22313,559966,1791235687960,yes,words-draft,signer_02,neutral,0x70,0.250000000000,0.384000000000,-0.816000000000,-26.7100000000,-8.41200000000,-6.19100000000,355,354,275,283,267,"seq=22313,t_ms=559966,who=0x70,ax=0.250,ay=0.384,az=-0.816,gx=-26.710,gy=-8.412,gz=-6.191,expected=-,pred=E,pred_conf=100.0,flex0_raw=355,flex0_norm=0.087,flex1_raw=354,flex1_norm=0.086,flex2_raw=275,flex2_norm=0.067,flex3_raw=283,flex3_norm=0.069,flex4_raw=267,flex4_norm=0.065",true
word-sequence-v1,session_20261005T212737_676Z,word_yes_0002,178,22314,559991,1791235687961,yes,words-draft,signer_02,neutral,0x70,0.332000000000,0.331000000000,-0.897000000000,-19.5040000000,-5.36600000000,-2.32800000000,356,356,277,283,267,"seq=22314,t_ms=559991,who=0x70,ax=0.332,ay=0.331,az=-0.897,gx=-19.504,gy=-5.366,gz=-2.328,expected=-,pred=E,pred_conf=100.0,flex0_raw=356,flex0_norm=0.087,flex1_raw=356,flex1_norm=0.087,flex2_raw=277,flex2_norm=0.068,flex3_raw=283,flex3_norm=0.069,flex4_raw=267,flex4_norm=0.065",true
word-sequence-v1,session_20261005T212737_676Z,word_yes_0002,179,22315,560016,1791235687995,yes,words-draft,signer_02,neutral,0x70,0.338000000000,0.336000000000,-0.895000000000,-25.3210000000,9.10700000000,-2.39700000000,357,355,277,283,267,"seq=22315,t_ms=560016,who=0x70,ax=0.338,ay=0.336,az=-0.895,gx=-25.321,gy=9.107,gz=-2.397,expected=-,pred=E,pred_conf=100.0,flex0_raw=357,flex0_norm=0.087,flex1_raw=355,flex1_norm=0.087,flex2_raw=277,flex2_norm=0.068,flex3_raw=283,flex3_norm=0.069,flex4_raw=267,flex4_norm=0.065",true
word-sequence-v1,session_20261005T212737_676Z,word_yes_0002,180,22316,560041,1791235688032,yes,words-draft,signer_02,neutral,0x70,0.290000000000,0.384000000000,-0.869000000000,-23.2600000000,5.32100000000,0.344000000000,356,356,277,283,266,"seq=22316,t_ms=560041,who=0x70,ax=0.290,ay=0.384,az=-0.869,gx=-23.260,gy=5.321,gz=0.344,expected=-,pred=E,pred_conf=100.0,flex0_raw=356,flex0_norm=0.087,flex1_raw=356,flex1_norm=0.087,flex2_raw=277,flex2_norm=0.068,flex3_raw=283,flex3_norm=0.069,flex4_raw=266,flex4_norm=0.065",true
word-sequence-v1,session_20261005T212737_676Z,word_yes_0002,181,22317,560066,1791235688060,yes,words-draft,signer_02,neutral,0x70,0.285000000000,0.421000000000,-0.846000000000,-13.9920000000,0.931000000000,0.748000000000,356,355,277,285,267,"seq=22317,t_ms=560066,who=0x70,ax=0.285,ay=0.421,az=-0.846,gx=-13.992,gy=0.931,gz=0.748,expected=-,pred=E,pred_conf=100.0,flex0_raw=356,flex0_norm=0.087,flex1_raw=355,flex1_norm=0.087,flex2_raw=277,flex2_norm=0.068,flex3_raw=285,flex3_norm=0.070,flex4_raw=267,flex4_norm=0.065",true
word-sequence-v1,session_20261005T212737_676Z,word_yes_0002,182,22318,560091,1791235688099,yes,words-draft,signer_02,neutral,0x70,0.354000000000,0.381000000000,-0.862000000000,-1.93100000000,5.76300000000,-1.17600000000,356,355,277,284,267,"seq=22318,t_ms=560091,who=0x70,ax=0.354,ay=0.381,az=-0.862,gx=-1.931,gy=5.763,gz=-1.176,expected=-,pred=E,pred_conf=100.0,flex0_raw=356,flex0_norm=0.087,flex1_raw=355,flex1_norm=0.087,flex2_raw=277,flex2_norm=0.068,flex3_raw=284,flex3_norm=0.069,flex4_raw=267,flex4_norm=0.065",true
word-sequence-v1,session_20261005T212737_676Z,word_yes_0002,183,22319,560116,1791235688100,yes,words-draft,signer_02,neutral,0x70,0.335000000000,0.367000000000,-0.886000000000,1.38200000000,7.40500000000,-3.83200000000,355,355,275,284,268,"seq=22319,t_ms=560116,who=0x70,ax=0.335,ay=0.367,az=-0.886,gx=1.382,gy=7.405,gz=-3.832,expected=-,pred=E,pred_conf=100.0,flex0_raw=355,flex0_norm=0.087,flex1_raw=355,flex1_norm=0.087,flex2_raw=275,flex2_norm=0.067,flex3_raw=284,flex3_norm=0.069,flex4_raw=268,flex4_norm=0.065",true
word-sequence-v1,session_20261005T212737_676Z,word_yes_0002,184,22320,560141,1791235688102,yes,words-draft,signer_02,neutral,0x70,0.311000000000,0.374000000000,-0.890000000000,-1.32800000000,10.0610000000,-1.40500000000,356,355,277,284,266,"seq=22320,t_ms=560141,who=0x70,ax=0.311,ay=0.374,az=-0.890,gx=-1.328,gy=10.061,gz=-1.405,expected=-,pred=E,pred_conf=100.0,flex0_raw=356,flex0_norm=0.087,flex1_raw=355,flex1_norm=0.087,flex2_raw=277,flex2_norm=0.068,flex3_raw=284,flex3_norm=0.069,flex4_raw=266,flex4_norm=0.065",true
word-sequence-v1,session_20261005T212737_676Z,word_yes_0002,185,22321,560166,1791235688128,yes,words-draft,signer_02,neutral,0x70,0.329000000000,0.391000000000,-0.892000000000,0.931000000000,8.90100000000,-1.62600000000,355,355,277,285,267,"seq=22321,t_ms=560166,who=0x70,ax=0.329,ay=0.391,az=-0.892,gx=0.931,gy=8.901,gz=-1.626,expected=-,pred=E,pred_conf=100.0,flex0_raw=355,flex0_norm=0.087,flex1_raw=355,flex1_norm=0.087,flex2_raw=277,flex2_norm=0.068,flex3_raw=285,flex3_norm=0.070,flex4_raw=267,flex4_norm=0.065",true
word-sequence-v1,session_20261005T212737_676Z,word_yes_0002,186,22322,560191,1791235688163,yes,words-draft,signer_02,neutral,0x70,0.332000000000,0.360000000000,-0.894000000000,1.83200000000,2.71800000000,-1.19100000000,356,355,277,285,268,"seq=22322,t_ms=560191,who=0x70,ax=0.332,ay=0.360,az=-0.894,gx=1.832,gy=2.718,gz=-1.191,expected=-,pred=E,pred_conf=100.0,flex0_raw=356,flex0_norm=0.087,flex1_raw=355,flex1_norm=0.087,flex2_raw=277,flex2_norm=0.068,flex3_raw=285,flex3_norm=0.070,flex4_raw=268,flex4_norm=0.065",true
word-sequence-v1,session_20261005T212737_676Z,word_yes_0002,187,22323,560216,1791235688193,yes,words-draft,signer_02,neutral,0x70,0.322000000000,0.349000000000,-0.883000000000,-2.89300000000,-3.55000000000,2.71800000000,356,356,277,285,268,"seq=22323,t_ms=560216,who=0x70,ax=0.322,ay=0.349,az=-0.883,gx=-2.893,gy=-3.550,gz=2.718,expected=-,pred=E,pred_conf=100.0,flex0_raw=356,flex0_norm=0.087,flex1_raw=356,flex1_norm=0.087,flex2_raw=277,flex2_norm=0.068,flex3_raw=285,flex3_norm=0.070,flex4_raw=268,flex4_norm=0.065",true
word-sequence-v1,session_20261005T212737_676Z,word_yes_0002,188,22324,560241,1791235688230,yes,words-draft,signer_02,neutral,0x70,0.311000000000,0.357000000000,-0.895000000000,-8.76300000000,-3.96200000000,3.48100000000,357,355,277,284,269,"seq=22324,t_ms=560241,who=0x70,ax=0.311,ay=0.357,az=-0.895,gx=-8.763,gy=-3.962,gz=3.481,expected=-,pred=E,pred_conf=100.0,flex0_raw=357,flex0_norm=0.087,flex1_raw=355,flex1_norm=0.087,flex2_raw=277,flex2_norm=0.068,flex3_raw=284,flex3_norm=0.069,flex4_raw=269,flex4_norm=0.066",true
word-sequence-v1,session_20261005T212737_676Z,word_yes_0002,189,22325,560266,1791235688260,yes,words-draft,signer_02,neutral,0x70,0.337000000000,0.389000000000,-0.882000000000,-4.77100000000,-2.19100000000,1.98500000000,357,355,276,283,268,"seq=22325,t_ms=560266,who=0x70,ax=0.337,ay=0.389,az=-0.882,gx=-4.771,gy=-2.191,gz=1.985,expected=-,pred=E,pred_conf=100.0,flex0_raw=357,flex0_norm=0.087,flex1_raw=355,flex1_norm=0.087,flex2_raw=276,flex2_norm=0.067,flex3_raw=283,flex3_norm=0.069,flex4_raw=268,flex4_norm=0.065",true
word-sequence-v1,session_20261005T212737_676Z,word_yes_0002,190,22326,560291,1791235688301,yes,words-draft,signer_02,neutral,0x70,0.340000000000,0.339000000000,-0.878000000000,-4.73300000000,-0.649000000000,0.351000000000,355,355,277,284,268,"seq=22326,t_ms=560291,who=0x70,ax=0.340,ay=0.339,az=-0.878,gx=-4.733,gy=-0.649,gz=0.351,expected=-,pred=E,pred_conf=100.0,flex0_raw=355,flex0_norm=0.087,flex1_raw=355,flex1_norm=0.087,flex2_raw=277,flex2_norm=0.068,flex3_raw=284,flex3_norm=0.069,flex4_raw=268,flex4_norm=0.065",true
word-sequence-v1,session_20261005T212737_676Z,word_yes_0002,191,22327,560316,1791235688302,yes,words-draft,signer_02,neutral,0x70,0.318000000000,0.391000000000,-0.873000000000,-7.22900000000,-2.31300000000,-1.70200000000,355,355,276,284,268,"seq=22327,t_ms=560316,who=0x70,ax=0.318,ay=0.391,az=-0.873,gx=-7.229,gy=-2.313,gz=-1.702,expected=-,pred=E,pred_conf=100.0,flex0_raw=355,flex0_norm=0.087,flex1_raw=355,flex1_norm=0.087,flex2_raw=276,flex2_norm=0.067,flex3_raw=284,flex3_norm=0.069,flex4_raw=268,flex4_norm=0.065",true
word-sequence-v1,session_20261005T212737_676Z,word_yes_0002,192,22328,560341,1791235688308,yes,words-draft,signer_02,neutral,0x70,0.306000000000,0.361000000000,-0.886000000000,-2.41200000000,-1.36600000000,-0.802000000000,356,354,276,283,269,"seq=22328,t_ms=560341,who=0x70,ax=0.306,ay=0.361,az=-0.886,gx=-2.412,gy=-1.366,gz=-0.802,expected=-,pred=E,pred_conf=100.0,flex0_raw=356,flex0_norm=0.087,flex1_raw=354,flex1_norm=0.086,flex2_raw=276,flex2_norm=0.067,flex3_raw=283,flex3_norm=0.069,flex4_raw=269,flex4_norm=0.066",true
word-sequence-v1,session_20261005T212737_676Z,word_yes_0002,193,22329,560366,1791235688339,yes,words-draft,signer_02,neutral,0x70,0.327000000000,0.343000000000,-0.922000000000,1.29800000000,4.06100000000,0.908000000000,355,355,276,283,267,"seq=22329,t_ms=560366,who=0x70,ax=0.327,ay=0.343,az=-0.922,gx=1.298,gy=4.061,gz=0.908,expected=-,pred=E,pred_conf=100.0,flex0_raw=355,flex0_norm=0.087,flex1_raw=355,flex1_norm=0.087,flex2_raw=276,flex2_norm=0.067,flex3_raw=283,flex3_norm=0.069,flex4_raw=267,flex4_norm=0.065",true
word-sequence-v1,session_20261005T212737_676Z,word_yes_0002,194,22330,560391,1791235688374,yes,words-draft,signer_02,neutral,0x70,0.340000000000,0.350000000000,-0.907000000000,-1.19100000000,5.19100000000,2.17600000000,355,355,277,283,268,"seq=22330,t_ms=560391,who=0x70,ax=0.340,ay=0.350,az=-0.907,gx=-1.191,gy=5.191,gz=2.176,expected=-,pred=E,pred_conf=100.0,flex0_raw=355,flex0_norm=0.087,flex1_raw=355,flex1_norm=0.087,flex2_raw=277,flex2_norm=0.068,flex3_raw=283,flex3_norm=0.069,flex4_raw=268,flex4_norm=0.065",true
word-sequence-v1,session_20261005T212737_676Z,word_yes_0002,195,22331,560416,1791235688405,yes,words-draft,signer_02,neutral,0x70,0.294000000000,0.378000000000,-0.885000000000,-8.10700000000,3.84700000000,2.96900000000,356,355,276,283,269,"seq=22331,t_ms=560416,who=0x70,ax=0.294,ay=0.378,az=-0.885,gx=-8.107,gy=3.847,gz=2.969,expected=-,pred=E,pred_conf=100.0,flex0_raw=356,flex0_norm=0.087,flex1_raw=355,flex1_norm=0.087,flex2_raw=276,flex2_norm=0.067,flex3_raw=283,flex3_norm=0.069,flex4_raw=269,flex4_norm=0.066",true
word-sequence-v1,session_20261005T212737_676Z,word_yes_0002,196,22332,560441,1791235688406,yes,words-draft,signer_02,neutral,0x70,0.312000000000,0.369000000000,-0.865000000000,-1.82400000000,2.19100000000,-0.305000000000,354,355,275,284,269,"seq=22332,t_ms=560441,who=0x70,ax=0.312,ay=0.369,az=-0.865,gx=-1.824,gy=2.191,gz=-0.305,expected=-,pred=E,pred_conf=100.0,flex0_raw=354,flex0_norm=0.086,flex1_raw=355,flex1_norm=0.087,flex2_raw=275,flex2_norm=0.067,flex3_raw=284,flex3_norm=0.069,flex4_raw=269,flex4_norm=0.066",true
word-sequence-v1,session_20261005T212737_676Z,word_yes_0002,197,22333,560466,1791235688441,yes,words-draft,signer_02,neutral,0x70,0.324000000000,0.327000000000,-0.885000000000,0.748000000000,3.04600000000,1.53400000000,357,355,277,283,268,"seq=22333,t_ms=560466,who=0x70,ax=0.324,ay=0.327,az=-0.885,gx=0.748,gy=3.046,gz=1.534,expected=-,pred=E,pred_conf=100.0,flex0_raw=357,flex0_norm=0.087,flex1_raw=355,flex1_norm=0.087,flex2_raw=277,flex2_norm=0.068,flex3_raw=283,flex3_norm=0.069,flex4_raw=268,flex4_norm=0.065",true
word-sequence-v1,session_20261005T212737_676Z,word_yes_0002,198,22334,560491,1791235688470,yes,words-draft,signer_02,neutral,0x70,0.339000000000,0.338000000000,-0.903000000000,-2.38200000000,13.4200000000,1.71800000000,355,356,277,283,268,"seq=22334,t_ms=560491,who=0x70,ax=0.339,ay=0.338,az=-0.903,gx=-2.382,gy=13.420,gz=1.718,expected=-,pred=E,pred_conf=100.0,flex0_raw=355,flex0_norm=0.087,flex1_raw=356,flex1_norm=0.087,flex2_raw=277,flex2_norm=0.068,flex3_raw=283,flex3_norm=0.069,flex4_raw=268,flex4_norm=0.065",true
word-sequence-v1,session_20261005T212737_676Z,word_yes_0002,199,22335,560516,1791235688506,yes,words-draft,signer_02,neutral,0x70,0.303000000000,0.375000000000,-0.880000000000,-5.14500000000,13.6490000000,0.840000000000,356,355,277,284,268,"seq=22335,t_ms=560516,who=0x70,ax=0.303,ay=0.375,az=-0.880,gx=-5.145,gy=13.649,gz=0.840,expected=-,pred=E,pred_conf=100.0,flex0_raw=356,flex0_norm=0.087,flex1_raw=355,flex1_norm=0.087,flex2_raw=277,flex2_norm=0.068,flex3_raw=284,flex3_norm=0.069,flex4_raw=268,flex4_norm=0.065",true
word-sequence-v1,session_20261005T212737_676Z,word_yes_0002,200,22336,560541,1791235688536,yes,words-draft,signer_02,neutral,0x70,0.335000000000,0.357000000000,-0.885000000000,-2.78600000000,7.16800000000,0.282000000000,355,355,276,283,268,"seq=22336,t_ms=560541,who=0x70,ax=0.335,ay=0.357,az=-0.885,gx=-2.786,gy=7.168,gz=0.282,expected=-,pred=E,pred_conf=100.0,flex0_raw=355,flex0_norm=0.087,flex1_raw=355,flex1_norm=0.087,flex2_raw=276,flex2_norm=0.067,flex3_raw=283,flex3_norm=0.069,flex4_raw=268,flex4_norm=0.065",true
word-sequence-v1,session_20261005T212737_676Z,word_yes_0003,0,22783,571721,1791235699694,yes,words-draft,signer_03,neutral,0x70,0.176000000000,0.229000000000,-0.971000000000,-0.183000000000,1.03800000000,-0.481000000000,357,355,245,294,318,"seq=22783,t_ms=571721,who=0x70,ax=0.176,ay=0.229,az=-0.971,gx=-0.183,gy=1.038,gz=-0.481,expected=-,pred=E,pred_conf=100.0,flex0_raw=357,flex0_norm=0.087,flex1_raw=355,flex1_norm=0.087,flex2_raw=245,flex2_norm=0.060,flex3_raw=294,flex3_norm=0.072,flex4_raw=318,flex4_norm=0.078",true
word-sequence-v1,session_20261005T212737_676Z,word_yes_0003,1,22784,571746,1791235699753,yes,words-draft,signer_03,neutral,0x70,0.163000000000,0.241000000000,-0.963000000000,-2.86300000000,-0.649000000000,-0.374000000000,357,356,245,292,317,"seq=22784,t_ms=571746,who=0x70,ax=0.163,ay=0.241,az=-0.963,gx=-2.863,gy=-0.649,gz=-0.374,expected=-,pred=E,pred_conf=100.0,flex0_raw=357,flex0_norm=0.087,flex1_raw=356,flex1_norm=0.087,flex2_raw=245,flex2_norm=0.060,flex3_raw=292,flex3_norm=0.071,flex4_raw=317,flex4_norm=0.077",true
word-sequence-v1,session_20261005T212737_676Z,word_yes_0003,2,22785,571771,1791235699756,yes,words-draft,signer_03,neutral,0x70,0.163000000000,0.231000000000,-0.988000000000,-2.42700000000,-0.0530000000000,-1.19800000000,357,355,244,293,317,"seq=22785,t_ms=571771,who=0x70,ax=0.163,ay=0.231,az=-0.988,gx=-2.427,gy=-0.053,gz=-1.198,expected=-,pred=E,pred_conf=100.0,flex0_raw=357,flex0_norm=0.087,flex1_raw=355,flex1_norm=0.087,flex2_raw=244,flex2_norm=0.060,flex3_raw=293,flex3_norm=0.072,flex4_raw=317,flex4_norm=0.077",true
word-sequence-v1,session_20261005T212737_676Z,word_yes_0003,3,22786,571796,1791235699787,yes,words-draft,signer_03,neutral,0x70,0.176000000000,0.224000000000,-1.00500000000,-1.80900000000,1.39700000000,-1.71000000000,357,355,243,293,316,"seq=22786,t_ms=571796,who=0x70,ax=0.176,ay=0.224,az=-1.005,gx=-1.809,gy=1.397,gz=-1.710,expected=-,pred=E,pred_conf=100.0,flex0_raw=357,flex0_norm=0.087,flex1_raw=355,flex1_norm=0.087,flex2_raw=243,flex2_norm=0.059,flex3_raw=293,flex3_norm=0.072,flex4_raw=316,flex4_norm=0.077",true
word-sequence-v1,session_20261005T212737_676Z,word_yes_0003,4,22787,571821,1791235699820,yes,words-draft,signer_03,neutral,0x70,0.177000000000,0.222000000000,-0.992000000000,-12.3280000000,4.18300000000,-4.09900000000,357,356,245,291,316,"seq=22787,t_ms=571821,who=0x70,ax=0.177,ay=0.222,az=-0.992,gx=-12.328,gy=4.183,gz=-4.099,expected=-,pred=E,pred_conf=100.0,flex0_raw=357,flex0_norm=0.087,flex1_raw=356,flex1_norm=0.087,flex2_raw=245,flex2_norm=0.060,flex3_raw=291,flex3_norm=0.071,flex4_raw=316,flex4_norm=0.077",true
word-sequence-v1,session_20261005T212737_676Z,word_yes_0003,5,22788,571846,1791235699851,yes,words-draft,signer_03,neutral,0x70,0.161000000000,0.230000000000,-1.01700000000,-33.3740000000,4.09200000000,-9.28200000000,357,355,246,292,316,"seq=22788,t_ms=571846,who=0x70,ax=0.161,ay=0.230,az=-1.017,gx=-33.374,gy=4.092,gz=-9.282,expected=-,pred=E,pred_conf=100.0,flex0_raw=357,flex0_norm=0.087,flex1_raw=355,flex1_norm=0.087,flex2_raw=246,flex2_norm=0.060,flex3_raw=292,flex3_norm=0.071,flex4_raw=316,flex4_norm=0.077",true
word-sequence-v1,session_20261005T212737_676Z,word_yes_0003,6,22789,571871,1791235699851,yes,words-draft,signer_03,neutral,0x70,0.153000000000,0.247000000000,-1.03400000000,-54.7020000000,-2.71800000000,-10.8170000000,357,357,248,287,314,"seq=22789,t_ms=571871,who=0x70,ax=0.153,ay=0.247,az=-1.034,gx=-54.702,gy=-2.718,gz=-10.817,expected=-,pred=E,pred_conf=100.0,flex0_raw=357,flex0_norm=0.087,flex1_raw=357,flex1_norm=0.087,flex2_raw=248,flex2_norm=0.061,flex3_raw=287,flex3_norm=0.070,flex4_raw=314,flex4_norm=0.077",true
word-sequence-v1,session_20261005T212737_676Z,word_yes_0003,7,22790,571896,1791235699858,yes,words-draft,signer_03,neutral,0x70,0.137000000000,0.308000000000,-1.01300000000,-86.9310000000,-18.8320000000,-14.1300000000,357,357,249,287,311,"seq=22790,t_ms=571896,who=0x70,ax=0.137,ay=0.308,az=-1.013,gx=-86.931,gy=-18.832,gz=-14.130,expected=-,pred=E,pred_conf=100.0,flex0_raw=357,flex0_norm=0.087,flex1_raw=357,flex1_norm=0.087,flex2_raw=249,flex2_norm=0.061,flex3_raw=287,flex3_norm=0.070,flex4_raw=311,flex4_norm=0.076",true
word-sequence-v1,session_20261005T212737_676Z,word_yes_0003,8,22791,571921,1791235699888,yes,words-draft,signer_03,neutral,0x70,0.160000000000,0.262000000000,-1.05300000000,-141.519000000,-35.8550000000,-13.2370000000,359,359,252,287,309,"seq=22791,t_ms=571921,who=0x70,ax=0.160,ay=0.262,az=-1.053,gx=-141.519,gy=-35.855,gz=-13.237,expected=-,pred=E,pred_conf=100.0,flex0_raw=359,flex0_norm=0.088,flex1_raw=359,flex1_norm=0.088,flex2_raw=252,flex2_norm=0.062,flex3_raw=287,flex3_norm=0.070,flex4_raw=309,flex4_norm=0.075",true
word-sequence-v1,session_20261005T212737_676Z,word_yes_0003,9,22792,571946,1791235699919,yes,words-draft,signer_03,neutral,0x70,0.154000000000,0.299000000000,-1.03200000000,-192.962000000,-33.3970000000,-8.45800000000,358,359,253,287,304,"seq=22792,t_ms=571946,who=0x70,ax=0.154,ay=0.299,az=-1.032,gx=-192.962,gy=-33.397,gz=-8.458,expected=-,pred=E,pred_conf=100.0,flex0_raw=358,flex0_norm=0.087,flex1_raw=359,flex1_norm=0.088,flex2_raw=253,flex2_norm=0.062,flex3_raw=287,flex3_norm=0.070,flex4_raw=304,flex4_norm=0.074",true
word-sequence-v1,session_20261005T212737_676Z,word_yes_0003,10,22793,571971,1791235699956,yes,words-draft,signer_03,neutral,0x70,0.122000000000,0.464000000000,-1.00600000000,-207.305000000,-22.5880000000,-6.74000000000,360,359,253,285,301,"seq=22793,t_ms=571971,who=0x70,ax=0.122,ay=0.464,az=-1.006,gx=-207.305,gy=-22.588,gz=-6.740,expected=-,pred=E,pred_conf=100.0,flex0_raw=360,flex0_norm=0.088,flex1_raw=359,flex1_norm=0.088,flex2_raw=253,flex2_norm=0.062,flex3_raw=285,flex3_norm=0.070,flex4_raw=301,flex4_norm=0.074",true
word-sequence-v1,session_20261005T212737_676Z,word_yes_0003,11,22794,571996,1791235699986,yes,words-draft,signer_03,neutral,0x70,0.115000000000,0.527000000000,-0.968000000000,-195.817000000,-28.3440000000,-11.6950000000,360,360,255,286,302,"seq=22794,t_ms=571996,who=0x70,ax=0.115,ay=0.527,az=-0.968,gx=-195.817,gy=-28.344,gz=-11.695,expected=-,pred=E,pred_conf=100.0,flex0_raw=360,flex0_norm=0.088,flex1_raw=360,flex1_norm=0.088,flex2_raw=255,flex2_norm=0.062,flex3_raw=286,flex3_norm=0.070,flex4_raw=302,flex4_norm=0.074",true
word-sequence-v1,session_20261005T212737_676Z,word_yes_0003,12,22795,572021,1791235699986,yes,words-draft,signer_03,neutral,0x70,0.100000000000,0.602000000000,-0.832000000000,-198.863000000,-24.2440000000,-22.4730000000,361,360,255,285,297,"seq=22795,t_ms=572021,who=0x70,ax=0.100,ay=0.602,az=-0.832,gx=-198.863,gy=-24.244,gz=-22.473,expected=-,pred=E,pred_conf=100.0,flex0_raw=361,flex0_norm=0.088,flex1_raw=360,flex1_norm=0.088,flex2_raw=255,flex2_norm=0.062,flex3_raw=285,flex3_norm=0.070,flex4_raw=297,flex4_norm=0.073",true
word-sequence-v1,session_20261005T212737_676Z,word_yes_0003,13,22796,572046,1791235700019,yes,words-draft,signer_03,neutral,0x70,0.129000000000,0.687000000000,-0.689000000000,-177.565000000,0.191000000000,-20.0760000000,360,359,255,283,295,"seq=22796,t_ms=572046,who=0x70,ax=0.129,ay=0.687,az=-0.689,gx=-177.565,gy=0.191,gz=-20.076,expected=-,pred=E,pred_conf=100.0,flex0_raw=360,flex0_norm=0.088,flex1_raw=359,flex1_norm=0.088,flex2_raw=255,flex2_norm=0.062,flex3_raw=283,flex3_norm=0.069,flex4_raw=295,flex4_norm=0.072",true
word-sequence-v1,session_20261005T212737_676Z,word_yes_0003,14,22797,572071,1791235700051,yes,words-draft,signer_03,neutral,0x70,0.0810000000000,0.728000000000,-0.595000000000,-159.588000000,19.3210000000,-13.6260000000,361,359,254,281,291,"seq=22797,t_ms=572071,who=0x70,ax=0.081,ay=0.728,az=-0.595,gx=-159.588,gy=19.321,gz=-13.626,expected=-,pred=E,pred_conf=100.0,flex0_raw=361,flex0_norm=0.088,flex1_raw=359,flex1_norm=0.088,flex2_raw=254,flex2_norm=0.062,flex3_raw=281,flex3_norm=0.069,flex4_raw=291,flex4_norm=0.071",true
word-sequence-v1,session_20261005T212737_676Z,word_yes_0003,15,22798,572096,1791235700084,yes,words-draft,signer_03,neutral,0x70,0.0680000000000,0.713000000000,-0.604000000000,-143.450000000,20.1910000000,-12.4430000000,361,361,253,277,284,"seq=22798,t_ms=572096,who=0x70,ax=0.068,ay=0.713,az=-0.604,gx=-143.450,gy=20.191,gz=-12.443,expected=-,pred=E,pred_conf=100.0,flex0_raw=361,flex0_norm=0.088,flex1_raw=361,flex1_norm=0.088,flex2_raw=253,flex2_norm=0.062,flex3_raw=277,flex3_norm=0.068,flex4_raw=284,flex4_norm=0.069",true
word-sequence-v1,session_20261005T212737_676Z,word_yes_0003,16,22799,572122,1791235700119,yes,words-draft,signer_03,neutral,0x70,0.106000000000,0.833000000000,-0.418000000000,-118.290000000,21.9690000000,-8.48100000000,363,363,255,272,282,"seq=22799,t_ms=572122,who=0x70,ax=0.106,ay=0.833,az=-0.418,gx=-118.290,gy=21.969,gz=-8.481,expected=-,pred=E,pred_conf=100.0,flex0_raw=363,flex0_norm=0.089,flex1_raw=363,flex1_norm=0.089,flex2_raw=255,flex2_norm=0.062,flex3_raw=272,flex3_norm=0.066,flex4_raw=282,flex4_norm=0.069",true
word-sequence-v1,session_20261005T212737_676Z,word_yes_0003,17,22800,572147,1791235700158,yes,words-draft,signer_03,neutral,0x70,0.0790000000000,0.843000000000,-0.399000000000,-65.4500000000,12.4810000000,-11.5270000000,363,361,255,275,278,"seq=22800,t_ms=572147,who=0x70,ax=0.079,ay=0.843,az=-0.399,gx=-65.450,gy=12.481,gz=-11.527,expected=-,pred=E,pred_conf=100.0,flex0_raw=363,flex0_norm=0.089,flex1_raw=361,flex1_norm=0.088,flex2_raw=255,flex2_norm=0.062,flex3_raw=275,flex3_norm=0.067,flex4_raw=278,flex4_norm=0.068",true
word-sequence-v1,session_20261005T212737_676Z,word_yes_0003,18,22801,572172,1791235700159,yes,words-draft,signer_03,neutral,0x70,0.0660000000000,0.781000000000,-0.396000000000,-30.3890000000,0.443000000000,-7.64900000000,362,361,255,275,275,"seq=22801,t_ms=572172,who=0x70,ax=0.066,ay=0.781,az=-0.396,gx=-30.389,gy=0.443,gz=-7.649,expected=-,pred=E,pred_conf=100.0,flex0_raw=362,flex0_norm=0.088,flex1_raw=361,flex1_norm=0.088,flex2_raw=255,flex2_norm=0.062,flex3_raw=275,flex3_norm=0.067,flex4_raw=275,flex4_norm=0.067",true
word-sequence-v1,session_20261005T212737_676Z,word_yes_0003,19,22802,572197,1791235700160,yes,words-draft,signer_03,neutral,0x70,0.102000000000,0.807000000000,-0.304000000000,16.6030000000,1.22100000000,6.18300000000,363,361,255,270,274,"seq=22802,t_ms=572197,who=0x70,ax=0.102,ay=0.807,az=-0.304,gx=16.603,gy=1.221,gz=6.183,expected=-,pred=E,pred_conf=100.0,flex0_raw=363,flex0_norm=0.089,flex1_raw=361,flex1_norm=0.088,flex2_raw=255,flex2_norm=0.062,flex3_raw=270,flex3_norm=0.066,flex4_raw=274,flex4_norm=0.067",true
word-sequence-v1,session_20261005T212737_676Z,word_yes_0003,20,22803,572222,1791235700213,yes,words-draft,signer_03,neutral,0x70,0.126000000000,0.835000000000,-0.274000000000,108.221000000,2.19800000000,11.8020000000,361,359,254,271,275,"seq=22803,t_ms=572222,who=0x70,ax=0.126,ay=0.835,az=-0.274,gx=108.221,gy=2.198,gz=11.802,expected=-,pred=E,pred_conf=100.0,flex0_raw=361,flex0_norm=0.088,flex1_raw=359,flex1_norm=0.088,flex2_raw=254,flex2_norm=0.062,flex3_raw=271,flex3_norm=0.066,flex4_raw=275,flex4_norm=0.067",true
word-sequence-v1,session_20261005T212737_676Z,word_yes_0003,21,22804,572247,1791235700236,yes,words-draft,signer_03,neutral,0x70,0.199000000000,0.748000000000,-0.330000000000,211.695000000,2.93100000000,4.74800000000,356,355,252,271,276,"seq=22804,t_ms=572247,who=0x70,ax=0.199,ay=0.748,az=-0.330,gx=211.695,gy=2.931,gz=4.748,expected=-,pred=E,pred_conf=100.0,flex0_raw=356,flex0_norm=0.087,flex1_raw=355,flex1_norm=0.087,flex2_raw=252,flex2_norm=0.062,flex3_raw=271,flex3_norm=0.066,flex4_raw=276,flex4_norm=0.067",true
word-sequence-v1,session_20261005T212737_676Z,word_yes_0003,22,22805,572272,1791235700277,yes,words-draft,signer_03,neutral,0x70,0.0410000000000,0.591000000000,-0.549000000000,250.130000000,-14.1300000000,3.43500000000,359,359,252,271,277,"seq=22805,t_ms=572272,who=0x70,ax=0.041,ay=0.591,az=-0.549,gx=250.130,gy=-14.130,gz=3.435,expected=-,pred=E,pred_conf=100.0,flex0_raw=359,flex0_norm=0.088,flex1_raw=359,flex1_norm=0.088,flex2_raw=252,flex2_norm=0.062,flex3_raw=271,flex3_norm=0.066,flex4_raw=277,flex4_norm=0.068",true
word-sequence-v1,session_20261005T212737_676Z,word_yes_0003,23,22806,572297,1791235700278,yes,words-draft,signer_03,neutral,0x70,0.0180000000000,0.354000000000,-0.758000000000,250.130000000,-25.8630000000,20.5950000000,359,358,253,271,279,"seq=22806,t_ms=572297,who=0x70,ax=0.018,ay=0.354,az=-0.758,gx=250.130,gy=-25.863,gz=20.595,expected=-,pred=E,pred_conf=100.0,flex0_raw=359,flex0_norm=0.088,flex1_raw=358,flex1_norm=0.087,flex2_raw=253,flex2_norm=0.062,flex3_raw=271,flex3_norm=0.066,flex4_raw=279,flex4_norm=0.068",true
word-sequence-v1,session_20261005T212737_676Z,word_yes_0003,24,22807,572322,1791235700280,yes,words-draft,signer_03,neutral,0x70,0.185000000000,0.368000000000,-0.733000000000,250.130000000,-5.73300000000,35.7480000000,358,357,252,274,281,"seq=22807,t_ms=572322,who=0x70,ax=0.185,ay=0.368,az=-0.733,gx=250.130,gy=-5.733,gz=35.748,expected=-,pred=E,pred_conf=100.0,flex0_raw=358,flex0_norm=0.087,flex1_raw=357,flex1_norm=0.087,flex2_raw=252,flex2_norm=0.062,flex3_raw=274,flex3_norm=0.067,flex4_raw=281,flex4_norm=0.069",true
word-sequence-v1,session_20261005T212737_676Z,word_yes_0003,25,22808,572347,1791235700308,yes,words-draft,signer_03,neutral,0x70,0.170000000000,0.179000000000,-1.00600000000,250.130000000,27.9470000000,-6.57300000000,358,356,253,271,279,"seq=22808,t_ms=572347,who=0x70,ax=0.170,ay=0.179,az=-1.006,gx=250.130,gy=27.947,gz=-6.573,expected=-,pred=E,pred_conf=100.0,flex0_raw=358,flex0_norm=0.087,flex1_raw=356,flex1_norm=0.087,flex2_raw=253,flex2_norm=0.062,flex3_raw=271,flex3_norm=0.066,flex4_raw=279,flex4_norm=0.068",true
word-sequence-v1,session_20261005T212737_676Z,word_yes_0003,26,22809,572372,1791235700342,yes,words-draft,signer_03,neutral,0x70,0.0450000000000,0.00300000000000,-1.17200000000,250.130000000,67.2900000000,3.94700000000,359,357,254,271,280,"seq=22809,t_ms=572372,who=0x70,ax=0.045,ay=0.003,az=-1.172,gx=250.130,gy=67.290,gz=3.947,expected=-,pred=E,pred_conf=100.0,flex0_raw=359,flex0_norm=0.088,flex1_raw=357,flex1_norm=0.087,flex2_raw=254,flex2_norm=0.062,flex3_raw=271,flex3_norm=0.066,flex4_raw=280,flex4_norm=0.068",true
word-sequence-v1,session_20261005T212737_676Z,word_yes_0003,27,22810,572397,1791235700370,yes,words-draft,signer_03,neutral,0x70,0.174000000000,0.0220000000000,-0.950000000000,242.366000000,85.2820000000,31.2900000000,357,358,252,271,282,"seq=22810,t_ms=572397,who=0x70,ax=0.174,ay=0.022,az=-0.950,gx=242.366,gy=85.282,gz=31.290,expected=-,pred=E,pred_conf=100.0,flex0_raw=357,flex0_norm=0.087,flex1_raw=358,flex1_norm=0.087,flex2_raw=252,flex2_norm=0.062,flex3_raw=271,flex3_norm=0.066,flex4_raw=282,flex4_norm=0.069",true
word-sequence-v1,session_20261005T212737_676Z,word_yes_0003,28,22811,572422,1791235700407,yes,words-draft,signer_03,neutral,0x70,0.329000000000,0.0290000000000,-0.855000000000,250.130000000,88.2670000000,17.0460000000,359,357,251,271,283,"seq=22811,t_ms=572422,who=0x70,ax=0.329,ay=0.029,az=-0.855,gx=250.130,gy=88.267,gz=17.046,expected=-,pred=E,pred_conf=100.0,flex0_raw=359,flex0_norm=0.088,flex1_raw=357,flex1_norm=0.087,flex2_raw=251,flex2_norm=0.061,flex3_raw=271,flex3_norm=0.066,flex4_raw=283,flex4_norm=0.069",true
word-sequence-v1,session_20261005T212737_676Z,word_yes_0003,29,22812,572447,1791235700438,yes,words-draft,signer_03,neutral,0x70,0.308000000000,-0.167000000000,-1.07100000000,250.130000000,73.2290000000,-5.94700000000,357,357,251,273,284,"seq=22812,t_ms=572447,who=0x70,ax=0.308,ay=-0.167,az=-1.071,gx=250.130,gy=73.229,gz=-5.947,expected=-,pred=E,pred_conf=100.0,flex0_raw=357,flex0_norm=0.087,flex1_raw=357,flex1_norm=0.087,flex2_raw=251,flex2_norm=0.061,flex3_raw=273,flex3_norm=0.067,flex4_raw=284,flex4_norm=0.069",true
word-sequence-v1,session_20261005T212737_676Z,word_yes_0003,30,22813,572472,1791235700438,yes,words-draft,signer_03,neutral,0x70,0.207000000000,-0.300000000000,-1.10800000000,210.611000000,39.0310000000,7.50400000000,356,356,253,273,284,"seq=22813,t_ms=572472,who=0x70,ax=0.207,ay=-0.300,az=-1.108,gx=210.611,gy=39.031,gz=7.504,expected=-,pred=E,pred_conf=100.0,flex0_raw=356,flex0_norm=0.087,flex1_raw=356,flex1_norm=0.087,flex2_raw=253,flex2_norm=0.062,flex3_raw=273,flex3_norm=0.067,flex4_raw=284,flex4_norm=0.069",true
word-sequence-v1,session_20261005T212737_676Z,word_yes_0003,31,22814,572497,1791235700489,yes,words-draft,signer_03,neutral,0x70,0.257000000000,-0.423000000000,-1.04700000000,150.420000000,28.8780000000,23.9690000000,357,357,251,277,284,"seq=22814,t_ms=572497,who=0x70,ax=0.257,ay=-0.423,az=-1.047,gx=150.420,gy=28.878,gz=23.969,expected=-,pred=E,pred_conf=100.0,flex0_raw=357,flex0_norm=0.087,flex1_raw=357,flex1_norm=0.087,flex2_raw=251,flex2_norm=0.061,flex3_raw=277,flex3_norm=0.068,flex4_raw=284,flex4_norm=0.069",true
word-sequence-v1,session_20261005T212737_676Z,word_yes_0003,32,22815,572522,1791235700490,yes,words-draft,signer_03,neutral,0x70,0.340000000000,-0.406000000000,-1.14600000000,84.6790000000,20.0610000000,18.4660000000,359,357,253,277,285,"seq=22815,t_ms=572522,who=0x70,ax=0.340,ay=-0.406,az=-1.146,gx=84.679,gy=20.061,gz=18.466,expected=-,pred=E,pred_conf=100.0,flex0_raw=359,flex0_norm=0.088,flex1_raw=357,flex1_norm=0.087,flex2_raw=253,flex2_norm=0.062,flex3_raw=277,flex3_norm=0.068,flex4_raw=285,flex4_norm=0.070",true
word-sequence-v1,session_20261005T212737_676Z,word_yes_0003,33,22816,572547,1791235700519,yes,words-draft,signer_03,neutral,0x70,0.264000000000,-0.400000000000,-1.16800000000,38.2440000000,-2.13000000000,6.59500000000,358,357,251,278,284,"seq=22816,t_ms=572547,who=0x70,ax=0.264,ay=-0.400,az=-1.168,gx=38.244,gy=-2.130,gz=6.595,expected=-,pred=E,pred_conf=100.0,flex0_raw=358,flex0_norm=0.087,flex1_raw=357,flex1_norm=0.087,flex2_raw=251,flex2_norm=0.061,flex3_raw=278,flex3_norm=0.068,flex4_raw=284,flex4_norm=0.069",true
word-sequence-v1,session_20261005T212737_676Z,word_yes_0003,34,22817,572572,1791235700560,yes,words-draft,signer_03,neutral,0x70,0.247000000000,-0.417000000000,-1.06900000000,-14.4580000000,-8.95400000000,4.26700000000,359,357,253,277,285,"seq=22817,t_ms=572572,who=0x70,ax=0.247,ay=-0.417,az=-1.069,gx=-14.458,gy=-8.954,gz=4.267,expected=-,pred=E,pred_conf=100.0,flex0_raw=359,flex0_norm=0.088,flex1_raw=357,flex1_norm=0.087,flex2_raw=253,flex2_norm=0.062,flex3_raw=277,flex3_norm=0.068,flex4_raw=285,flex4_norm=0.070",true
word-sequence-v1,session_20261005T212737_676Z,word_yes_0003,35,22818,572597,1791235700598,yes,words-draft,signer_03,neutral,0x70,0.228000000000,-0.400000000000,-1.11400000000,-79.4350000000,-5.26000000000,-0.603000000000,357,357,253,277,285,"seq=22818,t_ms=572597,who=0x70,ax=0.228,ay=-0.400,az=-1.114,gx=-79.435,gy=-5.260,gz=-0.603,expected=-,pred=E,pred_conf=100.0,flex0_raw=357,flex0_norm=0.087,flex1_raw=357,flex1_norm=0.087,flex2_raw=253,flex2_norm=0.062,flex3_raw=277,flex3_norm=0.068,flex4_raw=285,flex4_norm=0.070",true
word-sequence-v1,session_20261005T212737_676Z,word_yes_0003,36,22819,572622,1791235700598,yes,words-draft,signer_03,neutral,0x70,0.227000000000,-0.357000000000,-1.14000000000,-153.489000000,-7.80900000000,-5.73300000000,358,357,253,277,286,"seq=22819,t_ms=572622,who=0x70,ax=0.227,ay=-0.357,az=-1.140,gx=-153.489,gy=-7.809,gz=-5.733,expected=-,pred=E,pred_conf=100.0,flex0_raw=358,flex0_norm=0.087,flex1_raw=357,flex1_norm=0.087,flex2_raw=253,flex2_norm=0.062,flex3_raw=277,flex3_norm=0.068,flex4_raw=286,flex4_norm=0.070",true
word-sequence-v1,session_20261005T212737_676Z,word_yes_0003,37,22820,572647,1791235700623,yes,words-draft,signer_03,neutral,0x70,0.280000000000,-0.294000000000,-1.13100000000,-231.252000000,-6.50400000000,-10.0150000000,359,358,255,276,285,"seq=22820,t_ms=572647,who=0x70,ax=0.280,ay=-0.294,az=-1.131,gx=-231.252,gy=-6.504,gz=-10.015,expected=-,pred=E,pred_conf=100.0,flex0_raw=359,flex0_norm=0.088,flex1_raw=358,flex1_norm=0.087,flex2_raw=255,flex2_norm=0.062,flex3_raw=276,flex3_norm=0.067,flex4_raw=285,flex4_norm=0.070",true
word-sequence-v1,session_20261005T212737_676Z,word_yes_0003,38,22821,572672,1791235700647,yes,words-draft,signer_03,neutral,0x70,0.259000000000,-0.230000000000,-1.10300000000,-250.137000000,-2.21400000000,-21.4890000000,361,360,261,276,283,"seq=22821,t_ms=572672,who=0x70,ax=0.259,ay=-0.230,az=-1.103,gx=-250.137,gy=-2.214,gz=-21.489,expected=-,pred=E,pred_conf=100.0,flex0_raw=361,flex0_norm=0.088,flex1_raw=360,flex1_norm=0.088,flex2_raw=261,flex2_norm=0.064,flex3_raw=276,flex3_norm=0.067,flex4_raw=283,flex4_norm=0.069",true
word-sequence-v1,session_20261005T212737_676Z,word_yes_0003,39,22822,572697,1791235700710,yes,words-draft,signer_03,neutral,0x70,0.239000000000,-0.0440000000000,-1.10500000000,-250.137000000,-17.3510000000,-33.6870000000,361,361,263,275,284,"seq=22822,t_ms=572697,who=0x70,ax=0.239,ay=-0.044,az=-1.105,gx=-250.137,gy=-17.351,gz=-33.687,expected=-,pred=E,pred_conf=100.0,flex0_raw=361,flex0_norm=0.088,flex1_raw=361,flex1_norm=0.088,flex2_raw=263,flex2_norm=0.064,flex3_raw=275,flex3_norm=0.067,flex4_raw=284,flex4_norm=0.069",true
word-sequence-v1,session_20261005T212737_676Z,word_yes_0003,40,22823,572722,1791235700711,yes,words-draft,signer_03,neutral,0x70,0.245000000000,0.0180000000000,-1.06000000000,-250.137000000,-30.2520000000,-38.9310000000,363,362,266,274,282,"seq=22823,t_ms=572722,who=0x70,ax=0.245,ay=0.018,az=-1.060,gx=-250.137,gy=-30.252,gz=-38.931,expected=-,pred=E,pred_conf=100.0,flex0_raw=363,flex0_norm=0.089,flex1_raw=362,flex1_norm=0.088,flex2_raw=266,flex2_norm=0.065,flex3_raw=274,flex3_norm=0.067,flex4_raw=282,flex4_norm=0.069",true
word-sequence-v1,session_20261005T212737_676Z,word_yes_0003,41,22824,572747,1791235700712,yes,words-draft,signer_03,neutral,0x70,0.240000000000,0.197000000000,-0.933000000000,-250.137000000,-37.9310000000,-37.2900000000,363,363,269,272,281,"seq=22824,t_ms=572747,who=0x70,ax=0.240,ay=0.197,az=-0.933,gx=-250.137,gy=-37.931,gz=-37.290,expected=-,pred=E,pred_conf=100.0,flex0_raw=363,flex0_norm=0.089,flex1_raw=363,flex1_norm=0.089,flex2_raw=269,flex2_norm=0.066,flex3_raw=272,flex3_norm=0.066,flex4_raw=281,flex4_norm=0.069",true
word-sequence-v1,session_20261005T212737_676Z,word_yes_0003,42,22825,572772,1791235700735,yes,words-draft,signer_03,neutral,0x70,0.149000000000,0.444000000000,-0.826000000000,-250.137000000,-42.2370000000,-53.5270000000,364,364,271,274,280,"seq=22825,t_ms=572772,who=0x70,ax=0.149,ay=0.444,az=-0.826,gx=-250.137,gy=-42.237,gz=-53.527,expected=-,pred=E,pred_conf=100.0,flex0_raw=364,flex0_norm=0.089,flex1_raw=364,flex1_norm=0.089,flex2_raw=271,flex2_norm=0.066,flex3_raw=274,flex3_norm=0.067,flex4_raw=280,flex4_norm=0.068",true
word-sequence-v1,session_20261005T212737_676Z,word_yes_0003,43,22826,572797,1791235700772,yes,words-draft,signer_03,neutral,0x70,0.197000000000,0.636000000000,-0.607000000000,-250.137000000,-39.4960000000,-55.1600000000,363,363,269,271,279,"seq=22826,t_ms=572797,who=0x70,ax=0.197,ay=0.636,az=-0.607,gx=-250.137,gy=-39.496,gz=-55.160,expected=-,pred=E,pred_conf=100.0,flex0_raw=363,flex0_norm=0.089,flex1_raw=363,flex1_norm=0.089,flex2_raw=269,flex2_norm=0.066,flex3_raw=271,flex3_norm=0.066,flex4_raw=279,flex4_norm=0.068",true
word-sequence-v1,session_20261005T212737_676Z,word_yes_0003,44,22827,572822,1791235700803,yes,words-draft,signer_03,neutral,0x70,0.0510000000000,0.736000000000,-0.570000000000,-250.137000000,-18.7400000000,-45.9390000000,363,362,269,271,279,"seq=22827,t_ms=572822,who=0x70,ax=0.051,ay=0.736,az=-0.570,gx=-250.137,gy=-18.740,gz=-45.939,expected=-,pred=E,pred_conf=100.0,flex0_raw=363,flex0_norm=0.089,flex1_raw=362,flex1_norm=0.088,flex2_raw=269,flex2_norm=0.066,flex3_raw=271,flex3_norm=0.066,flex4_raw=279,flex4_norm=0.068",true
word-sequence-v1,session_20261005T212737_676Z,word_yes_0003,45,22828,572847,1791235700836,yes,words-draft,signer_03,neutral,0x70,0.163000000000,0.732000000000,-0.442000000000,-182.405000000,-26.8850000000,-48.6030000000,363,363,270,268,275,"seq=22828,t_ms=572847,who=0x70,ax=0.163,ay=0.732,az=-0.442,gx=-182.405,gy=-26.885,gz=-48.603,expected=-,pred=E,pred_conf=100.0,flex0_raw=363,flex0_norm=0.089,flex1_raw=363,flex1_norm=0.089,flex2_raw=270,flex2_norm=0.066,flex3_raw=268,flex3_norm=0.065,flex4_raw=275,flex4_norm=0.067",true
word-sequence-v1,session_20261005T212737_676Z,word_yes_0003,46,22829,572872,1791235700874,yes,words-draft,signer_03,neutral,0x70,0.0830000000000,0.737000000000,-0.288000000000,-123.275000000,-16.4810000000,-38.7100000000,365,364,269,285,274,"seq=22829,t_ms=572872,who=0x70,ax=0.083,ay=0.737,az=-0.288,gx=-123.275,gy=-16.481,gz=-38.710,expected=-,pred=E,pred_conf=100.0,flex0_raw=365,flex0_norm=0.089,flex1_raw=364,flex1_norm=0.089,flex2_raw=269,flex2_norm=0.066,flex3_raw=285,flex3_norm=0.070,flex4_raw=274,flex4_norm=0.067",true
word-sequence-v1,session_20261005T212737_676Z,word_yes_0003,47,22830,572897,1791235700878,yes,words-draft,signer_03,neutral,0x70,0.0460000000000,0.786000000000,-0.388000000000,-64.6950000000,0.305000000000,-17.6410000000,363,363,269,265,270,"seq=22830,t_ms=572897,who=0x70,ax=0.046,ay=0.786,az=-0.388,gx=-64.695,gy=0.305,gz=-17.641,expected=-,pred=E,pred_conf=100.0,flex0_raw=363,flex0_norm=0.089,flex1_raw=363,flex1_norm=0.089,flex2_raw=269,flex2_norm=0.066,flex3_raw=265,flex3_norm=0.065,flex4_raw=270,flex4_norm=0.066",true
word-sequence-v1,session_20261005T212737_676Z,word_yes_0003,48,22831,572922,1791235700899,yes,words-draft,signer_03,neutral,0x70,0.0820000000000,0.734000000000,-0.389000000000,-36.5800000000,6.51900000000,-5.77900000000,363,363,269,265,268,"seq=22831,t_ms=572922,who=0x70,ax=0.082,ay=0.734,az=-0.389,gx=-36.580,gy=6.519,gz=-5.779,expected=-,pred=E,pred_conf=100.0,flex0_raw=363,flex0_norm=0.089,flex1_raw=363,flex1_norm=0.089,flex2_raw=269,flex2_norm=0.066,flex3_raw=265,flex3_norm=0.065,flex4_raw=268,flex4_norm=0.065",true
word-sequence-v1,session_20261005T212737_676Z,word_yes_0003,49,22832,572947,1791235700921,yes,words-draft,signer_03,neutral,0x70,0.0760000000000,0.835000000000,-0.301000000000,18.8400000000,15.9390000000,11.3510000000,363,362,268,265,268,"seq=22832,t_ms=572947,who=0x70,ax=0.076,ay=0.835,az=-0.301,gx=18.840,gy=15.939,gz=11.351,expected=-,pred=E,pred_conf=100.0,flex0_raw=363,flex0_norm=0.089,flex1_raw=362,flex1_norm=0.088,flex2_raw=268,flex2_norm=0.065,flex3_raw=265,flex3_norm=0.065,flex4_raw=268,flex4_norm=0.065",true
word-sequence-v1,session_20261005T212737_676Z,word_yes_0003,50,22833,572972,1791235700947,yes,words-draft,signer_03,neutral,0x70,0.0830000000000,0.790000000000,-0.441000000000,77.4660000000,5.26700000000,15.9390000000,362,361,268,264,267,"seq=22833,t_ms=572972,who=0x70,ax=0.083,ay=0.790,az=-0.441,gx=77.466,gy=5.267,gz=15.939,expected=-,pred=E,pred_conf=100.0,flex0_raw=362,flex0_norm=0.088,flex1_raw=361,flex1_norm=0.088,flex2_raw=268,flex2_norm=0.065,flex3_raw=264,flex3_norm=0.064,flex4_raw=267,flex4_norm=0.065",true
word-sequence-v1,session_20261005T212737_676Z,word_yes_0003,51,22834,572997,1791235700980,yes,words-draft,signer_03,neutral,0x70,0.107000000000,0.762000000000,-0.514000000000,91.8930000000,19.2670000000,16.8470000000,362,361,269,264,270,"seq=22834,t_ms=572997,who=0x70,ax=0.107,ay=0.762,az=-0.514,gx=91.893,gy=19.267,gz=16.847,expected=-,pred=E,pred_conf=100.0,flex0_raw=362,flex0_norm=0.088,flex1_raw=361,flex1_norm=0.088,flex2_raw=269,flex2_norm=0.066,flex3_raw=264,flex3_norm=0.064,flex4_raw=270,flex4_norm=0.066",true
word-sequence-v1,session_20261005T212737_676Z,word_yes_0003,52,22835,573022,1791235701017,yes,words-draft,signer_03,neutral,0x70,0.148000000000,0.753000000000,-0.451000000000,128.374000000,34.2750000000,21.5650000000,363,361,267,269,271,"seq=22835,t_ms=573022,who=0x70,ax=0.148,ay=0.753,az=-0.451,gx=128.374,gy=34.275,gz=21.565,expected=-,pred=E,pred_conf=100.0,flex0_raw=363,flex0_norm=0.089,flex1_raw=361,flex1_norm=0.088,flex2_raw=267,flex2_norm=0.065,flex3_raw=269,flex3_norm=0.066,flex4_raw=271,flex4_norm=0.066",true
word-sequence-v1,session_20261005T212737_676Z,word_yes_0003,53,22836,573047,1791235701047,yes,words-draft,signer_03,neutral,0x70,0.139000000000,0.812000000000,-0.582000000000,199.450000000,40.0990000000,34.6870000000,358,357,267,265,270,"seq=22836,t_ms=573047,who=0x70,ax=0.139,ay=0.812,az=-0.582,gx=199.450,gy=40.099,gz=34.687,expected=-,pred=E,pred_conf=100.0,flex0_raw=358,flex0_norm=0.087,flex1_raw=357,flex1_norm=0.087,flex2_raw=267,flex2_norm=0.065,flex3_raw=265,flex3_norm=0.065,flex4_raw=270,flex4_norm=0.066",true
word-sequence-v1,session_20261005T212737_676Z,word_yes_0003,54,22837,573072,1791235701048,yes,words-draft,signer_03,neutral,0x70,0.116000000000,0.590000000000,-0.656000000000,214.603000000,20.6180000000,33.1370000000,358,357,268,265,275,"seq=22837,t_ms=573072,who=0x70,ax=0.116,ay=0.590,az=-0.656,gx=214.603,gy=20.618,gz=33.137,expected=-,pred=E,pred_conf=100.0,flex0_raw=358,flex0_norm=0.087,flex1_raw=357,flex1_norm=0.087,flex2_raw=268,flex2_norm=0.065,flex3_raw=265,flex3_norm=0.065,flex4_raw=275,flex4_norm=0.067",true
word-sequence-v1,session_20261005T212737_676Z,word_yes_0003,55,22838,573097,1791235701087,yes,words-draft,signer_03,neutral,0x70,0.201000000000,0.531000000000,-0.608000000000,223.237000000,51.3210000000,21.8850000000,354,355,265,266,276,"seq=22838,t_ms=573097,who=0x70,ax=0.201,ay=0.531,az=-0.608,gx=223.237,gy=51.321,gz=21.885,expected=-,pred=E,pred_conf=100.0,flex0_raw=354,flex0_norm=0.086,flex1_raw=355,flex1_norm=0.087,flex2_raw=265,flex2_norm=0.065,flex3_raw=266,flex3_norm=0.065,flex4_raw=276,flex4_norm=0.067",true
word-sequence-v1,session_20261005T212737_676Z,word_yes_0003,56,22839,573122,1791235701119,yes,words-draft,signer_03,neutral,0x70,0.182000000000,0.430000000000,-0.822000000000,250.130000000,56.9470000000,28.9690000000,357,357,264,265,276,"seq=22839,t_ms=573122,who=0x70,ax=0.182,ay=0.430,az=-0.822,gx=250.130,gy=56.947,gz=28.969,expected=-,pred=E,pred_conf=100.0,flex0_raw=357,flex0_norm=0.087,flex1_raw=357,flex1_norm=0.087,flex2_raw=264,flex2_norm=0.064,flex3_raw=265,flex3_norm=0.065,flex4_raw=276,flex4_norm=0.067",true
word-sequence-v1,session_20261005T212737_676Z,word_yes_0003,57,22840,573147,1791235701121,yes,words-draft,signer_03,neutral,0x70,0.160000000000,0.263000000000,-1.01100000000,250.130000000,23.9310000000,35.4270000000,359,359,269,267,276,"seq=22840,t_ms=573147,who=0x70,ax=0.160,ay=0.263,az=-1.011,gx=250.130,gy=23.931,gz=35.427,expected=-,pred=E,pred_conf=100.0,flex0_raw=359,flex0_norm=0.088,flex1_raw=359,flex1_norm=0.088,flex2_raw=269,flex2_norm=0.066,flex3_raw=267,flex3_norm=0.065,flex4_raw=276,flex4_norm=0.067",true
word-sequence-v1,session_20261005T212737_676Z,word_yes_0003,58,22841,573172,1791235701155,yes,words-draft,signer_03,neutral,0x70,0.146000000000,0.0750000000000,-1.00900000000,215.115000000,16.6410000000,40.3440000000,359,358,268,269,278,"seq=22841,t_ms=573172,who=0x70,ax=0.146,ay=0.075,az=-1.009,gx=215.115,gy=16.641,gz=40.344,expected=-,pred=E,pred_conf=100.0,flex0_raw=359,flex0_norm=0.088,flex1_raw=358,flex1_norm=0.087,flex2_raw=268,flex2_norm=0.065,flex3_raw=269,flex3_norm=0.066,flex4_raw=278,flex4_norm=0.068",true
word-sequence-v1,session_20261005T212737_676Z,word_yes_0003,59,22842,573197,1791235701197,yes,words-draft,signer_03,neutral,0x70,0.329000000000,0.142000000000,-0.941000000000,181.107000000,19.5270000000,40.6030000000,357,357,266,267,277,"seq=22842,t_ms=573197,who=0x70,ax=0.329,ay=0.142,az=-0.941,gx=181.107,gy=19.527,gz=40.603,expected=-,pred=E,pred_conf=100.0,flex0_raw=357,flex0_norm=0.087,flex1_raw=357,flex1_norm=0.087,flex2_raw=266,flex2_norm=0.065,flex3_raw=267,flex3_norm=0.065,flex4_raw=277,flex4_norm=0.068",true
word-sequence-v1,session_20261005T212737_676Z,word_yes_0003,60,22843,573222,1791235701198,yes,words-draft,signer_03,neutral,0x70,0.283000000000,0.153000000000,-0.949000000000,250.130000000,14.7860000000,26.0690000000,351,354,264,267,279,"seq=22843,t_ms=573222,who=0x70,ax=0.283,ay=0.153,az=-0.949,gx=250.130,gy=14.786,gz=26.069,expected=-,pred=E,pred_conf=100.0,flex0_raw=351,flex0_norm=0.086,flex1_raw=354,flex1_norm=0.086,flex2_raw=264,flex2_norm=0.064,flex3_raw=267,flex3_norm=0.065,flex4_raw=279,flex4_norm=0.068",true
word-sequence-v1,session_20261005T212737_676Z,word_yes_0003,61,22844,573247,1791235701225,yes,words-draft,signer_03,neutral,0x70,0.239000000000,-0.125000000000,-1.04900000000,250.130000000,-10.8240000000,8.26000000000,356,354,265,266,280,"seq=22844,t_ms=573247,who=0x70,ax=0.239,ay=-0.125,az=-1.049,gx=250.130,gy=-10.824,gz=8.260,expected=-,pred=E,pred_conf=100.0,flex0_raw=356,flex0_norm=0.087,flex1_raw=354,flex1_norm=0.086,flex2_raw=265,flex2_norm=0.065,flex3_raw=266,flex3_norm=0.065,flex4_raw=280,flex4_norm=0.068",true
word-sequence-v1,session_20261005T212737_676Z,word_yes_0003,62,22845,573272,1791235701262,yes,words-draft,signer_03,neutral,0x70,0.214000000000,-0.317000000000,-1.09600000000,205.214000000,0.763000000000,1.26000000000,351,351,263,267,279,"seq=22845,t_ms=573272,who=0x70,ax=0.214,ay=-0.317,az=-1.096,gx=205.214,gy=0.763,gz=1.260,expected=-,pred=E,pred_conf=100.0,flex0_raw=351,flex0_norm=0.086,flex1_raw=351,flex1_norm=0.086,flex2_raw=263,flex2_norm=0.064,flex3_raw=267,flex3_norm=0.065,flex4_raw=279,flex4_norm=0.068",true
word-sequence-v1,session_20261005T212737_676Z,word_yes_0003,63,22846,573297,1791235701289,yes,words-draft,signer_03,neutral,0x70,0.263000000000,-0.271000000000,-1.08700000000,126.557000000,56.7790000000,12.1830000000,349,348,255,267,279,"seq=22846,t_ms=573297,who=0x70,ax=0.263,ay=-0.271,az=-1.087,gx=126.557,gy=56.779,gz=12.183,expected=-,pred=E,pred_conf=100.0,flex0_raw=349,flex0_norm=0.085,flex1_raw=348,flex1_norm=0.085,flex2_raw=255,flex2_norm=0.062,flex3_raw=267,flex3_norm=0.065,flex4_raw=279,flex4_norm=0.068",true
word-sequence-v1,session_20261005T212737_676Z,word_yes_0003,64,22847,573322,1791235701299,yes,words-draft,signer_03,neutral,0x70,0.291000000000,-0.251000000000,-1.04700000000,131.908000000,27.2750000000,11.7100000000,348,349,253,268,280,"seq=22847,t_ms=573322,who=0x70,ax=0.291,ay=-0.251,az=-1.047,gx=131.908,gy=27.275,gz=11.710,expected=-,pred=E,pred_conf=100.0,flex0_raw=348,flex0_norm=0.085,flex1_raw=349,flex1_norm=0.085,flex2_raw=253,flex2_norm=0.062,flex3_raw=268,flex3_norm=0.065,flex4_raw=280,flex4_norm=0.068",true
word-sequence-v1,session_20261005T212737_676Z,word_yes_0003,65,22848,573347,1791235701328,yes,words-draft,signer_03,neutral,0x70,0.282000000000,-0.415000000000,-1.14500000000,103.504000000,1.42000000000,2.10700000000,347,347,255,268,280,"seq=22848,t_ms=573347,who=0x70,ax=0.282,ay=-0.415,az=-1.145,gx=103.504,gy=1.420,gz=2.107,expected=-,pred=E,pred_conf=100.0,flex0_raw=347,flex0_norm=0.085,flex1_raw=347,flex1_norm=0.085,flex2_raw=255,flex2_norm=0.062,flex3_raw=268,flex3_norm=0.065,flex4_raw=280,flex4_norm=0.068",true
word-sequence-v1,session_20261005T212737_676Z,word_yes_0003,66,22849,573372,1791235701330,yes,words-draft,signer_03,neutral,0x70,0.290000000000,-0.439000000000,-1.12500000000,25.3510000000,8.69500000000,12.8400000000,347,347,255,269,281,"seq=22849,t_ms=573372,who=0x70,ax=0.290,ay=-0.439,az=-1.125,gx=25.351,gy=8.695,gz=12.840,expected=-,pred=E,pred_conf=100.0,flex0_raw=347,flex0_norm=0.085,flex1_raw=347,flex1_norm=0.085,flex2_raw=255,flex2_norm=0.062,flex3_raw=269,flex3_norm=0.066,flex4_raw=281,flex4_norm=0.069",true
word-sequence-v1,session_20261005T212737_676Z,word_yes_0003,67,22850,573397,1791235701358,yes,words-draft,signer_03,neutral,0x70,0.333000000000,-0.390000000000,-1.10600000000,-28.1760000000,2.29000000000,15.8020000000,347,348,254,269,280,"seq=22850,t_ms=573397,who=0x70,ax=0.333,ay=-0.390,az=-1.106,gx=-28.176,gy=2.290,gz=15.802,expected=-,pred=E,pred_conf=100.0,flex0_raw=347,flex0_norm=0.085,flex1_raw=348,flex1_norm=0.085,flex2_raw=254,flex2_norm=0.062,flex3_raw=269,flex3_norm=0.066,flex4_raw=280,flex4_norm=0.068",true
word-sequence-v1,session_20261005T212737_676Z,word_yes_0003,68,22851,573422,1791235701392,yes,words-draft,signer_03,neutral,0x70,0.293000000000,-0.353000000000,-1.11500000000,-69.5570000000,-13.9690000000,6.08400000000,349,348,255,269,280,"seq=22851,t_ms=573422,who=0x70,ax=0.293,ay=-0.353,az=-1.115,gx=-69.557,gy=-13.969,gz=6.084,expected=-,pred=E,pred_conf=100.0,flex0_raw=349,flex0_norm=0.085,flex1_raw=348,flex1_norm=0.085,flex2_raw=255,flex2_norm=0.062,flex3_raw=269,flex3_norm=0.066,flex4_raw=280,flex4_norm=0.068",true
word-sequence-v1,session_20261005T212737_676Z,word_yes_0003,69,22852,573447,1791235701425,yes,words-draft,signer_03,neutral,0x70,0.281000000000,-0.344000000000,-1.14000000000,-132.351000000,-12.4200000000,-4.32100000000,350,351,263,270,280,"seq=22852,t_ms=573447,who=0x70,ax=0.281,ay=-0.344,az=-1.140,gx=-132.351,gy=-12.420,gz=-4.321,expected=-,pred=E,pred_conf=100.0,flex0_raw=350,flex0_norm=0.085,flex1_raw=351,flex1_norm=0.086,flex2_raw=263,flex2_norm=0.064,flex3_raw=270,flex3_norm=0.066,flex4_raw=280,flex4_norm=0.068",true
word-sequence-v1,session_20261005T212737_676Z,word_yes_0003,70,22853,573472,1791235701462,yes,words-draft,signer_03,neutral,0x70,0.294000000000,-0.338000000000,-1.15100000000,-234.122000000,-8.13700000000,1.93100000000,356,357,263,271,281,"seq=22853,t_ms=573472,who=0x70,ax=0.294,ay=-0.338,az=-1.151,gx=-234.122,gy=-8.137,gz=1.931,expected=-,pred=E,pred_conf=100.0,flex0_raw=356,flex0_norm=0.087,flex1_raw=357,flex1_norm=0.087,flex2_raw=263,flex2_norm=0.064,flex3_raw=271,flex3_norm=0.066,flex4_raw=281,flex4_norm=0.069",true
word-sequence-v1,session_20261005T212737_676Z,word_yes_0003,71,22854,573497,1791235701489,yes,words-draft,signer_03,neutral,0x70,0.231000000000,-0.209000000000,-1.13700000000,-250.137000000,-3.53400000000,-1.06100000000,357,357,267,270,281,"seq=22854,t_ms=573497,who=0x70,ax=0.231,ay=-0.209,az=-1.137,gx=-250.137,gy=-3.534,gz=-1.061,expected=-,pred=E,pred_conf=100.0,flex0_raw=357,flex0_norm=0.087,flex1_raw=357,flex1_norm=0.087,flex2_raw=267,flex2_norm=0.065,flex3_raw=270,flex3_norm=0.066,flex4_raw=281,flex4_norm=0.069",true
word-sequence-v1,session_20261005T212737_676Z,word_yes_0003,72,22855,573522,1791235701490,yes,words-draft,signer_03,neutral,0x70,0.267000000000,-0.0810000000000,-1.07400000000,-250.137000000,-13.2600000000,-21.1300000000,360,359,269,271,280,"seq=22855,t_ms=573522,who=0x70,ax=0.267,ay=-0.081,az=-1.074,gx=-250.137,gy=-13.260,gz=-21.130,expected=-,pred=E,pred_conf=100.0,flex0_raw=360,flex0_norm=0.088,flex1_raw=359,flex1_norm=0.088,flex2_raw=269,flex2_norm=0.066,flex3_raw=271,flex3_norm=0.066,flex4_raw=280,flex4_norm=0.068",true
word-sequence-v1,session_20261005T212737_676Z,word_yes_0003,73,22856,573547,1791235701528,yes,words-draft,signer_03,neutral,0x70,0.225000000000,0.131000000000,-1.02800000000,-250.137000000,-22.9390000000,-28.3440000000,361,360,270,273,280,"seq=22856,t_ms=573547,who=0x70,ax=0.225,ay=0.131,az=-1.028,gx=-250.137,gy=-22.939,gz=-28.344,expected=-,pred=E,pred_conf=100.0,flex0_raw=361,flex0_norm=0.088,flex1_raw=360,flex1_norm=0.088,flex2_raw=270,flex2_norm=0.066,flex3_raw=273,flex3_norm=0.067,flex4_raw=280,flex4_norm=0.068",true
word-sequence-v1,session_20261005T212737_676Z,word_yes_0003,74,22857,573572,1791235701554,yes,words-draft,signer_03,neutral,0x70,0.222000000000,0.188000000000,-0.992000000000,-250.137000000,-31.8170000000,-21.7560000000,363,363,275,271,279,"seq=22857,t_ms=573572,who=0x70,ax=0.222,ay=0.188,az=-0.992,gx=-250.137,gy=-31.817,gz=-21.756,expected=-,pred=E,pred_conf=100.0,flex0_raw=363,flex0_norm=0.089,flex1_raw=363,flex1_norm=0.089,flex2_raw=275,flex2_norm=0.067,flex3_raw=271,flex3_norm=0.066,flex4_raw=279,flex4_norm=0.068",true
word-sequence-v1,session_20261005T212737_676Z,word_yes_0003,75,22858,573597,1791235701592,yes,words-draft,signer_03,neutral,0x70,0.264000000000,0.437000000000,-0.735000000000,-250.137000000,-24.2750000000,-31.3820000000,366,365,275,270,279,"seq=22858,t_ms=573597,who=0x70,ax=0.264,ay=0.437,az=-0.735,gx=-250.137,gy=-24.275,gz=-31.382,expected=-,pred=E,pred_conf=100.0,flex0_raw=366,flex0_norm=0.089,flex1_raw=365,flex1_norm=0.089,flex2_raw=275,flex2_norm=0.067,flex3_raw=270,flex3_norm=0.066,flex4_raw=279,flex4_norm=0.068",true
word-sequence-v1,session_20261005T212737_676Z,word_yes_0003,76,22859,573622,1791235701598,yes,words-draft,signer_03,neutral,0x70,0.124000000000,0.739000000000,-0.596000000000,-250.137000000,-24.5270000000,-46.4500000000,370,368,275,269,279,"seq=22859,t_ms=573622,who=0x70,ax=0.124,ay=0.739,az=-0.596,gx=-250.137,gy=-24.527,gz=-46.450,expected=-,pred=E,pred_conf=100.0,flex0_raw=370,flex0_norm=0.090,flex1_raw=368,flex1_norm=0.090,flex2_raw=275,flex2_norm=0.067,flex3_raw=269,flex3_norm=0.066,flex4_raw=279,flex4_norm=0.068",true
word-sequence-v1,session_20261005T212737_676Z,word_yes_0003,77,22860,573647,1791235701628,yes,words-draft,signer_03,neutral,0x70,0.160000000000,0.701000000000,-0.474000000000,-249.282000000,-38.4810000000,-48.8090000000,371,371,277,268,275,"seq=22860,t_ms=573647,who=0x70,ax=0.160,ay=0.701,az=-0.474,gx=-249.282,gy=-38.481,gz=-48.809,expected=-,pred=E,pred_conf=100.0,flex0_raw=371,flex0_norm=0.091,flex1_raw=371,flex1_norm=0.091,flex2_raw=277,flex2_norm=0.068,flex3_raw=268,flex3_norm=0.065,flex4_raw=275,flex4_norm=0.067",true
word-sequence-v1,session_20261005T212737_676Z,word_yes_0003,78,22861,573672,1791235701630,yes,words-draft,signer_03,neutral,0x70,0.182000000000,0.761000000000,-0.319000000000,-186.595000000,-17.6720000000,-45.7560000000,373,373,277,266,272,"seq=22861,t_ms=573672,who=0x70,ax=0.182,ay=0.761,az=-0.319,gx=-186.595,gy=-17.672,gz=-45.756,expected=-,pred=E,pred_conf=100.0,flex0_raw=373,flex0_norm=0.091,flex1_raw=373,flex1_norm=0.091,flex2_raw=277,flex2_norm=0.068,flex3_raw=266,flex3_norm=0.065,flex4_raw=272,flex4_norm=0.066",true
word-sequence-v1,session_20261005T212737_676Z,word_yes_0003,79,22862,573697,1791235701658,yes,words-draft,signer_03,neutral,0x70,0.0580000000000,0.805000000000,-0.294000000000,-106.511000000,-7.35100000000,-34.7100000000,375,373,277,265,271,"seq=22862,t_ms=573697,who=0x70,ax=0.058,ay=0.805,az=-0.294,gx=-106.511,gy=-7.351,gz=-34.710,expected=-,pred=E,pred_conf=100.0,flex0_raw=375,flex0_norm=0.092,flex1_raw=373,flex1_norm=0.091,flex2_raw=277,flex2_norm=0.068,flex3_raw=265,flex3_norm=0.065,flex4_raw=271,flex4_norm=0.066",true
word-sequence-v1,session_20261005T212737_676Z,word_yes_0003,80,22863,573722,1791235701689,yes,words-draft,signer_03,neutral,0x70,0.111000000000,0.761000000000,-0.257000000000,-54.5340000000,5.58000000000,-29.9240000000,375,373,278,263,270,"seq=22863,t_ms=573722,who=0x70,ax=0.111,ay=0.761,az=-0.257,gx=-54.534,gy=5.580,gz=-29.924,expected=-,pred=E,pred_conf=100.0,flex0_raw=375,flex0_norm=0.092,flex1_raw=373,flex1_norm=0.091,flex2_raw=278,flex2_norm=0.068,flex3_raw=263,flex3_norm=0.064,flex4_raw=270,flex4_norm=0.066",true
word-sequence-v1,session_20261005T212737_676Z,word_yes_0003,81,22864,573747,1791235701722,yes,words-draft,signer_03,neutral,0x70,0.110000000000,0.787000000000,-0.194000000000,10.1220000000,8.07600000000,-12.9470000000,375,374,277,265,270,"seq=22864,t_ms=573747,who=0x70,ax=0.110,ay=0.787,az=-0.194,gx=10.122,gy=8.076,gz=-12.947,expected=-,pred=E,pred_conf=100.0,flex0_raw=375,flex0_norm=0.092,flex1_raw=374,flex1_norm=0.091,flex2_raw=277,flex2_norm=0.068,flex3_raw=265,flex3_norm=0.065,flex4_raw=270,flex4_norm=0.066",true
word-sequence-v1,session_20261005T212737_676Z,word_yes_0003,82,22865,573772,1791235701761,yes,words-draft,signer_03,neutral,0x70,0.0760000000000,0.787000000000,-0.333000000000,80.0530000000,2.45000000000,8.06900000000,374,373,277,264,271,"seq=22865,t_ms=573772,who=0x70,ax=0.076,ay=0.787,az=-0.333,gx=80.053,gy=2.450,gz=8.069,expected=-,pred=E,pred_conf=100.0,flex0_raw=374,flex0_norm=0.091,flex1_raw=373,flex1_norm=0.091,flex2_raw=277,flex2_norm=0.068,flex3_raw=264,flex3_norm=0.064,flex4_raw=271,flex4_norm=0.066",true
word-sequence-v1,session_20261005T212737_676Z,word_yes_0003,83,22866,573797,1791235701786,yes,words-draft,signer_03,neutral,0x70,0.210000000000,0.726000000000,-0.448000000000,87.2900000000,14.9620000000,2.41200000000,372,372,277,264,271,"seq=22866,t_ms=573797,who=0x70,ax=0.210,ay=0.726,az=-0.448,gx=87.290,gy=14.962,gz=2.412,expected=-,pred=E,pred_conf=100.0,flex0_raw=372,flex0_norm=0.091,flex1_raw=372,flex1_norm=0.091,flex2_raw=277,flex2_norm=0.068,flex3_raw=264,flex3_norm=0.064,flex4_raw=271,flex4_norm=0.066",true
word-sequence-v1,session_20261005T212737_676Z,word_yes_0003,84,22867,573822,1791235701787,yes,words-draft,signer_03,neutral,0x70,0.0920000000000,0.777000000000,-0.410000000000,118.359000000,18.0080000000,6.27500000000,368,367,275,264,275,"seq=22867,t_ms=573822,who=0x70,ax=0.092,ay=0.777,az=-0.410,gx=118.359,gy=18.008,gz=6.275,expected=-,pred=E,pred_conf=100.0,flex0_raw=368,flex0_norm=0.090,flex1_raw=367,flex1_norm=0.090,flex2_raw=275,flex2_norm=0.067,flex3_raw=264,flex3_norm=0.064,flex4_raw=275,flex4_norm=0.067",true
word-sequence-v1,session_20261005T212737_676Z,word_yes_0003,85,22868,573847,1791235701825,yes,words-draft,signer_03,neutral,0x70,0.115000000000,0.856000000000,-0.411000000000,223.038000000,-5.44300000000,21.2900000000,360,359,269,265,275,"seq=22868,t_ms=573847,who=0x70,ax=0.115,ay=0.856,az=-0.411,gx=223.038,gy=-5.443,gz=21.290,expected=-,pred=E,pred_conf=100.0,flex0_raw=360,flex0_norm=0.088,flex1_raw=359,flex1_norm=0.088,flex2_raw=269,flex2_norm=0.066,flex3_raw=265,flex3_norm=0.065,flex4_raw=275,flex4_norm=0.067",true
word-sequence-v1,session_20261005T212737_676Z,word_yes_0003,86,22869,573872,1791235701854,yes,words-draft,signer_03,neutral,0x70,0.0330000000000,0.751000000000,-0.549000000000,250.130000000,0.252000000000,38.5420000000,351,349,267,265,275,"seq=22869,t_ms=573872,who=0x70,ax=0.033,ay=0.751,az=-0.549,gx=250.130,gy=0.252,gz=38.542,expected=-,pred=E,pred_conf=100.0,flex0_raw=351,flex0_norm=0.086,flex1_raw=349,flex1_norm=0.085,flex2_raw=267,flex2_norm=0.065,flex3_raw=265,flex3_norm=0.065,flex4_raw=275,flex4_norm=0.067",true
word-sequence-v1,session_20261005T212737_676Z,word_yes_0003,87,22870,573897,1791235701898,yes,words-draft,signer_03,neutral,0x70,0.176000000000,0.213000000000,-0.879000000000,250.130000000,-45.0230000000,44.2980000000,351,351,269,265,276,"seq=22870,t_ms=573897,who=0x70,ax=0.176,ay=0.213,az=-0.879,gx=250.130,gy=-45.023,gz=44.298,expected=-,pred=E,pred_conf=100.0,flex0_raw=351,flex0_norm=0.086,flex1_raw=351,flex1_norm=0.086,flex2_raw=269,flex2_norm=0.066,flex3_raw=265,flex3_norm=0.065,flex4_raw=276,flex4_norm=0.067",true
word-sequence-v1,session_20261005T212737_676Z,word_yes_0003,88,22871,573922,1791235701900,yes,words-draft,signer_03,neutral,0x70,0.281000000000,0.175000000000,-0.915000000000,250.130000000,-15.0920000000,22.3970000000,354,351,267,265,278,"seq=22871,t_ms=573922,who=0x70,ax=0.281,ay=0.175,az=-0.915,gx=250.130,gy=-15.092,gz=22.397,expected=-,pred=E,pred_conf=100.0,flex0_raw=354,flex0_norm=0.086,flex1_raw=351,flex1_norm=0.086,flex2_raw=267,flex2_norm=0.065,flex3_raw=265,flex3_norm=0.065,flex4_raw=278,flex4_norm=0.068",true
word-sequence-v1,session_20261005T212737_676Z,word_yes_0003,89,22872,573947,1791235701902,yes,words-draft,signer_03,neutral,0x70,0.159000000000,0.250000000000,-0.858000000000,250.130000000,63.5270000000,17.5650000000,347,347,262,264,276,"seq=22872,t_ms=573947,who=0x70,ax=0.159,ay=0.250,az=-0.858,gx=250.130,gy=63.527,gz=17.565,expected=-,pred=E,pred_conf=100.0,flex0_raw=347,flex0_norm=0.085,flex1_raw=347,flex1_norm=0.085,flex2_raw=262,flex2_norm=0.064,flex3_raw=264,flex3_norm=0.064,flex4_raw=276,flex4_norm=0.067",true
word-sequence-v1,session_20261005T212737_676Z,word_yes_0003,90,22873,573972,1791235701934,yes,words-draft,signer_03,neutral,0x70,0.129000000000,0.123000000000,-1.01700000000,250.130000000,44.1980000000,29.9240000000,349,349,264,263,276,"seq=22873,t_ms=573972,who=0x70,ax=0.129,ay=0.123,az=-1.017,gx=250.130,gy=44.198,gz=29.924,expected=-,pred=E,pred_conf=100.0,flex0_raw=349,flex0_norm=0.085,flex1_raw=349,flex1_norm=0.085,flex2_raw=264,flex2_norm=0.064,flex3_raw=263,flex3_norm=0.064,flex4_raw=276,flex4_norm=0.067",true
word-sequence-v1,session_20261005T212737_676Z,word_yes_0003,91,22874,573997,1791235701965,yes,words-draft,signer_03,neutral,0x70,0.202000000000,-0.206000000000,-1.21400000000,250.130000000,15.1370000000,12.7940000000,354,351,268,264,274,"seq=22874,t_ms=573997,who=0x70,ax=0.202,ay=-0.206,az=-1.214,gx=250.130,gy=15.137,gz=12.794,expected=-,pred=E,pred_conf=100.0,flex0_raw=354,flex0_norm=0.086,flex1_raw=351,flex1_norm=0.086,flex2_raw=268,flex2_norm=0.065,flex3_raw=264,flex3_norm=0.064,flex4_raw=274,flex4_norm=0.067",true
word-sequence-v1,session_20261005T212737_676Z,word_yes_0003,92,22875,574022,1791235702004,yes,words-draft,signer_03,neutral,0x70,0.289000000000,-0.458000000000,-1.12900000000,179.794000000,58.4200000000,8.16800000000,355,353,267,265,275,"seq=22875,t_ms=574022,who=0x70,ax=0.289,ay=-0.458,az=-1.129,gx=179.794,gy=58.420,gz=8.168,expected=-,pred=E,pred_conf=100.0,flex0_raw=355,flex0_norm=0.087,flex1_raw=353,flex1_norm=0.086,flex2_raw=267,flex2_norm=0.065,flex3_raw=265,flex3_norm=0.065,flex4_raw=275,flex4_norm=0.067",true
word-sequence-v1,session_20261005T212737_676Z,word_yes_0003,93,22876,574047,1791235702029,yes,words-draft,signer_03,neutral,0x70,0.214000000000,-0.153000000000,-1.07600000000,108.847000000,83.1070000000,23.4350000000,349,349,265,265,277,"seq=22876,t_ms=574047,who=0x70,ax=0.214,ay=-0.153,az=-1.076,gx=108.847,gy=83.107,gz=23.435,expected=-,pred=E,pred_conf=100.0,flex0_raw=349,flex0_norm=0.085,flex1_raw=349,flex1_norm=0.085,flex2_raw=265,flex2_norm=0.065,flex3_raw=265,flex3_norm=0.065,flex4_raw=277,flex4_norm=0.068",true
word-sequence-v1,session_20261005T212737_676Z,word_yes_0003,94,22877,574072,1791235702067,yes,words-draft,signer_03,neutral,0x70,0.152000000000,-0.0970000000000,-1.08700000000,151.053000000,-8.69500000000,18.6410000000,349,348,264,267,277,"seq=22877,t_ms=574072,who=0x70,ax=0.152,ay=-0.097,az=-1.087,gx=151.053,gy=-8.695,gz=18.641,expected=-,pred=E,pred_conf=100.0,flex0_raw=349,flex0_norm=0.085,flex1_raw=348,flex1_norm=0.085,flex2_raw=264,flex2_norm=0.064,flex3_raw=267,flex3_norm=0.065,flex4_raw=277,flex4_norm=0.068",true
word-sequence-v1,session_20261005T212737_676Z,word_yes_0003,95,22878,574097,1791235702098,yes,words-draft,signer_03,neutral,0x70,0.252000000000,-0.419000000000,-1.11700000000,110.084000000,-34.1220000000,2.52700000000,347,348,263,267,278,"seq=22878,t_ms=574097,who=0x70,ax=0.252,ay=-0.419,az=-1.117,gx=110.084,gy=-34.122,gz=2.527,expected=-,pred=E,pred_conf=100.0,flex0_raw=347,flex0_norm=0.085,flex1_raw=348,flex1_norm=0.085,flex2_raw=263,flex2_norm=0.064,flex3_raw=267,flex3_norm=0.065,flex4_raw=278,flex4_norm=0.068",true
word-sequence-v1,session_20261005T212737_676Z,word_yes_0003,96,22879,574122,1791235702099,yes,words-draft,signer_03,neutral,0x70,0.258000000000,-0.433000000000,-1.11100000000,30.2980000000,15.7940000000,2.28200000000,347,346,263,267,278,"seq=22879,t_ms=574122,who=0x70,ax=0.258,ay=-0.433,az=-1.111,gx=30.298,gy=15.794,gz=2.282,expected=-,pred=E,pred_conf=100.0,flex0_raw=347,flex0_norm=0.085,flex1_raw=346,flex1_norm=0.084,flex2_raw=263,flex2_norm=0.064,flex3_raw=267,flex3_norm=0.065,flex4_raw=278,flex4_norm=0.068",true
word-sequence-v1,session_20261005T212737_676Z,word_yes_0003,97,22880,574147,1791235702137,yes,words-draft,signer_03,neutral,0x70,0.244000000000,-0.304000000000,-1.10200000000,-20.8850000000,18.5650000000,4.09900000000,347,347,261,267,278,"seq=22880,t_ms=574147,who=0x70,ax=0.244,ay=-0.304,az=-1.102,gx=-20.885,gy=18.565,gz=4.099,expected=-,pred=E,pred_conf=100.0,flex0_raw=347,flex0_norm=0.085,flex1_raw=347,flex1_norm=0.085,flex2_raw=261,flex2_norm=0.064,flex3_raw=267,flex3_norm=0.065,flex4_raw=278,flex4_norm=0.068",true
word-sequence-v1,session_20261005T212737_676Z,word_yes_0003,98,22881,574172,1791235702138,yes,words-draft,signer_03,neutral,0x70,0.227000000000,-0.291000000000,-1.13500000000,-55.1910000000,5.88500000000,-7.29800000000,348,347,264,266,277,"seq=22881,t_ms=574172,who=0x70,ax=0.227,ay=-0.291,az=-1.135,gx=-55.191,gy=5.885,gz=-7.298,expected=-,pred=E,pred_conf=100.0,flex0_raw=348,flex0_norm=0.085,flex1_raw=347,flex1_norm=0.085,flex2_raw=264,flex2_norm=0.064,flex3_raw=266,flex3_norm=0.065,flex4_raw=277,flex4_norm=0.068",true
word-sequence-v1,session_20261005T212737_676Z,word_yes_0003,99,22882,574197,1791235702169,yes,words-draft,signer_03,neutral,0x70,0.260000000000,-0.305000000000,-1.15600000000,-127.420000000,-2.37400000000,-19.5340000000,349,349,264,267,277,"seq=22882,t_ms=574197,who=0x70,ax=0.260,ay=-0.305,az=-1.156,gx=-127.420,gy=-2.374,gz=-19.534,expected=-,pred=E,pred_conf=100.0,flex0_raw=349,flex0_norm=0.085,flex1_raw=349,flex1_norm=0.085,flex2_raw=264,flex2_norm=0.064,flex3_raw=267,flex3_norm=0.065,flex4_raw=277,flex4_norm=0.068",true
word-sequence-v1,session_20261005T212737_676Z,word_yes_0003,100,22883,574222,1791235702227,yes,words-draft,signer_03,neutral,0x70,0.240000000000,-0.244000000000,-1.15500000000,-196.282000000,-1.41200000000,-29.1600000000,355,355,267,268,277,"seq=22883,t_ms=574222,who=0x70,ax=0.240,ay=-0.244,az=-1.155,gx=-196.282,gy=-1.412,gz=-29.160,expected=-,pred=E,pred_conf=100.0,flex0_raw=355,flex0_norm=0.087,flex1_raw=355,flex1_norm=0.087,flex2_raw=267,flex2_norm=0.065,flex3_raw=268,flex3_norm=0.065,flex4_raw=277,flex4_norm=0.068",true
word-sequence-v1,session_20261005T212737_676Z,word_yes_0003,101,22884,574247,1791235702229,yes,words-draft,signer_03,neutral,0x70,0.191000000000,-0.150000000000,-1.11100000000,-250.137000000,-15.5110000000,-35.1220000000,358,358,271,267,271,"seq=22884,t_ms=574247,who=0x70,ax=0.191,ay=-0.150,az=-1.111,gx=-250.137,gy=-15.511,gz=-35.122,expected=-,pred=E,pred_conf=100.0,flex0_raw=358,flex0_norm=0.087,flex1_raw=358,flex1_norm=0.087,flex2_raw=271,flex2_norm=0.066,flex3_raw=267,flex3_norm=0.065,flex4_raw=271,flex4_norm=0.066",true
word-sequence-v1,session_20261005T212737_676Z,word_yes_0003,102,22885,574272,1791235702254,yes,words-draft,signer_03,neutral,0x70,0.232000000000,-0.141000000000,-1.08500000000,-250.137000000,-14.7860000000,-42.0760000000,362,362,275,265,266,"seq=22885,t_ms=574272,who=0x70,ax=0.232,ay=-0.141,az=-1.085,gx=-250.137,gy=-14.786,gz=-42.076,expected=-,pred=E,pred_conf=100.0,flex0_raw=362,flex0_norm=0.088,flex1_raw=362,flex1_norm=0.088,flex2_raw=275,flex2_norm=0.067,flex3_raw=265,flex3_norm=0.065,flex4_raw=266,flex4_norm=0.065",true
word-sequence-v1,session_20261005T212737_676Z,word_yes_0003,103,22886,574297,1791235702258,yes,words-draft,signer_03,neutral,0x70,0.249000000000,0.0160000000000,-1.03100000000,-250.137000000,13.5500000000,-36.3510000000,367,364,278,265,264,"seq=22886,t_ms=574297,who=0x70,ax=0.249,ay=0.016,az=-1.031,gx=-250.137,gy=13.550,gz=-36.351,expected=-,pred=E,pred_conf=100.0,flex0_raw=367,flex0_norm=0.090,flex1_raw=364,flex1_norm=0.089,flex2_raw=278,flex2_norm=0.068,flex3_raw=265,flex3_norm=0.065,flex4_raw=264,flex4_norm=0.064",true
word-sequence-v1,session_20261005T212737_676Z,word_yes_0003,104,22887,574322,1791235702288,yes,words-draft,signer_03,neutral,0x70,0.192000000000,0.280000000000,-0.929000000000,-250.137000000,-10.3280000000,-50.2210000000,368,367,280,265,264,"seq=22887,t_ms=574322,who=0x70,ax=0.192,ay=0.280,az=-0.929,gx=-250.137,gy=-10.328,gz=-50.221,expected=-,pred=E,pred_conf=100.0,flex0_raw=368,flex0_norm=0.090,flex1_raw=367,flex1_norm=0.090,flex2_raw=280,flex2_norm=0.068,flex3_raw=265,flex3_norm=0.065,flex4_raw=264,flex4_norm=0.064",true
word-sequence-v1,session_20261005T212737_676Z,word_yes_0003,105,22888,574347,1791235702324,yes,words-draft,signer_03,neutral,0x70,0.158000000000,0.454000000000,-0.849000000000,-250.137000000,-45.9540000000,-52.7940000000,372,368,281,265,264,"seq=22888,t_ms=574347,who=0x70,ax=0.158,ay=0.454,az=-0.849,gx=-250.137,gy=-45.954,gz=-52.794,expected=-,pred=E,pred_conf=100.0,flex0_raw=372,flex0_norm=0.091,flex1_raw=368,flex1_norm=0.090,flex2_raw=281,flex2_norm=0.069,flex3_raw=265,flex3_norm=0.065,flex4_raw=264,flex4_norm=0.064",true
word-sequence-v1,session_20261005T212737_676Z,word_yes_0003,106,22889,574372,1791235702354,yes,words-draft,signer_03,neutral,0x70,0.225000000000,0.595000000000,-0.690000000000,-250.137000000,-45.0760000000,-51.7250000000,375,374,283,265,262,"seq=22889,t_ms=574372,who=0x70,ax=0.225,ay=0.595,az=-0.690,gx=-250.137,gy=-45.076,gz=-51.725,expected=-,pred=E,pred_conf=99.9,flex0_raw=375,flex0_norm=0.092,flex1_raw=374,flex1_norm=0.091,flex2_raw=283,flex2_norm=0.069,flex3_raw=265,flex3_norm=0.065,flex4_raw=262,flex4_norm=0.064",true
word-sequence-v1,session_20261005T212737_676Z,word_yes_0003,107,22890,574397,1791235702386,yes,words-draft,signer_03,neutral,0x70,0.146000000000,0.731000000000,-0.523000000000,-250.137000000,-51.5270000000,-51.9620000000,376,376,283,263,261,"seq=22890,t_ms=574397,who=0x70,ax=0.146,ay=0.731,az=-0.523,gx=-250.137,gy=-51.527,gz=-51.962,expected=-,pred=E,pred_conf=99.9,flex0_raw=376,flex0_norm=0.092,flex1_raw=376,flex1_norm=0.092,flex2_raw=283,flex2_norm=0.069,flex3_raw=263,flex3_norm=0.064,flex4_raw=261,flex4_norm=0.064",true
word-sequence-v1,session_20261005T212737_676Z,word_yes_0003,108,22891,574422,1791235702386,yes,words-draft,signer_03,neutral,0x70,0.0700000000000,0.764000000000,-0.338000000000,-217.458000000,-27.6790000000,-43.2440000000,377,376,282,261,253,"seq=22891,t_ms=574422,who=0x70,ax=0.070,ay=0.764,az=-0.338,gx=-217.458,gy=-27.679,gz=-43.244,expected=-,pred=E,pred_conf=99.9,flex0_raw=377,flex0_norm=0.092,flex1_raw=376,flex1_norm=0.092,flex2_raw=282,flex2_norm=0.069,flex3_raw=261,flex3_norm=0.064,flex4_raw=253,flex4_norm=0.062",true
word-sequence-v1,session_20261005T212737_676Z,word_yes_0003,109,22892,574447,1791235702419,yes,words-draft,signer_03,neutral,0x70,0.0990000000000,0.809000000000,-0.251000000000,-133.305000000,-15.3050000000,-34.3820000000,377,375,280,255,252,"seq=22892,t_ms=574447,who=0x70,ax=0.099,ay=0.809,az=-0.251,gx=-133.305,gy=-15.305,gz=-34.382,expected=-,pred=E,pred_conf=99.9,flex0_raw=377,flex0_norm=0.092,flex1_raw=375,flex1_norm=0.092,flex2_raw=280,flex2_norm=0.068,flex3_raw=255,flex3_norm=0.062,flex4_raw=252,flex4_norm=0.062",true
word-sequence-v1,session_20261005T212737_676Z,word_yes_0003,110,22893,574472,1791235702455,yes,words-draft,signer_03,neutral,0x70,0.0680000000000,0.787000000000,-0.207000000000,-75.3130000000,-9.45000000000,-30.8700000000,375,374,280,254,252,"seq=22893,t_ms=574472,who=0x70,ax=0.068,ay=0.787,az=-0.207,gx=-75.313,gy=-9.450,gz=-30.870,expected=-,pred=E,pred_conf=99.9,flex0_raw=375,flex0_norm=0.092,flex1_raw=374,flex1_norm=0.091,flex2_raw=280,flex2_norm=0.068,flex3_raw=254,flex3_norm=0.062,flex4_raw=252,flex4_norm=0.062",true
word-sequence-v1,session_20261005T212737_676Z,word_yes_0003,111,22894,574497,1791235702484,yes,words-draft,signer_03,neutral,0x70,0.0610000000000,0.822000000000,-0.200000000000,-12.0150000000,4.16000000000,-14.7330000000,375,374,279,253,251,"seq=22894,t_ms=574497,who=0x70,ax=0.061,ay=0.822,az=-0.200,gx=-12.015,gy=4.160,gz=-14.733,expected=-,pred=E,pred_conf=99.9,flex0_raw=375,flex0_norm=0.092,flex1_raw=374,flex1_norm=0.091,flex2_raw=279,flex2_norm=0.068,flex3_raw=253,flex3_norm=0.062,flex4_raw=251,flex4_norm=0.061",true
word-sequence-v1,session_20261005T212737_676Z,word_yes_0003,112,22895,574522,1791235702526,yes,words-draft,signer_03,neutral,0x70,0.0420000000000,0.807000000000,-0.236000000000,73.7480000000,13.0000000000,6.92400000000,373,373,277,259,253,"seq=22895,t_ms=574522,who=0x70,ax=0.042,ay=0.807,az=-0.236,gx=73.748,gy=13.000,gz=6.924,expected=-,pred=E,pred_conf=99.9,flex0_raw=373,flex0_norm=0.091,flex1_raw=373,flex1_norm=0.091,flex2_raw=277,flex2_norm=0.068,flex3_raw=259,flex3_norm=0.063,flex4_raw=253,flex4_norm=0.062",true
word-sequence-v1,session_20261005T212737_676Z,word_yes_0003,113,22896,574547,1791235702549,yes,words-draft,signer_03,neutral,0x70,0.0680000000000,0.803000000000,-0.290000000000,142.504000000,21.1760000000,15.4960000000,371,371,277,253,255,"seq=22896,t_ms=574547,who=0x70,ax=0.068,ay=0.803,az=-0.290,gx=142.504,gy=21.176,gz=15.496,expected=-,pred=E,pred_conf=99.9,flex0_raw=371,flex0_norm=0.091,flex1_raw=371,flex1_norm=0.091,flex2_raw=277,flex2_norm=0.068,flex3_raw=253,flex3_norm=0.062,flex4_raw=255,flex4_norm=0.062",true
word-sequence-v1,session_20261005T212737_676Z,word_yes_0003,114,22897,574572,1791235702550,yes,words-draft,signer_03,neutral,0x70,0.135000000000,0.796000000000,-0.313000000000,218.794000000,21.0840000000,13.0920000000,365,364,275,255,255,"seq=22897,t_ms=574572,who=0x70,ax=0.135,ay=0.796,az=-0.313,gx=218.794,gy=21.084,gz=13.092,expected=-,pred=E,pred_conf=99.9,flex0_raw=365,flex0_norm=0.089,flex1_raw=364,flex1_norm=0.089,flex2_raw=275,flex2_norm=0.067,flex3_raw=255,flex3_norm=0.062,flex4_raw=255,flex4_norm=0.062",true
word-sequence-v1,session_20261005T212737_676Z,word_yes_0003,115,22898,574597,1791235702559,yes,words-draft,signer_03,neutral,0x70,0.0880000000000,0.685000000000,-0.387000000000,250.130000000,28.3210000000,16.3820000000,357,357,269,255,262,"seq=22898,t_ms=574597,who=0x70,ax=0.088,ay=0.685,az=-0.387,gx=250.130,gy=28.321,gz=16.382,expected=-,pred=E,pred_conf=99.9,flex0_raw=357,flex0_norm=0.087,flex1_raw=357,flex1_norm=0.087,flex2_raw=269,flex2_norm=0.066,flex3_raw=255,flex3_norm=0.062,flex4_raw=262,flex4_norm=0.064",true
word-sequence-v1,session_20261005T212737_676Z,word_yes_0003,116,22899,574622,1791235702593,yes,words-draft,signer_03,neutral,0x70,0.0250000000000,0.524000000000,-0.519000000000,250.130000000,-2.17600000000,23.4050000000,351,349,264,255,265,"seq=22899,t_ms=574622,who=0x70,ax=0.025,ay=0.524,az=-0.519,gx=250.130,gy=-2.176,gz=23.405,expected=-,pred=E,pred_conf=99.9,flex0_raw=351,flex0_norm=0.086,flex1_raw=349,flex1_norm=0.085,flex2_raw=264,flex2_norm=0.064,flex3_raw=255,flex3_norm=0.062,flex4_raw=265,flex4_norm=0.065",true
word-sequence-v1,session_20261005T212737_676Z,word_yes_0003,117,22900,574647,1791235702618,yes,words-draft,signer_03,neutral,0x70,-0.0490000000000,0.0420000000000,-0.728000000000,250.130000000,-41.0080000000,31.0760000000,349,348,267,255,263,"seq=22900,t_ms=574647,who=0x70,ax=-0.049,ay=0.042,az=-0.728,gx=250.130,gy=-41.008,gz=31.076,expected=-,pred=E,pred_conf=99.9,flex0_raw=349,flex0_norm=0.085,flex1_raw=348,flex1_norm=0.085,flex2_raw=267,flex2_norm=0.065,flex3_raw=255,flex3_norm=0.062,flex4_raw=263,flex4_norm=0.064",true
word-sequence-v1,session_20261005T212737_676Z,word_yes_0003,118,22901,574672,1791235702655,yes,words-draft,signer_03,neutral,0x70,0.261000000000,-0.228000000000,-1.07600000000,250.130000000,-69.1980000000,36.6260000000,351,349,269,255,264,"seq=22901,t_ms=574672,who=0x70,ax=0.261,ay=-0.228,az=-1.076,gx=250.130,gy=-69.198,gz=36.626,expected=-,pred=E,pred_conf=99.9,flex0_raw=351,flex0_norm=0.086,flex1_raw=349,flex1_norm=0.085,flex2_raw=269,flex2_norm=0.066,flex3_raw=255,flex3_norm=0.062,flex4_raw=264,flex4_norm=0.064",true
word-sequence-v1,session_20261005T212737_676Z,word_yes_0003,119,22902,574697,1791235702684,yes,words-draft,signer_03,neutral,0x70,-0.0220000000000,-0.493000000000,-1.26900000000,250.130000000,-6.70200000000,9.97700000000,351,349,269,255,262,"seq=22902,t_ms=574697,who=0x70,ax=-0.022,ay=-0.493,az=-1.269,gx=250.130,gy=-6.702,gz=9.977,expected=-,pred=E,pred_conf=99.9,flex0_raw=351,flex0_norm=0.086,flex1_raw=349,flex1_norm=0.085,flex2_raw=269,flex2_norm=0.066,flex3_raw=255,flex3_norm=0.062,flex4_raw=262,flex4_norm=0.064",true
word-sequence-v1,session_20261005T212737_676Z,word_yes_0003,120,22903,574722,1791235702685,yes,words-draft,signer_03,neutral,0x70,-0.0260000000000,-0.391000000000,-1.15600000000,206.908000000,89.5040000000,7.80900000000,351,353,270,256,265,"seq=22903,t_ms=574722,who=0x70,ax=-0.026,ay=-0.391,az=-1.156,gx=206.908,gy=89.504,gz=7.809,expected=-,pred=E,pred_conf=99.9,flex0_raw=351,flex0_norm=0.086,flex1_raw=353,flex1_norm=0.086,flex2_raw=270,flex2_norm=0.066,flex3_raw=256,flex3_norm=0.063,flex4_raw=265,flex4_norm=0.065",true
word-sequence-v1,session_20261005T212737_676Z,word_yes_0003,121,22904,574747,1791235702721,yes,words-draft,signer_03,neutral,0x70,0.0250000000000,-0.297000000000,-1.08100000000,127.168000000,65.1300000000,17.2370000000,351,350,270,261,266,"seq=22904,t_ms=574747,who=0x70,ax=0.025,ay=-0.297,az=-1.081,gx=127.168,gy=65.130,gz=17.237,expected=-,pred=E,pred_conf=100.0,flex0_raw=351,flex0_norm=0.086,flex1_raw=350,flex1_norm=0.085,flex2_raw=270,flex2_norm=0.066,flex3_raw=261,flex3_norm=0.064,flex4_raw=266,flex4_norm=0.065",true
word-sequence-v1,session_20261005T212737_676Z,word_yes_0003,122,22905,574772,1791235702750,yes,words-draft,signer_03,neutral,0x70,0.221000000000,-0.419000000000,-1.25300000000,27.2670000000,49.6790000000,5.83200000000,355,354,269,261,268,"seq=22905,t_ms=574772,who=0x70,ax=0.221,ay=-0.419,az=-1.253,gx=27.267,gy=49.679,gz=5.832,expected=-,pred=E,pred_conf=100.0,flex0_raw=355,flex0_norm=0.087,flex1_raw=354,flex1_norm=0.086,flex2_raw=269,flex2_norm=0.066,flex3_raw=261,flex3_norm=0.064,flex4_raw=268,flex4_norm=0.065",true
word-sequence-v1,session_20261005T212737_676Z,word_yes_0003,123,22906,574797,1791235702792,yes,words-draft,signer_03,neutral,0x70,0.181000000000,-0.348000000000,-1.16400000000,-14.3280000000,41.0150000000,4.47300000000,355,355,268,263,268,"seq=22906,t_ms=574797,who=0x70,ax=0.181,ay=-0.348,az=-1.164,gx=-14.328,gy=41.015,gz=4.473,expected=-,pred=E,pred_conf=100.0,flex0_raw=355,flex0_norm=0.087,flex1_raw=355,flex1_norm=0.087,flex2_raw=268,flex2_norm=0.065,flex3_raw=263,flex3_norm=0.064,flex4_raw=268,flex4_norm=0.065",true
word-sequence-v1,session_20261005T212737_676Z,word_yes_0003,124,22907,574822,1791235702817,yes,words-draft,signer_03,neutral,0x70,0.154000000000,-0.189000000000,-1.09400000000,-10.5270000000,26.1680000000,6.19800000000,356,355,267,264,269,"seq=22907,t_ms=574822,who=0x70,ax=0.154,ay=-0.189,az=-1.094,gx=-10.527,gy=26.168,gz=6.198,expected=-,pred=E,pred_conf=100.0,flex0_raw=356,flex0_norm=0.087,flex1_raw=355,flex1_norm=0.087,flex2_raw=267,flex2_norm=0.065,flex3_raw=264,flex3_norm=0.064,flex4_raw=269,flex4_norm=0.066",true
word-sequence-v1,session_20261005T212737_676Z,word_yes_0003,125,22908,574847,1791235702852,yes,words-draft,signer_03,neutral,0x70,0.122000000000,-0.235000000000,-1.04500000000,-15.6720000000,2.96900000000,0.160000000000,356,354,268,263,269,"seq=22908,t_ms=574847,who=0x70,ax=0.122,ay=-0.235,az=-1.045,gx=-15.672,gy=2.969,gz=0.160,expected=-,pred=E,pred_conf=100.0,flex0_raw=356,flex0_norm=0.087,flex1_raw=354,flex1_norm=0.086,flex2_raw=268,flex2_norm=0.065,flex3_raw=263,flex3_norm=0.064,flex4_raw=269,flex4_norm=0.066",true
word-sequence-v1,session_20261005T212737_676Z,word_yes_0003,126,22909,574872,1791235702853,yes,words-draft,signer_03,neutral,0x70,0.168000000000,-0.270000000000,-1.01300000000,-47.6870000000,2.77900000000,-1.52700000000,356,355,269,263,269,"seq=22909,t_ms=574872,who=0x70,ax=0.168,ay=-0.270,az=-1.013,gx=-47.687,gy=2.779,gz=-1.527,expected=-,pred=E,pred_conf=100.0,flex0_raw=356,flex0_norm=0.087,flex1_raw=355,flex1_norm=0.087,flex2_raw=269,flex2_norm=0.066,flex3_raw=263,flex3_norm=0.064,flex4_raw=269,flex4_norm=0.066",true
word-sequence-v1,session_20261005T212737_676Z,word_yes_0003,127,22910,574897,1791235702858,yes,words-draft,signer_03,neutral,0x70,0.179000000000,-0.218000000000,-1.00400000000,-61.4660000000,2.10700000000,-4.63400000000,356,357,269,265,269,"seq=22910,t_ms=574897,who=0x70,ax=0.179,ay=-0.218,az=-1.004,gx=-61.466,gy=2.107,gz=-4.634,expected=-,pred=E,pred_conf=100.0,flex0_raw=356,flex0_norm=0.087,flex1_raw=357,flex1_norm=0.087,flex2_raw=269,flex2_norm=0.066,flex3_raw=265,flex3_norm=0.065,flex4_raw=269,flex4_norm=0.066",true
word-sequence-v1,session_20261005T212737_676Z,word_yes_0003,128,22911,574922,1791235702888,yes,words-draft,signer_03,neutral,0x70,0.167000000000,-0.203000000000,-1.01100000000,-63.1150000000,-7.07600000000,-10.9770000000,357,357,270,264,269,"seq=22911,t_ms=574922,who=0x70,ax=0.167,ay=-0.203,az=-1.011,gx=-63.115,gy=-7.076,gz=-10.977,expected=-,pred=E,pred_conf=100.0,flex0_raw=357,flex0_norm=0.087,flex1_raw=357,flex1_norm=0.087,flex2_raw=270,flex2_norm=0.066,flex3_raw=264,flex3_norm=0.064,flex4_raw=269,flex4_norm=0.066",true
word-sequence-v1,session_20261005T212737_676Z,word_yes_0003,129,22912,574947,1791235702959,yes,words-draft,signer_03,neutral,0x70,0.146000000000,-0.200000000000,-1.01600000000,-67.6260000000,-13.5270000000,-8.96900000000,357,357,271,263,268,"seq=22912,t_ms=574947,who=0x70,ax=0.146,ay=-0.200,az=-1.016,gx=-67.626,gy=-13.527,gz=-8.969,expected=-,pred=E,pred_conf=100.0,flex0_raw=357,flex0_norm=0.087,flex1_raw=357,flex1_norm=0.087,flex2_raw=271,flex2_norm=0.066,flex3_raw=263,flex3_norm=0.064,flex4_raw=268,flex4_norm=0.065",true
word-sequence-v1,session_20261005T212737_676Z,word_yes_0003,130,22913,574972,1791235702960,yes,words-draft,signer_03,neutral,0x70,0.184000000000,-0.228000000000,-1.00900000000,-80.4890000000,-8.23700000000,0.0840000000000,361,358,273,265,267,"seq=22913,t_ms=574972,who=0x70,ax=0.184,ay=-0.228,az=-1.009,gx=-80.489,gy=-8.237,gz=0.084,expected=-,pred=E,pred_conf=100.0,flex0_raw=361,flex0_norm=0.088,flex1_raw=358,flex1_norm=0.087,flex2_raw=273,flex2_norm=0.067,flex3_raw=265,flex3_norm=0.065,flex4_raw=267,flex4_norm=0.065",true
word-sequence-v1,session_20261005T212737_676Z,word_yes_0003,131,22914,574997,1791235703002,yes,words-draft,signer_03,neutral,0x70,0.216000000000,-0.122000000000,-0.994000000000,-100.412000000,-5.26700000000,-1.21400000000,363,361,277,265,262,"seq=22914,t_ms=574997,who=0x70,ax=0.216,ay=-0.122,az=-0.994,gx=-100.412,gy=-5.267,gz=-1.214,expected=-,pred=E,pred_conf=99.9,flex0_raw=363,flex0_norm=0.089,flex1_raw=361,flex1_norm=0.088,flex2_raw=277,flex2_norm=0.068,flex3_raw=265,flex3_norm=0.065,flex4_raw=262,flex4_norm=0.064",true
word-sequence-v1,session_20261005T212737_676Z,word_yes_0003,132,22915,575022,1791235703002,yes,words-draft,signer_03,neutral,0x70,0.135000000000,-0.0390000000000,-1.00000000000,-97.6950000000,-14.8700000000,-11.8320000000,367,367,285,269,265,"seq=22915,t_ms=575022,who=0x70,ax=0.135,ay=-0.039,az=-1.000,gx=-97.695,gy=-14.870,gz=-11.832,expected=-,pred=E,pred_conf=100.0,flex0_raw=367,flex0_norm=0.090,flex1_raw=367,flex1_norm=0.090,flex2_raw=285,flex2_norm=0.070,flex3_raw=269,flex3_norm=0.066,flex4_raw=265,flex4_norm=0.065",true
word-sequence-v1,session_20261005T212737_676Z,word_yes_0003,133,22916,575047,1791235703025,yes,words-draft,signer_03,neutral,0x70,0.122000000000,-0.0630000000000,-1.03800000000,-96.8170000000,-18.9160000000,-8.19800000000,376,375,291,277,269,"seq=22916,t_ms=575047,who=0x70,ax=0.122,ay=-0.063,az=-1.038,gx=-96.817,gy=-18.916,gz=-8.198,expected=-,pred=E,pred_conf=100.0,flex0_raw=376,flex0_norm=0.092,flex1_raw=375,flex1_norm=0.092,flex2_raw=291,flex2_norm=0.071,flex3_raw=277,flex3_norm=0.068,flex4_raw=269,flex4_norm=0.066",true
word-sequence-v1,session_20261005T212737_676Z,word_yes_0003,134,22917,575072,1791235703067,yes,words-draft,signer_03,neutral,0x70,0.161000000000,-0.0120000000000,-0.998000000000,-111.901000000,-8.01500000000,3.88500000000,379,379,296,279,275,"seq=22917,t_ms=575072,who=0x70,ax=0.161,ay=-0.012,az=-0.998,gx=-111.901,gy=-8.015,gz=3.885,expected=-,pred=E,pred_conf=100.0,flex0_raw=379,flex0_norm=0.093,flex1_raw=379,flex1_norm=0.093,flex2_raw=296,flex2_norm=0.072,flex3_raw=279,flex3_norm=0.068,flex4_raw=275,flex4_norm=0.067",true
word-sequence-v1,session_20261005T212737_676Z,word_yes_0003,135,22918,575097,1791235703068,yes,words-draft,signer_03,neutral,0x70,0.180000000000,0.0660000000000,-0.977000000000,-120.489000000,1.47300000000,1.36600000000,383,383,299,282,277,"seq=22918,t_ms=575097,who=0x70,ax=0.180,ay=0.066,az=-0.977,gx=-120.489,gy=1.473,gz=1.366,expected=-,pred=E,pred_conf=100.0,flex0_raw=383,flex0_norm=0.094,flex1_raw=383,flex1_norm=0.094,flex2_raw=299,flex2_norm=0.073,flex3_raw=282,flex3_norm=0.069,flex4_raw=277,flex4_norm=0.068",true
word-sequence-v1,session_20261005T212737_676Z,word_yes_0003,136,22919,575122,1791235703098,yes,words-draft,signer_03,neutral,0x70,0.131000000000,0.119000000000,-0.951000000000,-114.901000000,7.74800000000,-11.0310000000,393,392,303,285,283,"seq=22919,t_ms=575122,who=0x70,ax=0.131,ay=0.119,az=-0.951,gx=-114.901,gy=7.748,gz=-11.031,expected=-,pred=E,pred_conf=100.0,flex0_raw=393,flex0_norm=0.096,flex1_raw=392,flex1_norm=0.096,flex2_raw=303,flex2_norm=0.074,flex3_raw=285,flex3_norm=0.070,flex4_raw=283,flex4_norm=0.069",true
word-sequence-v1,session_20261005T212737_676Z,word_yes_0003,137,22920,575147,1791235703129,yes,words-draft,signer_03,neutral,0x70,0.0660000000000,0.116000000000,-0.958000000000,-100.771000000,8.00800000000,-1.84700000000,392,391,303,286,284,"seq=22920,t_ms=575147,who=0x70,ax=0.066,ay=0.116,az=-0.958,gx=-100.771,gy=8.008,gz=-1.847,expected=-,pred=E,pred_conf=100.0,flex0_raw=392,flex0_norm=0.096,flex1_raw=391,flex1_norm=0.095,flex2_raw=303,flex2_norm=0.074,flex3_raw=286,flex3_norm=0.070,flex4_raw=284,flex4_norm=0.069",true
word-sequence-v1,session_20261005T212737_676Z,word_yes_0003,138,22921,575172,1791235703130,yes,words-draft,signer_03,neutral,0x70,0.160000000000,0.261000000000,-0.933000000000,-73.2370000000,16.9240000000,-2.45000000000,389,389,303,287,283,"seq=22921,t_ms=575172,who=0x70,ax=0.160,ay=0.261,az=-0.933,gx=-73.237,gy=16.924,gz=-2.450,expected=-,pred=E,pred_conf=100.0,flex0_raw=389,flex0_norm=0.095,flex1_raw=389,flex1_norm=0.095,flex2_raw=303,flex2_norm=0.074,flex3_raw=287,flex3_norm=0.070,flex4_raw=283,flex4_norm=0.069",true
word-sequence-v1,session_20261005T212737_676Z,word_yes_0003,139,22922,575197,1791235703166,yes,words-draft,signer_03,neutral,0x70,0.188000000000,0.198000000000,-0.941000000000,-53.4810000000,11.6410000000,-6.96900000000,391,391,302,291,284,"seq=22922,t_ms=575197,who=0x70,ax=0.188,ay=0.198,az=-0.941,gx=-53.481,gy=11.641,gz=-6.969,expected=-,pred=E,pred_conf=100.0,flex0_raw=391,flex0_norm=0.095,flex1_raw=391,flex1_norm=0.095,flex2_raw=302,flex2_norm=0.074,flex3_raw=291,flex3_norm=0.071,flex4_raw=284,flex4_norm=0.069",true
word-sequence-v1,session_20261005T212737_676Z,word_yes_0003,140,22923,575222,1791235703191,yes,words-draft,signer_03,neutral,0x70,0.151000000000,0.236000000000,-0.942000000000,-46.9690000000,13.9920000000,-3.01500000000,391,391,303,291,285,"seq=22923,t_ms=575222,who=0x70,ax=0.151,ay=0.236,az=-0.942,gx=-46.969,gy=13.992,gz=-3.015,expected=-,pred=E,pred_conf=100.0,flex0_raw=391,flex0_norm=0.095,flex1_raw=391,flex1_norm=0.095,flex2_raw=303,flex2_norm=0.074,flex3_raw=291,flex3_norm=0.071,flex4_raw=285,flex4_norm=0.070",true
word-sequence-v1,session_20261005T212737_676Z,word_yes_0003,141,22924,575247,1791235703231,yes,words-draft,signer_03,neutral,0x70,0.182000000000,0.245000000000,-0.944000000000,-23.6790000000,19.3740000000,4.55700000000,391,390,303,292,285,"seq=22924,t_ms=575247,who=0x70,ax=0.182,ay=0.245,az=-0.944,gx=-23.679,gy=19.374,gz=4.557,expected=-,pred=E,pred_conf=100.0,flex0_raw=391,flex0_norm=0.095,flex1_raw=390,flex1_norm=0.095,flex2_raw=303,flex2_norm=0.074,flex3_raw=292,flex3_norm=0.071,flex4_raw=285,flex4_norm=0.070",true
word-sequence-v1,session_20261005T212737_676Z,word_yes_0003,142,22925,575272,1791235703259,yes,words-draft,signer_03,neutral,0x70,0.170000000000,0.270000000000,-0.934000000000,-8.45000000000,17.8400000000,9.60300000000,391,390,301,293,285,"seq=22925,t_ms=575272,who=0x70,ax=0.170,ay=0.270,az=-0.934,gx=-8.450,gy=17.840,gz=9.603,expected=-,pred=E,pred_conf=100.0,flex0_raw=391,flex0_norm=0.095,flex1_raw=390,flex1_norm=0.095,flex2_raw=301,flex2_norm=0.074,flex3_raw=293,flex3_norm=0.072,flex4_raw=285,flex4_norm=0.070",true
word-sequence-v1,session_20261005T212737_676Z,word_yes_0003,143,22926,575297,1791235703304,yes,words-draft,signer_03,neutral,0x70,0.119000000000,0.250000000000,-0.950000000000,4.87000000000,18.1070000000,-7.87800000000,389,390,303,292,284,"seq=22926,t_ms=575297,who=0x70,ax=0.119,ay=0.250,az=-0.950,gx=4.870,gy=18.107,gz=-7.878,expected=-,pred=E,pred_conf=100.0,flex0_raw=389,flex0_norm=0.095,flex1_raw=390,flex1_norm=0.095,flex2_raw=303,flex2_norm=0.074,flex3_raw=292,flex3_norm=0.071,flex4_raw=284,flex4_norm=0.069",true
word-sequence-v1,session_20261005T212737_676Z,word_yes_0003,144,22927,575322,1791235703305,yes,words-draft,signer_03,neutral,0x70,0.155000000000,0.270000000000,-0.967000000000,-0.359000000000,42.9240000000,-25.5040000000,383,384,303,293,285,"seq=22927,t_ms=575322,who=0x70,ax=0.155,ay=0.270,az=-0.967,gx=-0.359,gy=42.924,gz=-25.504,expected=-,pred=E,pred_conf=100.0,flex0_raw=383,flex0_norm=0.094,flex1_raw=384,flex1_norm=0.094,flex2_raw=303,flex2_norm=0.074,flex3_raw=293,flex3_norm=0.072,flex4_raw=285,flex4_norm=0.070",true
word-sequence-v1,session_20261005T212737_676Z,word_yes_0003,145,22928,575347,1791235703308,yes,words-draft,signer_03,neutral,0x70,0.256000000000,0.188000000000,-0.911000000000,8.13000000000,50.5880000000,-36.1530000000,377,376,301,279,281,"seq=22928,t_ms=575347,who=0x70,ax=0.256,ay=0.188,az=-0.911,gx=8.130,gy=50.588,gz=-36.153,expected=-,pred=E,pred_conf=100.0,flex0_raw=377,flex0_norm=0.092,flex1_raw=376,flex1_norm=0.092,flex2_raw=301,flex2_norm=0.074,flex3_raw=279,flex3_norm=0.068,flex4_raw=281,flex4_norm=0.069",true
word-sequence-v1,session_20261005T212737_676Z,word_yes_0003,146,22929,575372,1791235703339,yes,words-draft,signer_03,neutral,0x70,0.236000000000,0.272000000000,-0.906000000000,-3.59500000000,-2.81700000000,-28.4810000000,375,375,299,280,282,"seq=22929,t_ms=575372,who=0x70,ax=0.236,ay=0.272,az=-0.906,gx=-3.595,gy=-2.817,gz=-28.481,expected=-,pred=E,pred_conf=100.0,flex0_raw=375,flex0_norm=0.092,flex1_raw=375,flex1_norm=0.092,flex2_raw=299,flex2_norm=0.073,flex3_raw=280,flex3_norm=0.068,flex4_raw=282,flex4_norm=0.069",true
word-sequence-v1,session_20261005T212737_676Z,word_yes_0003,147,22930,575397,1791235703372,yes,words-draft,signer_03,neutral,0x70,0.104000000000,0.262000000000,-0.980000000000,-8.00800000000,-40.0760000000,5.98500000000,374,374,298,279,283,"seq=22930,t_ms=575397,who=0x70,ax=0.104,ay=0.262,az=-0.980,gx=-8.008,gy=-40.076,gz=5.985,expected=-,pred=E,pred_conf=100.0,flex0_raw=374,flex0_norm=0.091,flex1_raw=374,flex1_norm=0.091,flex2_raw=298,flex2_norm=0.073,flex3_raw=279,flex3_norm=0.068,flex4_raw=283,flex4_norm=0.069",true
word-sequence-v1,session_20261005T212737_676Z,word_yes_0003,148,22931,575422,1791235703403,yes,words-draft,signer_03,neutral,0x70,0.149000000000,0.194000000000,-0.977000000000,-3.68700000000,-8.09200000000,-10.4430000000,375,373,298,280,282,"seq=22931,t_ms=575422,who=0x70,ax=0.149,ay=0.194,az=-0.977,gx=-3.687,gy=-8.092,gz=-10.443,expected=-,pred=E,pred_conf=100.0,flex0_raw=375,flex0_norm=0.092,flex1_raw=373,flex1_norm=0.091,flex2_raw=298,flex2_norm=0.073,flex3_raw=280,flex3_norm=0.068,flex4_raw=282,flex4_norm=0.069",true
word-sequence-v1,session_20261005T212737_676Z,word_yes_0003,149,22932,575447,1791235703460,yes,words-draft,signer_03,neutral,0x70,0.217000000000,0.212000000000,-0.916000000000,-22.7560000000,37.2210000000,-0.786000000000,373,373,298,278,282,"seq=22932,t_ms=575447,who=0x70,ax=0.217,ay=0.212,az=-0.916,gx=-22.756,gy=37.221,gz=-0.786,expected=-,pred=E,pred_conf=100.0,flex0_raw=373,flex0_norm=0.091,flex1_raw=373,flex1_norm=0.091,flex2_raw=298,flex2_norm=0.073,flex3_raw=278,flex3_norm=0.068,flex4_raw=282,flex4_norm=0.069",true
word-sequence-v1,session_20261005T212737_676Z,word_yes_0003,150,22933,575472,1791235703460,yes,words-draft,signer_03,neutral,0x70,0.194000000000,0.257000000000,-0.919000000000,-4.59500000000,-1.28200000000,-2.96200000000,373,373,298,279,283,"seq=22933,t_ms=575472,who=0x70,ax=0.194,ay=0.257,az=-0.919,gx=-4.595,gy=-1.282,gz=-2.962,expected=-,pred=E,pred_conf=100.0,flex0_raw=373,flex0_norm=0.091,flex1_raw=373,flex1_norm=0.091,flex2_raw=298,flex2_norm=0.073,flex3_raw=279,flex3_norm=0.068,flex4_raw=283,flex4_norm=0.069",true
word-sequence-v1,session_20261005T212737_676Z,word_yes_0003,151,22934,575497,1791235703462,yes,words-draft,signer_03,neutral,0x70,0.211000000000,0.192000000000,-0.932000000000,14.9620000000,5.26000000000,7.00800000000,371,371,297,278,280,"seq=22934,t_ms=575497,who=0x70,ax=0.211,ay=0.192,az=-0.932,gx=14.962,gy=5.260,gz=7.008,expected=-,pred=E,pred_conf=100.0,flex0_raw=371,flex0_norm=0.091,flex1_raw=371,flex1_norm=0.091,flex2_raw=297,flex2_norm=0.073,flex3_raw=278,flex3_norm=0.068,flex4_raw=280,flex4_norm=0.068",true
word-sequence-v1,session_20261005T212737_676Z,word_yes_0003,152,22935,575522,1791235703495,yes,words-draft,signer_03,neutral,0x70,0.209000000000,0.205000000000,-0.904000000000,14.1680000000,29.2290000000,-8.52700000000,371,367,295,279,282,"seq=22935,t_ms=575522,who=0x70,ax=0.209,ay=0.205,az=-0.904,gx=14.168,gy=29.229,gz=-8.527,expected=-,pred=E,pred_conf=100.0,flex0_raw=371,flex0_norm=0.091,flex1_raw=367,flex1_norm=0.090,flex2_raw=295,flex2_norm=0.072,flex3_raw=279,flex3_norm=0.068,flex4_raw=282,flex4_norm=0.069",true
word-sequence-v1,session_20261005T212737_676Z,word_yes_0003,153,22936,575547,1791235703529,yes,words-draft,signer_03,neutral,0x70,0.190000000000,0.205000000000,-0.860000000000,15.0230000000,6.70200000000,3.90100000000,372,368,295,279,281,"seq=22936,t_ms=575547,who=0x70,ax=0.190,ay=0.205,az=-0.860,gx=15.023,gy=6.702,gz=3.901,expected=-,pred=E,pred_conf=100.0,flex0_raw=372,flex0_norm=0.091,flex1_raw=368,flex1_norm=0.090,flex2_raw=295,flex2_norm=0.072,flex3_raw=279,flex3_norm=0.068,flex4_raw=281,flex4_norm=0.069",true
word-sequence-v1,session_20261005T212737_676Z,word_yes_0003,154,22937,575572,1791235703559,yes,words-draft,signer_03,neutral,0x70,0.156000000000,0.229000000000,-0.795000000000,40.8240000000,-7.42700000000,19.6260000000,372,371,295,280,282,"seq=22937,t_ms=575572,who=0x70,ax=0.156,ay=0.229,az=-0.795,gx=40.824,gy=-7.427,gz=19.626,expected=-,pred=E,pred_conf=100.0,flex0_raw=372,flex0_norm=0.091,flex1_raw=371,flex1_norm=0.091,flex2_raw=295,flex2_norm=0.072,flex3_raw=280,flex3_norm=0.068,flex4_raw=282,flex4_norm=0.069",true
word-sequence-v1,session_20261005T212737_676Z,word_yes_0003,155,22938,575597,1791235703594,yes,words-draft,signer_03,neutral,0x70,0.197000000000,0.184000000000,-0.829000000000,89.8170000000,6.59500000000,19.1370000000,372,371,295,279,282,"seq=22938,t_ms=575597,who=0x70,ax=0.197,ay=0.184,az=-0.829,gx=89.817,gy=6.595,gz=19.137,expected=-,pred=E,pred_conf=100.0,flex0_raw=372,flex0_norm=0.091,flex1_raw=371,flex1_norm=0.091,flex2_raw=295,flex2_norm=0.072,flex3_raw=279,flex3_norm=0.068,flex4_raw=282,flex4_norm=0.069",true
word-sequence-v1,session_20261005T212737_676Z,word_yes_0003,156,22939,575622,1791235703595,yes,words-draft,signer_03,neutral,0x70,0.308000000000,-0.00200000000000,-0.957000000000,108.504000000,15.9850000000,11.6340000000,371,371,295,279,282,"seq=22939,t_ms=575622,who=0x70,ax=0.308,ay=-0.002,az=-0.957,gx=108.504,gy=15.985,gz=11.634,expected=-,pred=E,pred_conf=100.0,flex0_raw=371,flex0_norm=0.091,flex1_raw=371,flex1_norm=0.091,flex2_raw=295,flex2_norm=0.072,flex3_raw=279,flex3_norm=0.068,flex4_raw=282,flex4_norm=0.069",true
word-sequence-v1,session_20261005T212737_676Z,word_yes_0003,157,22940,575647,1791235703624,yes,words-draft,signer_03,neutral,0x70,0.279000000000,-0.0440000000000,-0.923000000000,56.5340000000,3.73300000000,-4.98500000000,372,372,295,279,282,"seq=22940,t_ms=575647,who=0x70,ax=0.279,ay=-0.044,az=-0.923,gx=56.534,gy=3.733,gz=-4.985,expected=-,pred=E,pred_conf=100.0,flex0_raw=372,flex0_norm=0.091,flex1_raw=372,flex1_norm=0.091,flex2_raw=295,flex2_norm=0.072,flex3_raw=279,flex3_norm=0.068,flex4_raw=282,flex4_norm=0.069",true
word-sequence-v1,session_20261005T212737_676Z,word_yes_0004,0,23734,595501,1791235723491,yes,words-draft,signer_04,neutral,0x70,0.154000000000,0.247000000000,-0.969000000000,-2.79400000000,3.17600000000,0.702000000000,339,339,253,275,287,"seq=23734,t_ms=595501,who=0x70,ax=0.154,ay=0.247,az=-0.969,gx=-2.794,gy=3.176,gz=0.702,expected=-,pred=E,pred_conf=100.0,flex0_raw=339,flex0_norm=0.083,flex1_raw=339,flex1_norm=0.083,flex2_raw=253,flex2_norm=0.062,flex3_raw=275,flex3_norm=0.067,flex4_raw=287,flex4_norm=0.070",true
word-sequence-v1,session_20261005T212737_676Z,word_yes_0004,1,23735,595526,1791235723528,yes,words-draft,signer_04,neutral,0x70,0.151000000000,0.232000000000,-0.983000000000,-2.48100000000,-3.40500000000,3.94700000000,338,339,254,274,287,"seq=23735,t_ms=595526,who=0x70,ax=0.151,ay=0.232,az=-0.983,gx=-2.481,gy=-3.405,gz=3.947,expected=-,pred=E,pred_conf=100.0,flex0_raw=338,flex0_norm=0.083,flex1_raw=339,flex1_norm=0.083,flex2_raw=254,flex2_norm=0.062,flex3_raw=274,flex3_norm=0.067,flex4_raw=287,flex4_norm=0.070",true
word-sequence-v1,session_20261005T212737_676Z,word_yes_0004,2,23736,595551,1791235723530,yes,words-draft,signer_04,neutral,0x70,0.126000000000,0.239000000000,-0.997000000000,-3.09200000000,-7.79400000000,3.11500000000,338,335,253,275,291,"seq=23736,t_ms=595551,who=0x70,ax=0.126,ay=0.239,az=-0.997,gx=-3.092,gy=-7.794,gz=3.115,expected=-,pred=E,pred_conf=100.0,flex0_raw=338,flex0_norm=0.083,flex1_raw=335,flex1_norm=0.082,flex2_raw=253,flex2_norm=0.062,flex3_raw=275,flex3_norm=0.067,flex4_raw=291,flex4_norm=0.071",true
word-sequence-v1,session_20261005T212737_676Z,word_yes_0004,3,23737,595576,1791235723551,yes,words-draft,signer_04,neutral,0x70,0.149000000000,0.246000000000,-0.971000000000,-7.11500000000,-7.54200000000,4.64100000000,338,338,254,275,292,"seq=23737,t_ms=595576,who=0x70,ax=0.149,ay=0.246,az=-0.971,gx=-7.115,gy=-7.542,gz=4.641,expected=-,pred=E,pred_conf=100.0,flex0_raw=338,flex0_norm=0.083,flex1_raw=338,flex1_norm=0.083,flex2_raw=254,flex2_norm=0.062,flex3_raw=275,flex3_norm=0.067,flex4_raw=292,flex4_norm=0.071",true
word-sequence-v1,session_20261005T212737_676Z,word_yes_0004,4,23738,595601,1791235723573,yes,words-draft,signer_04,neutral,0x70,0.135000000000,0.244000000000,-0.959000000000,1.67900000000,-4.27500000000,4.11500000000,339,338,253,275,291,"seq=23738,t_ms=595601,who=0x70,ax=0.135,ay=0.244,az=-0.959,gx=1.679,gy=-4.275,gz=4.115,expected=-,pred=E,pred_conf=100.0,flex0_raw=339,flex0_norm=0.083,flex1_raw=338,flex1_norm=0.083,flex2_raw=253,flex2_norm=0.062,flex3_raw=275,flex3_norm=0.067,flex4_raw=291,flex4_norm=0.071",true
word-sequence-v1,session_20261005T212737_676Z,word_yes_0004,5,23739,595626,1791235723597,yes,words-draft,signer_04,neutral,0x70,0.134000000000,0.222000000000,-0.969000000000,3.47300000000,-3.25200000000,1.03100000000,336,339,253,276,293,"seq=23739,t_ms=595626,who=0x70,ax=0.134,ay=0.222,az=-0.969,gx=3.473,gy=-3.252,gz=1.031,expected=-,pred=E,pred_conf=100.0,flex0_raw=336,flex0_norm=0.082,flex1_raw=339,flex1_norm=0.083,flex2_raw=253,flex2_norm=0.062,flex3_raw=276,flex3_norm=0.067,flex4_raw=293,flex4_norm=0.072",true
word-sequence-v1,session_20261005T212737_676Z,word_yes_0004,6,23740,595651,1791235723636,yes,words-draft,signer_04,neutral,0x70,0.133000000000,0.184000000000,-0.995000000000,-5.11500000000,0.504000000000,-0.321000000000,339,339,253,276,293,"seq=23740,t_ms=595651,who=0x70,ax=0.133,ay=0.184,az=-0.995,gx=-5.115,gy=0.504,gz=-0.321,expected=-,pred=E,pred_conf=100.0,flex0_raw=339,flex0_norm=0.083,flex1_raw=339,flex1_norm=0.083,flex2_raw=253,flex2_norm=0.062,flex3_raw=276,flex3_norm=0.067,flex4_raw=293,flex4_norm=0.072",true
word-sequence-v1,session_20261005T212737_676Z,word_yes_0004,7,23741,595676,1791235723664,yes,words-draft,signer_04,neutral,0x70,0.130000000000,0.219000000000,-0.993000000000,-13.6110000000,2.46600000000,-0.947000000000,338,339,254,277,292,"seq=23741,t_ms=595676,who=0x70,ax=0.130,ay=0.219,az=-0.993,gx=-13.611,gy=2.466,gz=-0.947,expected=-,pred=E,pred_conf=100.0,flex0_raw=338,flex0_norm=0.083,flex1_raw=339,flex1_norm=0.083,flex2_raw=254,flex2_norm=0.062,flex3_raw=277,flex3_norm=0.068,flex4_raw=292,flex4_norm=0.071",true
word-sequence-v1,session_20261005T212737_676Z,word_yes_0004,8,23742,595701,1791235723704,yes,words-draft,signer_04,neutral,0x70,0.134000000000,0.226000000000,-1.00300000000,-11.7330000000,-2.09900000000,0.893000000000,339,339,253,277,292,"seq=23742,t_ms=595701,who=0x70,ax=0.134,ay=0.226,az=-1.003,gx=-11.733,gy=-2.099,gz=0.893,expected=-,pred=E,pred_conf=100.0,flex0_raw=339,flex0_norm=0.083,flex1_raw=339,flex1_norm=0.083,flex2_raw=253,flex2_norm=0.062,flex3_raw=277,flex3_norm=0.068,flex4_raw=292,flex4_norm=0.071",true
word-sequence-v1,session_20261005T212737_676Z,word_yes_0004,9,23743,595726,1791235723728,yes,words-draft,signer_04,neutral,0x70,0.134000000000,0.229000000000,-0.980000000000,-12.8320000000,-4.90100000000,-2.58000000000,339,339,255,277,293,"seq=23743,t_ms=595726,who=0x70,ax=0.134,ay=0.229,az=-0.980,gx=-12.832,gy=-4.901,gz=-2.580,expected=-,pred=E,pred_conf=100.0,flex0_raw=339,flex0_norm=0.083,flex1_raw=339,flex1_norm=0.083,flex2_raw=255,flex2_norm=0.062,flex3_raw=277,flex3_norm=0.068,flex4_raw=293,flex4_norm=0.072",true
word-sequence-v1,session_20261005T212737_676Z,word_yes_0004,10,23744,595751,1791235723728,yes,words-draft,signer_04,neutral,0x70,0.120000000000,0.225000000000,-0.985000000000,-9.83200000000,-1.77900000000,-2.58800000000,340,339,259,277,294,"seq=23744,t_ms=595751,who=0x70,ax=0.120,ay=0.225,az=-0.985,gx=-9.832,gy=-1.779,gz=-2.588,expected=-,pred=E,pred_conf=100.0,flex0_raw=340,flex0_norm=0.083,flex1_raw=339,flex1_norm=0.083,flex2_raw=259,flex2_norm=0.063,flex3_raw=277,flex3_norm=0.068,flex4_raw=294,flex4_norm=0.072",true
word-sequence-v1,session_20261005T212737_676Z,word_yes_0004,11,23745,595776,1791235723749,yes,words-draft,signer_04,neutral,0x70,0.124000000000,0.227000000000,-0.987000000000,-12.0000000000,2.94700000000,2.20600000000,339,339,255,276,292,"seq=23745,t_ms=595776,who=0x70,ax=0.124,ay=0.227,az=-0.987,gx=-12.000,gy=2.947,gz=2.206,expected=-,pred=E,pred_conf=100.0,flex0_raw=339,flex0_norm=0.083,flex1_raw=339,flex1_norm=0.083,flex2_raw=255,flex2_norm=0.062,flex3_raw=276,flex3_norm=0.067,flex4_raw=292,flex4_norm=0.071",true
word-sequence-v1,session_20261005T212737_676Z,word_yes_0004,12,23746,595801,1791235723776,yes,words-draft,signer_04,neutral,0x70,0.138000000000,0.231000000000,-0.977000000000,-11.3360000000,1.48900000000,0.00000000000,340,339,254,277,295,"seq=23746,t_ms=595801,who=0x70,ax=0.138,ay=0.231,az=-0.977,gx=-11.336,gy=1.489,gz=0.000,expected=-,pred=E,pred_conf=100.0,flex0_raw=340,flex0_norm=0.083,flex1_raw=339,flex1_norm=0.083,flex2_raw=254,flex2_norm=0.062,flex3_raw=277,flex3_norm=0.068,flex4_raw=295,flex4_norm=0.072",true
word-sequence-v1,session_20261005T212737_676Z,word_yes_0004,13,23747,595826,1791235723812,yes,words-draft,signer_04,neutral,0x70,0.134000000000,0.245000000000,-0.977000000000,-11.0230000000,1.80200000000,1.29800000000,340,339,255,277,293,"seq=23747,t_ms=595826,who=0x70,ax=0.134,ay=0.245,az=-0.977,gx=-11.023,gy=1.802,gz=1.298,expected=-,pred=E,pred_conf=100.0,flex0_raw=340,flex0_norm=0.083,flex1_raw=339,flex1_norm=0.083,flex2_raw=255,flex2_norm=0.062,flex3_raw=277,flex3_norm=0.068,flex4_raw=293,flex4_norm=0.072",true
word-sequence-v1,session_20261005T212737_676Z,word_yes_0004,14,23748,595851,1791235723839,yes,words-draft,signer_04,neutral,0x70,0.119000000000,0.232000000000,-1.00800000000,-10.6110000000,2.65600000000,0.679000000000,341,339,254,277,293,"seq=23748,t_ms=595851,who=0x70,ax=0.119,ay=0.232,az=-1.008,gx=-10.611,gy=2.656,gz=0.679,expected=-,pred=E,pred_conf=100.0,flex0_raw=341,flex0_norm=0.083,flex1_raw=339,flex1_norm=0.083,flex2_raw=254,flex2_norm=0.062,flex3_raw=277,flex3_norm=0.068,flex4_raw=293,flex4_norm=0.072",true
word-sequence-v1,session_20261005T212737_676Z,word_yes_0004,15,23749,595876,1791235723859,yes,words-draft,signer_04,neutral,0x70,0.123000000000,0.223000000000,-1.01800000000,-24.0530000000,2.64900000000,-0.832000000000,341,340,255,279,292,"seq=23749,t_ms=595876,who=0x70,ax=0.123,ay=0.223,az=-1.018,gx=-24.053,gy=2.649,gz=-0.832,expected=-,pred=E,pred_conf=100.0,flex0_raw=341,flex0_norm=0.083,flex1_raw=340,flex1_norm=0.083,flex2_raw=255,flex2_norm=0.062,flex3_raw=279,flex3_norm=0.068,flex4_raw=292,flex4_norm=0.071",true
word-sequence-v1,session_20261005T212737_676Z,word_yes_0004,16,23750,595901,1791235723860,yes,words-draft,signer_04,neutral,0x70,0.128000000000,0.263000000000,-0.994000000000,-33.0380000000,7.33600000000,-1.35100000000,341,341,256,277,293,"seq=23750,t_ms=595901,who=0x70,ax=0.128,ay=0.263,az=-0.994,gx=-33.038,gy=7.336,gz=-1.351,expected=-,pred=E,pred_conf=100.0,flex0_raw=341,flex0_norm=0.083,flex1_raw=341,flex1_norm=0.083,flex2_raw=256,flex2_norm=0.063,flex3_raw=277,flex3_norm=0.068,flex4_raw=293,flex4_norm=0.072",true
word-sequence-v1,session_20261005T212737_676Z,word_yes_0004,17,23751,595926,1791235723889,yes,words-draft,signer_04,neutral,0x70,0.130000000000,0.274000000000,-1.00200000000,-34.9920000000,0.420000000000,-1.69500000000,340,339,261,277,292,"seq=23751,t_ms=595926,who=0x70,ax=0.130,ay=0.274,az=-1.002,gx=-34.992,gy=0.420,gz=-1.695,expected=-,pred=E,pred_conf=100.0,flex0_raw=340,flex0_norm=0.083,flex1_raw=339,flex1_norm=0.083,flex2_raw=261,flex2_norm=0.064,flex3_raw=277,flex3_norm=0.068,flex4_raw=292,flex4_norm=0.071",true
word-sequence-v1,session_20261005T212737_676Z,word_yes_0004,18,23752,595951,1791235723922,yes,words-draft,signer_04,neutral,0x70,0.115000000000,0.278000000000,-1.03800000000,-43.7100000000,-2.92400000000,-1.92400000000,341,339,256,277,293,"seq=23752,t_ms=595951,who=0x70,ax=0.115,ay=0.278,az=-1.038,gx=-43.710,gy=-2.924,gz=-1.924,expected=-,pred=E,pred_conf=100.0,flex0_raw=341,flex0_norm=0.083,flex1_raw=339,flex1_norm=0.083,flex2_raw=256,flex2_norm=0.063,flex3_raw=277,flex3_norm=0.068,flex4_raw=293,flex4_norm=0.072",true
word-sequence-v1,session_20261005T212737_676Z,word_yes_0004,19,23753,595976,1791235723950,yes,words-draft,signer_04,neutral,0x70,0.125000000000,0.286000000000,-1.03700000000,-63.5040000000,2.13000000000,-3.16000000000,341,340,261,277,293,"seq=23753,t_ms=595976,who=0x70,ax=0.125,ay=0.286,az=-1.037,gx=-63.504,gy=2.130,gz=-3.160,expected=-,pred=E,pred_conf=100.0,flex0_raw=341,flex0_norm=0.083,flex1_raw=340,flex1_norm=0.083,flex2_raw=261,flex2_norm=0.064,flex3_raw=277,flex3_norm=0.068,flex4_raw=293,flex4_norm=0.072",true
word-sequence-v1,session_20261005T212737_676Z,word_yes_0004,20,23754,596001,1791235724009,yes,words-draft,signer_04,neutral,0x70,0.120000000000,0.331000000000,-1.05300000000,-82.9160000000,2.93900000000,-4.30500000000,341,341,261,277,293,"seq=23754,t_ms=596001,who=0x70,ax=0.120,ay=0.331,az=-1.053,gx=-82.916,gy=2.939,gz=-4.305,expected=-,pred=E,pred_conf=100.0,flex0_raw=341,flex0_norm=0.083,flex1_raw=341,flex1_norm=0.083,flex2_raw=261,flex2_norm=0.064,flex3_raw=277,flex3_norm=0.068,flex4_raw=293,flex4_norm=0.072",true
word-sequence-v1,session_20261005T212737_676Z,word_yes_0004,21,23755,596026,1791235724009,yes,words-draft,signer_04,neutral,0x70,0.0990000000000,0.336000000000,-1.05900000000,-108.855000000,-8.42000000000,-3.82400000000,341,342,263,277,293,"seq=23755,t_ms=596026,who=0x70,ax=0.099,ay=0.336,az=-1.059,gx=-108.855,gy=-8.420,gz=-3.824,expected=-,pred=E,pred_conf=100.0,flex0_raw=341,flex0_norm=0.083,flex1_raw=342,flex1_norm=0.084,flex2_raw=263,flex2_norm=0.064,flex3_raw=277,flex3_norm=0.068,flex4_raw=293,flex4_norm=0.072",true
word-sequence-v1,session_20261005T212737_676Z,word_yes_0004,22,23756,596051,1791235724039,yes,words-draft,signer_04,neutral,0x70,0.124000000000,0.348000000000,-1.03700000000,-148.855000000,-9.35100000000,-0.870000000000,342,341,263,277,293,"seq=23756,t_ms=596051,who=0x70,ax=0.124,ay=0.348,az=-1.037,gx=-148.855,gy=-9.351,gz=-0.870,expected=-,pred=E,pred_conf=100.0,flex0_raw=342,flex0_norm=0.084,flex1_raw=341,flex1_norm=0.083,flex2_raw=263,flex2_norm=0.064,flex3_raw=277,flex3_norm=0.068,flex4_raw=293,flex4_norm=0.072",true
word-sequence-v1,session_20261005T212737_676Z,word_yes_0004,23,23757,596076,1791235724040,yes,words-draft,signer_04,neutral,0x70,0.115000000000,0.437000000000,-0.920000000000,-182.740000000,8.87800000000,-7.90800000000,343,343,264,276,288,"seq=23757,t_ms=596076,who=0x70,ax=0.115,ay=0.437,az=-0.920,gx=-182.740,gy=8.878,gz=-7.908,expected=-,pred=E,pred_conf=100.0,flex0_raw=343,flex0_norm=0.084,flex1_raw=343,flex1_norm=0.084,flex2_raw=264,flex2_norm=0.064,flex3_raw=276,flex3_norm=0.067,flex4_raw=288,flex4_norm=0.070",true
word-sequence-v1,session_20261005T212737_676Z,word_yes_0004,24,23758,596101,1791235724082,yes,words-draft,signer_04,neutral,0x70,0.0900000000000,0.574000000000,-0.849000000000,-181.870000000,-2.89300000000,-4.64900000000,343,341,264,275,286,"seq=23758,t_ms=596101,who=0x70,ax=0.090,ay=0.574,az=-0.849,gx=-181.870,gy=-2.893,gz=-4.649,expected=-,pred=E,pred_conf=100.0,flex0_raw=343,flex0_norm=0.084,flex1_raw=341,flex1_norm=0.083,flex2_raw=264,flex2_norm=0.064,flex3_raw=275,flex3_norm=0.067,flex4_raw=286,flex4_norm=0.070",true
word-sequence-v1,session_20261005T212737_676Z,word_yes_0004,25,23759,596126,1791235724104,yes,words-draft,signer_04,neutral,0x70,0.0930000000000,0.592000000000,-0.741000000000,-152.565000000,-21.5650000000,-3.96200000000,344,343,263,275,284,"seq=23759,t_ms=596126,who=0x70,ax=0.093,ay=0.592,az=-0.741,gx=-152.565,gy=-21.565,gz=-3.962,expected=-,pred=E,pred_conf=100.0,flex0_raw=344,flex0_norm=0.084,flex1_raw=343,flex1_norm=0.084,flex2_raw=263,flex2_norm=0.064,flex3_raw=275,flex3_norm=0.067,flex4_raw=284,flex4_norm=0.069",true
word-sequence-v1,session_20261005T212737_676Z,word_yes_0004,26,23760,596151,1791235724128,yes,words-draft,signer_04,neutral,0x70,0.120000000000,0.653000000000,-0.613000000000,-129.756000000,0.985000000000,-2.84000000000,343,342,263,275,283,"seq=23760,t_ms=596151,who=0x70,ax=0.120,ay=0.653,az=-0.613,gx=-129.756,gy=0.985,gz=-2.840,expected=-,pred=E,pred_conf=100.0,flex0_raw=343,flex0_norm=0.084,flex1_raw=342,flex1_norm=0.084,flex2_raw=263,flex2_norm=0.064,flex3_raw=275,flex3_norm=0.067,flex4_raw=283,flex4_norm=0.069",true
word-sequence-v1,session_20261005T212737_676Z,word_yes_0004,27,23761,596176,1791235724169,yes,words-draft,signer_04,neutral,0x70,0.0900000000000,0.625000000000,-0.615000000000,-93.0920000000,8.10700000000,-10.2900000000,343,343,263,275,283,"seq=23761,t_ms=596176,who=0x70,ax=0.090,ay=0.625,az=-0.615,gx=-93.092,gy=8.107,gz=-10.290,expected=-,pred=E,pred_conf=100.0,flex0_raw=343,flex0_norm=0.084,flex1_raw=343,flex1_norm=0.084,flex2_raw=263,flex2_norm=0.064,flex3_raw=275,flex3_norm=0.067,flex4_raw=283,flex4_norm=0.069",true
word-sequence-v1,session_20261005T212737_676Z,word_yes_0004,28,23762,596201,1791235724170,yes,words-draft,signer_04,neutral,0x70,0.118000000000,0.692000000000,-0.505000000000,-52.5730000000,3.61100000000,-3.39700000000,343,343,263,271,281,"seq=23762,t_ms=596201,who=0x70,ax=0.118,ay=0.692,az=-0.505,gx=-52.573,gy=3.611,gz=-3.397,expected=-,pred=E,pred_conf=100.0,flex0_raw=343,flex0_norm=0.084,flex1_raw=343,flex1_norm=0.084,flex2_raw=263,flex2_norm=0.064,flex3_raw=271,flex3_norm=0.066,flex4_raw=281,flex4_norm=0.069",true
word-sequence-v1,session_20261005T212737_676Z,word_yes_0004,29,23763,596226,1791235724192,yes,words-draft,signer_04,neutral,0x70,0.125000000000,0.687000000000,-0.448000000000,2.40500000000,2.45800000000,0.901000000000,344,343,263,273,279,"seq=23763,t_ms=596226,who=0x70,ax=0.125,ay=0.687,az=-0.448,gx=2.405,gy=2.458,gz=0.901,expected=-,pred=E,pred_conf=100.0,flex0_raw=344,flex0_norm=0.084,flex1_raw=343,flex1_norm=0.084,flex2_raw=263,flex2_norm=0.064,flex3_raw=273,flex3_norm=0.067,flex4_raw=279,flex4_norm=0.068",true
word-sequence-v1,session_20261005T212737_676Z,word_yes_0004,30,23764,596251,1791235724248,yes,words-draft,signer_04,neutral,0x70,0.150000000000,0.722000000000,-0.368000000000,82.1450000000,14.0080000000,0.00000000000,343,343,261,271,280,"seq=23764,t_ms=596251,who=0x70,ax=0.150,ay=0.722,az=-0.368,gx=82.145,gy=14.008,gz=0.000,expected=-,pred=E,pred_conf=100.0,flex0_raw=343,flex0_norm=0.084,flex1_raw=343,flex1_norm=0.084,flex2_raw=261,flex2_norm=0.064,flex3_raw=271,flex3_norm=0.066,flex4_raw=280,flex4_norm=0.068",true
word-sequence-v1,session_20261005T212737_676Z,word_yes_0004,31,23765,596276,1791235724250,yes,words-draft,signer_04,neutral,0x70,0.0960000000000,0.642000000000,-0.463000000000,206.969000000,4.03100000000,-9.71800000000,341,341,260,274,282,"seq=23765,t_ms=596276,who=0x70,ax=0.096,ay=0.642,az=-0.463,gx=206.969,gy=4.031,gz=-9.718,expected=-,pred=E,pred_conf=100.0,flex0_raw=341,flex0_norm=0.083,flex1_raw=341,flex1_norm=0.083,flex2_raw=260,flex2_norm=0.063,flex3_raw=274,flex3_norm=0.067,flex4_raw=282,flex4_norm=0.069",true
word-sequence-v1,session_20261005T212737_676Z,word_yes_0004,32,23766,596301,1791235724281,yes,words-draft,signer_04,neutral,0x70,0.0420000000000,0.379000000000,-0.604000000000,250.130000000,-72.5950000000,6.22100000000,343,342,261,271,283,"seq=23766,t_ms=596301,who=0x70,ax=0.042,ay=0.379,az=-0.604,gx=250.130,gy=-72.595,gz=6.221,expected=-,pred=E,pred_conf=100.0,flex0_raw=343,flex0_norm=0.084,flex1_raw=342,flex1_norm=0.084,flex2_raw=261,flex2_norm=0.064,flex3_raw=271,flex3_norm=0.066,flex4_raw=283,flex4_norm=0.069",true
word-sequence-v1,session_20261005T212737_676Z,word_yes_0004,33,23767,596326,1791235724282,yes,words-draft,signer_04,neutral,0x70,0.00900000000000,0.201000000000,-0.847000000000,250.130000000,-64.4120000000,5.54200000000,343,342,260,275,284,"seq=23767,t_ms=596326,who=0x70,ax=0.009,ay=0.201,az=-0.847,gx=250.130,gy=-64.412,gz=5.542,expected=-,pred=E,pred_conf=100.0,flex0_raw=343,flex0_norm=0.084,flex1_raw=342,flex1_norm=0.084,flex2_raw=260,flex2_norm=0.063,flex3_raw=275,flex3_norm=0.067,flex4_raw=284,flex4_norm=0.069",true
word-sequence-v1,session_20261005T212737_676Z,word_yes_0004,34,23768,596351,1791235724322,yes,words-draft,signer_04,neutral,0x70,0.121000000000,0.0520000000000,-0.864000000000,250.130000000,-12.8240000000,19.4120000000,341,341,251,273,284,"seq=23768,t_ms=596351,who=0x70,ax=0.121,ay=0.052,az=-0.864,gx=250.130,gy=-12.824,gz=19.412,expected=-,pred=E,pred_conf=100.0,flex0_raw=341,flex0_norm=0.083,flex1_raw=341,flex1_norm=0.083,flex2_raw=251,flex2_norm=0.061,flex3_raw=273,flex3_norm=0.067,flex4_raw=284,flex4_norm=0.069",true
word-sequence-v1,session_20261005T212737_676Z,word_yes_0004,35,23769,596376,1791235724349,yes,words-draft,signer_04,neutral,0x70,0.164000000000,0.114000000000,-0.835000000000,250.130000000,56.7790000000,23.1220000000,339,339,248,269,286,"seq=23769,t_ms=596376,who=0x70,ax=0.164,ay=0.114,az=-0.835,gx=250.130,gy=56.779,gz=23.122,expected=-,pred=E,pred_conf=100.0,flex0_raw=339,flex0_norm=0.083,flex1_raw=339,flex1_norm=0.083,flex2_raw=248,flex2_norm=0.061,flex3_raw=269,flex3_norm=0.066,flex4_raw=286,flex4_norm=0.070",true
word-sequence-v1,session_20261005T212737_676Z,word_yes_0004,36,23770,596401,1791235724393,yes,words-draft,signer_04,neutral,0x70,0.0860000000000,-0.00400000000000,-0.944000000000,250.130000000,57.7710000000,-10.2900000000,341,339,248,269,285,"seq=23770,t_ms=596401,who=0x70,ax=0.086,ay=-0.004,az=-0.944,gx=250.130,gy=57.771,gz=-10.290,expected=-,pred=E,pred_conf=100.0,flex0_raw=341,flex0_norm=0.083,flex1_raw=339,flex1_norm=0.083,flex2_raw=248,flex2_norm=0.061,flex3_raw=269,flex3_norm=0.066,flex4_raw=285,flex4_norm=0.070",true
word-sequence-v1,session_20261005T212737_676Z,word_yes_0004,37,23771,596426,1791235724398,yes,words-draft,signer_04,neutral,0x70,0.0470000000000,-0.300000000000,-1.06100000000,250.130000000,36.5570000000,-22.8020000000,340,339,251,269,286,"seq=23771,t_ms=596426,who=0x70,ax=0.047,ay=-0.300,az=-1.061,gx=250.130,gy=36.557,gz=-22.802,expected=-,pred=E,pred_conf=100.0,flex0_raw=340,flex0_norm=0.083,flex1_raw=339,flex1_norm=0.083,flex2_raw=251,flex2_norm=0.061,flex3_raw=269,flex3_norm=0.066,flex4_raw=286,flex4_norm=0.070",true
word-sequence-v1,session_20261005T212737_676Z,word_yes_0004,38,23772,596451,1791235724430,yes,words-draft,signer_04,neutral,0x70,0.137000000000,-0.389000000000,-1.11300000000,250.130000000,39.5110000000,-2.94700000000,340,338,249,269,286,"seq=23772,t_ms=596451,who=0x70,ax=0.137,ay=-0.389,az=-1.113,gx=250.130,gy=39.511,gz=-2.947,expected=-,pred=E,pred_conf=100.0,flex0_raw=340,flex0_norm=0.083,flex1_raw=338,flex1_norm=0.083,flex2_raw=249,flex2_norm=0.061,flex3_raw=269,flex3_norm=0.066,flex4_raw=286,flex4_norm=0.070",true
word-sequence-v1,session_20261005T212737_676Z,word_yes_0004,39,23773,596476,1791235724462,yes,words-draft,signer_04,neutral,0x70,0.225000000000,-0.456000000000,-1.08300000000,175.084000000,16.5420000000,5.37400000000,335,333,245,269,286,"seq=23773,t_ms=596476,who=0x70,ax=0.225,ay=-0.456,az=-1.083,gx=175.084,gy=16.542,gz=5.374,expected=-,pred=E,pred_conf=100.0,flex0_raw=335,flex0_norm=0.082,flex1_raw=333,flex1_norm=0.081,flex2_raw=245,flex2_norm=0.060,flex3_raw=269,flex3_norm=0.066,flex4_raw=286,flex4_norm=0.070",true
word-sequence-v1,session_20261005T212737_676Z,word_yes_0004,40,23774,596501,1791235724462,yes,words-draft,signer_04,neutral,0x70,0.180000000000,-0.472000000000,-1.11500000000,145.794000000,-13.4120000000,-2.71800000000,335,333,244,269,287,"seq=23774,t_ms=596501,who=0x70,ax=0.180,ay=-0.472,az=-1.115,gx=145.794,gy=-13.412,gz=-2.718,expected=-,pred=E,pred_conf=100.0,flex0_raw=335,flex0_norm=0.082,flex1_raw=333,flex1_norm=0.081,flex2_raw=244,flex2_norm=0.060,flex3_raw=269,flex3_norm=0.066,flex4_raw=287,flex4_norm=0.070",true
word-sequence-v1,session_20261005T212737_676Z,word_yes_0004,41,23775,596526,1791235724500,yes,words-draft,signer_04,neutral,0x70,0.0650000000000,-0.542000000000,-1.15400000000,112.634000000,-8.34400000000,-7.61800000000,335,334,245,269,287,"seq=23775,t_ms=596526,who=0x70,ax=0.065,ay=-0.542,az=-1.154,gx=112.634,gy=-8.344,gz=-7.618,expected=-,pred=E,pred_conf=100.0,flex0_raw=335,flex0_norm=0.082,flex1_raw=334,flex1_norm=0.082,flex2_raw=245,flex2_norm=0.060,flex3_raw=269,flex3_norm=0.066,flex4_raw=287,flex4_norm=0.070",true
word-sequence-v1,session_20261005T212737_676Z,word_yes_0004,42,23776,596551,1791235724524,yes,words-draft,signer_04,neutral,0x70,0.104000000000,-0.580000000000,-1.21900000000,25.8780000000,33.0990000000,-6.90800000000,333,333,245,269,286,"seq=23776,t_ms=596551,who=0x70,ax=0.104,ay=-0.580,az=-1.219,gx=25.878,gy=33.099,gz=-6.908,expected=-,pred=E,pred_conf=100.0,flex0_raw=333,flex0_norm=0.081,flex1_raw=333,flex1_norm=0.081,flex2_raw=245,flex2_norm=0.060,flex3_raw=269,flex3_norm=0.066,flex4_raw=286,flex4_norm=0.070",true
word-sequence-v1,session_20261005T212737_676Z,word_yes_0004,43,23777,596576,1791235724548,yes,words-draft,signer_04,neutral,0x70,0.168000000000,-0.577000000000,-1.19300000000,-59.8020000000,27.6410000000,9.48100000000,335,335,247,269,286,"seq=23777,t_ms=596576,who=0x70,ax=0.168,ay=-0.577,az=-1.193,gx=-59.802,gy=27.641,gz=9.481,expected=-,pred=E,pred_conf=100.0,flex0_raw=335,flex0_norm=0.082,flex1_raw=335,flex1_norm=0.082,flex2_raw=247,flex2_norm=0.060,flex3_raw=269,flex3_norm=0.066,flex4_raw=286,flex4_norm=0.070",true
word-sequence-v1,session_20261005T212737_676Z,word_yes_0004,44,23778,596601,1791235724587,yes,words-draft,signer_04,neutral,0x70,0.142000000000,-0.476000000000,-1.22400000000,-155.733000000,-8.87000000000,13.7020000000,339,339,249,269,286,"seq=23778,t_ms=596601,who=0x70,ax=0.142,ay=-0.476,az=-1.224,gx=-155.733,gy=-8.870,gz=13.702,expected=-,pred=E,pred_conf=100.0,flex0_raw=339,flex0_norm=0.083,flex1_raw=339,flex1_norm=0.083,flex2_raw=249,flex2_norm=0.061,flex3_raw=269,flex3_norm=0.066,flex4_raw=286,flex4_norm=0.070",true
word-sequence-v1,session_20261005T212737_676Z,word_yes_0004,45,23779,596626,1791235724614,yes,words-draft,signer_04,neutral,0x70,0.110000000000,-0.437000000000,-1.22600000000,-245.695000000,-34.4050000000,18.6720000000,341,340,252,271,287,"seq=23779,t_ms=596626,who=0x70,ax=0.110,ay=-0.437,az=-1.226,gx=-245.695,gy=-34.405,gz=18.672,expected=-,pred=E,pred_conf=100.0,flex0_raw=341,flex0_norm=0.083,flex1_raw=340,flex1_norm=0.083,flex2_raw=252,flex2_norm=0.062,flex3_raw=271,flex3_norm=0.066,flex4_raw=287,flex4_norm=0.070",true
word-sequence-v1,session_20261005T212737_676Z,word_yes_0004,46,23780,596651,1791235724615,yes,words-draft,signer_04,neutral,0x70,0.145000000000,-0.397000000000,-1.12900000000,-250.137000000,-31.3740000000,27.8320000000,345,344,253,270,286,"seq=23780,t_ms=596651,who=0x70,ax=0.145,ay=-0.397,az=-1.129,gx=-250.137,gy=-31.374,gz=27.832,expected=-,pred=E,pred_conf=100.0,flex0_raw=345,flex0_norm=0.084,flex1_raw=344,flex1_norm=0.084,flex2_raw=253,flex2_norm=0.062,flex3_raw=270,flex3_norm=0.066,flex4_raw=286,flex4_norm=0.070",true
word-sequence-v1,session_20261005T212737_676Z,word_yes_0004,47,23781,596676,1791235724652,yes,words-draft,signer_04,neutral,0x70,0.105000000000,-0.208000000000,-1.15400000000,-250.137000000,-16.5040000000,17.5190000000,348,346,261,271,283,"seq=23781,t_ms=596676,who=0x70,ax=0.105,ay=-0.208,az=-1.154,gx=-250.137,gy=-16.504,gz=17.519,expected=-,pred=E,pred_conf=100.0,flex0_raw=348,flex0_norm=0.085,flex1_raw=346,flex1_norm=0.084,flex2_raw=261,flex2_norm=0.064,flex3_raw=271,flex3_norm=0.066,flex4_raw=283,flex4_norm=0.069",true
word-sequence-v1,session_20261005T212737_676Z,word_yes_0004,48,23782,596701,1791235724685,yes,words-draft,signer_04,neutral,0x70,0.0380000000000,-0.0750000000000,-1.15400000000,-250.137000000,-22.2140000000,13.7630000000,355,351,265,273,281,"seq=23782,t_ms=596701,who=0x70,ax=0.038,ay=-0.075,az=-1.154,gx=-250.137,gy=-22.214,gz=13.763,expected=-,pred=E,pred_conf=100.0,flex0_raw=355,flex0_norm=0.087,flex1_raw=351,flex1_norm=0.086,flex2_raw=265,flex2_norm=0.065,flex3_raw=273,flex3_norm=0.067,flex4_raw=281,flex4_norm=0.069",true
word-sequence-v1,session_20261005T212737_676Z,word_yes_0004,49,23783,596726,1791235724742,yes,words-draft,signer_04,neutral,0x70,0.136000000000,0.116000000000,-0.963000000000,-250.137000000,1.75600000000,27.3820000000,359,357,269,274,278,"seq=23783,t_ms=596726,who=0x70,ax=0.136,ay=0.116,az=-0.963,gx=-250.137,gy=1.756,gz=27.382,expected=-,pred=E,pred_conf=100.0,flex0_raw=359,flex0_norm=0.088,flex1_raw=357,flex1_norm=0.087,flex2_raw=269,flex2_norm=0.066,flex3_raw=274,flex3_norm=0.067,flex4_raw=278,flex4_norm=0.068",true
word-sequence-v1,session_20261005T212737_676Z,word_yes_0004,50,23784,596751,1791235724770,yes,words-draft,signer_04,neutral,0x70,0.170000000000,0.493000000000,-0.788000000000,-250.137000000,59.7860000000,31.1760000000,359,358,271,274,277,"seq=23784,t_ms=596751,who=0x70,ax=0.170,ay=0.493,az=-0.788,gx=-250.137,gy=59.786,gz=31.176,expected=-,pred=E,pred_conf=100.0,flex0_raw=359,flex0_norm=0.088,flex1_raw=358,flex1_norm=0.087,flex2_raw=271,flex2_norm=0.066,flex3_raw=274,flex3_norm=0.067,flex4_raw=277,flex4_norm=0.068",true
word-sequence-v1,session_20261005T212737_676Z,word_yes_0004,51,23785,596776,1791235724770,yes,words-draft,signer_04,neutral,0x70,0.0670000000000,0.729000000000,-0.604000000000,-250.137000000,27.7020000000,-4.66400000000,359,357,275,271,275,"seq=23785,t_ms=596776,who=0x70,ax=0.067,ay=0.729,az=-0.604,gx=-250.137,gy=27.702,gz=-4.664,expected=-,pred=E,pred_conf=100.0,flex0_raw=359,flex0_norm=0.088,flex1_raw=357,flex1_norm=0.087,flex2_raw=275,flex2_norm=0.067,flex3_raw=271,flex3_norm=0.066,flex4_raw=275,flex4_norm=0.067",true
word-sequence-v1,session_20261005T212737_676Z,word_yes_0004,52,23786,596801,1791235724771,yes,words-draft,signer_04,neutral,0x70,0.213000000000,0.668000000000,-0.380000000000,-184.855000000,-13.8630000000,-21.2750000000,357,356,275,269,273,"seq=23786,t_ms=596801,who=0x70,ax=0.213,ay=0.668,az=-0.380,gx=-184.855,gy=-13.863,gz=-21.275,expected=-,pred=E,pred_conf=100.0,flex0_raw=357,flex0_norm=0.087,flex1_raw=356,flex1_norm=0.087,flex2_raw=275,flex2_norm=0.067,flex3_raw=269,flex3_norm=0.066,flex4_raw=273,flex4_norm=0.067",true
word-sequence-v1,session_20261005T212737_676Z,word_yes_0004,53,23787,596826,1791235724810,yes,words-draft,signer_04,neutral,0x70,0.118000000000,0.587000000000,-0.396000000000,-110.298000000,-23.0000000000,-20.6030000000,359,357,275,267,267,"seq=23787,t_ms=596826,who=0x70,ax=0.118,ay=0.587,az=-0.396,gx=-110.298,gy=-23.000,gz=-20.603,expected=-,pred=E,pred_conf=100.0,flex0_raw=359,flex0_norm=0.088,flex1_raw=357,flex1_norm=0.087,flex2_raw=275,flex2_norm=0.067,flex3_raw=267,flex3_norm=0.065,flex4_raw=267,flex4_norm=0.065",true
word-sequence-v1,session_20261005T212737_676Z,word_yes_0004,54,23788,596851,1791235724836,yes,words-draft,signer_04,neutral,0x70,0.0990000000000,0.618000000000,-0.356000000000,-55.8470000000,-7.35100000000,-2.78600000000,360,359,274,266,265,"seq=23788,t_ms=596851,who=0x70,ax=0.099,ay=0.618,az=-0.356,gx=-55.847,gy=-7.351,gz=-2.786,expected=-,pred=E,pred_conf=100.0,flex0_raw=360,flex0_norm=0.088,flex1_raw=359,flex1_norm=0.088,flex2_raw=274,flex2_norm=0.067,flex3_raw=266,flex3_norm=0.065,flex4_raw=265,flex4_norm=0.065",true
word-sequence-v1,session_20261005T212737_676Z,word_yes_0004,55,23789,596876,1791235724883,yes,words-draft,signer_04,neutral,0x70,0.0980000000000,0.607000000000,-0.411000000000,-21.1600000000,9.22100000000,-2.82400000000,360,359,271,265,264,"seq=23789,t_ms=596876,who=0x70,ax=0.098,ay=0.607,az=-0.411,gx=-21.160,gy=9.221,gz=-2.824,expected=-,pred=E,pred_conf=100.0,flex0_raw=360,flex0_norm=0.088,flex1_raw=359,flex1_norm=0.088,flex2_raw=271,flex2_norm=0.066,flex3_raw=265,flex3_norm=0.065,flex4_raw=264,flex4_norm=0.064",true
word-sequence-v1,session_20261005T212737_676Z,word_yes_0004,56,23790,596901,1791235724884,yes,words-draft,signer_04,neutral,0x70,0.0770000000000,0.680000000000,-0.412000000000,22.9240000000,7.66400000000,3.96900000000,359,359,271,265,263,"seq=23790,t_ms=596901,who=0x70,ax=0.077,ay=0.680,az=-0.412,gx=22.924,gy=7.664,gz=3.969,expected=-,pred=E,pred_conf=100.0,flex0_raw=359,flex0_norm=0.088,flex1_raw=359,flex1_norm=0.088,flex2_raw=271,flex2_norm=0.066,flex3_raw=265,flex3_norm=0.065,flex4_raw=263,flex4_norm=0.064",true
word-sequence-v1,session_20261005T212737_676Z,word_yes_0004,57,23791,596926,1791235724914,yes,words-draft,signer_04,neutral,0x70,0.0910000000000,0.710000000000,-0.448000000000,79.8470000000,7.03100000000,6.56500000000,359,357,271,264,263,"seq=23791,t_ms=596926,who=0x70,ax=0.091,ay=0.710,az=-0.448,gx=79.847,gy=7.031,gz=6.565,expected=-,pred=E,pred_conf=99.9,flex0_raw=359,flex0_norm=0.088,flex1_raw=357,flex1_norm=0.087,flex2_raw=271,flex2_norm=0.066,flex3_raw=264,flex3_norm=0.064,flex4_raw=263,flex4_norm=0.064",true
word-sequence-v1,session_20261005T212737_676Z,word_yes_0004,58,23792,596951,1791235724915,yes,words-draft,signer_04,neutral,0x70,0.125000000000,0.706000000000,-0.449000000000,153.145000000,12.0080000000,0.130000000000,354,353,267,265,265,"seq=23792,t_ms=596951,who=0x70,ax=0.125,ay=0.706,az=-0.449,gx=153.145,gy=12.008,gz=0.130,expected=-,pred=E,pred_conf=100.0,flex0_raw=354,flex0_norm=0.086,flex1_raw=353,flex1_norm=0.086,flex2_raw=267,flex2_norm=0.065,flex3_raw=265,flex3_norm=0.065,flex4_raw=265,flex4_norm=0.065",true
word-sequence-v1,session_20261005T212737_676Z,word_yes_0004,59,23793,596976,1791235724950,yes,words-draft,signer_04,neutral,0x70,0.0230000000000,0.641000000000,-0.575000000000,240.191000000,-22.5040000000,-16.9010000000,347,346,267,266,265,"seq=23793,t_ms=596976,who=0x70,ax=0.023,ay=0.641,az=-0.575,gx=240.191,gy=-22.504,gz=-16.901,expected=-,pred=E,pred_conf=100.0,flex0_raw=347,flex0_norm=0.085,flex1_raw=346,flex1_norm=0.084,flex2_raw=267,flex2_norm=0.065,flex3_raw=266,flex3_norm=0.065,flex4_raw=265,flex4_norm=0.065",true
word-sequence-v1,session_20261005T212737_676Z,word_yes_0004,60,23794,597001,1791235724987,yes,words-draft,signer_04,neutral,0x70,0.0840000000000,0.338000000000,-0.752000000000,250.130000000,-58.6560000000,-5.61100000000,345,345,264,266,269,"seq=23794,t_ms=597001,who=0x70,ax=0.084,ay=0.338,az=-0.752,gx=250.130,gy=-58.656,gz=-5.611,expected=-,pred=E,pred_conf=100.0,flex0_raw=345,flex0_norm=0.084,flex1_raw=345,flex1_norm=0.084,flex2_raw=264,flex2_norm=0.064,flex3_raw=266,flex3_norm=0.065,flex4_raw=269,flex4_norm=0.066",true
word-sequence-v1,session_20261005T212737_676Z,word_yes_0004,61,23795,597026,1791235725012,yes,words-draft,signer_04,neutral,0x70,0.147000000000,0.267000000000,-0.717000000000,250.130000000,-16.4960000000,10.0000000000,341,341,253,264,275,"seq=23795,t_ms=597026,who=0x70,ax=0.147,ay=0.267,az=-0.717,gx=250.130,gy=-16.496,gz=10.000,expected=-,pred=E,pred_conf=100.0,flex0_raw=341,flex0_norm=0.083,flex1_raw=341,flex1_norm=0.083,flex2_raw=253,flex2_norm=0.062,flex3_raw=264,flex3_norm=0.064,flex4_raw=275,flex4_norm=0.067",true
word-sequence-v1,session_20261005T212737_676Z,word_yes_0004,62,23796,597051,1791235725051,yes,words-draft,signer_04,neutral,0x70,0.119000000000,0.217000000000,-0.774000000000,250.130000000,3.40500000000,-4.78600000000,338,337,249,267,276,"seq=23796,t_ms=597051,who=0x70,ax=0.119,ay=0.217,az=-0.774,gx=250.130,gy=3.405,gz=-4.786,expected=-,pred=E,pred_conf=100.0,flex0_raw=338,flex0_norm=0.083,flex1_raw=337,flex1_norm=0.082,flex2_raw=249,flex2_norm=0.061,flex3_raw=267,flex3_norm=0.065,flex4_raw=276,flex4_norm=0.067",true
word-sequence-v1,session_20261005T212737_676Z,word_yes_0004,63,23797,597076,1791235725080,yes,words-draft,signer_04,neutral,0x70,0.0320000000000,-0.0210000000000,-0.910000000000,250.130000000,-23.9240000000,-23.2210000000,342,342,250,267,276,"seq=23797,t_ms=597076,who=0x70,ax=0.032,ay=-0.021,az=-0.910,gx=250.130,gy=-23.924,gz=-23.221,expected=-,pred=E,pred_conf=100.0,flex0_raw=342,flex0_norm=0.084,flex1_raw=342,flex1_norm=0.084,flex2_raw=250,flex2_norm=0.061,flex3_raw=267,flex3_norm=0.065,flex4_raw=276,flex4_norm=0.067",true
word-sequence-v1,session_20261005T212737_676Z,word_yes_0004,64,23798,597101,1791235725081,yes,words-draft,signer_04,neutral,0x70,0.0970000000000,-0.327000000000,-1.04100000000,250.130000000,21.4500000000,-24.2980000000,343,343,251,267,275,"seq=23798,t_ms=597101,who=0x70,ax=0.097,ay=-0.327,az=-1.041,gx=250.130,gy=21.450,gz=-24.298,expected=-,pred=E,pred_conf=100.0,flex0_raw=343,flex0_norm=0.084,flex1_raw=343,flex1_norm=0.084,flex2_raw=251,flex2_norm=0.061,flex3_raw=267,flex3_norm=0.065,flex4_raw=275,flex4_norm=0.067",true
word-sequence-v1,session_20261005T212737_676Z,word_yes_0004,65,23799,597126,1791235725088,yes,words-draft,signer_04,neutral,0x70,0.142000000000,-0.516000000000,-1.18500000000,250.130000000,37.2060000000,-2.61100000000,345,345,253,268,271,"seq=23799,t_ms=597126,who=0x70,ax=0.142,ay=-0.516,az=-1.185,gx=250.130,gy=37.206,gz=-2.611,expected=-,pred=E,pred_conf=100.0,flex0_raw=345,flex0_norm=0.084,flex1_raw=345,flex1_norm=0.084,flex2_raw=253,flex2_norm=0.062,flex3_raw=268,flex3_norm=0.065,flex4_raw=271,flex4_norm=0.066",true
word-sequence-v1,session_20261005T212737_676Z,word_yes_0004,66,23800,597151,1791235725118,yes,words-draft,signer_04,neutral,0x70,0.127000000000,-0.573000000000,-1.13100000000,250.130000000,-3.10700000000,12.2060000000,349,348,253,267,271,"seq=23800,t_ms=597151,who=0x70,ax=0.127,ay=-0.573,az=-1.131,gx=250.130,gy=-3.107,gz=12.206,expected=-,pred=E,pred_conf=100.0,flex0_raw=349,flex0_norm=0.085,flex1_raw=348,flex1_norm=0.085,flex2_raw=253,flex2_norm=0.062,flex3_raw=267,flex3_norm=0.065,flex4_raw=271,flex4_norm=0.066",true
word-sequence-v1,session_20261005T212737_676Z,word_yes_0004,67,23801,597176,1791235725148,yes,words-draft,signer_04,neutral,0x70,0.0950000000000,-0.733000000000,-1.02800000000,250.130000000,-32.0690000000,6.74800000000,351,349,259,267,271,"seq=23801,t_ms=597176,who=0x70,ax=0.095,ay=-0.733,az=-1.028,gx=250.130,gy=-32.069,gz=6.748,expected=-,pred=E,pred_conf=100.0,flex0_raw=351,flex0_norm=0.086,flex1_raw=349,flex1_norm=0.085,flex2_raw=259,flex2_norm=0.063,flex3_raw=267,flex3_norm=0.065,flex4_raw=271,flex4_norm=0.066",true
word-sequence-v1,session_20261005T212737_676Z,word_yes_0004,68,23802,597201,1791235725184,yes,words-draft,signer_04,neutral,0x70,0.0330000000000,-0.830000000000,-0.836000000000,233.718000000,-46.9080000000,5.48900000000,351,351,255,266,269,"seq=23802,t_ms=597201,who=0x70,ax=0.033,ay=-0.830,az=-0.836,gx=233.718,gy=-46.908,gz=5.489,expected=-,pred=E,pred_conf=100.0,flex0_raw=351,flex0_norm=0.086,flex1_raw=351,flex1_norm=0.086,flex2_raw=255,flex2_norm=0.062,flex3_raw=266,flex3_norm=0.065,flex4_raw=269,flex4_norm=0.066",true
word-sequence-v1,session_20261005T212737_676Z,word_yes_0004,69,23803,597226,1791235725219,yes,words-draft,signer_04,neutral,0x70,0.00500000000000,-0.895000000000,-0.898000000000,67.4120000000,-9.99200000000,13.3050000000,349,348,255,265,268,"seq=23803,t_ms=597226,who=0x70,ax=0.005,ay=-0.895,az=-0.898,gx=67.412,gy=-9.992,gz=13.305,expected=-,pred=E,pred_conf=100.0,flex0_raw=349,flex0_norm=0.085,flex1_raw=348,flex1_norm=0.085,flex2_raw=255,flex2_norm=0.062,flex3_raw=265,flex3_norm=0.065,flex4_raw=268,flex4_norm=0.065",true
word-sequence-v1,session_20261005T212737_676Z,word_yes_0004,70,23804,597251,1791235725219,yes,words-draft,signer_04,neutral,0x70,-0.0330000000000,-0.784000000000,-1.03400000000,-59.1300000000,13.9850000000,18.1300000000,349,349,261,265,268,"seq=23804,t_ms=597251,who=0x70,ax=-0.033,ay=-0.784,az=-1.034,gx=-59.130,gy=13.985,gz=18.130,expected=-,pred=E,pred_conf=100.0,flex0_raw=349,flex0_norm=0.085,flex1_raw=349,flex1_norm=0.085,flex2_raw=261,flex2_norm=0.064,flex3_raw=265,flex3_norm=0.065,flex4_raw=268,flex4_norm=0.065",true
word-sequence-v1,session_20261005T212737_676Z,word_yes_0004,71,23805,597276,1791235725268,yes,words-draft,signer_04,neutral,0x70,0.0100000000000,-0.804000000000,-0.943000000000,-107.733000000,-13.6110000000,8.23700000000,350,349,261,267,270,"seq=23805,t_ms=597276,who=0x70,ax=0.010,ay=-0.804,az=-0.943,gx=-107.733,gy=-13.611,gz=8.237,expected=-,pred=E,pred_conf=100.0,flex0_raw=350,flex0_norm=0.085,flex1_raw=349,flex1_norm=0.085,flex2_raw=261,flex2_norm=0.064,flex3_raw=267,flex3_norm=0.065,flex4_raw=270,flex4_norm=0.066",true
word-sequence-v1,session_20261005T212737_676Z,word_yes_0004,72,23806,597301,1791235725270,yes,words-draft,signer_04,neutral,0x70,0.0510000000000,-0.744000000000,-1.01700000000,-200.053000000,12.4580000000,23.6260000000,351,349,263,267,271,"seq=23806,t_ms=597301,who=0x70,ax=0.051,ay=-0.744,az=-1.017,gx=-200.053,gy=12.458,gz=23.626,expected=-,pred=E,pred_conf=100.0,flex0_raw=351,flex0_norm=0.086,flex1_raw=349,flex1_norm=0.085,flex2_raw=263,flex2_norm=0.064,flex3_raw=267,flex3_norm=0.065,flex4_raw=271,flex4_norm=0.066",true
word-sequence-v1,session_20261005T212737_676Z,word_yes_0004,73,23807,597326,1791235725310,yes,words-draft,signer_04,neutral,0x70,-0.00100000000000,-0.576000000000,-1.12300000000,-249.107000000,23.2290000000,33.3890000000,351,351,263,267,273,"seq=23807,t_ms=597326,who=0x70,ax=-0.001,ay=-0.576,az=-1.123,gx=-249.107,gy=23.229,gz=33.389,expected=-,pred=E,pred_conf=100.0,flex0_raw=351,flex0_norm=0.086,flex1_raw=351,flex1_norm=0.086,flex2_raw=263,flex2_norm=0.064,flex3_raw=267,flex3_norm=0.065,flex4_raw=273,flex4_norm=0.067",true
word-sequence-v1,session_20261005T212737_676Z,word_yes_0004,74,23808,597351,1791235725333,yes,words-draft,signer_04,neutral,0x70,0.00900000000000,-0.474000000000,-1.03400000000,-250.137000000,-8.10700000000,34.0460000000,353,351,265,267,274,"seq=23808,t_ms=597351,who=0x70,ax=0.009,ay=-0.474,az=-1.034,gx=-250.137,gy=-8.107,gz=34.046,expected=-,pred=E,pred_conf=100.0,flex0_raw=353,flex0_norm=0.086,flex1_raw=351,flex1_norm=0.086,flex2_raw=265,flex2_norm=0.065,flex3_raw=267,flex3_norm=0.065,flex4_raw=274,flex4_norm=0.067",true
word-sequence-v1,session_20261005T212737_676Z,word_yes_0004,75,23809,597376,1791235725372,yes,words-draft,signer_04,neutral,0x70,0.0490000000000,-0.396000000000,-0.999000000000,-250.137000000,-5.09900000000,13.1980000000,351,354,267,267,270,"seq=23809,t_ms=597376,who=0x70,ax=0.049,ay=-0.396,az=-0.999,gx=-250.137,gy=-5.099,gz=13.198,expected=-,pred=E,pred_conf=100.0,flex0_raw=351,flex0_norm=0.086,flex1_raw=354,flex1_norm=0.086,flex2_raw=267,flex2_norm=0.065,flex3_raw=267,flex3_norm=0.065,flex4_raw=270,flex4_norm=0.066",true
word-sequence-v1,session_20261005T212737_676Z,word_yes_0004,76,23810,597401,1791235725372,yes,words-draft,signer_04,neutral,0x70,0.0360000000000,-0.263000000000,-1.03500000000,-250.137000000,7.64100000000,21.2440000000,354,351,267,269,273,"seq=23810,t_ms=597401,who=0x70,ax=0.036,ay=-0.263,az=-1.035,gx=-250.137,gy=7.641,gz=21.244,expected=-,pred=E,pred_conf=100.0,flex0_raw=354,flex0_norm=0.086,flex1_raw=351,flex1_norm=0.086,flex2_raw=267,flex2_norm=0.065,flex3_raw=269,flex3_norm=0.066,flex4_raw=273,flex4_norm=0.067",true
word-sequence-v1,session_20261005T212737_676Z,word_yes_0004,77,23811,597426,1791235725401,yes,words-draft,signer_04,neutral,0x70,0.00700000000000,-0.198000000000,-1.03800000000,-250.137000000,9.59500000000,17.2900000000,355,355,269,269,269,"seq=23811,t_ms=597426,who=0x70,ax=0.007,ay=-0.198,az=-1.038,gx=-250.137,gy=9.595,gz=17.290,expected=-,pred=E,pred_conf=100.0,flex0_raw=355,flex0_norm=0.087,flex1_raw=355,flex1_norm=0.087,flex2_raw=269,flex2_norm=0.066,flex3_raw=269,flex3_norm=0.066,flex4_raw=269,flex4_norm=0.066",true
word-sequence-v1,session_20261005T212737_676Z,word_yes_0004,78,23812,597451,1791235725439,yes,words-draft,signer_04,neutral,0x70,0.0720000000000,-0.0690000000000,-0.891000000000,-250.137000000,13.9620000000,26.3510000000,358,358,275,269,267,"seq=23812,t_ms=597451,who=0x70,ax=0.072,ay=-0.069,az=-0.891,gx=-250.137,gy=13.962,gz=26.351,expected=-,pred=E,pred_conf=100.0,flex0_raw=358,flex0_norm=0.087,flex1_raw=358,flex1_norm=0.087,flex2_raw=275,flex2_norm=0.067,flex3_raw=269,flex3_norm=0.066,flex4_raw=267,flex4_norm=0.065",true
word-sequence-v1,session_20261005T212737_676Z,word_yes_0004,79,23813,597476,1791235725477,yes,words-draft,signer_04,neutral,0x70,0.0620000000000,0.264000000000,-0.874000000000,-250.137000000,41.1220000000,23.4350000000,359,360,278,270,265,"seq=23813,t_ms=597476,who=0x70,ax=0.062,ay=0.264,az=-0.874,gx=-250.137,gy=41.122,gz=23.435,expected=-,pred=E,pred_conf=100.0,flex0_raw=359,flex0_norm=0.088,flex1_raw=360,flex1_norm=0.088,flex2_raw=278,flex2_norm=0.068,flex3_raw=270,flex3_norm=0.066,flex4_raw=265,flex4_norm=0.065",true
word-sequence-v1,session_20261005T212737_676Z,word_yes_0004,80,23814,597501,1791235725479,yes,words-draft,signer_04,neutral,0x70,0.0290000000000,0.302000000000,-0.911000000000,-243.939000000,32.1450000000,4.21400000000,361,361,277,271,266,"seq=23814,t_ms=597501,who=0x70,ax=0.029,ay=0.302,az=-0.911,gx=-243.939,gy=32.145,gz=4.214,expected=-,pred=E,pred_conf=100.0,flex0_raw=361,flex0_norm=0.088,flex1_raw=361,flex1_norm=0.088,flex2_raw=277,flex2_norm=0.068,flex3_raw=271,flex3_norm=0.066,flex4_raw=266,flex4_norm=0.065",true
word-sequence-v1,session_20261005T212737_676Z,word_yes_0004,81,23815,597526,1791235725524,yes,words-draft,signer_04,neutral,0x70,0.105000000000,0.318000000000,-0.812000000000,-189.115000000,18.7100000000,-5.98500000000,361,360,279,271,266,"seq=23815,t_ms=597526,who=0x70,ax=0.105,ay=0.318,az=-0.812,gx=-189.115,gy=18.710,gz=-5.985,expected=-,pred=E,pred_conf=100.0,flex0_raw=361,flex0_norm=0.088,flex1_raw=360,flex1_norm=0.088,flex2_raw=279,flex2_norm=0.068,flex3_raw=271,flex3_norm=0.066,flex4_raw=266,flex4_norm=0.065",true
word-sequence-v1,session_20261005T212737_676Z,word_yes_0004,82,23816,597551,1791235725524,yes,words-draft,signer_04,neutral,0x70,0.0790000000000,0.462000000000,-0.718000000000,-157.824000000,29.1680000000,-9.60300000000,362,362,281,272,266,"seq=23816,t_ms=597551,who=0x70,ax=0.079,ay=0.462,az=-0.718,gx=-157.824,gy=29.168,gz=-9.603,expected=-,pred=E,pred_conf=100.0,flex0_raw=362,flex0_norm=0.088,flex1_raw=362,flex1_norm=0.088,flex2_raw=281,flex2_norm=0.069,flex3_raw=272,flex3_norm=0.066,flex4_raw=266,flex4_norm=0.065",true
word-sequence-v1,session_20261005T212737_676Z,word_yes_0004,83,23817,597576,1791235725565,yes,words-draft,signer_04,neutral,0x70,0.0660000000000,0.560000000000,-0.683000000000,-100.305000000,23.6870000000,-11.0920000000,363,363,282,271,265,"seq=23817,t_ms=597576,who=0x70,ax=0.066,ay=0.560,az=-0.683,gx=-100.305,gy=23.687,gz=-11.092,expected=-,pred=E,pred_conf=100.0,flex0_raw=363,flex0_norm=0.089,flex1_raw=363,flex1_norm=0.089,flex2_raw=282,flex2_norm=0.069,flex3_raw=271,flex3_norm=0.066,flex4_raw=265,flex4_norm=0.065",true
word-sequence-v1,session_20261005T212737_676Z,word_yes_0004,84,23818,597601,1791235725587,yes,words-draft,signer_04,neutral,0x70,0.0610000000000,0.530000000000,-0.681000000000,-42.3820000000,13.2290000000,-9.48100000000,363,364,282,273,266,"seq=23818,t_ms=597601,who=0x70,ax=0.061,ay=0.530,az=-0.681,gx=-42.382,gy=13.229,gz=-9.481,expected=-,pred=E,pred_conf=100.0,flex0_raw=363,flex0_norm=0.089,flex1_raw=364,flex1_norm=0.089,flex2_raw=282,flex2_norm=0.069,flex3_raw=273,flex3_norm=0.067,flex4_raw=266,flex4_norm=0.065",true
word-sequence-v1,session_20261005T212737_676Z,word_yes_0004,85,23819,597626,1791235725600,yes,words-draft,signer_04,neutral,0x70,0.110000000000,0.473000000000,-0.711000000000,-30.4270000000,19.1760000000,-5.48900000000,363,363,283,275,266,"seq=23819,t_ms=597626,who=0x70,ax=0.110,ay=0.473,az=-0.711,gx=-30.427,gy=19.176,gz=-5.489,expected=-,pred=E,pred_conf=100.0,flex0_raw=363,flex0_norm=0.089,flex1_raw=363,flex1_norm=0.089,flex2_raw=283,flex2_norm=0.069,flex3_raw=275,flex3_norm=0.067,flex4_raw=266,flex4_norm=0.065",true
word-sequence-v1,session_20261005T212737_676Z,word_yes_0004,86,23820,597651,1791235725638,yes,words-draft,signer_04,neutral,0x70,0.0520000000000,0.570000000000,-0.745000000000,-23.7940000000,25.0310000000,0.412000000000,363,363,283,274,267,"seq=23820,t_ms=597651,who=0x70,ax=0.052,ay=0.570,az=-0.745,gx=-23.794,gy=25.031,gz=0.412,expected=-,pred=E,pred_conf=100.0,flex0_raw=363,flex0_norm=0.089,flex1_raw=363,flex1_norm=0.089,flex2_raw=283,flex2_norm=0.069,flex3_raw=274,flex3_norm=0.067,flex4_raw=267,flex4_norm=0.065",true
word-sequence-v1,session_20261005T212737_676Z,word_yes_0004,87,23821,597676,1791235725665,yes,words-draft,signer_04,neutral,0x70,0.0740000000000,0.589000000000,-0.787000000000,1.26700000000,25.1150000000,2.47300000000,363,363,283,275,267,"seq=23821,t_ms=597676,who=0x70,ax=0.074,ay=0.589,az=-0.787,gx=1.267,gy=25.115,gz=2.473,expected=-,pred=E,pred_conf=100.0,flex0_raw=363,flex0_norm=0.089,flex1_raw=363,flex1_norm=0.089,flex2_raw=283,flex2_norm=0.069,flex3_raw=275,flex3_norm=0.067,flex4_raw=267,flex4_norm=0.065",true
word-sequence-v1,session_20261005T212737_676Z,word_yes_0004,88,23822,597701,1791235725666,yes,words-draft,signer_04,neutral,0x70,0.0920000000000,0.555000000000,-0.802000000000,21.1680000000,4.88500000000,-0.603000000000,364,362,283,274,268,"seq=23822,t_ms=597701,who=0x70,ax=0.092,ay=0.555,az=-0.802,gx=21.168,gy=4.885,gz=-0.603,expected=-,pred=E,pred_conf=100.0,flex0_raw=364,flex0_norm=0.089,flex1_raw=362,flex1_norm=0.088,flex2_raw=283,flex2_norm=0.069,flex3_raw=274,flex3_norm=0.067,flex4_raw=268,flex4_norm=0.065",true
word-sequence-v1,session_20261005T212737_676Z,word_yes_0004,89,23823,597726,1791235725706,yes,words-draft,signer_04,neutral,0x70,0.147000000000,0.508000000000,-0.799000000000,17.9620000000,17.3890000000,-3.17600000000,364,363,282,275,268,"seq=23823,t_ms=597726,who=0x70,ax=0.147,ay=0.508,az=-0.799,gx=17.962,gy=17.389,gz=-3.176,expected=-,pred=E,pred_conf=100.0,flex0_raw=364,flex0_norm=0.089,flex1_raw=363,flex1_norm=0.089,flex2_raw=282,flex2_norm=0.069,flex3_raw=275,flex3_norm=0.067,flex4_raw=268,flex4_norm=0.065",true
word-sequence-v1,session_20261005T212737_676Z,word_yes_0004,90,23824,597751,1791235725734,yes,words-draft,signer_04,neutral,0x70,0.0880000000000,0.535000000000,-0.846000000000,20.8020000000,-2.01500000000,-4.43500000000,363,361,283,275,268,"seq=23824,t_ms=597751,who=0x70,ax=0.088,ay=0.535,az=-0.846,gx=20.802,gy=-2.015,gz=-4.435,expected=-,pred=E,pred_conf=100.0,flex0_raw=363,flex0_norm=0.089,flex1_raw=361,flex1_norm=0.088,flex2_raw=283,flex2_norm=0.069,flex3_raw=275,flex3_norm=0.067,flex4_raw=268,flex4_norm=0.065",true
word-sequence-v1,session_20261005T212737_676Z,word_yes_0004,91,23825,597776,1791235725767,yes,words-draft,signer_04,neutral,0x70,0.104000000000,0.500000000000,-0.876000000000,13.2820000000,5.80200000000,0.947000000000,363,363,283,275,269,"seq=23825,t_ms=597776,who=0x70,ax=0.104,ay=0.500,az=-0.876,gx=13.282,gy=5.802,gz=0.947,expected=-,pred=E,pred_conf=100.0,flex0_raw=363,flex0_norm=0.089,flex1_raw=363,flex1_norm=0.089,flex2_raw=283,flex2_norm=0.069,flex3_raw=275,flex3_norm=0.067,flex4_raw=269,flex4_norm=0.066",true
word-sequence-v1,session_20261005T212737_676Z,word_yes_0004,92,23826,597801,1791235725799,yes,words-draft,signer_04,neutral,0x70,0.165000000000,0.515000000000,-0.879000000000,9.43500000000,10.3130000000,-2.22900000000,363,363,281,274,268,"seq=23826,t_ms=597801,who=0x70,ax=0.165,ay=0.515,az=-0.879,gx=9.435,gy=10.313,gz=-2.229,expected=-,pred=E,pred_conf=100.0,flex0_raw=363,flex0_norm=0.089,flex1_raw=363,flex1_norm=0.089,flex2_raw=281,flex2_norm=0.069,flex3_raw=274,flex3_norm=0.067,flex4_raw=268,flex4_norm=0.065",true
word-sequence-v1,session_20261005T212737_676Z,word_yes_0004,93,23827,597826,1791235725809,yes,words-draft,signer_04,neutral,0x70,0.118000000000,0.509000000000,-0.891000000000,10.9240000000,-1.89300000000,-4.22100000000,363,362,281,275,269,"seq=23827,t_ms=597826,who=0x70,ax=0.118,ay=0.509,az=-0.891,gx=10.924,gy=-1.893,gz=-4.221,expected=-,pred=E,pred_conf=100.0,flex0_raw=363,flex0_norm=0.089,flex1_raw=362,flex1_norm=0.088,flex2_raw=281,flex2_norm=0.069,flex3_raw=275,flex3_norm=0.067,flex4_raw=269,flex4_norm=0.066",true
word-sequence-v1,session_20261005T212737_676Z,word_yes_0004,94,23828,597851,1791235725810,yes,words-draft,signer_04,neutral,0x70,0.117000000000,0.482000000000,-0.908000000000,4.12200000000,2.19800000000,-0.565000000000,363,361,281,275,269,"seq=23828,t_ms=597851,who=0x70,ax=0.117,ay=0.482,az=-0.908,gx=4.122,gy=2.198,gz=-0.565,expected=-,pred=E,pred_conf=100.0,flex0_raw=363,flex0_norm=0.089,flex1_raw=361,flex1_norm=0.088,flex2_raw=281,flex2_norm=0.069,flex3_raw=275,flex3_norm=0.067,flex4_raw=269,flex4_norm=0.066",true
word-sequence-v1,session_20261005T212737_676Z,word_yes_0004,95,23829,597876,1791235725838,yes,words-draft,signer_04,neutral,0x70,0.130000000000,0.498000000000,-0.888000000000,-4.81700000000,14.8090000000,-1.86300000000,363,361,280,275,269,"seq=23829,t_ms=597876,who=0x70,ax=0.130,ay=0.498,az=-0.888,gx=-4.817,gy=14.809,gz=-1.863,expected=-,pred=E,pred_conf=100.0,flex0_raw=363,flex0_norm=0.089,flex1_raw=361,flex1_norm=0.088,flex2_raw=280,flex2_norm=0.068,flex3_raw=275,flex3_norm=0.067,flex4_raw=269,flex4_norm=0.066",true
word-sequence-v1,session_20261005T212737_676Z,word_yes_0004,96,23830,597901,1791235725868,yes,words-draft,signer_04,neutral,0x70,0.111000000000,0.505000000000,-0.852000000000,6.62600000000,2.76300000000,0.916000000000,363,361,281,275,269,"seq=23830,t_ms=597901,who=0x70,ax=0.111,ay=0.505,az=-0.852,gx=6.626,gy=2.763,gz=0.916,expected=-,pred=E,pred_conf=100.0,flex0_raw=363,flex0_norm=0.089,flex1_raw=361,flex1_norm=0.088,flex2_raw=281,flex2_norm=0.069,flex3_raw=275,flex3_norm=0.067,flex4_raw=269,flex4_norm=0.066",true
word-sequence-v1,session_20261005T212737_676Z,word_yes_0004,97,23831,597926,1791235725900,yes,words-draft,signer_04,neutral,0x70,0.0910000000000,0.449000000000,-0.839000000000,3.53400000000,1.72500000000,4.35100000000,363,362,280,275,269,"seq=23831,t_ms=597926,who=0x70,ax=0.091,ay=0.449,az=-0.839,gx=3.534,gy=1.725,gz=4.351,expected=-,pred=E,pred_conf=100.0,flex0_raw=363,flex0_norm=0.089,flex1_raw=362,flex1_norm=0.088,flex2_raw=280,flex2_norm=0.068,flex3_raw=275,flex3_norm=0.067,flex4_raw=269,flex4_norm=0.066",true
word-sequence-v1,session_20261005T212737_676Z,word_yes_0004,98,23832,597951,1791235725936,yes,words-draft,signer_04,neutral,0x70,0.135000000000,0.481000000000,-0.835000000000,-3.13700000000,18.0230000000,6.82400000000,362,362,279,275,270,"seq=23832,t_ms=597951,who=0x70,ax=0.135,ay=0.481,az=-0.835,gx=-3.137,gy=18.023,gz=6.824,expected=-,pred=E,pred_conf=100.0,flex0_raw=362,flex0_norm=0.088,flex1_raw=362,flex1_norm=0.088,flex2_raw=279,flex2_norm=0.068,flex3_raw=275,flex3_norm=0.067,flex4_raw=270,flex4_norm=0.066",true
word-sequence-v1,session_20261005T212737_676Z,word_yes_0004,99,23833,597976,1791235725988,yes,words-draft,signer_04,neutral,0x70,0.128000000000,0.514000000000,-0.850000000000,0.870000000000,16.0000000000,4.46600000000,363,363,280,277,271,"seq=23833,t_ms=597976,who=0x70,ax=0.128,ay=0.514,az=-0.850,gx=0.870,gy=16.000,gz=4.466,expected=-,pred=E,pred_conf=100.0,flex0_raw=363,flex0_norm=0.089,flex1_raw=363,flex1_norm=0.089,flex2_raw=280,flex2_norm=0.068,flex3_raw=277,flex3_norm=0.068,flex4_raw=271,flex4_norm=0.066",true
word-sequence-v1,session_20261005T212737_676Z,word_yes_0004,100,23834,598001,1791235725990,yes,words-draft,signer_04,neutral,0x70,0.133000000000,0.496000000000,-0.869000000000,8.44300000000,9.38200000000,4.75600000000,363,363,280,275,270,"seq=23834,t_ms=598001,who=0x70,ax=0.133,ay=0.496,az=-0.869,gx=8.443,gy=9.382,gz=4.756,expected=-,pred=E,pred_conf=100.0,flex0_raw=363,flex0_norm=0.089,flex1_raw=363,flex1_norm=0.089,flex2_raw=280,flex2_norm=0.068,flex3_raw=275,flex3_norm=0.067,flex4_raw=270,flex4_norm=0.066",true
word-sequence-v1,session_20261005T212737_676Z,word_yes_0004,101,23835,598026,1791235725991,yes,words-draft,signer_04,neutral,0x70,0.179000000000,0.473000000000,-0.866000000000,-3.03800000000,6.64900000000,4.73300000000,363,362,281,276,270,"seq=23835,t_ms=598026,who=0x70,ax=0.179,ay=0.473,az=-0.866,gx=-3.038,gy=6.649,gz=4.733,expected=-,pred=E,pred_conf=100.0,flex0_raw=363,flex0_norm=0.089,flex1_raw=362,flex1_norm=0.088,flex2_raw=281,flex2_norm=0.069,flex3_raw=276,flex3_norm=0.067,flex4_raw=270,flex4_norm=0.066",true
word-sequence-v1,session_20261005T212737_676Z,word_yes_0004,102,23836,598051,1791235726029,yes,words-draft,signer_04,neutral,0x70,0.167000000000,0.517000000000,-0.870000000000,-8.97700000000,7.20600000000,2.54200000000,363,363,281,275,271,"seq=23836,t_ms=598051,who=0x70,ax=0.167,ay=0.517,az=-0.870,gx=-8.977,gy=7.206,gz=2.542,expected=-,pred=E,pred_conf=100.0,flex0_raw=363,flex0_norm=0.089,flex1_raw=363,flex1_norm=0.089,flex2_raw=281,flex2_norm=0.069,flex3_raw=275,flex3_norm=0.067,flex4_raw=271,flex4_norm=0.066",true
word-sequence-v1,session_20261005T212737_676Z,word_yes_0004,103,23837,598076,1791235726052,yes,words-draft,signer_04,neutral,0x70,0.160000000000,0.517000000000,-0.874000000000,-0.802000000000,12.4960000000,-0.977000000000,363,362,280,276,270,"seq=23837,t_ms=598076,who=0x70,ax=0.160,ay=0.517,az=-0.874,gx=-0.802,gy=12.496,gz=-0.977,expected=-,pred=E,pred_conf=100.0,flex0_raw=363,flex0_norm=0.089,flex1_raw=362,flex1_norm=0.088,flex2_raw=280,flex2_norm=0.068,flex3_raw=276,flex3_norm=0.067,flex4_raw=270,flex4_norm=0.066",true
word-sequence-v1,session_20261005T212737_676Z,word_yes_0004,104,23838,598101,1791235726090,yes,words-draft,signer_04,neutral,0x70,0.163000000000,0.482000000000,-0.884000000000,1.90800000000,8.79400000000,-1.58800000000,363,363,280,276,270,"seq=23838,t_ms=598101,who=0x70,ax=0.163,ay=0.482,az=-0.884,gx=1.908,gy=8.794,gz=-1.588,expected=-,pred=E,pred_conf=100.0,flex0_raw=363,flex0_norm=0.089,flex1_raw=363,flex1_norm=0.089,flex2_raw=280,flex2_norm=0.068,flex3_raw=276,flex3_norm=0.067,flex4_raw=270,flex4_norm=0.066",true
word-sequence-v1,session_20261005T212737_676Z,word_yes_0004,105,23839,598126,1791235726121,yes,words-draft,signer_04,neutral,0x70,0.168000000000,0.474000000000,-0.886000000000,-5.25200000000,10.3890000000,0.145000000000,362,362,281,276,271,"seq=23839,t_ms=598126,who=0x70,ax=0.168,ay=0.474,az=-0.886,gx=-5.252,gy=10.389,gz=0.145,expected=-,pred=E,pred_conf=100.0,flex0_raw=362,flex0_norm=0.088,flex1_raw=362,flex1_norm=0.088,flex2_raw=281,flex2_norm=0.069,flex3_raw=276,flex3_norm=0.067,flex4_raw=271,flex4_norm=0.066",true
word-sequence-v1,session_20261005T212737_676Z,word_yes_0004,106,23840,598151,1791235726122,yes,words-draft,signer_04,neutral,0x70,0.181000000000,0.483000000000,-0.861000000000,-2.40500000000,14.4960000000,1.74800000000,361,361,281,276,271,"seq=23840,t_ms=598151,who=0x70,ax=0.181,ay=0.483,az=-0.861,gx=-2.405,gy=14.496,gz=1.748,expected=-,pred=E,pred_conf=100.0,flex0_raw=361,flex0_norm=0.088,flex1_raw=361,flex1_norm=0.088,flex2_raw=281,flex2_norm=0.069,flex3_raw=276,flex3_norm=0.067,flex4_raw=271,flex4_norm=0.066",true
word-sequence-v1,session_20261005T212737_676Z,word_yes_0004,107,23841,598176,1791235726153,yes,words-draft,signer_04,neutral,0x70,0.175000000000,0.471000000000,-0.866000000000,9.18300000000,11.8630000000,-1.71800000000,361,361,280,275,274,"seq=23841,t_ms=598176,who=0x70,ax=0.175,ay=0.471,az=-0.866,gx=9.183,gy=11.863,gz=-1.718,expected=-,pred=E,pred_conf=100.0,flex0_raw=361,flex0_norm=0.088,flex1_raw=361,flex1_norm=0.088,flex2_raw=280,flex2_norm=0.068,flex3_raw=275,flex3_norm=0.067,flex4_raw=274,flex4_norm=0.067",true
word-sequence-v1,session_20261005T212737_676Z,word_yes_0004,108,23842,598201,1791235726190,yes,words-draft,signer_04,neutral,0x70,0.174000000000,0.456000000000,-0.892000000000,11.5340000000,7.06100000000,-0.740000000000,363,361,282,276,271,"seq=23842,t_ms=598201,who=0x70,ax=0.174,ay=0.456,az=-0.892,gx=11.534,gy=7.061,gz=-0.740,expected=-,pred=E,pred_conf=100.0,flex0_raw=363,flex0_norm=0.089,flex1_raw=361,flex1_norm=0.088,flex2_raw=282,flex2_norm=0.069,flex3_raw=276,flex3_norm=0.067,flex4_raw=271,flex4_norm=0.066",true
word-sequence-v1,session_20261005T212737_676Z,word_yes_0004,109,23843,598226,1791235726223,yes,words-draft,signer_04,neutral,0x70,0.175000000000,0.489000000000,-0.907000000000,6.77900000000,1.17600000000,-0.344000000000,361,362,282,276,271,"seq=23843,t_ms=598226,who=0x70,ax=0.175,ay=0.489,az=-0.907,gx=6.779,gy=1.176,gz=-0.344,expected=-,pred=E,pred_conf=100.0,flex0_raw=361,flex0_norm=0.088,flex1_raw=362,flex1_norm=0.088,flex2_raw=282,flex2_norm=0.069,flex3_raw=276,flex3_norm=0.067,flex4_raw=271,flex4_norm=0.066",true
word-sequence-v1,session_20261005T212737_676Z,word_yes_0004,110,23844,598251,1791235726228,yes,words-draft,signer_04,neutral,0x70,0.166000000000,0.475000000000,-0.914000000000,12.1070000000,3.85500000000,-1.79400000000,362,361,281,276,273,"seq=23844,t_ms=598251,who=0x70,ax=0.166,ay=0.475,az=-0.914,gx=12.107,gy=3.855,gz=-1.794,expected=-,pred=E,pred_conf=100.0,flex0_raw=362,flex0_norm=0.088,flex1_raw=361,flex1_norm=0.088,flex2_raw=281,flex2_norm=0.069,flex3_raw=276,flex3_norm=0.067,flex4_raw=273,flex4_norm=0.067",true
word-sequence-v1,session_20261005T212737_676Z,word_yes_0004,111,23845,598276,1791235726259,yes,words-draft,signer_04,neutral,0x70,0.200000000000,0.460000000000,-0.923000000000,18.7560000000,0.420000000000,-6.26700000000,361,359,280,277,271,"seq=23845,t_ms=598276,who=0x70,ax=0.200,ay=0.460,az=-0.923,gx=18.756,gy=0.420,gz=-6.267,expected=-,pred=E,pred_conf=100.0,flex0_raw=361,flex0_norm=0.088,flex1_raw=359,flex1_norm=0.088,flex2_raw=280,flex2_norm=0.068,flex3_raw=277,flex3_norm=0.068,flex4_raw=271,flex4_norm=0.066",true
word-sequence-v1,session_20261005T212737_676Z,word_yes_0004,112,23846,598301,1791235726261,yes,words-draft,signer_04,neutral,0x70,0.170000000000,0.439000000000,-0.908000000000,16.7400000000,2.52700000000,-8.07600000000,363,361,280,276,274,"seq=23846,t_ms=598301,who=0x70,ax=0.170,ay=0.439,az=-0.908,gx=16.740,gy=2.527,gz=-8.076,expected=-,pred=E,pred_conf=100.0,flex0_raw=363,flex0_norm=0.089,flex1_raw=361,flex1_norm=0.088,flex2_raw=280,flex2_norm=0.068,flex3_raw=276,flex3_norm=0.067,flex4_raw=274,flex4_norm=0.067",true
word-sequence-v1,session_20261005T212737_676Z,word_yes_0004,113,23847,598326,1791235726289,yes,words-draft,signer_04,neutral,0x70,0.175000000000,0.421000000000,-0.906000000000,5.12200000000,7.76300000000,-2.77900000000,363,361,280,276,271,"seq=23847,t_ms=598326,who=0x70,ax=0.175,ay=0.421,az=-0.906,gx=5.122,gy=7.763,gz=-2.779,expected=-,pred=E,pred_conf=100.0,flex0_raw=363,flex0_norm=0.089,flex1_raw=361,flex1_norm=0.088,flex2_raw=280,flex2_norm=0.068,flex3_raw=276,flex3_norm=0.067,flex4_raw=271,flex4_norm=0.066",true
word-sequence-v1,session_20261005T212737_676Z,word_yes_0004,114,23848,598351,1791235726324,yes,words-draft,signer_04,neutral,0x70,0.161000000000,0.452000000000,-0.900000000000,5.13000000000,8.01500000000,-0.473000000000,361,361,280,277,274,"seq=23848,t_ms=598351,who=0x70,ax=0.161,ay=0.452,az=-0.900,gx=5.130,gy=8.015,gz=-0.473,expected=-,pred=E,pred_conf=100.0,flex0_raw=361,flex0_norm=0.088,flex1_raw=361,flex1_norm=0.088,flex2_raw=280,flex2_norm=0.068,flex3_raw=277,flex3_norm=0.068,flex4_raw=274,flex4_norm=0.067",true
word-sequence-v1,session_20261005T212737_676Z,word_yes_0004,115,23849,598376,1791235726352,yes,words-draft,signer_04,neutral,0x70,0.177000000000,0.458000000000,-0.900000000000,9.64100000000,10.6720000000,-0.183000000000,361,362,279,277,275,"seq=23849,t_ms=598376,who=0x70,ax=0.177,ay=0.458,az=-0.900,gx=9.641,gy=10.672,gz=-0.183,expected=-,pred=E,pred_conf=100.0,flex0_raw=361,flex0_norm=0.088,flex1_raw=362,flex1_norm=0.088,flex2_raw=279,flex2_norm=0.068,flex3_raw=277,flex3_norm=0.068,flex4_raw=275,flex4_norm=0.067",true
word-sequence-v1,session_20261005T212737_676Z,word_yes_0004,116,23850,598401,1791235726395,yes,words-draft,signer_04,neutral,0x70,0.176000000000,0.437000000000,-0.891000000000,10.1220000000,8.52700000000,-0.565000000000,362,361,279,277,274,"seq=23850,t_ms=598401,who=0x70,ax=0.176,ay=0.437,az=-0.891,gx=10.122,gy=8.527,gz=-0.565,expected=-,pred=E,pred_conf=100.0,flex0_raw=362,flex0_norm=0.088,flex1_raw=361,flex1_norm=0.088,flex2_raw=279,flex2_norm=0.068,flex3_raw=277,flex3_norm=0.068,flex4_raw=274,flex4_norm=0.067",true
word-sequence-v1,session_20261005T212737_676Z,word_yes_0004,117,23851,598426,1791235726418,yes,words-draft,signer_04,neutral,0x70,0.125000000000,0.461000000000,-0.927000000000,9.77100000000,9.07600000000,1.44300000000,364,362,279,279,276,"seq=23851,t_ms=598426,who=0x70,ax=0.125,ay=0.461,az=-0.927,gx=9.771,gy=9.076,gz=1.443,expected=-,pred=E,pred_conf=100.0,flex0_raw=364,flex0_norm=0.089,flex1_raw=362,flex1_norm=0.088,flex2_raw=279,flex2_norm=0.068,flex3_raw=279,flex3_norm=0.068,flex4_raw=276,flex4_norm=0.067",true
word-sequence-v1,session_20261005T212737_676Z,word_yes_0004,118,23852,598451,1791235726418,yes,words-draft,signer_04,neutral,0x70,0.156000000000,0.439000000000,-0.929000000000,23.4050000000,21.0380000000,-1.96900000000,363,362,279,277,276,"seq=23852,t_ms=598451,who=0x70,ax=0.156,ay=0.439,az=-0.929,gx=23.405,gy=21.038,gz=-1.969,expected=-,pred=E,pred_conf=100.0,flex0_raw=363,flex0_norm=0.089,flex1_raw=362,flex1_norm=0.088,flex2_raw=279,flex2_norm=0.068,flex3_raw=277,flex3_norm=0.068,flex4_raw=276,flex4_norm=0.067",true
word-sequence-v1,session_20261005T212737_676Z,word_yes_0004,119,23853,598476,1791235726458,yes,words-draft,signer_04,neutral,0x70,0.267000000000,0.379000000000,-0.920000000000,23.6640000000,29.7860000000,-15.7790000000,363,362,279,278,274,"seq=23853,t_ms=598476,who=0x70,ax=0.267,ay=0.379,az=-0.920,gx=23.664,gy=29.786,gz=-15.779,expected=-,pred=E,pred_conf=100.0,flex0_raw=363,flex0_norm=0.089,flex1_raw=362,flex1_norm=0.088,flex2_raw=279,flex2_norm=0.068,flex3_raw=278,flex3_norm=0.068,flex4_raw=274,flex4_norm=0.067",true
word-sequence-v1,session_20261005T212737_676Z,word_yes_0004,120,23854,598501,1791235726500,yes,words-draft,signer_04,neutral,0x70,0.251000000000,0.322000000000,-0.935000000000,2.74800000000,15.5730000000,-21.1300000000,363,362,279,277,275,"seq=23854,t_ms=598501,who=0x70,ax=0.251,ay=0.322,az=-0.935,gx=2.748,gy=15.573,gz=-21.130,expected=-,pred=E,pred_conf=100.0,flex0_raw=363,flex0_norm=0.089,flex1_raw=362,flex1_norm=0.088,flex2_raw=279,flex2_norm=0.068,flex3_raw=277,flex3_norm=0.068,flex4_raw=275,flex4_norm=0.067",true
word-sequence-v1,session_20261005T212737_676Z,word_yes_0004,121,23855,598526,1791235726501,yes,words-draft,signer_04,neutral,0x70,0.191000000000,0.382000000000,-0.945000000000,-18.5110000000,2.77900000000,-4.40500000000,363,363,279,278,276,"seq=23855,t_ms=598526,who=0x70,ax=0.191,ay=0.382,az=-0.945,gx=-18.511,gy=2.779,gz=-4.405,expected=-,pred=E,pred_conf=100.0,flex0_raw=363,flex0_norm=0.089,flex1_raw=363,flex1_norm=0.089,flex2_raw=279,flex2_norm=0.068,flex3_raw=278,flex3_norm=0.068,flex4_raw=276,flex4_norm=0.067",true
word-sequence-v1,session_20261005T212737_676Z,word_yes_0004,122,23856,598551,1791235726537,yes,words-draft,signer_04,neutral,0x70,0.220000000000,0.404000000000,-0.906000000000,-12.8400000000,9.00800000000,-0.221000000000,362,363,279,279,272,"seq=23856,t_ms=598551,who=0x70,ax=0.220,ay=0.404,az=-0.906,gx=-12.840,gy=9.008,gz=-0.221,expected=-,pred=E,pred_conf=100.0,flex0_raw=362,flex0_norm=0.088,flex1_raw=363,flex1_norm=0.089,flex2_raw=279,flex2_norm=0.068,flex3_raw=279,flex3_norm=0.068,flex4_raw=272,flex4_norm=0.066",true
word-sequence-v1,session_20261005T212737_676Z,word_yes_0004,123,23857,598576,1791235726561,yes,words-draft,signer_04,neutral,0x70,0.248000000000,0.383000000000,-0.885000000000,-4.58000000000,6.78600000000,1.72500000000,362,362,279,278,276,"seq=23857,t_ms=598576,who=0x70,ax=0.248,ay=0.383,az=-0.885,gx=-4.580,gy=6.786,gz=1.725,expected=-,pred=E,pred_conf=100.0,flex0_raw=362,flex0_norm=0.088,flex1_raw=362,flex1_norm=0.088,flex2_raw=279,flex2_norm=0.068,flex3_raw=278,flex3_norm=0.068,flex4_raw=276,flex4_norm=0.067",true
word-sequence-v1,session_20261005T212737_676Z,word_yes_0004,124,23858,598601,1791235726562,yes,words-draft,signer_04,neutral,0x70,0.212000000000,0.394000000000,-0.884000000000,-10.1830000000,13.0380000000,5.62600000000,363,361,279,278,275,"seq=23858,t_ms=598601,who=0x70,ax=0.212,ay=0.394,az=-0.884,gx=-10.183,gy=13.038,gz=5.626,expected=-,pred=E,pred_conf=100.0,flex0_raw=363,flex0_norm=0.089,flex1_raw=361,flex1_norm=0.088,flex2_raw=279,flex2_norm=0.068,flex3_raw=278,flex3_norm=0.068,flex4_raw=275,flex4_norm=0.067",true
word-sequence-v1,session_20261005T212737_676Z,word_yes_0004,125,23859,598626,1791235726601,yes,words-draft,signer_04,neutral,0x70,0.180000000000,0.396000000000,-0.876000000000,-11.3740000000,16.3660000000,7.46600000000,363,362,279,279,275,"seq=23859,t_ms=598626,who=0x70,ax=0.180,ay=0.396,az=-0.876,gx=-11.374,gy=16.366,gz=7.466,expected=-,pred=E,pred_conf=100.0,flex0_raw=363,flex0_norm=0.089,flex1_raw=362,flex1_norm=0.088,flex2_raw=279,flex2_norm=0.068,flex3_raw=279,flex3_norm=0.068,flex4_raw=275,flex4_norm=0.067",true
word-sequence-v1,session_20261005T212737_676Z,word_yes_0004,126,23860,598651,1791235726628,yes,words-draft,signer_04,neutral,0x70,0.190000000000,0.426000000000,-0.854000000000,-9.38200000000,13.0920000000,6.77900000000,363,363,280,279,275,"seq=23860,t_ms=598651,who=0x70,ax=0.190,ay=0.426,az=-0.854,gx=-9.382,gy=13.092,gz=6.779,expected=-,pred=E,pred_conf=100.0,flex0_raw=363,flex0_norm=0.089,flex1_raw=363,flex1_norm=0.089,flex2_raw=280,flex2_norm=0.068,flex3_raw=279,flex3_norm=0.068,flex4_raw=275,flex4_norm=0.067",true
word-sequence-v1,session_20261005T212737_676Z,word_yes_0004,127,23861,598676,1791235726649,yes,words-draft,signer_04,neutral,0x70,0.223000000000,0.409000000000,-0.842000000000,-8.82400000000,14.2290000000,3.13700000000,363,363,279,279,276,"seq=23861,t_ms=598676,who=0x70,ax=0.223,ay=0.409,az=-0.842,gx=-8.824,gy=14.229,gz=3.137,expected=-,pred=E,pred_conf=100.0,flex0_raw=363,flex0_norm=0.089,flex1_raw=363,flex1_norm=0.089,flex2_raw=279,flex2_norm=0.068,flex3_raw=279,flex3_norm=0.068,flex4_raw=276,flex4_norm=0.067",true
word-sequence-v1,session_20261005T212737_676Z,word_yes_0004,128,23862,598701,1791235726712,yes,words-draft,signer_04,neutral,0x70,0.220000000000,0.411000000000,-0.888000000000,-6.38900000000,15.7710000000,0.511000000000,361,361,279,279,275,"seq=23862,t_ms=598701,who=0x70,ax=0.220,ay=0.411,az=-0.888,gx=-6.389,gy=15.771,gz=0.511,expected=-,pred=E,pred_conf=100.0,flex0_raw=361,flex0_norm=0.088,flex1_raw=361,flex1_norm=0.088,flex2_raw=279,flex2_norm=0.068,flex3_raw=279,flex3_norm=0.068,flex4_raw=275,flex4_norm=0.067",true
word-sequence-v1,session_20261005T212737_676Z,word_yes_0004,129,23863,598726,1791235726713,yes,words-draft,signer_04,neutral,0x70,0.234000000000,0.413000000000,-0.880000000000,-2.60300000000,1.99200000000,1.57300000000,363,361,279,279,277,"seq=23863,t_ms=598726,who=0x70,ax=0.234,ay=0.413,az=-0.880,gx=-2.603,gy=1.992,gz=1.573,expected=-,pred=E,pred_conf=100.0,flex0_raw=363,flex0_norm=0.089,flex1_raw=361,flex1_norm=0.088,flex2_raw=279,flex2_norm=0.068,flex3_raw=279,flex3_norm=0.068,flex4_raw=277,flex4_norm=0.068",true
word-sequence-v1,session_20261005T212737_676Z,word_yes_0004,130,23864,598751,1791235726714,yes,words-draft,signer_04,neutral,0x70,0.268000000000,0.386000000000,-0.889000000000,-0.221000000000,2.59500000000,-0.328000000000,362,361,279,279,276,"seq=23864,t_ms=598751,who=0x70,ax=0.268,ay=0.386,az=-0.889,gx=-0.221,gy=2.595,gz=-0.328,expected=-,pred=E,pred_conf=100.0,flex0_raw=362,flex0_norm=0.088,flex1_raw=361,flex1_norm=0.088,flex2_raw=279,flex2_norm=0.068,flex3_raw=279,flex3_norm=0.068,flex4_raw=276,flex4_norm=0.067",true
word-sequence-v1,session_20261005T212737_676Z,word_yes_0004,131,23865,598776,1791235726744,yes,words-draft,signer_04,neutral,0x70,0.278000000000,0.381000000000,-0.891000000000,3.22900000000,-2.51900000000,-1.27500000000,362,361,279,279,277,"seq=23865,t_ms=598776,who=0x70,ax=0.278,ay=0.381,az=-0.891,gx=3.229,gy=-2.519,gz=-1.275,expected=-,pred=E,pred_conf=100.0,flex0_raw=362,flex0_norm=0.088,flex1_raw=361,flex1_norm=0.088,flex2_raw=279,flex2_norm=0.068,flex3_raw=279,flex3_norm=0.068,flex4_raw=277,flex4_norm=0.068",true
word-sequence-v1,session_20261005T212737_676Z,word_yes_0004,132,23866,598801,1791235726772,yes,words-draft,signer_04,neutral,0x70,0.237000000000,0.383000000000,-0.918000000000,-0.725000000000,-2.11500000000,0.588000000000,361,361,279,280,277,"seq=23866,t_ms=598801,who=0x70,ax=0.237,ay=0.383,az=-0.918,gx=-0.725,gy=-2.115,gz=0.588,expected=-,pred=E,pred_conf=100.0,flex0_raw=361,flex0_norm=0.088,flex1_raw=361,flex1_norm=0.088,flex2_raw=279,flex2_norm=0.068,flex3_raw=280,flex3_norm=0.068,flex4_raw=277,flex4_norm=0.068",true
word-sequence-v1,session_20261005T212737_676Z,word_yes_0005,0,24283,609226,1791235737243,yes,words-draft,signer_05,neutral,0x70,0.273000000000,0.203000000000,-1.03700000000,6.74000000000,4.18300000000,9.56500000000,350,349,275,291,295,"seq=24283,t_ms=609226,who=0x70,ax=0.273,ay=0.203,az=-1.037,gx=6.740,gy=4.183,gz=9.565,expected=-,pred=E,pred_conf=100.0,flex0_raw=350,flex0_norm=0.085,flex1_raw=349,flex1_norm=0.085,flex2_raw=275,flex2_norm=0.067,flex3_raw=291,flex3_norm=0.071,flex4_raw=295,flex4_norm=0.072",true
word-sequence-v1,session_20261005T212737_676Z,word_yes_0005,1,24284,609251,1791235737244,yes,words-draft,signer_05,neutral,0x70,0.283000000000,0.221000000000,-1.02300000000,1.19800000000,7.09200000000,9.76300000000,351,349,275,291,295,"seq=24284,t_ms=609251,who=0x70,ax=0.283,ay=0.221,az=-1.023,gx=1.198,gy=7.092,gz=9.763,expected=-,pred=E,pred_conf=100.0,flex0_raw=351,flex0_norm=0.086,flex1_raw=349,flex1_norm=0.085,flex2_raw=275,flex2_norm=0.067,flex3_raw=291,flex3_norm=0.071,flex4_raw=295,flex4_norm=0.072",true
word-sequence-v1,session_20261005T212737_676Z,word_yes_0005,2,24285,609276,1791235737245,yes,words-draft,signer_05,neutral,0x70,0.276000000000,0.245000000000,-0.984000000000,-0.664000000000,6.35100000000,8.60300000000,353,350,275,288,295,"seq=24285,t_ms=609276,who=0x70,ax=0.276,ay=0.245,az=-0.984,gx=-0.664,gy=6.351,gz=8.603,expected=-,pred=E,pred_conf=100.0,flex0_raw=353,flex0_norm=0.086,flex1_raw=350,flex1_norm=0.085,flex2_raw=275,flex2_norm=0.067,flex3_raw=288,flex3_norm=0.070,flex4_raw=295,flex4_norm=0.072",true
word-sequence-v1,session_20261005T212737_676Z,word_yes_0005,3,24286,609301,1791235737291,yes,words-draft,signer_05,neutral,0x70,0.273000000000,0.257000000000,-0.945000000000,-3.81700000000,1.56500000000,5.85500000000,351,351,275,288,295,"seq=24286,t_ms=609301,who=0x70,ax=0.273,ay=0.257,az=-0.945,gx=-3.817,gy=1.565,gz=5.855,expected=-,pred=E,pred_conf=100.0,flex0_raw=351,flex0_norm=0.086,flex1_raw=351,flex1_norm=0.086,flex2_raw=275,flex2_norm=0.067,flex3_raw=288,flex3_norm=0.070,flex4_raw=295,flex4_norm=0.072",true
word-sequence-v1,session_20261005T212737_676Z,word_yes_0005,4,24287,609326,1791235737318,yes,words-draft,signer_05,neutral,0x70,0.258000000000,0.264000000000,-0.906000000000,-9.24400000000,-2.37400000000,2.83200000000,350,351,276,292,296,"seq=24287,t_ms=609326,who=0x70,ax=0.258,ay=0.264,az=-0.906,gx=-9.244,gy=-2.374,gz=2.832,expected=-,pred=E,pred_conf=100.0,flex0_raw=350,flex0_norm=0.085,flex1_raw=351,flex1_norm=0.086,flex2_raw=276,flex2_norm=0.067,flex3_raw=292,flex3_norm=0.071,flex4_raw=296,flex4_norm=0.072",true
word-sequence-v1,session_20261005T212737_676Z,word_yes_0005,5,24288,609352,1791235737329,yes,words-draft,signer_05,neutral,0x70,0.257000000000,0.264000000000,-0.884000000000,-9.60300000000,-4.67200000000,1.01500000000,354,349,276,291,297,"seq=24288,t_ms=609352,who=0x70,ax=0.257,ay=0.264,az=-0.884,gx=-9.603,gy=-4.672,gz=1.015,expected=-,pred=E,pred_conf=100.0,flex0_raw=354,flex0_norm=0.086,flex1_raw=349,flex1_norm=0.085,flex2_raw=276,flex2_norm=0.067,flex3_raw=291,flex3_norm=0.071,flex4_raw=297,flex4_norm=0.073",true
word-sequence-v1,session_20261005T212737_676Z,word_yes_0005,6,24289,609377,1791235737358,yes,words-draft,signer_05,neutral,0x70,0.249000000000,0.247000000000,-0.875000000000,-4.18300000000,-6.21400000000,0.298000000000,351,350,276,292,296,"seq=24289,t_ms=609377,who=0x70,ax=0.249,ay=0.247,az=-0.875,gx=-4.183,gy=-6.214,gz=0.298,expected=-,pred=E,pred_conf=100.0,flex0_raw=351,flex0_norm=0.086,flex1_raw=350,flex1_norm=0.085,flex2_raw=276,flex2_norm=0.067,flex3_raw=292,flex3_norm=0.071,flex4_raw=296,flex4_norm=0.072",true
word-sequence-v1,session_20261005T212737_676Z,word_yes_0005,7,24290,609402,1791235737360,yes,words-draft,signer_05,neutral,0x70,0.282000000000,0.222000000000,-0.912000000000,-2.36600000000,0.573000000000,0.588000000000,351,349,277,292,295,"seq=24290,t_ms=609402,who=0x70,ax=0.282,ay=0.222,az=-0.912,gx=-2.366,gy=0.573,gz=0.588,expected=-,pred=E,pred_conf=100.0,flex0_raw=351,flex0_norm=0.086,flex1_raw=349,flex1_norm=0.085,flex2_raw=277,flex2_norm=0.068,flex3_raw=292,flex3_norm=0.071,flex4_raw=295,flex4_norm=0.072",true
word-sequence-v1,session_20261005T212737_676Z,word_yes_0005,8,24291,609427,1791235737388,yes,words-draft,signer_05,neutral,0x70,0.288000000000,0.215000000000,-0.938000000000,-3.55000000000,3.38900000000,0.931000000000,351,351,275,292,296,"seq=24291,t_ms=609427,who=0x70,ax=0.288,ay=0.215,az=-0.938,gx=-3.550,gy=3.389,gz=0.931,expected=-,pred=E,pred_conf=100.0,flex0_raw=351,flex0_norm=0.086,flex1_raw=351,flex1_norm=0.086,flex2_raw=275,flex2_norm=0.067,flex3_raw=292,flex3_norm=0.071,flex4_raw=296,flex4_norm=0.072",true
word-sequence-v1,session_20261005T212737_676Z,word_yes_0005,9,24292,609452,1791235737430,yes,words-draft,signer_05,neutral,0x70,0.288000000000,0.216000000000,-0.967000000000,-1.71000000000,4.53400000000,0.954000000000,350,351,275,291,296,"seq=24292,t_ms=609452,who=0x70,ax=0.288,ay=0.216,az=-0.967,gx=-1.710,gy=4.534,gz=0.954,expected=-,pred=E,pred_conf=100.0,flex0_raw=350,flex0_norm=0.085,flex1_raw=351,flex1_norm=0.086,flex2_raw=275,flex2_norm=0.067,flex3_raw=291,flex3_norm=0.071,flex4_raw=296,flex4_norm=0.072",true
word-sequence-v1,session_20261005T212737_676Z,word_yes_0005,10,24293,609477,1791235737466,yes,words-draft,signer_05,neutral,0x70,0.278000000000,0.223000000000,-0.980000000000,-1.85500000000,1.13700000000,1.32800000000,351,351,277,292,295,"seq=24293,t_ms=609477,who=0x70,ax=0.278,ay=0.223,az=-0.980,gx=-1.855,gy=1.137,gz=1.328,expected=-,pred=E,pred_conf=100.0,flex0_raw=351,flex0_norm=0.086,flex1_raw=351,flex1_norm=0.086,flex2_raw=277,flex2_norm=0.068,flex3_raw=292,flex3_norm=0.071,flex4_raw=295,flex4_norm=0.072",true
word-sequence-v1,session_20261005T212737_676Z,word_yes_0005,11,24294,609502,1791235737496,yes,words-draft,signer_05,neutral,0x70,0.269000000000,0.220000000000,-0.969000000000,-4.94700000000,-3.92400000000,2.03800000000,355,350,277,292,296,"seq=24294,t_ms=609502,who=0x70,ax=0.269,ay=0.220,az=-0.969,gx=-4.947,gy=-3.924,gz=2.038,expected=-,pred=E,pred_conf=100.0,flex0_raw=355,flex0_norm=0.087,flex1_raw=350,flex1_norm=0.085,flex2_raw=277,flex2_norm=0.068,flex3_raw=292,flex3_norm=0.071,flex4_raw=296,flex4_norm=0.072",true
word-sequence-v1,session_20261005T212737_676Z,word_yes_0005,12,24295,609527,1791235737534,yes,words-draft,signer_05,neutral,0x70,0.265000000000,0.208000000000,-0.946000000000,-5.97700000000,-4.48900000000,1.92400000000,351,350,275,291,296,"seq=24295,t_ms=609527,who=0x70,ax=0.265,ay=0.208,az=-0.946,gx=-5.977,gy=-4.489,gz=1.924,expected=-,pred=E,pred_conf=100.0,flex0_raw=351,flex0_norm=0.086,flex1_raw=350,flex1_norm=0.085,flex2_raw=275,flex2_norm=0.067,flex3_raw=291,flex3_norm=0.071,flex4_raw=296,flex4_norm=0.072",true
word-sequence-v1,session_20261005T212737_676Z,word_yes_0005,13,24296,609552,1791235737534,yes,words-draft,signer_05,neutral,0x70,0.269000000000,0.213000000000,-0.957000000000,-5.99200000000,0.595000000000,3.02300000000,351,351,276,291,296,"seq=24296,t_ms=609552,who=0x70,ax=0.269,ay=0.213,az=-0.957,gx=-5.992,gy=0.595,gz=3.023,expected=-,pred=E,pred_conf=100.0,flex0_raw=351,flex0_norm=0.086,flex1_raw=351,flex1_norm=0.086,flex2_raw=276,flex2_norm=0.067,flex3_raw=291,flex3_norm=0.071,flex4_raw=296,flex4_norm=0.072",true
word-sequence-v1,session_20261005T212737_676Z,word_yes_0005,14,24297,609577,1791235737538,yes,words-draft,signer_05,neutral,0x70,0.263000000000,0.233000000000,-0.987000000000,-5.33600000000,2.99200000000,3.63400000000,351,350,277,291,296,"seq=24297,t_ms=609577,who=0x70,ax=0.263,ay=0.233,az=-0.987,gx=-5.336,gy=2.992,gz=3.634,expected=-,pred=E,pred_conf=100.0,flex0_raw=351,flex0_norm=0.086,flex1_raw=350,flex1_norm=0.085,flex2_raw=277,flex2_norm=0.068,flex3_raw=291,flex3_norm=0.071,flex4_raw=296,flex4_norm=0.072",true
word-sequence-v1,session_20261005T212737_676Z,word_yes_0005,15,24298,609602,1791235737569,yes,words-draft,signer_05,neutral,0x70,0.255000000000,0.239000000000,-1.00800000000,-16.0380000000,-0.221000000000,4.32100000000,350,350,276,291,296,"seq=24298,t_ms=609602,who=0x70,ax=0.255,ay=0.239,az=-1.008,gx=-16.038,gy=-0.221,gz=4.321,expected=-,pred=E,pred_conf=100.0,flex0_raw=350,flex0_norm=0.085,flex1_raw=350,flex1_norm=0.085,flex2_raw=276,flex2_norm=0.067,flex3_raw=291,flex3_norm=0.071,flex4_raw=296,flex4_norm=0.072",true
word-sequence-v1,session_20261005T212737_676Z,word_yes_0005,16,24299,609627,1791235737598,yes,words-draft,signer_05,neutral,0x70,0.280000000000,0.276000000000,-1.01600000000,-33.5500000000,-0.687000000000,0.145000000000,352,350,275,291,295,"seq=24299,t_ms=609627,who=0x70,ax=0.280,ay=0.276,az=-1.016,gx=-33.550,gy=-0.687,gz=0.145,expected=-,pred=E,pred_conf=100.0,flex0_raw=352,flex0_norm=0.086,flex1_raw=350,flex1_norm=0.085,flex2_raw=275,flex2_norm=0.067,flex3_raw=291,flex3_norm=0.071,flex4_raw=295,flex4_norm=0.072",true
word-sequence-v1,session_20261005T212737_676Z,word_yes_0005,17,24300,609652,1791235737658,yes,words-draft,signer_05,neutral,0x70,0.279000000000,0.268000000000,-1.07200000000,-53.2060000000,-1.19100000000,-6.67900000000,351,350,277,292,296,"seq=24300,t_ms=609652,who=0x70,ax=0.279,ay=0.268,az=-1.072,gx=-53.206,gy=-1.191,gz=-6.679,expected=-,pred=E,pred_conf=100.0,flex0_raw=351,flex0_norm=0.086,flex1_raw=350,flex1_norm=0.085,flex2_raw=277,flex2_norm=0.068,flex3_raw=292,flex3_norm=0.071,flex4_raw=296,flex4_norm=0.072",true
word-sequence-v1,session_20261005T212737_676Z,word_yes_0005,18,24301,609677,1791235737660,yes,words-draft,signer_05,neutral,0x70,0.272000000000,0.284000000000,-1.11700000000,-88.8930000000,-1.73300000000,-12.1300000000,351,354,276,291,295,"seq=24301,t_ms=609677,who=0x70,ax=0.272,ay=0.284,az=-1.117,gx=-88.893,gy=-1.733,gz=-12.130,expected=-,pred=E,pred_conf=100.0,flex0_raw=351,flex0_norm=0.086,flex1_raw=354,flex1_norm=0.086,flex2_raw=276,flex2_norm=0.067,flex3_raw=291,flex3_norm=0.071,flex4_raw=295,flex4_norm=0.072",true
word-sequence-v1,session_20261005T212737_676Z,word_yes_0005,19,24302,609702,1791235737662,yes,words-draft,signer_05,neutral,0x70,0.278000000000,0.313000000000,-1.16700000000,-135.313000000,-0.916000000000,-19.6110000000,355,355,276,287,294,"seq=24302,t_ms=609702,who=0x70,ax=0.278,ay=0.313,az=-1.167,gx=-135.313,gy=-0.916,gz=-19.611,expected=-,pred=E,pred_conf=100.0,flex0_raw=355,flex0_norm=0.087,flex1_raw=355,flex1_norm=0.087,flex2_raw=276,flex2_norm=0.067,flex3_raw=287,flex3_norm=0.070,flex4_raw=294,flex4_norm=0.072",true
word-sequence-v1,session_20261005T212737_676Z,word_yes_0005,20,24303,609727,1791235737702,yes,words-draft,signer_05,neutral,0x70,0.275000000000,0.368000000000,-1.11800000000,-184.756000000,6.18300000000,-26.4810000000,357,356,277,291,291,"seq=24303,t_ms=609727,who=0x70,ax=0.275,ay=0.368,az=-1.118,gx=-184.756,gy=6.183,gz=-26.481,expected=-,pred=E,pred_conf=100.0,flex0_raw=357,flex0_norm=0.087,flex1_raw=356,flex1_norm=0.087,flex2_raw=277,flex2_norm=0.068,flex3_raw=291,flex3_norm=0.071,flex4_raw=291,flex4_norm=0.071",true
word-sequence-v1,session_20261005T212737_676Z,word_yes_0005,21,24304,609752,1791235737728,yes,words-draft,signer_05,neutral,0x70,0.250000000000,0.411000000000,-0.971000000000,-220.687000000,-8.12200000000,-34.0990000000,359,359,278,289,287,"seq=24304,t_ms=609752,who=0x70,ax=0.250,ay=0.411,az=-0.971,gx=-220.687,gy=-8.122,gz=-34.099,expected=-,pred=E,pred_conf=100.0,flex0_raw=359,flex0_norm=0.088,flex1_raw=359,flex1_norm=0.088,flex2_raw=278,flex2_norm=0.068,flex3_raw=289,flex3_norm=0.071,flex4_raw=287,flex4_norm=0.070",true
word-sequence-v1,session_20261005T212737_676Z,word_yes_0005,22,24305,609777,1791235737763,yes,words-draft,signer_05,neutral,0x70,0.233000000000,0.574000000000,-0.744000000000,-219.450000000,5.35100000000,-31.0610000000,360,360,276,287,285,"seq=24305,t_ms=609777,who=0x70,ax=0.233,ay=0.574,az=-0.744,gx=-219.450,gy=5.351,gz=-31.061,expected=-,pred=E,pred_conf=100.0,flex0_raw=360,flex0_norm=0.088,flex1_raw=360,flex1_norm=0.088,flex2_raw=276,flex2_norm=0.067,flex3_raw=287,flex3_norm=0.070,flex4_raw=285,flex4_norm=0.070",true
word-sequence-v1,session_20261005T212737_676Z,word_yes_0005,23,24306,609802,1791235737800,yes,words-draft,signer_05,neutral,0x70,0.246000000000,0.637000000000,-0.704000000000,-185.519000000,-2.54200000000,-34.8630000000,360,359,277,285,284,"seq=24306,t_ms=609802,who=0x70,ax=0.246,ay=0.637,az=-0.704,gx=-185.519,gy=-2.542,gz=-34.863,expected=-,pred=E,pred_conf=100.0,flex0_raw=360,flex0_norm=0.088,flex1_raw=359,flex1_norm=0.088,flex2_raw=277,flex2_norm=0.068,flex3_raw=285,flex3_norm=0.070,flex4_raw=284,flex4_norm=0.069",true
word-sequence-v1,session_20261005T212737_676Z,word_yes_0005,24,24307,609827,1791235737825,yes,words-draft,signer_05,neutral,0x70,0.251000000000,0.646000000000,-0.527000000000,-132.168000000,-13.5270000000,-40.0610000000,361,360,275,283,279,"seq=24307,t_ms=609827,who=0x70,ax=0.251,ay=0.646,az=-0.527,gx=-132.168,gy=-13.527,gz=-40.061,expected=-,pred=E,pred_conf=100.0,flex0_raw=361,flex0_norm=0.088,flex1_raw=360,flex1_norm=0.088,flex2_raw=275,flex2_norm=0.067,flex3_raw=283,flex3_norm=0.069,flex4_raw=279,flex4_norm=0.068",true
word-sequence-v1,session_20261005T212737_676Z,word_yes_0005,25,24308,609852,1791235737826,yes,words-draft,signer_05,neutral,0x70,0.170000000000,0.610000000000,-0.453000000000,-83.8090000000,-1.58800000000,-33.4430000000,363,361,276,281,277,"seq=24308,t_ms=609852,who=0x70,ax=0.170,ay=0.610,az=-0.453,gx=-83.809,gy=-1.588,gz=-33.443,expected=-,pred=E,pred_conf=100.0,flex0_raw=363,flex0_norm=0.089,flex1_raw=361,flex1_norm=0.088,flex2_raw=276,flex2_norm=0.067,flex3_raw=281,flex3_norm=0.069,flex4_raw=277,flex4_norm=0.068",true
word-sequence-v1,session_20261005T212737_676Z,word_yes_0005,26,24309,609877,1791235737847,yes,words-draft,signer_05,neutral,0x70,0.183000000000,0.608000000000,-0.390000000000,-24.4500000000,7.13000000000,-14.5800000000,361,361,275,280,275,"seq=24309,t_ms=609877,who=0x70,ax=0.183,ay=0.608,az=-0.390,gx=-24.450,gy=7.130,gz=-14.580,expected=-,pred=E,pred_conf=100.0,flex0_raw=361,flex0_norm=0.088,flex1_raw=361,flex1_norm=0.088,flex2_raw=275,flex2_norm=0.067,flex3_raw=280,flex3_norm=0.068,flex4_raw=275,flex4_norm=0.067",true
word-sequence-v1,session_20261005T212737_676Z,word_yes_0005,27,24310,609902,1791235737869,yes,words-draft,signer_05,neutral,0x70,0.192000000000,0.622000000000,-0.291000000000,53.1830000000,20.5110000000,-1.19100000000,361,359,271,278,275,"seq=24310,t_ms=609902,who=0x70,ax=0.192,ay=0.622,az=-0.291,gx=53.183,gy=20.511,gz=-1.191,expected=-,pred=E,pred_conf=100.0,flex0_raw=361,flex0_norm=0.088,flex1_raw=359,flex1_norm=0.088,flex2_raw=271,flex2_norm=0.066,flex3_raw=278,flex3_norm=0.068,flex4_raw=275,flex4_norm=0.067",true
word-sequence-v1,session_20261005T212737_676Z,word_yes_0005,28,24311,609927,1791235737898,yes,words-draft,signer_05,neutral,0x70,0.148000000000,0.658000000000,-0.432000000000,135.954000000,23.0530000000,6.61100000000,351,355,271,280,275,"seq=24311,t_ms=609927,who=0x70,ax=0.148,ay=0.658,az=-0.432,gx=135.954,gy=23.053,gz=6.611,expected=-,pred=E,pred_conf=100.0,flex0_raw=351,flex0_norm=0.086,flex1_raw=355,flex1_norm=0.087,flex2_raw=271,flex2_norm=0.066,flex3_raw=280,flex3_norm=0.068,flex4_raw=275,flex4_norm=0.067",true
word-sequence-v1,session_20261005T212737_676Z,word_yes_0005,29,24312,609952,1791235737931,yes,words-draft,signer_05,neutral,0x70,0.103000000000,0.444000000000,-0.675000000000,165.145000000,-14.7180000000,17.1830000000,355,353,275,280,277,"seq=24312,t_ms=609952,who=0x70,ax=0.103,ay=0.444,az=-0.675,gx=165.145,gy=-14.718,gz=17.183,expected=-,pred=E,pred_conf=100.0,flex0_raw=355,flex0_norm=0.087,flex1_raw=353,flex1_norm=0.086,flex2_raw=275,flex2_norm=0.067,flex3_raw=280,flex3_norm=0.068,flex4_raw=277,flex4_norm=0.068",true
word-sequence-v1,session_20261005T212737_676Z,word_yes_0005,30,24313,609977,1791235737959,yes,words-draft,signer_05,neutral,0x70,0.249000000000,0.420000000000,-0.662000000000,163.511000000,0.962000000000,21.0530000000,354,355,274,282,278,"seq=24313,t_ms=609977,who=0x70,ax=0.249,ay=0.420,az=-0.662,gx=163.511,gy=0.962,gz=21.053,expected=-,pred=E,pred_conf=100.0,flex0_raw=354,flex0_norm=0.086,flex1_raw=355,flex1_norm=0.087,flex2_raw=274,flex2_norm=0.067,flex3_raw=282,flex3_norm=0.069,flex4_raw=278,flex4_norm=0.068",true
word-sequence-v1,session_20261005T212737_676Z,word_yes_0005,31,24314,610002,1791235737960,yes,words-draft,signer_05,neutral,0x70,0.177000000000,0.348000000000,-0.694000000000,215.649000000,8.10700000000,30.9240000000,348,347,271,282,279,"seq=24314,t_ms=610002,who=0x70,ax=0.177,ay=0.348,az=-0.694,gx=215.649,gy=8.107,gz=30.924,expected=-,pred=E,pred_conf=100.0,flex0_raw=348,flex0_norm=0.085,flex1_raw=347,flex1_norm=0.085,flex2_raw=271,flex2_norm=0.066,flex3_raw=282,flex3_norm=0.069,flex4_raw=279,flex4_norm=0.068",true
word-sequence-v1,session_20261005T212737_676Z,word_yes_0005,32,24315,610027,1791235737998,yes,words-draft,signer_05,neutral,0x70,0.165000000000,0.350000000000,-0.979000000000,250.130000000,-24.9160000000,38.4200000000,351,350,273,283,281,"seq=24315,t_ms=610027,who=0x70,ax=0.165,ay=0.350,az=-0.979,gx=250.130,gy=-24.916,gz=38.420,expected=-,pred=E,pred_conf=100.0,flex0_raw=351,flex0_norm=0.086,flex1_raw=350,flex1_norm=0.085,flex2_raw=273,flex2_norm=0.067,flex3_raw=283,flex3_norm=0.069,flex4_raw=281,flex4_norm=0.069",true
word-sequence-v1,session_20261005T212737_676Z,word_yes_0005,33,24316,610052,1791235738026,yes,words-draft,signer_05,neutral,0x70,0.218000000000,0.0490000000000,-1.00000000000,245.435000000,-22.8020000000,36.5800000000,351,350,270,283,283,"seq=24316,t_ms=610052,who=0x70,ax=0.218,ay=0.049,az=-1.000,gx=245.435,gy=-22.802,gz=36.580,expected=-,pred=E,pred_conf=100.0,flex0_raw=351,flex0_norm=0.086,flex1_raw=350,flex1_norm=0.085,flex2_raw=270,flex2_norm=0.066,flex3_raw=283,flex3_norm=0.069,flex4_raw=283,flex4_norm=0.069",true
word-sequence-v1,session_20261005T212737_676Z,word_yes_0005,34,24317,610077,1791235738062,yes,words-draft,signer_05,neutral,0x70,0.330000000000,-0.0240000000000,-0.932000000000,250.130000000,9.73300000000,38.8240000000,347,346,265,282,285,"seq=24317,t_ms=610077,who=0x70,ax=0.330,ay=-0.024,az=-0.932,gx=250.130,gy=9.733,gz=38.824,expected=-,pred=E,pred_conf=100.0,flex0_raw=347,flex0_norm=0.085,flex1_raw=346,flex1_norm=0.084,flex2_raw=265,flex2_norm=0.065,flex3_raw=282,flex3_norm=0.069,flex4_raw=285,flex4_norm=0.070",true
word-sequence-v1,session_20261005T212737_676Z,word_yes_0005,35,24318,610102,1791235738095,yes,words-draft,signer_05,neutral,0x70,0.279000000000,-0.0120000000000,-0.993000000000,250.130000000,6.65600000000,48.7710000000,347,345,264,281,288,"seq=24318,t_ms=610102,who=0x70,ax=0.279,ay=-0.012,az=-0.993,gx=250.130,gy=6.656,gz=48.771,expected=-,pred=E,pred_conf=100.0,flex0_raw=347,flex0_norm=0.085,flex1_raw=345,flex1_norm=0.084,flex2_raw=264,flex2_norm=0.064,flex3_raw=281,flex3_norm=0.069,flex4_raw=288,flex4_norm=0.070",true
word-sequence-v1,session_20261005T212737_676Z,word_yes_0005,36,24319,610127,1791235738134,yes,words-draft,signer_05,neutral,0x70,0.164000000000,0.0270000000000,-1.01300000000,250.130000000,-14.9310000000,32.6950000000,345,344,263,280,287,"seq=24319,t_ms=610127,who=0x70,ax=0.164,ay=0.027,az=-1.013,gx=250.130,gy=-14.931,gz=32.695,expected=-,pred=E,pred_conf=100.0,flex0_raw=345,flex0_norm=0.084,flex1_raw=344,flex1_norm=0.084,flex2_raw=263,flex2_norm=0.064,flex3_raw=280,flex3_norm=0.068,flex4_raw=287,flex4_norm=0.070",true
word-sequence-v1,session_20261005T212737_676Z,word_yes_0005,37,24320,610152,1791235738163,yes,words-draft,signer_05,neutral,0x70,0.171000000000,-0.424000000000,-1.11800000000,250.130000000,-2.11500000000,29.1220000000,345,345,264,268,284,"seq=24320,t_ms=610152,who=0x70,ax=0.171,ay=-0.424,az=-1.118,gx=250.130,gy=-2.115,gz=29.122,expected=-,pred=E,pred_conf=100.0,flex0_raw=345,flex0_norm=0.084,flex1_raw=345,flex1_norm=0.084,flex2_raw=264,flex2_norm=0.064,flex3_raw=268,flex3_norm=0.065,flex4_raw=284,flex4_norm=0.069",true
word-sequence-v1,session_20261005T212737_676Z,word_yes_0005,38,24321,610177,1791235738167,yes,words-draft,signer_05,neutral,0x70,0.364000000000,-0.414000000000,-1.03400000000,176.885000000,33.9160000000,46.2980000000,345,344,261,263,280,"seq=24321,t_ms=610177,who=0x70,ax=0.364,ay=-0.414,az=-1.034,gx=176.885,gy=33.916,gz=46.298,expected=-,pred=E,pred_conf=100.0,flex0_raw=345,flex0_norm=0.084,flex1_raw=344,flex1_norm=0.084,flex2_raw=261,flex2_norm=0.064,flex3_raw=263,flex3_norm=0.064,flex4_raw=280,flex4_norm=0.068",true
word-sequence-v1,session_20261005T212737_676Z,word_yes_0005,39,24322,610202,1791235738169,yes,words-draft,signer_05,neutral,0x70,0.325000000000,-0.403000000000,-1.06600000000,136.473000000,8.84000000000,29.0310000000,343,343,255,261,278,"seq=24322,t_ms=610202,who=0x70,ax=0.325,ay=-0.403,az=-1.066,gx=136.473,gy=8.840,gz=29.031,expected=-,pred=E,pred_conf=100.0,flex0_raw=343,flex0_norm=0.084,flex1_raw=343,flex1_norm=0.084,flex2_raw=255,flex2_norm=0.062,flex3_raw=261,flex3_norm=0.064,flex4_raw=278,flex4_norm=0.068",true
word-sequence-v1,session_20261005T212737_676Z,word_yes_0005,40,24323,610227,1791235738217,yes,words-draft,signer_05,neutral,0x70,0.162000000000,-0.397000000000,-1.17100000000,100.824000000,-20.4810000000,9.73300000000,344,343,261,261,280,"seq=24323,t_ms=610227,who=0x70,ax=0.162,ay=-0.397,az=-1.171,gx=100.824,gy=-20.481,gz=9.733,expected=-,pred=E,pred_conf=100.0,flex0_raw=344,flex0_norm=0.084,flex1_raw=343,flex1_norm=0.084,flex2_raw=261,flex2_norm=0.064,flex3_raw=261,flex3_norm=0.064,flex4_raw=280,flex4_norm=0.068",true
word-sequence-v1,session_20261005T212737_676Z,word_yes_0005,41,24324,610252,1791235738249,yes,words-draft,signer_05,neutral,0x70,0.183000000000,-0.548000000000,-1.14800000000,45.9470000000,-4.43500000000,7.87000000000,345,343,261,263,280,"seq=24324,t_ms=610252,who=0x70,ax=0.183,ay=-0.548,az=-1.148,gx=45.947,gy=-4.435,gz=7.870,expected=-,pred=E,pred_conf=100.0,flex0_raw=345,flex0_norm=0.084,flex1_raw=343,flex1_norm=0.084,flex2_raw=261,flex2_norm=0.064,flex3_raw=263,flex3_norm=0.064,flex4_raw=280,flex4_norm=0.068",true
word-sequence-v1,session_20261005T212737_676Z,word_yes_0005,42,24325,610277,1791235738259,yes,words-draft,signer_05,neutral,0x70,0.262000000000,-0.561000000000,-1.13900000000,-4.69500000000,12.4430000000,7.10700000000,344,343,261,263,280,"seq=24325,t_ms=610277,who=0x70,ax=0.262,ay=-0.561,az=-1.139,gx=-4.695,gy=12.443,gz=7.107,expected=-,pred=E,pred_conf=100.0,flex0_raw=344,flex0_norm=0.084,flex1_raw=343,flex1_norm=0.084,flex2_raw=261,flex2_norm=0.064,flex3_raw=263,flex3_norm=0.064,flex4_raw=280,flex4_norm=0.068",true
word-sequence-v1,session_20261005T212737_676Z,word_yes_0005,43,24326,610302,1791235738287,yes,words-draft,signer_05,neutral,0x70,0.258000000000,-0.532000000000,-1.14400000000,-64.5270000000,-8.29800000000,5.45000000000,346,344,263,264,282,"seq=24326,t_ms=610302,who=0x70,ax=0.258,ay=-0.532,az=-1.144,gx=-64.527,gy=-8.298,gz=5.450,expected=-,pred=E,pred_conf=100.0,flex0_raw=346,flex0_norm=0.084,flex1_raw=344,flex1_norm=0.084,flex2_raw=263,flex2_norm=0.064,flex3_raw=264,flex3_norm=0.064,flex4_raw=282,flex4_norm=0.069",true
word-sequence-v1,session_20261005T212737_676Z,word_yes_0005,44,24327,610327,1791235738288,yes,words-draft,signer_05,neutral,0x70,0.200000000000,-0.443000000000,-1.17900000000,-151.450000000,-3.09200000000,-6.64100000000,349,349,266,267,282,"seq=24327,t_ms=610327,who=0x70,ax=0.200,ay=-0.443,az=-1.179,gx=-151.450,gy=-3.092,gz=-6.641,expected=-,pred=E,pred_conf=100.0,flex0_raw=349,flex0_norm=0.085,flex1_raw=349,flex1_norm=0.085,flex2_raw=266,flex2_norm=0.065,flex3_raw=267,flex3_norm=0.065,flex4_raw=282,flex4_norm=0.069",true
word-sequence-v1,session_20261005T212737_676Z,word_yes_0005,45,24328,610352,1791235738318,yes,words-draft,signer_05,neutral,0x70,0.216000000000,-0.455000000000,-1.15600000000,-238.412000000,-3.04600000000,-11.4120000000,355,355,269,267,280,"seq=24328,t_ms=610352,who=0x70,ax=0.216,ay=-0.455,az=-1.156,gx=-238.412,gy=-3.046,gz=-11.412,expected=-,pred=E,pred_conf=100.0,flex0_raw=355,flex0_norm=0.087,flex1_raw=355,flex1_norm=0.087,flex2_raw=269,flex2_norm=0.066,flex3_raw=267,flex3_norm=0.065,flex4_raw=280,flex4_norm=0.068",true
word-sequence-v1,session_20261005T212737_676Z,word_yes_0005,46,24329,610377,1791235738350,yes,words-draft,signer_05,neutral,0x70,0.258000000000,-0.424000000000,-1.12200000000,-250.137000000,12.3970000000,-15.8930000000,359,358,269,270,280,"seq=24329,t_ms=610377,who=0x70,ax=0.258,ay=-0.424,az=-1.122,gx=-250.137,gy=12.397,gz=-15.893,expected=-,pred=E,pred_conf=100.0,flex0_raw=359,flex0_norm=0.088,flex1_raw=358,flex1_norm=0.087,flex2_raw=269,flex2_norm=0.066,flex3_raw=270,flex3_norm=0.066,flex4_raw=280,flex4_norm=0.068",true
word-sequence-v1,session_20261005T212737_676Z,word_yes_0005,47,24330,610402,1791235738386,yes,words-draft,signer_05,neutral,0x70,0.173000000000,-0.198000000000,-1.12200000000,-250.137000000,8.73300000000,-17.1220000000,361,361,275,271,279,"seq=24330,t_ms=610402,who=0x70,ax=0.173,ay=-0.198,az=-1.122,gx=-250.137,gy=8.733,gz=-17.122,expected=-,pred=E,pred_conf=100.0,flex0_raw=361,flex0_norm=0.088,flex1_raw=361,flex1_norm=0.088,flex2_raw=275,flex2_norm=0.067,flex3_raw=271,flex3_norm=0.066,flex4_raw=279,flex4_norm=0.068",true
word-sequence-v1,session_20261005T212737_676Z,word_yes_0005,48,24331,610427,1791235738415,yes,words-draft,signer_05,neutral,0x70,0.231000000000,-0.0840000000000,-1.03300000000,-250.137000000,12.7630000000,-27.1530000000,365,365,279,273,276,"seq=24331,t_ms=610427,who=0x70,ax=0.231,ay=-0.084,az=-1.033,gx=-250.137,gy=12.763,gz=-27.153,expected=-,pred=E,pred_conf=100.0,flex0_raw=365,flex0_norm=0.089,flex1_raw=365,flex1_norm=0.089,flex2_raw=279,flex2_norm=0.068,flex3_raw=273,flex3_norm=0.067,flex4_raw=276,flex4_norm=0.067",true
word-sequence-v1,session_20261005T212737_676Z,word_yes_0005,49,24332,610452,1791235738415,yes,words-draft,signer_05,neutral,0x70,0.219000000000,0.149000000000,-0.966000000000,-250.137000000,30.9540000000,-29.8930000000,371,371,283,275,276,"seq=24332,t_ms=610452,who=0x70,ax=0.219,ay=0.149,az=-0.966,gx=-250.137,gy=30.954,gz=-29.893,expected=-,pred=E,pred_conf=100.0,flex0_raw=371,flex0_norm=0.091,flex1_raw=371,flex1_norm=0.091,flex2_raw=283,flex2_norm=0.069,flex3_raw=275,flex3_norm=0.067,flex4_raw=276,flex4_norm=0.067",true
word-sequence-v1,session_20261005T212737_676Z,word_yes_0005,50,24333,610477,1791235738455,yes,words-draft,signer_05,neutral,0x70,0.250000000000,0.387000000000,-0.794000000000,-250.137000000,18.0990000000,-37.2140000000,375,374,286,276,275,"seq=24333,t_ms=610477,who=0x70,ax=0.250,ay=0.387,az=-0.794,gx=-250.137,gy=18.099,gz=-37.214,expected=-,pred=E,pred_conf=100.0,flex0_raw=375,flex0_norm=0.092,flex1_raw=374,flex1_norm=0.091,flex2_raw=286,flex2_norm=0.070,flex3_raw=276,flex3_norm=0.067,flex4_raw=275,flex4_norm=0.067",true
word-sequence-v1,session_20261005T212737_676Z,word_yes_0005,51,24334,610502,1791235738478,yes,words-draft,signer_05,neutral,0x70,0.182000000000,0.643000000000,-0.735000000000,-250.137000000,-19.0150000000,-37.9690000000,376,375,287,276,270,"seq=24334,t_ms=610502,who=0x70,ax=0.182,ay=0.643,az=-0.735,gx=-250.137,gy=-19.015,gz=-37.969,expected=-,pred=E,pred_conf=100.0,flex0_raw=376,flex0_norm=0.092,flex1_raw=375,flex1_norm=0.092,flex2_raw=287,flex2_norm=0.070,flex3_raw=276,flex3_norm=0.067,flex4_raw=270,flex4_norm=0.066",true
word-sequence-v1,session_20261005T212737_676Z,word_yes_0005,52,24335,610527,1791235738500,yes,words-draft,signer_05,neutral,0x70,0.249000000000,0.656000000000,-0.430000000000,-191.160000000,-22.7560000000,-39.3130000000,376,375,285,271,267,"seq=24335,t_ms=610527,who=0x70,ax=0.249,ay=0.656,az=-0.430,gx=-191.160,gy=-22.756,gz=-39.313,expected=-,pred=E,pred_conf=100.0,flex0_raw=376,flex0_norm=0.092,flex1_raw=375,flex1_norm=0.092,flex2_raw=285,flex2_norm=0.070,flex3_raw=271,flex3_norm=0.066,flex4_raw=267,flex4_norm=0.065",true
word-sequence-v1,session_20261005T212737_676Z,word_yes_0005,53,24336,610552,1791235738528,yes,words-draft,signer_05,neutral,0x70,0.177000000000,0.540000000000,-0.411000000000,-116.748000000,-10.9240000000,-35.8020000000,377,375,285,271,264,"seq=24336,t_ms=610552,who=0x70,ax=0.177,ay=0.540,az=-0.411,gx=-116.748,gy=-10.924,gz=-35.802,expected=-,pred=E,pred_conf=100.0,flex0_raw=377,flex0_norm=0.092,flex1_raw=375,flex1_norm=0.092,flex2_raw=285,flex2_norm=0.070,flex3_raw=271,flex3_norm=0.066,flex4_raw=264,flex4_norm=0.064",true
word-sequence-v1,session_20261005T212737_676Z,word_yes_0005,54,24337,610577,1791235738559,yes,words-draft,signer_05,neutral,0x70,0.157000000000,0.537000000000,-0.459000000000,-65.6180000000,-2.90100000000,-20.3050000000,377,376,285,269,264,"seq=24337,t_ms=610577,who=0x70,ax=0.157,ay=0.537,az=-0.459,gx=-65.618,gy=-2.901,gz=-20.305,expected=-,pred=E,pred_conf=100.0,flex0_raw=377,flex0_norm=0.092,flex1_raw=376,flex1_norm=0.092,flex2_raw=285,flex2_norm=0.070,flex3_raw=269,flex3_norm=0.066,flex4_raw=264,flex4_norm=0.064",true
word-sequence-v1,session_20261005T212737_676Z,word_yes_0005,55,24338,610602,1791235738560,yes,words-draft,signer_05,neutral,0x70,0.161000000000,0.552000000000,-0.455000000000,-42.7400000000,10.5650000000,-3.08400000000,378,377,285,270,260,"seq=24338,t_ms=610602,who=0x70,ax=0.161,ay=0.552,az=-0.455,gx=-42.740,gy=10.565,gz=-3.084,expected=-,pred=E,pred_conf=99.9,flex0_raw=378,flex0_norm=0.092,flex1_raw=377,flex1_norm=0.092,flex2_raw=285,flex2_norm=0.070,flex3_raw=270,flex3_norm=0.066,flex4_raw=260,flex4_norm=0.063",true
word-sequence-v1,session_20261005T212737_676Z,word_yes_0005,56,24339,610627,1791235738597,yes,words-draft,signer_05,neutral,0x70,0.187000000000,0.656000000000,-0.397000000000,16.3130000000,9.87800000000,9.61800000000,377,377,284,268,261,"seq=24339,t_ms=610627,who=0x70,ax=0.187,ay=0.656,az=-0.397,gx=16.313,gy=9.878,gz=9.618,expected=-,pred=E,pred_conf=99.9,flex0_raw=377,flex0_norm=0.092,flex1_raw=377,flex1_norm=0.092,flex2_raw=284,flex2_norm=0.069,flex3_raw=268,flex3_norm=0.065,flex4_raw=261,flex4_norm=0.064",true
word-sequence-v1,session_20261005T212737_676Z,word_yes_0005,57,24340,610652,1791235738626,yes,words-draft,signer_05,neutral,0x70,0.159000000000,0.705000000000,-0.451000000000,98.5340000000,7.08400000000,13.2900000000,375,373,283,268,256,"seq=24340,t_ms=610652,who=0x70,ax=0.159,ay=0.705,az=-0.451,gx=98.534,gy=7.084,gz=13.290,expected=-,pred=E,pred_conf=99.9,flex0_raw=375,flex0_norm=0.092,flex1_raw=373,flex1_norm=0.091,flex2_raw=283,flex2_norm=0.069,flex3_raw=268,flex3_norm=0.065,flex4_raw=256,flex4_norm=0.063",true
word-sequence-v1,session_20261005T212737_676Z,word_yes_0005,58,24341,610677,1791235738664,yes,words-draft,signer_05,neutral,0x70,0.127000000000,0.580000000000,-0.557000000000,149.618000000,6.39700000000,6.50400000000,373,373,283,269,263,"seq=24341,t_ms=610677,who=0x70,ax=0.127,ay=0.580,az=-0.557,gx=149.618,gy=6.397,gz=6.504,expected=-,pred=E,pred_conf=100.0,flex0_raw=373,flex0_norm=0.091,flex1_raw=373,flex1_norm=0.091,flex2_raw=283,flex2_norm=0.069,flex3_raw=269,flex3_norm=0.066,flex4_raw=263,flex4_norm=0.064",true
word-sequence-v1,session_20261005T212737_676Z,word_yes_0005,59,24342,610702,1791235738688,yes,words-draft,signer_05,neutral,0x70,0.296000000000,0.400000000000,-0.626000000000,180.084000000,17.2140000000,-9.04600000000,371,369,281,270,265,"seq=24342,t_ms=610702,who=0x70,ax=0.296,ay=0.400,az=-0.626,gx=180.084,gy=17.214,gz=-9.046,expected=-,pred=E,pred_conf=100.0,flex0_raw=371,flex0_norm=0.091,flex1_raw=369,flex1_norm=0.090,flex2_raw=281,flex2_norm=0.069,flex3_raw=270,flex3_norm=0.066,flex4_raw=265,flex4_norm=0.065",true
word-sequence-v1,session_20261005T212737_676Z,word_yes_0005,60,24343,610727,1791235738710,yes,words-draft,signer_05,neutral,0x70,0.164000000000,0.452000000000,-0.690000000000,238.183000000,-6.00800000000,15.1450000000,361,361,277,269,265,"seq=24343,t_ms=610727,who=0x70,ax=0.164,ay=0.452,az=-0.690,gx=238.183,gy=-6.008,gz=15.145,expected=-,pred=E,pred_conf=100.0,flex0_raw=361,flex0_norm=0.088,flex1_raw=361,flex1_norm=0.088,flex2_raw=277,flex2_norm=0.068,flex3_raw=269,flex3_norm=0.066,flex4_raw=265,flex4_norm=0.065",true
word-sequence-v1,session_20261005T212737_676Z,word_yes_0005,61,24344,610752,1791235738738,yes,words-draft,signer_05,neutral,0x70,0.0940000000000,0.393000000000,-0.767000000000,250.130000000,-41.2820000000,24.1300000000,355,355,275,270,267,"seq=24344,t_ms=610752,who=0x70,ax=0.094,ay=0.393,az=-0.767,gx=250.130,gy=-41.282,gz=24.130,expected=-,pred=E,pred_conf=100.0,flex0_raw=355,flex0_norm=0.087,flex1_raw=355,flex1_norm=0.087,flex2_raw=275,flex2_norm=0.067,flex3_raw=270,flex3_norm=0.066,flex4_raw=267,flex4_norm=0.065",true
word-sequence-v1,session_20261005T212737_676Z,word_yes_0005,62,24345,610777,1791235738741,yes,words-draft,signer_05,neutral,0x70,0.166000000000,0.145000000000,-0.891000000000,250.130000000,-40.0380000000,2.62600000000,356,355,271,270,269,"seq=24345,t_ms=610777,who=0x70,ax=0.166,ay=0.145,az=-0.891,gx=250.130,gy=-40.038,gz=2.626,expected=-,pred=E,pred_conf=100.0,flex0_raw=356,flex0_norm=0.087,flex1_raw=355,flex1_norm=0.087,flex2_raw=271,flex2_norm=0.066,flex3_raw=270,flex3_norm=0.066,flex4_raw=269,flex4_norm=0.066",true
word-sequence-v1,session_20261005T212737_676Z,word_yes_0005,63,24346,610802,1791235738770,yes,words-draft,signer_05,neutral,0x70,0.253000000000,-0.0540000000000,-0.889000000000,250.130000000,-24.6790000000,-19.8630000000,357,355,270,270,272,"seq=24346,t_ms=610802,who=0x70,ax=0.253,ay=-0.054,az=-0.889,gx=250.130,gy=-24.679,gz=-19.863,expected=-,pred=E,pred_conf=100.0,flex0_raw=357,flex0_norm=0.087,flex1_raw=355,flex1_norm=0.087,flex2_raw=270,flex2_norm=0.066,flex3_raw=270,flex3_norm=0.066,flex4_raw=272,flex4_norm=0.066",true
word-sequence-v1,session_20261005T212737_676Z,word_yes_0005,64,24347,610827,1791235738805,yes,words-draft,signer_05,neutral,0x70,0.159000000000,-0.0700000000000,-0.932000000000,250.130000000,-14.9470000000,-32.5730000000,357,355,268,271,274,"seq=24347,t_ms=610827,who=0x70,ax=0.159,ay=-0.070,az=-0.932,gx=250.130,gy=-14.947,gz=-32.573,expected=-,pred=E,pred_conf=100.0,flex0_raw=357,flex0_norm=0.087,flex1_raw=355,flex1_norm=0.087,flex2_raw=268,flex2_norm=0.065,flex3_raw=271,flex3_norm=0.066,flex4_raw=274,flex4_norm=0.067",true
word-sequence-v1,session_20261005T212737_676Z,word_yes_0005,65,24348,610852,1791235738836,yes,words-draft,signer_05,neutral,0x70,0.0510000000000,-0.245000000000,-1.06000000000,250.130000000,-19.3360000000,-9.43500000000,357,355,270,274,276,"seq=24348,t_ms=610852,who=0x70,ax=0.051,ay=-0.245,az=-1.060,gx=250.130,gy=-19.336,gz=-9.435,expected=-,pred=E,pred_conf=100.0,flex0_raw=357,flex0_norm=0.087,flex1_raw=355,flex1_norm=0.087,flex2_raw=270,flex2_norm=0.066,flex3_raw=274,flex3_norm=0.067,flex4_raw=276,flex4_norm=0.067",true
word-sequence-v1,session_20261005T212737_676Z,word_yes_0005,66,24349,610877,1791235738891,yes,words-draft,signer_05,neutral,0x70,0.161000000000,-0.403000000000,-1.10500000000,249.427000000,-12.5110000000,29.9390000000,357,357,271,275,277,"seq=24349,t_ms=610877,who=0x70,ax=0.161,ay=-0.403,az=-1.105,gx=249.427,gy=-12.511,gz=29.939,expected=-,pred=E,pred_conf=100.0,flex0_raw=357,flex0_norm=0.087,flex1_raw=357,flex1_norm=0.087,flex2_raw=271,flex2_norm=0.066,flex3_raw=275,flex3_norm=0.067,flex4_raw=277,flex4_norm=0.068",true
word-sequence-v1,session_20261005T212737_676Z,word_yes_0005,67,24350,610902,1791235738892,yes,words-draft,signer_05,neutral,0x70,0.186000000000,-0.676000000000,-1.03400000000,138.672000000,-31.5950000000,51.4660000000,357,358,269,276,278,"seq=24350,t_ms=610902,who=0x70,ax=0.186,ay=-0.676,az=-1.034,gx=138.672,gy=-31.595,gz=51.466,expected=-,pred=E,pred_conf=100.0,flex0_raw=357,flex0_norm=0.087,flex1_raw=358,flex1_norm=0.087,flex2_raw=269,flex2_norm=0.066,flex3_raw=276,flex3_norm=0.067,flex4_raw=278,flex4_norm=0.068",true
word-sequence-v1,session_20261005T212737_676Z,word_yes_0005,68,24351,610927,1791235738893,yes,words-draft,signer_05,neutral,0x70,0.0430000000000,-0.461000000000,-1.04600000000,94.3740000000,-27.9010000000,23.9310000000,356,355,267,275,278,"seq=24351,t_ms=610927,who=0x70,ax=0.043,ay=-0.461,az=-1.046,gx=94.374,gy=-27.901,gz=23.931,expected=-,pred=E,pred_conf=100.0,flex0_raw=356,flex0_norm=0.087,flex1_raw=355,flex1_norm=0.087,flex2_raw=267,flex2_norm=0.065,flex3_raw=275,flex3_norm=0.067,flex4_raw=278,flex4_norm=0.068",true
word-sequence-v1,session_20261005T212737_676Z,word_yes_0005,69,24352,610952,1791235738926,yes,words-draft,signer_05,neutral,0x70,0.0780000000000,-0.545000000000,-1.18800000000,106.458000000,-37.8320000000,-17.8930000000,357,356,269,276,278,"seq=24352,t_ms=610952,who=0x70,ax=0.078,ay=-0.545,az=-1.188,gx=106.458,gy=-37.832,gz=-17.893,expected=-,pred=E,pred_conf=100.0,flex0_raw=357,flex0_norm=0.087,flex1_raw=356,flex1_norm=0.087,flex2_raw=269,flex2_norm=0.066,flex3_raw=276,flex3_norm=0.067,flex4_raw=278,flex4_norm=0.068",true
word-sequence-v1,session_20261005T212737_676Z,word_yes_0005,70,24353,610977,1791235738957,yes,words-draft,signer_05,neutral,0x70,0.0600000000000,-0.644000000000,-1.13400000000,68.8850000000,35.3210000000,-24.6790000000,357,357,268,277,279,"seq=24353,t_ms=610977,who=0x70,ax=0.060,ay=-0.644,az=-1.134,gx=68.885,gy=35.321,gz=-24.679,expected=-,pred=E,pred_conf=100.0,flex0_raw=357,flex0_norm=0.087,flex1_raw=357,flex1_norm=0.087,flex2_raw=268,flex2_norm=0.065,flex3_raw=277,flex3_norm=0.068,flex4_raw=279,flex4_norm=0.068",true
word-sequence-v1,session_20261005T212737_676Z,word_yes_0005,71,24354,611002,1791235738995,yes,words-draft,signer_05,neutral,0x70,0.117000000000,-0.612000000000,-1.10400000000,22.3050000000,53.0760000000,-10.3210000000,356,354,268,275,280,"seq=24354,t_ms=611002,who=0x70,ax=0.117,ay=-0.612,az=-1.104,gx=22.305,gy=53.076,gz=-10.321,expected=-,pred=E,pred_conf=100.0,flex0_raw=356,flex0_norm=0.087,flex1_raw=354,flex1_norm=0.086,flex2_raw=268,flex2_norm=0.065,flex3_raw=275,flex3_norm=0.067,flex4_raw=280,flex4_norm=0.068",true
word-sequence-v1,session_20261005T212737_676Z,word_yes_0005,72,24355,611027,1791235739023,yes,words-draft,signer_05,neutral,0x70,0.133000000000,-0.573000000000,-1.10100000000,-7.24400000000,26.6720000000,-13.1600000000,356,355,269,275,279,"seq=24355,t_ms=611027,who=0x70,ax=0.133,ay=-0.573,az=-1.101,gx=-7.244,gy=26.672,gz=-13.160,expected=-,pred=E,pred_conf=100.0,flex0_raw=356,flex0_norm=0.087,flex1_raw=355,flex1_norm=0.087,flex2_raw=269,flex2_norm=0.066,flex3_raw=275,flex3_norm=0.067,flex4_raw=279,flex4_norm=0.068",true
word-sequence-v1,session_20261005T212737_676Z,word_yes_0005,73,24356,611052,1791235739023,yes,words-draft,signer_05,neutral,0x70,0.103000000000,-0.559000000000,-1.09500000000,-65.5040000000,7.48100000000,-6.71000000000,355,356,269,276,279,"seq=24356,t_ms=611052,who=0x70,ax=0.103,ay=-0.559,az=-1.095,gx=-65.504,gy=7.481,gz=-6.710,expected=-,pred=E,pred_conf=100.0,flex0_raw=355,flex0_norm=0.087,flex1_raw=356,flex1_norm=0.087,flex2_raw=269,flex2_norm=0.066,flex3_raw=276,flex3_norm=0.067,flex4_raw=279,flex4_norm=0.068",true
word-sequence-v1,session_20261005T212737_676Z,word_yes_0005,74,24357,611077,1791235739060,yes,words-draft,signer_05,neutral,0x70,0.166000000000,-0.575000000000,-1.11300000000,-139.344000000,1.29000000000,18.3590000000,357,357,271,276,278,"seq=24357,t_ms=611077,who=0x70,ax=0.166,ay=-0.575,az=-1.113,gx=-139.344,gy=1.290,gz=18.359,expected=-,pred=E,pred_conf=100.0,flex0_raw=357,flex0_norm=0.087,flex1_raw=357,flex1_norm=0.087,flex2_raw=271,flex2_norm=0.066,flex3_raw=276,flex3_norm=0.067,flex4_raw=278,flex4_norm=0.068",true
word-sequence-v1,session_20261005T212737_676Z,word_yes_0005,75,24358,611102,1791235739089,yes,words-draft,signer_05,neutral,0x70,0.153000000000,-0.509000000000,-1.08600000000,-210.015000000,-2.47300000000,35.4270000000,360,359,271,277,279,"seq=24358,t_ms=611102,who=0x70,ax=0.153,ay=-0.509,az=-1.086,gx=-210.015,gy=-2.473,gz=35.427,expected=-,pred=E,pred_conf=100.0,flex0_raw=360,flex0_norm=0.088,flex1_raw=359,flex1_norm=0.088,flex2_raw=271,flex2_norm=0.066,flex3_raw=277,flex3_norm=0.068,flex4_raw=279,flex4_norm=0.068",true
word-sequence-v1,session_20261005T212737_676Z,word_yes_0005,76,24359,611127,1791235739099,yes,words-draft,signer_05,neutral,0x70,0.0910000000000,-0.412000000000,-1.07800000000,-250.137000000,12.1910000000,24.0230000000,361,361,277,277,279,"seq=24359,t_ms=611127,who=0x70,ax=0.091,ay=-0.412,az=-1.078,gx=-250.137,gy=12.191,gz=24.023,expected=-,pred=E,pred_conf=100.0,flex0_raw=361,flex0_norm=0.088,flex1_raw=361,flex1_norm=0.088,flex2_raw=277,flex2_norm=0.068,flex3_raw=277,flex3_norm=0.068,flex4_raw=279,flex4_norm=0.068",true
word-sequence-v1,session_20261005T212737_676Z,word_yes_0005,77,24360,611152,1791235739128,yes,words-draft,signer_05,neutral,0x70,0.100000000000,-0.445000000000,-1.00100000000,-250.137000000,24.9240000000,2.41200000000,361,361,279,277,277,"seq=24360,t_ms=611152,who=0x70,ax=0.100,ay=-0.445,az=-1.001,gx=-250.137,gy=24.924,gz=2.412,expected=-,pred=E,pred_conf=100.0,flex0_raw=361,flex0_norm=0.088,flex1_raw=361,flex1_norm=0.088,flex2_raw=279,flex2_norm=0.068,flex3_raw=277,flex3_norm=0.068,flex4_raw=277,flex4_norm=0.068",true
word-sequence-v1,session_20261005T212737_676Z,word_yes_0005,78,24361,611177,1791235739158,yes,words-draft,signer_05,neutral,0x70,0.117000000000,-0.177000000000,-0.947000000000,-250.137000000,43.0840000000,21.6180000000,362,363,279,276,277,"seq=24361,t_ms=611177,who=0x70,ax=0.117,ay=-0.177,az=-0.947,gx=-250.137,gy=43.084,gz=21.618,expected=-,pred=E,pred_conf=100.0,flex0_raw=362,flex0_norm=0.088,flex1_raw=363,flex1_norm=0.089,flex2_raw=279,flex2_norm=0.068,flex3_raw=276,flex3_norm=0.067,flex4_raw=277,flex4_norm=0.068",true
word-sequence-v1,session_20261005T212737_676Z,word_yes_0005,79,24362,611202,1791235739160,yes,words-draft,signer_05,neutral,0x70,0.120000000000,0.0580000000000,-0.994000000000,-250.137000000,60.8700000000,23.4890000000,365,364,281,277,274,"seq=24362,t_ms=611202,who=0x70,ax=0.120,ay=0.058,az=-0.994,gx=-250.137,gy=60.870,gz=23.489,expected=-,pred=E,pred_conf=100.0,flex0_raw=365,flex0_norm=0.089,flex1_raw=364,flex1_norm=0.089,flex2_raw=281,flex2_norm=0.069,flex3_raw=277,flex3_norm=0.068,flex4_raw=274,flex4_norm=0.067",true
word-sequence-v1,session_20261005T212737_676Z,word_yes_0005,80,24363,611227,1791235739194,yes,words-draft,signer_05,neutral,0x70,0.190000000000,0.185000000000,-0.937000000000,-250.137000000,52.0230000000,-2.74800000000,366,365,285,277,275,"seq=24363,t_ms=611227,who=0x70,ax=0.190,ay=0.185,az=-0.937,gx=-250.137,gy=52.023,gz=-2.748,expected=-,pred=E,pred_conf=100.0,flex0_raw=366,flex0_norm=0.089,flex1_raw=365,flex1_norm=0.089,flex2_raw=285,flex2_norm=0.070,flex3_raw=277,flex3_norm=0.068,flex4_raw=275,flex4_norm=0.067",true
word-sequence-v1,session_20261005T212737_676Z,word_yes_0005,81,24364,611252,1791235739221,yes,words-draft,signer_05,neutral,0x70,0.230000000000,0.333000000000,-0.883000000000,-250.137000000,48.8700000000,-8.56500000000,367,367,284,278,275,"seq=24364,t_ms=611252,who=0x70,ax=0.230,ay=0.333,az=-0.883,gx=-250.137,gy=48.870,gz=-8.565,expected=-,pred=E,pred_conf=100.0,flex0_raw=367,flex0_norm=0.090,flex1_raw=367,flex1_norm=0.090,flex2_raw=284,flex2_norm=0.069,flex3_raw=278,flex3_norm=0.068,flex4_raw=275,flex4_norm=0.067",true
word-sequence-v1,session_20261005T212737_676Z,word_yes_0005,82,24365,611277,1791235739261,yes,words-draft,signer_05,neutral,0x70,0.159000000000,0.445000000000,-0.723000000000,-240.450000000,35.4350000000,-12.7630000000,371,369,285,278,271,"seq=24365,t_ms=611277,who=0x70,ax=0.159,ay=0.445,az=-0.723,gx=-240.450,gy=35.435,gz=-12.763,expected=-,pred=E,pred_conf=100.0,flex0_raw=371,flex0_norm=0.091,flex1_raw=369,flex1_norm=0.090,flex2_raw=285,flex2_norm=0.070,flex3_raw=278,flex3_norm=0.068,flex4_raw=271,flex4_norm=0.066",true
word-sequence-v1,session_20261005T212737_676Z,word_yes_0005,83,24366,611302,1791235739291,yes,words-draft,signer_05,neutral,0x70,0.212000000000,0.550000000000,-0.571000000000,-199.382000000,28.6720000000,-14.8700000000,373,372,286,277,275,"seq=24366,t_ms=611302,who=0x70,ax=0.212,ay=0.550,az=-0.571,gx=-199.382,gy=28.672,gz=-14.870,expected=-,pred=E,pred_conf=100.0,flex0_raw=373,flex0_norm=0.091,flex1_raw=372,flex1_norm=0.091,flex2_raw=286,flex2_norm=0.070,flex3_raw=277,flex3_norm=0.068,flex4_raw=275,flex4_norm=0.067",true
word-sequence-v1,session_20261005T212737_676Z,word_yes_0005,84,24367,611327,1791235739325,yes,words-draft,signer_05,neutral,0x70,0.248000000000,0.582000000000,-0.519000000000,-114.099000000,-13.3970000000,-17.2210000000,372,371,286,276,271,"seq=24367,t_ms=611327,who=0x70,ax=0.248,ay=0.582,az=-0.519,gx=-114.099,gy=-13.397,gz=-17.221,expected=-,pred=E,pred_conf=100.0,flex0_raw=372,flex0_norm=0.091,flex1_raw=371,flex1_norm=0.091,flex2_raw=286,flex2_norm=0.070,flex3_raw=276,flex3_norm=0.067,flex4_raw=271,flex4_norm=0.066",true
word-sequence-v1,session_20261005T212737_676Z,word_yes_0005,85,24368,611352,1791235739326,yes,words-draft,signer_05,neutral,0x70,0.215000000000,0.550000000000,-0.508000000000,-64.4500000000,8.19100000000,-12.6790000000,372,371,285,275,270,"seq=24368,t_ms=611352,who=0x70,ax=0.215,ay=0.550,az=-0.508,gx=-64.450,gy=8.191,gz=-12.679,expected=-,pred=E,pred_conf=100.0,flex0_raw=372,flex0_norm=0.091,flex1_raw=371,flex1_norm=0.091,flex2_raw=285,flex2_norm=0.070,flex3_raw=275,flex3_norm=0.067,flex4_raw=270,flex4_norm=0.066",true
word-sequence-v1,session_20261005T212737_676Z,word_yes_0005,86,24369,611377,1791235739354,yes,words-draft,signer_05,neutral,0x70,0.182000000000,0.545000000000,-0.540000000000,-26.5270000000,8.96200000000,-6.00000000000,372,371,287,276,268,"seq=24369,t_ms=611377,who=0x70,ax=0.182,ay=0.545,az=-0.540,gx=-26.527,gy=8.962,gz=-6.000,expected=-,pred=E,pred_conf=100.0,flex0_raw=372,flex0_norm=0.091,flex1_raw=371,flex1_norm=0.091,flex2_raw=287,flex2_norm=0.070,flex3_raw=276,flex3_norm=0.067,flex4_raw=268,flex4_norm=0.065",true
word-sequence-v1,session_20261005T212737_676Z,word_yes_0005,87,24370,611402,1791235739393,yes,words-draft,signer_05,neutral,0x70,0.177000000000,0.611000000000,-0.490000000000,7.80200000000,-3.16800000000,2.60300000000,373,371,285,277,269,"seq=24370,t_ms=611402,who=0x70,ax=0.177,ay=0.611,az=-0.490,gx=7.802,gy=-3.168,gz=2.603,expected=-,pred=E,pred_conf=100.0,flex0_raw=373,flex0_norm=0.091,flex1_raw=371,flex1_norm=0.091,flex2_raw=285,flex2_norm=0.070,flex3_raw=277,flex3_norm=0.068,flex4_raw=269,flex4_norm=0.066",true
word-sequence-v1,session_20261005T212737_676Z,word_yes_0005,88,24371,611427,1791235739398,yes,words-draft,signer_05,neutral,0x70,0.193000000000,0.642000000000,-0.450000000000,83.0920000000,-10.3660000000,1.77900000000,367,367,283,276,269,"seq=24371,t_ms=611427,who=0x70,ax=0.193,ay=0.642,az=-0.450,gx=83.092,gy=-10.366,gz=1.779,expected=-,pred=E,pred_conf=100.0,flex0_raw=367,flex0_norm=0.090,flex1_raw=367,flex1_norm=0.090,flex2_raw=283,flex2_norm=0.069,flex3_raw=276,flex3_norm=0.067,flex4_raw=269,flex4_norm=0.066",true
word-sequence-v1,session_20261005T212737_676Z,word_yes_0005,89,24372,611452,1791235739429,yes,words-draft,signer_05,neutral,0x70,0.237000000000,0.630000000000,-0.532000000000,183.015000000,-1.80900000000,-2.19100000000,362,361,281,277,271,"seq=24372,t_ms=611452,who=0x70,ax=0.237,ay=0.630,az=-0.532,gx=183.015,gy=-1.809,gz=-2.191,expected=-,pred=E,pred_conf=100.0,flex0_raw=362,flex0_norm=0.088,flex1_raw=361,flex1_norm=0.088,flex2_raw=281,flex2_norm=0.069,flex3_raw=277,flex3_norm=0.068,flex4_raw=271,flex4_norm=0.066",true
word-sequence-v1,session_20261005T212737_676Z,word_yes_0005,90,24373,611478,1791235739458,yes,words-draft,signer_05,neutral,0x70,0.121000000000,0.350000000000,-0.770000000000,233.183000000,-14.7180000000,-6.68700000000,363,362,282,277,270,"seq=24373,t_ms=611478,who=0x70,ax=0.121,ay=0.350,az=-0.770,gx=233.183,gy=-14.718,gz=-6.687,expected=-,pred=E,pred_conf=100.0,flex0_raw=363,flex0_norm=0.089,flex1_raw=362,flex1_norm=0.088,flex2_raw=282,flex2_norm=0.069,flex3_raw=277,flex3_norm=0.068,flex4_raw=270,flex4_norm=0.066",true
word-sequence-v1,session_20261005T212737_676Z,word_yes_0005,91,24374,611503,1791235739460,yes,words-draft,signer_05,neutral,0x70,0.211000000000,0.216000000000,-0.737000000000,207.656000000,14.4810000000,6.32800000000,365,363,283,277,272,"seq=24374,t_ms=611503,who=0x70,ax=0.211,ay=0.216,az=-0.737,gx=207.656,gy=14.481,gz=6.328,expected=-,pred=E,pred_conf=100.0,flex0_raw=365,flex0_norm=0.089,flex1_raw=363,flex1_norm=0.089,flex2_raw=283,flex2_norm=0.069,flex3_raw=277,flex3_norm=0.068,flex4_raw=272,flex4_norm=0.066",true
word-sequence-v1,session_20261005T212737_676Z,word_yes_0005,92,24375,611528,1791235739488,yes,words-draft,signer_05,neutral,0x70,0.344000000000,0.256000000000,-0.866000000000,199.252000000,25.2600000000,26.3740000000,361,360,279,276,271,"seq=24375,t_ms=611528,who=0x70,ax=0.344,ay=0.256,az=-0.866,gx=199.252,gy=25.260,gz=26.374,expected=-,pred=E,pred_conf=100.0,flex0_raw=361,flex0_norm=0.088,flex1_raw=360,flex1_norm=0.088,flex2_raw=279,flex2_norm=0.068,flex3_raw=276,flex3_norm=0.067,flex4_raw=271,flex4_norm=0.066",true
word-sequence-v1,session_20261005T212737_676Z,word_yes_0005,93,24376,611553,1791235739531,yes,words-draft,signer_05,neutral,0x70,0.221000000000,0.238000000000,-0.897000000000,250.130000000,-5.00800000000,2.85500000000,359,359,276,277,275,"seq=24376,t_ms=611553,who=0x70,ax=0.221,ay=0.238,az=-0.897,gx=250.130,gy=-5.008,gz=2.855,expected=-,pred=E,pred_conf=100.0,flex0_raw=359,flex0_norm=0.088,flex1_raw=359,flex1_norm=0.088,flex2_raw=276,flex2_norm=0.067,flex3_raw=277,flex3_norm=0.068,flex4_raw=275,flex4_norm=0.067",true
word-sequence-v1,session_20261005T212737_676Z,word_yes_0005,94,24377,611578,1791235739572,yes,words-draft,signer_05,neutral,0x70,0.132000000000,0.0900000000000,-1.03000000000,250.130000000,-60.6030000000,5.90100000000,361,361,277,277,275,"seq=24377,t_ms=611578,who=0x70,ax=0.132,ay=0.090,az=-1.030,gx=250.130,gy=-60.603,gz=5.901,expected=-,pred=E,pred_conf=100.0,flex0_raw=361,flex0_norm=0.088,flex1_raw=361,flex1_norm=0.088,flex2_raw=277,flex2_norm=0.068,flex3_raw=277,flex3_norm=0.068,flex4_raw=275,flex4_norm=0.067",true
word-sequence-v1,session_20261005T212737_676Z,word_yes_0005,95,24378,611603,1791235739596,yes,words-draft,signer_05,neutral,0x70,0.158000000000,-0.209000000000,-1.18600000000,250.130000000,-43.0000000000,-18.7180000000,363,361,279,277,274,"seq=24378,t_ms=611603,who=0x70,ax=0.158,ay=-0.209,az=-1.186,gx=250.130,gy=-43.000,gz=-18.718,expected=-,pred=E,pred_conf=100.0,flex0_raw=363,flex0_norm=0.089,flex1_raw=361,flex1_norm=0.088,flex2_raw=279,flex2_norm=0.068,flex3_raw=277,flex3_norm=0.068,flex4_raw=274,flex4_norm=0.067",true
word-sequence-v1,session_20261005T212737_676Z,word_yes_0005,96,24379,611628,1791235739617,yes,words-draft,signer_05,neutral,0x70,0.302000000000,-0.519000000000,-1.04100000000,132.595000000,47.0230000000,3.74800000000,366,365,277,277,275,"seq=24379,t_ms=611628,who=0x70,ax=0.302,ay=-0.519,az=-1.041,gx=132.595,gy=47.023,gz=3.748,expected=-,pred=E,pred_conf=100.0,flex0_raw=366,flex0_norm=0.089,flex1_raw=365,flex1_norm=0.089,flex2_raw=277,flex2_norm=0.068,flex3_raw=277,flex3_norm=0.068,flex4_raw=275,flex4_norm=0.067",true
word-sequence-v1,session_20261005T212737_676Z,word_yes_0005,97,24380,611653,1791235739618,yes,words-draft,signer_05,neutral,0x70,0.271000000000,-0.166000000000,-1.18000000000,103.649000000,76.7250000000,-0.0310000000000,363,363,278,277,276,"seq=24380,t_ms=611653,who=0x70,ax=0.271,ay=-0.166,az=-1.180,gx=103.649,gy=76.725,gz=-0.031,expected=-,pred=E,pred_conf=100.0,flex0_raw=363,flex0_norm=0.089,flex1_raw=363,flex1_norm=0.089,flex2_raw=278,flex2_norm=0.068,flex3_raw=277,flex3_norm=0.068,flex4_raw=276,flex4_norm=0.067",true
word-sequence-v1,session_20261005T212737_676Z,word_yes_0005,98,24381,611678,1791235739640,yes,words-draft,signer_05,neutral,0x70,0.230000000000,-0.227000000000,-1.18800000000,113.534000000,7.74000000000,-5.32800000000,365,365,280,277,276,"seq=24381,t_ms=611678,who=0x70,ax=0.230,ay=-0.227,az=-1.188,gx=113.534,gy=7.740,gz=-5.328,expected=-,pred=E,pred_conf=100.0,flex0_raw=365,flex0_norm=0.089,flex1_raw=365,flex1_norm=0.089,flex2_raw=280,flex2_norm=0.068,flex3_raw=277,flex3_norm=0.068,flex4_raw=276,flex4_norm=0.067",true
word-sequence-v1,session_20261005T212737_676Z,word_yes_0005,99,24382,611703,1791235739669,yes,words-draft,signer_05,neutral,0x70,0.271000000000,-0.368000000000,-1.11400000000,11.0080000000,27.0690000000,6.48900000000,366,367,280,279,277,"seq=24382,t_ms=611703,who=0x70,ax=0.271,ay=-0.368,az=-1.114,gx=11.008,gy=27.069,gz=6.489,expected=-,pred=E,pred_conf=100.0,flex0_raw=366,flex0_norm=0.089,flex1_raw=367,flex1_norm=0.090,flex2_raw=280,flex2_norm=0.068,flex3_raw=279,flex3_norm=0.068,flex4_raw=277,flex4_norm=0.068",true
word-sequence-v1,session_20261005T212737_676Z,word_yes_0005,100,24383,611728,1791235739701,yes,words-draft,signer_05,neutral,0x70,0.227000000000,-0.206000000000,-1.08600000000,-44.0310000000,41.3210000000,-0.504000000000,366,367,280,279,276,"seq=24383,t_ms=611728,who=0x70,ax=0.227,ay=-0.206,az=-1.086,gx=-44.031,gy=41.321,gz=-0.504,expected=-,pred=E,pred_conf=100.0,flex0_raw=366,flex0_norm=0.089,flex1_raw=367,flex1_norm=0.090,flex2_raw=280,flex2_norm=0.068,flex3_raw=279,flex3_norm=0.068,flex4_raw=276,flex4_norm=0.067",true
word-sequence-v1,session_20261005T212737_676Z,word_yes_0005,101,24384,611753,1791235739737,yes,words-draft,signer_05,neutral,0x70,0.217000000000,-0.179000000000,-1.05500000000,-18.6950000000,-2.29800000000,-1.02300000000,363,364,278,277,275,"seq=24384,t_ms=611753,who=0x70,ax=0.217,ay=-0.179,az=-1.055,gx=-18.695,gy=-2.298,gz=-1.023,expected=-,pred=E,pred_conf=100.0,flex0_raw=363,flex0_norm=0.089,flex1_raw=364,flex1_norm=0.089,flex2_raw=278,flex2_norm=0.068,flex3_raw=277,flex3_norm=0.068,flex4_raw=275,flex4_norm=0.067",true
word-sequence-v1,session_20261005T212737_676Z,word_yes_0005,102,24385,611778,1791235739765,yes,words-draft,signer_05,neutral,0x70,0.267000000000,-0.233000000000,-1.05300000000,-9.25200000000,-12.4730000000,-3.54200000000,366,365,279,279,277,"seq=24385,t_ms=611778,who=0x70,ax=0.267,ay=-0.233,az=-1.053,gx=-9.252,gy=-12.473,gz=-3.542,expected=-,pred=E,pred_conf=100.0,flex0_raw=366,flex0_norm=0.089,flex1_raw=365,flex1_norm=0.089,flex2_raw=279,flex2_norm=0.068,flex3_raw=279,flex3_norm=0.068,flex4_raw=277,flex4_norm=0.068",true
word-sequence-v1,session_20261005T212737_676Z,word_yes_0005,103,24386,611803,1791235739765,yes,words-draft,signer_05,neutral,0x70,0.269000000000,-0.288000000000,-1.06200000000,-50.8550000000,-9.33600000000,-1.05300000000,367,366,280,279,275,"seq=24386,t_ms=611803,who=0x70,ax=0.269,ay=-0.288,az=-1.062,gx=-50.855,gy=-9.336,gz=-1.053,expected=-,pred=E,pred_conf=100.0,flex0_raw=367,flex0_norm=0.090,flex1_raw=366,flex1_norm=0.089,flex2_raw=280,flex2_norm=0.068,flex3_raw=279,flex3_norm=0.068,flex4_raw=275,flex4_norm=0.067",true
word-sequence-v1,session_20261005T212737_676Z,word_yes_0005,104,24387,611828,1791235739803,yes,words-draft,signer_05,neutral,0x70,0.271000000000,-0.238000000000,-1.06600000000,-96.4500000000,-3.29000000000,-4.65600000000,367,367,281,279,275,"seq=24387,t_ms=611828,who=0x70,ax=0.271,ay=-0.238,az=-1.066,gx=-96.450,gy=-3.290,gz=-4.656,expected=-,pred=E,pred_conf=100.0,flex0_raw=367,flex0_norm=0.090,flex1_raw=367,flex1_norm=0.090,flex2_raw=281,flex2_norm=0.069,flex3_raw=279,flex3_norm=0.068,flex4_raw=275,flex4_norm=0.067",true
word-sequence-v1,session_20261005T212737_676Z,word_yes_0005,105,24388,611853,1791235739829,yes,words-draft,signer_05,neutral,0x70,0.273000000000,-0.191000000000,-1.06400000000,-119.748000000,-12.9770000000,-2.86300000000,368,371,283,281,275,"seq=24388,t_ms=611853,who=0x70,ax=0.273,ay=-0.191,az=-1.064,gx=-119.748,gy=-12.977,gz=-2.863,expected=-,pred=E,pred_conf=100.0,flex0_raw=368,flex0_norm=0.090,flex1_raw=371,flex1_norm=0.091,flex2_raw=283,flex2_norm=0.069,flex3_raw=281,flex3_norm=0.069,flex4_raw=275,flex4_norm=0.067",true
word-sequence-v1,session_20261005T212737_676Z,word_yes_0005,106,24389,611878,1791235739851,yes,words-draft,signer_05,neutral,0x70,0.203000000000,-0.102000000000,-1.04900000000,-144.702000000,-20.7400000000,-1.80900000000,376,375,288,284,279,"seq=24389,t_ms=611878,who=0x70,ax=0.203,ay=-0.102,az=-1.049,gx=-144.702,gy=-20.740,gz=-1.809,expected=-,pred=E,pred_conf=100.0,flex0_raw=376,flex0_norm=0.092,flex1_raw=375,flex1_norm=0.092,flex2_raw=288,flex2_norm=0.070,flex3_raw=284,flex3_norm=0.069,flex4_raw=279,flex4_norm=0.068",true
word-sequence-v1,session_20261005T212737_676Z,word_yes_0005,107,24390,611903,1791235739880,yes,words-draft,signer_05,neutral,0x70,0.210000000000,-0.0850000000000,-1.00300000000,-166.046000000,0.0760000000000,-7.64100000000,376,377,293,285,279,"seq=24390,t_ms=611903,who=0x70,ax=0.210,ay=-0.085,az=-1.003,gx=-166.046,gy=0.076,gz=-7.641,expected=-,pred=E,pred_conf=100.0,flex0_raw=376,flex0_norm=0.092,flex1_raw=377,flex1_norm=0.092,flex2_raw=293,flex2_norm=0.072,flex3_raw=285,flex3_norm=0.070,flex4_raw=279,flex4_norm=0.068",true
word-sequence-v1,session_20261005T212737_676Z,word_yes_0005,108,24391,611928,1791235739908,yes,words-draft,signer_05,neutral,0x70,0.287000000000,0.0350000000000,-0.947000000000,-170.420000000,13.1760000000,-7.20600000000,379,379,295,287,281,"seq=24391,t_ms=611928,who=0x70,ax=0.287,ay=0.035,az=-0.947,gx=-170.420,gy=13.176,gz=-7.206,expected=-,pred=E,pred_conf=100.0,flex0_raw=379,flex0_norm=0.093,flex1_raw=379,flex1_norm=0.093,flex2_raw=295,flex2_norm=0.072,flex3_raw=287,flex3_norm=0.070,flex4_raw=281,flex4_norm=0.069",true
word-sequence-v1,session_20261005T212737_676Z,word_yes_0005,109,24392,611953,1791235739910,yes,words-draft,signer_05,neutral,0x70,0.242000000000,0.137000000000,-0.915000000000,-137.580000000,4.74000000000,-10.6790000000,379,377,296,288,282,"seq=24392,t_ms=611953,who=0x70,ax=0.242,ay=0.137,az=-0.915,gx=-137.580,gy=4.740,gz=-10.679,expected=-,pred=E,pred_conf=100.0,flex0_raw=379,flex0_norm=0.093,flex1_raw=377,flex1_norm=0.092,flex2_raw=296,flex2_norm=0.072,flex3_raw=288,flex3_norm=0.070,flex4_raw=282,flex4_norm=0.069",true
word-sequence-v1,session_20261005T212737_676Z,word_yes_0005,110,24393,611978,1791235739945,yes,words-draft,signer_05,neutral,0x70,0.219000000000,0.155000000000,-0.916000000000,-84.7940000000,-10.4120000000,-9.32800000000,379,379,296,291,283,"seq=24393,t_ms=611978,who=0x70,ax=0.219,ay=0.155,az=-0.916,gx=-84.794,gy=-10.412,gz=-9.328,expected=-,pred=E,pred_conf=100.0,flex0_raw=379,flex0_norm=0.093,flex1_raw=379,flex1_norm=0.093,flex2_raw=296,flex2_norm=0.072,flex3_raw=291,flex3_norm=0.071,flex4_raw=283,flex4_norm=0.069",true
word-sequence-v1,session_20261005T212737_676Z,word_yes_0005,111,24394,612003,1791235739979,yes,words-draft,signer_05,neutral,0x70,0.237000000000,0.185000000000,-0.880000000000,-75.1530000000,9.42700000000,-7.29800000000,377,379,296,291,283,"seq=24394,t_ms=612003,who=0x70,ax=0.237,ay=0.185,az=-0.880,gx=-75.153,gy=9.427,gz=-7.298,expected=-,pred=E,pred_conf=100.0,flex0_raw=377,flex0_norm=0.092,flex1_raw=379,flex1_norm=0.093,flex2_raw=296,flex2_norm=0.072,flex3_raw=291,flex3_norm=0.071,flex4_raw=283,flex4_norm=0.069",true
word-sequence-v1,session_20261005T212737_676Z,word_yes_0005,112,24395,612028,1791235740007,yes,words-draft,signer_05,neutral,0x70,0.235000000000,0.194000000000,-0.886000000000,-45.2900000000,7.87800000000,-10.0990000000,377,376,295,291,282,"seq=24395,t_ms=612028,who=0x70,ax=0.235,ay=0.194,az=-0.886,gx=-45.290,gy=7.878,gz=-10.099,expected=-,pred=E,pred_conf=100.0,flex0_raw=377,flex0_norm=0.092,flex1_raw=376,flex1_norm=0.092,flex2_raw=295,flex2_norm=0.072,flex3_raw=291,flex3_norm=0.071,flex4_raw=282,flex4_norm=0.069",true
word-sequence-v1,session_20261005T212737_676Z,word_yes_0005,113,24396,612053,1791235740048,yes,words-draft,signer_05,neutral,0x70,0.253000000000,0.199000000000,-0.874000000000,-23.9540000000,1.74800000000,-3.73300000000,376,376,295,286,281,"seq=24396,t_ms=612053,who=0x70,ax=0.253,ay=0.199,az=-0.874,gx=-23.954,gy=1.748,gz=-3.733,expected=-,pred=E,pred_conf=100.0,flex0_raw=376,flex0_norm=0.092,flex1_raw=376,flex1_norm=0.092,flex2_raw=295,flex2_norm=0.072,flex3_raw=286,flex3_norm=0.070,flex4_raw=281,flex4_norm=0.069",true
word-sequence-v1,session_20261005T212737_676Z,word_yes_0005,114,24397,612078,1791235740072,yes,words-draft,signer_05,neutral,0x70,0.217000000000,0.188000000000,-0.899000000000,-13.1760000000,-0.695000000000,-0.878000000000,377,377,297,291,282,"seq=24397,t_ms=612078,who=0x70,ax=0.217,ay=0.188,az=-0.899,gx=-13.176,gy=-0.695,gz=-0.878,expected=-,pred=E,pred_conf=100.0,flex0_raw=377,flex0_norm=0.092,flex1_raw=377,flex1_norm=0.092,flex2_raw=297,flex2_norm=0.073,flex3_raw=291,flex3_norm=0.071,flex4_raw=282,flex4_norm=0.069",true
word-sequence-v1,session_20261005T212737_676Z,word_yes_0005,115,24398,612103,1791235740072,yes,words-draft,signer_05,neutral,0x70,0.238000000000,0.202000000000,-0.891000000000,-15.4200000000,11.1070000000,-1.96900000000,378,377,297,288,283,"seq=24398,t_ms=612103,who=0x70,ax=0.238,ay=0.202,az=-0.891,gx=-15.420,gy=11.107,gz=-1.969,expected=-,pred=E,pred_conf=100.0,flex0_raw=378,flex0_norm=0.092,flex1_raw=377,flex1_norm=0.092,flex2_raw=297,flex2_norm=0.073,flex3_raw=288,flex3_norm=0.070,flex4_raw=283,flex4_norm=0.069",true
word-sequence-v1,session_20261005T212737_676Z,word_yes_0005,116,24399,612128,1791235740094,yes,words-draft,signer_05,neutral,0x70,0.240000000000,0.218000000000,-0.929000000000,6.58000000000,4.19800000000,-6.28200000000,377,376,296,291,282,"seq=24399,t_ms=612128,who=0x70,ax=0.240,ay=0.218,az=-0.929,gx=6.580,gy=4.198,gz=-6.282,expected=-,pred=E,pred_conf=100.0,flex0_raw=377,flex0_norm=0.092,flex1_raw=376,flex1_norm=0.092,flex2_raw=296,flex2_norm=0.072,flex3_raw=291,flex3_norm=0.071,flex4_raw=282,flex4_norm=0.069",true
word-sequence-v1,session_20261005T212737_676Z,word_yes_0005,117,24400,612153,1791235740118,yes,words-draft,signer_05,neutral,0x70,0.222000000000,0.174000000000,-0.987000000000,14.9080000000,-0.908000000000,-2.98500000000,377,377,296,291,283,"seq=24400,t_ms=612153,who=0x70,ax=0.222,ay=0.174,az=-0.987,gx=14.908,gy=-0.908,gz=-2.985,expected=-,pred=E,pred_conf=100.0,flex0_raw=377,flex0_norm=0.092,flex1_raw=377,flex1_norm=0.092,flex2_raw=296,flex2_norm=0.072,flex3_raw=291,flex3_norm=0.071,flex4_raw=283,flex4_norm=0.069",true
word-sequence-v1,session_20261005T212737_676Z,word_yes_0005,118,24401,612178,1791235740159,yes,words-draft,signer_05,neutral,0x70,0.248000000000,0.175000000000,-0.951000000000,-5.39700000000,10.2520000000,3.45000000000,377,377,296,291,283,"seq=24401,t_ms=612178,who=0x70,ax=0.248,ay=0.175,az=-0.951,gx=-5.397,gy=10.252,gz=3.450,expected=-,pred=E,pred_conf=100.0,flex0_raw=377,flex0_norm=0.092,flex1_raw=377,flex1_norm=0.092,flex2_raw=296,flex2_norm=0.072,flex3_raw=291,flex3_norm=0.071,flex4_raw=283,flex4_norm=0.069",true
word-sequence-v1,session_20261005T212737_676Z,word_yes_0005,119,24402,612203,1791235740181,yes,words-draft,signer_05,neutral,0x70,0.270000000000,0.202000000000,-0.951000000000,-4.85500000000,9.95400000000,0.504000000000,375,375,293,287,281,"seq=24402,t_ms=612203,who=0x70,ax=0.270,ay=0.202,az=-0.951,gx=-4.855,gy=9.954,gz=0.504,expected=-,pred=E,pred_conf=100.0,flex0_raw=375,flex0_norm=0.092,flex1_raw=375,flex1_norm=0.092,flex2_raw=293,flex2_norm=0.072,flex3_raw=287,flex3_norm=0.070,flex4_raw=281,flex4_norm=0.069",true
word-sequence-v1,session_20261005T212737_676Z,word_yes_0005,120,24403,612228,1791235740208,yes,words-draft,signer_05,neutral,0x70,0.258000000000,0.216000000000,-0.936000000000,5.36600000000,-0.458000000000,-1.18300000000,376,375,295,287,282,"seq=24403,t_ms=612228,who=0x70,ax=0.258,ay=0.216,az=-0.936,gx=5.366,gy=-0.458,gz=-1.183,expected=-,pred=E,pred_conf=100.0,flex0_raw=376,flex0_norm=0.092,flex1_raw=375,flex1_norm=0.092,flex2_raw=295,flex2_norm=0.072,flex3_raw=287,flex3_norm=0.070,flex4_raw=282,flex4_norm=0.069",true
word-sequence-v1,session_20261005T212737_676Z,word_yes_0005,121,24404,612253,1791235740210,yes,words-draft,signer_05,neutral,0x70,0.227000000000,0.201000000000,-0.980000000000,16.0690000000,-2.55000000000,0.450000000000,375,374,296,285,282,"seq=24404,t_ms=612253,who=0x70,ax=0.227,ay=0.201,az=-0.980,gx=16.069,gy=-2.550,gz=0.450,expected=-,pred=E,pred_conf=100.0,flex0_raw=375,flex0_norm=0.092,flex1_raw=374,flex1_norm=0.091,flex2_raw=296,flex2_norm=0.072,flex3_raw=285,flex3_norm=0.070,flex4_raw=282,flex4_norm=0.069",true
word-sequence-v1,session_20261005T212737_676Z,word_yes_0005,122,24405,612278,1791235740243,yes,words-draft,signer_05,neutral,0x70,0.256000000000,0.135000000000,-0.994000000000,2.48100000000,7.61100000000,2.10700000000,371,367,295,277,279,"seq=24405,t_ms=612278,who=0x70,ax=0.256,ay=0.135,az=-0.994,gx=2.481,gy=7.611,gz=2.107,expected=-,pred=E,pred_conf=100.0,flex0_raw=371,flex0_norm=0.091,flex1_raw=367,flex1_norm=0.090,flex2_raw=295,flex2_norm=0.072,flex3_raw=277,flex3_norm=0.068,flex4_raw=279,flex4_norm=0.068",true
word-sequence-v1,session_20261005T212737_676Z,word_yes_0005,123,24406,612303,1791235740276,yes,words-draft,signer_05,neutral,0x70,0.260000000000,0.177000000000,-0.955000000000,-10.3280000000,-10.7250000000,6.54200000000,367,367,293,269,277,"seq=24406,t_ms=612303,who=0x70,ax=0.260,ay=0.177,az=-0.955,gx=-10.328,gy=-10.725,gz=6.542,expected=-,pred=E,pred_conf=100.0,flex0_raw=367,flex0_norm=0.090,flex1_raw=367,flex1_norm=0.090,flex2_raw=293,flex2_norm=0.072,flex3_raw=269,flex3_norm=0.066,flex4_raw=277,flex4_norm=0.068",true
word-sequence-v1,session_20261005T212737_676Z,word_yes_0005,124,24407,612328,1791235740309,yes,words-draft,signer_05,neutral,0x70,0.207000000000,0.200000000000,-0.941000000000,1.69500000000,-22.5270000000,8.55700000000,367,366,294,268,276,"seq=24407,t_ms=612328,who=0x70,ax=0.207,ay=0.200,az=-0.941,gx=1.695,gy=-22.527,gz=8.557,expected=-,pred=E,pred_conf=100.0,flex0_raw=367,flex0_norm=0.090,flex1_raw=366,flex1_norm=0.089,flex2_raw=294,flex2_norm=0.072,flex3_raw=268,flex3_norm=0.065,flex4_raw=276,flex4_norm=0.067",true
word-sequence-v1,session_20261005T212737_676Z,word_yes_0005,125,24408,612353,1791235740341,yes,words-draft,signer_05,neutral,0x70,0.186000000000,0.148000000000,-0.967000000000,2.77900000000,-16.7940000000,3.92400000000,366,365,293,267,276,"seq=24408,t_ms=612353,who=0x70,ax=0.186,ay=0.148,az=-0.967,gx=2.779,gy=-16.794,gz=3.924,expected=-,pred=E,pred_conf=100.0,flex0_raw=366,flex0_norm=0.089,flex1_raw=365,flex1_norm=0.089,flex2_raw=293,flex2_norm=0.072,flex3_raw=267,flex3_norm=0.065,flex4_raw=276,flex4_norm=0.067",true
word-sequence-v1,session_20261005T212737_676Z,word_yes_0005,126,24409,612378,1791235740382,yes,words-draft,signer_05,neutral,0x70,0.207000000000,0.128000000000,-0.966000000000,-19.3440000000,16.0150000000,-12.1370000000,372,371,296,276,279,"seq=24409,t_ms=612378,who=0x70,ax=0.207,ay=0.128,az=-0.966,gx=-19.344,gy=16.015,gz=-12.137,expected=-,pred=E,pred_conf=100.0,flex0_raw=372,flex0_norm=0.091,flex1_raw=371,flex1_norm=0.091,flex2_raw=296,flex2_norm=0.072,flex3_raw=276,flex3_norm=0.067,flex4_raw=279,flex4_norm=0.068",true
word-sequence-v1,session_20261005T212737_676Z,word_yes_0005,127,24410,612403,1791235740383,yes,words-draft,signer_05,neutral,0x70,0.216000000000,0.204000000000,-0.938000000000,-11.2370000000,26.2440000000,-11.5570000000,372,371,296,277,280,"seq=24410,t_ms=612403,who=0x70,ax=0.216,ay=0.204,az=-0.938,gx=-11.237,gy=26.244,gz=-11.557,expected=-,pred=E,pred_conf=100.0,flex0_raw=372,flex0_norm=0.091,flex1_raw=371,flex1_norm=0.091,flex2_raw=296,flex2_norm=0.072,flex3_raw=277,flex3_norm=0.068,flex4_raw=280,flex4_norm=0.068",true
word-sequence-v1,session_20261005T212737_676Z,word_yes_0005,128,24411,612428,1791235740388,yes,words-draft,signer_05,neutral,0x70,0.193000000000,0.180000000000,-0.935000000000,8.20600000000,11.0610000000,3.32100000000,374,373,296,279,279,"seq=24411,t_ms=612428,who=0x70,ax=0.193,ay=0.180,az=-0.935,gx=8.206,gy=11.061,gz=3.321,expected=-,pred=E,pred_conf=100.0,flex0_raw=374,flex0_norm=0.091,flex1_raw=373,flex1_norm=0.091,flex2_raw=296,flex2_norm=0.072,flex3_raw=279,flex3_norm=0.068,flex4_raw=279,flex4_norm=0.068",true
word-sequence-v1,session_20261005T212737_676Z,word_yes_0005,129,24412,612453,1791235740422,yes,words-draft,signer_05,neutral,0x70,0.208000000000,0.159000000000,-0.955000000000,9.67900000000,39.6950000000,-8.88500000000,375,375,297,283,281,"seq=24412,t_ms=612453,who=0x70,ax=0.208,ay=0.159,az=-0.955,gx=9.679,gy=39.695,gz=-8.885,expected=-,pred=E,pred_conf=100.0,flex0_raw=375,flex0_norm=0.092,flex1_raw=375,flex1_norm=0.092,flex2_raw=297,flex2_norm=0.073,flex3_raw=283,flex3_norm=0.069,flex4_raw=281,flex4_norm=0.069",true
word-sequence-v1,session_20261005T212737_676Z,word_yes_0005,130,24413,612478,1791235740449,yes,words-draft,signer_05,neutral,0x70,0.233000000000,0.141000000000,-0.945000000000,-6.58800000000,48.0990000000,-9.71800000000,377,375,297,283,281,"seq=24413,t_ms=612478,who=0x70,ax=0.233,ay=0.141,az=-0.945,gx=-6.588,gy=48.099,gz=-9.718,expected=-,pred=E,pred_conf=100.0,flex0_raw=377,flex0_norm=0.092,flex1_raw=375,flex1_norm=0.092,flex2_raw=297,flex2_norm=0.073,flex3_raw=283,flex3_norm=0.069,flex4_raw=281,flex4_norm=0.069",true
word-sequence-v1,session_20261005T212737_676Z,word_yes_0005,131,24414,612503,1791235740490,yes,words-draft,signer_05,neutral,0x70,0.297000000000,0.178000000000,-0.920000000000,-23.4890000000,20.9770000000,-1.61100000000,373,373,295,281,280,"seq=24414,t_ms=612503,who=0x70,ax=0.297,ay=0.178,az=-0.920,gx=-23.489,gy=20.977,gz=-1.611,expected=-,pred=E,pred_conf=100.0,flex0_raw=373,flex0_norm=0.091,flex1_raw=373,flex1_norm=0.091,flex2_raw=295,flex2_norm=0.072,flex3_raw=281,flex3_norm=0.069,flex4_raw=280,flex4_norm=0.068",true
word-sequence-v1,session_20261005T212737_676Z,word_yes_0005,132,24415,612528,1791235740516,yes,words-draft,signer_05,neutral,0x70,0.280000000000,0.220000000000,-0.943000000000,-14.0380000000,-9.55000000000,7.22900000000,376,375,296,283,281,"seq=24415,t_ms=612528,who=0x70,ax=0.280,ay=0.220,az=-0.943,gx=-14.038,gy=-9.550,gz=7.229,expected=-,pred=E,pred_conf=100.0,flex0_raw=376,flex0_norm=0.092,flex1_raw=375,flex1_norm=0.092,flex2_raw=296,flex2_norm=0.072,flex3_raw=283,flex3_norm=0.069,flex4_raw=281,flex4_norm=0.069",true
word-sequence-v1,session_20261005T212737_676Z,word_yes_0005,133,24416,612553,1791235740516,yes,words-draft,signer_05,neutral,0x70,0.260000000000,0.191000000000,-0.965000000000,-0.595000000000,-8.07600000000,5.38200000000,375,375,297,283,282,"seq=24416,t_ms=612553,who=0x70,ax=0.260,ay=0.191,az=-0.965,gx=-0.595,gy=-8.076,gz=5.382,expected=-,pred=E,pred_conf=100.0,flex0_raw=375,flex0_norm=0.092,flex1_raw=375,flex1_norm=0.092,flex2_raw=297,flex2_norm=0.073,flex3_raw=283,flex3_norm=0.069,flex4_raw=282,flex4_norm=0.069",true
word-sequence-v1,session_20261005T212737_676Z,word_yes_0005,134,24417,612578,1791235740554,yes,words-draft,signer_05,neutral,0x70,0.247000000000,0.178000000000,-0.993000000000,-6.03100000000,1.75600000000,3.29000000000,376,376,297,283,282,"seq=24417,t_ms=612578,who=0x70,ax=0.247,ay=0.178,az=-0.993,gx=-6.031,gy=1.756,gz=3.290,expected=-,pred=E,pred_conf=100.0,flex0_raw=376,flex0_norm=0.092,flex1_raw=376,flex1_norm=0.092,flex2_raw=297,flex2_norm=0.073,flex3_raw=283,flex3_norm=0.069,flex4_raw=282,flex4_norm=0.069",true
word-sequence-v1,session_20261005T212737_676Z,word_yes_0005,135,24418,612603,1791235740583,yes,words-draft,signer_05,neutral,0x70,0.250000000000,0.204000000000,-0.986000000000,-10.2060000000,-3.85500000000,16.3210000000,376,375,297,282,282,"seq=24418,t_ms=612603,who=0x70,ax=0.250,ay=0.204,az=-0.986,gx=-10.206,gy=-3.855,gz=16.321,expected=-,pred=E,pred_conf=100.0,flex0_raw=376,flex0_norm=0.092,flex1_raw=375,flex1_norm=0.092,flex2_raw=297,flex2_norm=0.073,flex3_raw=282,flex3_norm=0.069,flex4_raw=282,flex4_norm=0.069",true
word-sequence-v1,session_20261005T212737_676Z,word_yes_0005,136,24419,612628,1791235740630,yes,words-draft,signer_05,neutral,0x70,0.280000000000,0.187000000000,-0.933000000000,-3.66400000000,0.649000000000,15.7710000000,375,375,297,284,281,"seq=24419,t_ms=612628,who=0x70,ax=0.280,ay=0.187,az=-0.933,gx=-3.664,gy=0.649,gz=15.771,expected=-,pred=E,pred_conf=100.0,flex0_raw=375,flex0_norm=0.092,flex1_raw=375,flex1_norm=0.092,flex2_raw=297,flex2_norm=0.073,flex3_raw=284,flex3_norm=0.069,flex4_raw=281,flex4_norm=0.069",true
word-sequence-v1,session_20261005T212737_676Z,word_yes_0005,137,24420,612653,1791235740631,yes,words-draft,signer_05,neutral,0x70,0.285000000000,0.180000000000,-0.900000000000,-5.77900000000,-6.34400000000,12.0690000000,374,375,296,281,281,"seq=24420,t_ms=612653,who=0x70,ax=0.285,ay=0.180,az=-0.900,gx=-5.779,gy=-6.344,gz=12.069,expected=-,pred=E,pred_conf=100.0,flex0_raw=374,flex0_norm=0.091,flex1_raw=375,flex1_norm=0.092,flex2_raw=296,flex2_norm=0.072,flex3_raw=281,flex3_norm=0.069,flex4_raw=281,flex4_norm=0.069",true
word-sequence-v1,session_20261005T212737_676Z,word_yes_0005,138,24421,612678,1791235740665,yes,words-draft,signer_05,neutral,0x70,0.270000000000,0.176000000000,-0.907000000000,-12.1300000000,-8.75600000000,17.6110000000,375,375,297,283,282,"seq=24421,t_ms=612678,who=0x70,ax=0.270,ay=0.176,az=-0.907,gx=-12.130,gy=-8.756,gz=17.611,expected=-,pred=E,pred_conf=100.0,flex0_raw=375,flex0_norm=0.092,flex1_raw=375,flex1_norm=0.092,flex2_raw=297,flex2_norm=0.073,flex3_raw=283,flex3_norm=0.069,flex4_raw=282,flex4_norm=0.069",true
word-sequence-v1,session_20261005T212737_676Z,word_yes_0005,139,24422,612703,1791235740666,yes,words-draft,signer_05,neutral,0x70,0.296000000000,0.166000000000,-0.920000000000,-17.9080000000,7.12200000000,14.0150000000,375,375,296,283,283,"seq=24422,t_ms=612703,who=0x70,ax=0.296,ay=0.166,az=-0.920,gx=-17.908,gy=7.122,gz=14.015,expected=-,pred=E,pred_conf=100.0,flex0_raw=375,flex0_norm=0.092,flex1_raw=375,flex1_norm=0.092,flex2_raw=296,flex2_norm=0.072,flex3_raw=283,flex3_norm=0.069,flex4_raw=283,flex4_norm=0.069",true
word-sequence-v1,session_20261005T212737_676Z,word_hello_0006,0,27733,695490,1791235823475,hello,words-draft,signer_01,neutral,0x70,-0.358000000000,0.556000000000,-0.758000000000,-3.54200000000,4.77100000000,-0.802000000000,456,455,476,575,504,"seq=27733,t_ms=695490,who=0x70,ax=-0.358,ay=0.556,az=-0.758,gx=-3.542,gy=4.771,gz=-0.802,expected=-,pred=F,pred_conf=64.9,flex0_raw=456,flex0_norm=0.111,flex1_raw=455,flex1_norm=0.111,flex2_raw=476,flex2_norm=0.116,flex3_raw=575,flex3_norm=0.140,flex4_raw=504,flex4_norm=0.123",true
word-sequence-v1,session_20261005T212737_676Z,word_hello_0006,1,27734,695515,1791235823505,hello,words-draft,signer_01,neutral,0x70,-0.364000000000,0.556000000000,-0.773000000000,-4.25200000000,1.35900000000,0.565000000000,457,455,475,579,504,"seq=27734,t_ms=695515,who=0x70,ax=-0.364,ay=0.556,az=-0.773,gx=-4.252,gy=1.359,gz=0.565,expected=-,pred=C,pred_conf=51.8,flex0_raw=457,flex0_norm=0.112,flex1_raw=455,flex1_norm=0.111,flex2_raw=475,flex2_norm=0.116,flex3_raw=579,flex3_norm=0.141,flex4_raw=504,flex4_norm=0.123",true
word-sequence-v1,session_20261005T212737_676Z,word_hello_0006,2,27735,695540,1791235823553,hello,words-draft,signer_01,neutral,0x70,-0.363000000000,0.552000000000,-0.760000000000,-3.86300000000,0.817000000000,-0.0310000000000,455,454,475,575,505,"seq=27735,t_ms=695540,who=0x70,ax=-0.363,ay=0.552,az=-0.760,gx=-3.863,gy=0.817,gz=-0.031,expected=-,pred=F,pred_conf=79.4,flex0_raw=455,flex0_norm=0.111,flex1_raw=454,flex1_norm=0.111,flex2_raw=475,flex2_norm=0.116,flex3_raw=575,flex3_norm=0.140,flex4_raw=505,flex4_norm=0.123",true
word-sequence-v1,session_20261005T212737_676Z,word_hello_0006,3,27736,695565,1791235823554,hello,words-draft,signer_01,neutral,0x70,-0.343000000000,0.556000000000,-0.742000000000,-4.48100000000,3.09200000000,-0.519000000000,455,455,475,575,505,"seq=27736,t_ms=695565,who=0x70,ax=-0.343,ay=0.556,az=-0.742,gx=-4.481,gy=3.092,gz=-0.519,expected=-,pred=F,pred_conf=77.2,flex0_raw=455,flex0_norm=0.111,flex1_raw=455,flex1_norm=0.111,flex2_raw=475,flex2_norm=0.116,flex3_raw=575,flex3_norm=0.140,flex4_raw=505,flex4_norm=0.123",true
word-sequence-v1,session_20261005T212737_676Z,word_hello_0006,4,27737,695590,1791235823554,hello,words-draft,signer_01,neutral,0x70,-0.352000000000,0.558000000000,-0.757000000000,-4.74800000000,0.908000000000,1.14500000000,455,455,476,575,504,"seq=27737,t_ms=695590,who=0x70,ax=-0.352,ay=0.558,az=-0.757,gx=-4.748,gy=0.908,gz=1.145,expected=-,pred=F,pred_conf=78.2,flex0_raw=455,flex0_norm=0.111,flex1_raw=455,flex1_norm=0.111,flex2_raw=476,flex2_norm=0.116,flex3_raw=575,flex3_norm=0.140,flex4_raw=504,flex4_norm=0.123",true
word-sequence-v1,session_20261005T212737_676Z,word_hello_0006,5,27738,695615,1791235823579,hello,words-draft,signer_01,neutral,0x70,-0.354000000000,0.554000000000,-0.761000000000,-3.79400000000,2.96900000000,0.588000000000,456,455,476,580,504,"seq=27738,t_ms=695615,who=0x70,ax=-0.354,ay=0.554,az=-0.761,gx=-3.794,gy=2.969,gz=0.588,expected=-,pred=F,pred_conf=65.5,flex0_raw=456,flex0_norm=0.111,flex1_raw=455,flex1_norm=0.111,flex2_raw=476,flex2_norm=0.116,flex3_raw=580,flex3_norm=0.142,flex4_raw=504,flex4_norm=0.123",true
word-sequence-v1,session_20261005T212737_676Z,word_hello_0006,6,27739,695640,1791235823617,hello,words-draft,signer_01,neutral,0x70,-0.363000000000,0.555000000000,-0.768000000000,-3.04600000000,4.66400000000,0.252000000000,455,455,476,580,504,"seq=27739,t_ms=695640,who=0x70,ax=-0.363,ay=0.555,az=-0.768,gx=-3.046,gy=4.664,gz=0.252,expected=-,pred=F,pred_conf=78.7,flex0_raw=455,flex0_norm=0.111,flex1_raw=455,flex1_norm=0.111,flex2_raw=476,flex2_norm=0.116,flex3_raw=580,flex3_norm=0.142,flex4_raw=504,flex4_norm=0.123",true
word-sequence-v1,session_20261005T212737_676Z,word_hello_0006,7,27740,695665,1791235823650,hello,words-draft,signer_01,neutral,0x70,-0.352000000000,0.548000000000,-0.777000000000,-2.77100000000,3.97700000000,0.237000000000,456,455,476,580,504,"seq=27740,t_ms=695665,who=0x70,ax=-0.352,ay=0.548,az=-0.777,gx=-2.771,gy=3.977,gz=0.237,expected=-,pred=F,pred_conf=65.5,flex0_raw=456,flex0_norm=0.111,flex1_raw=455,flex1_norm=0.111,flex2_raw=476,flex2_norm=0.116,flex3_raw=580,flex3_norm=0.142,flex4_raw=504,flex4_norm=0.123",true
word-sequence-v1,session_20261005T212737_676Z,word_hello_0006,8,27741,695690,1791235823680,hello,words-draft,signer_01,neutral,0x70,-0.354000000000,0.548000000000,-0.784000000000,-2.67900000000,2.69500000000,0.893000000000,455,455,475,579,505,"seq=27741,t_ms=695690,who=0x70,ax=-0.354,ay=0.548,az=-0.784,gx=-2.679,gy=2.695,gz=0.893,expected=-,pred=F,pred_conf=77.6,flex0_raw=455,flex0_norm=0.111,flex1_raw=455,flex1_norm=0.111,flex2_raw=475,flex2_norm=0.116,flex3_raw=579,flex3_norm=0.141,flex4_raw=505,flex4_norm=0.123",true
word-sequence-v1,session_20261005T212737_676Z,word_hello_0006,9,27742,695715,1791235823681,hello,words-draft,signer_01,neutral,0x70,-0.354000000000,0.560000000000,-0.757000000000,-2.80900000000,4.26700000000,0.0840000000000,456,455,476,580,504,"seq=27742,t_ms=695715,who=0x70,ax=-0.354,ay=0.560,az=-0.757,gx=-2.809,gy=4.267,gz=0.084,expected=-,pred=F,pred_conf=65.5,flex0_raw=456,flex0_norm=0.111,flex1_raw=455,flex1_norm=0.111,flex2_raw=476,flex2_norm=0.116,flex3_raw=580,flex3_norm=0.142,flex4_raw=504,flex4_norm=0.123",true
word-sequence-v1,session_20261005T212737_676Z,word_hello_0006,10,27743,695740,1791235823721,hello,words-draft,signer_01,neutral,0x70,-0.353000000000,0.544000000000,-0.760000000000,-4.51900000000,3.36600000000,-0.733000000000,455,455,476,580,504,"seq=27743,t_ms=695740,who=0x70,ax=-0.353,ay=0.544,az=-0.760,gx=-4.519,gy=3.366,gz=-0.733,expected=-,pred=F,pred_conf=78.7,flex0_raw=455,flex0_norm=0.111,flex1_raw=455,flex1_norm=0.111,flex2_raw=476,flex2_norm=0.116,flex3_raw=580,flex3_norm=0.142,flex4_raw=504,flex4_norm=0.123",true
word-sequence-v1,session_20261005T212737_676Z,word_hello_0006,11,27744,695765,1791235823744,hello,words-draft,signer_01,neutral,0x70,-0.358000000000,0.550000000000,-0.758000000000,-6.67200000000,-0.908000000000,0.687000000000,455,453,476,581,505,"seq=27744,t_ms=695765,who=0x70,ax=-0.358,ay=0.550,az=-0.758,gx=-6.672,gy=-0.908,gz=0.687,expected=-,pred=F,pred_conf=82.7,flex0_raw=455,flex0_norm=0.111,flex1_raw=453,flex1_norm=0.111,flex2_raw=476,flex2_norm=0.116,flex3_raw=581,flex3_norm=0.142,flex4_raw=505,flex4_norm=0.123",true
word-sequence-v1,session_20261005T212737_676Z,word_hello_0006,12,27745,695790,1791235823765,hello,words-draft,signer_01,neutral,0x70,-0.340000000000,0.550000000000,-0.747000000000,-7.07600000000,2.28200000000,-0.618000000000,455,455,475,580,504,"seq=27745,t_ms=695790,who=0x70,ax=-0.340,ay=0.550,az=-0.747,gx=-7.076,gy=2.282,gz=-0.618,expected=-,pred=F,pred_conf=77.9,flex0_raw=455,flex0_norm=0.111,flex1_raw=455,flex1_norm=0.111,flex2_raw=475,flex2_norm=0.116,flex3_raw=580,flex3_norm=0.142,flex4_raw=504,flex4_norm=0.123",true
word-sequence-v1,session_20261005T212737_676Z,word_hello_0006,13,27746,695815,1791235823788,hello,words-draft,signer_01,neutral,0x70,-0.348000000000,0.542000000000,-0.760000000000,-7.43500000000,4.58800000000,-0.992000000000,455,455,476,580,505,"seq=27746,t_ms=695815,who=0x70,ax=-0.348,ay=0.542,az=-0.760,gx=-7.435,gy=4.588,gz=-0.992,expected=-,pred=F,pred_conf=78.5,flex0_raw=455,flex0_norm=0.111,flex1_raw=455,flex1_norm=0.111,flex2_raw=476,flex2_norm=0.116,flex3_raw=580,flex3_norm=0.142,flex4_raw=505,flex4_norm=0.123",true
word-sequence-v1,session_20261005T212737_676Z,word_hello_0006,14,27747,695840,1791235823820,hello,words-draft,signer_01,neutral,0x70,-0.352000000000,0.551000000000,-0.766000000000,-7.98500000000,0.718000000000,0.252000000000,456,455,476,579,505,"seq=27747,t_ms=695840,who=0x70,ax=-0.352,ay=0.551,az=-0.766,gx=-7.985,gy=0.718,gz=0.252,expected=-,pred=F,pred_conf=65.1,flex0_raw=456,flex0_norm=0.111,flex1_raw=455,flex1_norm=0.111,flex2_raw=476,flex2_norm=0.116,flex3_raw=579,flex3_norm=0.141,flex4_raw=505,flex4_norm=0.123",true
word-sequence-v1,session_20261005T212737_676Z,word_hello_0006,15,27748,695865,1791235823820,hello,words-draft,signer_01,neutral,0x70,-0.349000000000,0.548000000000,-0.768000000000,-8.77900000000,-1.60300000000,0.511000000000,456,455,477,580,506,"seq=27748,t_ms=695865,who=0x70,ax=-0.349,ay=0.548,az=-0.768,gx=-8.779,gy=-1.603,gz=0.511,expected=-,pred=F,pred_conf=66.1,flex0_raw=456,flex0_norm=0.111,flex1_raw=455,flex1_norm=0.111,flex2_raw=477,flex2_norm=0.116,flex3_raw=580,flex3_norm=0.142,flex4_raw=506,flex4_norm=0.124",true
word-sequence-v1,session_20261005T212737_676Z,word_hello_0006,16,27749,695890,1791235823851,hello,words-draft,signer_01,neutral,0x70,-0.350000000000,0.551000000000,-0.769000000000,-8.19800000000,0.443000000000,-0.0990000000000,457,455,475,581,504,"seq=27749,t_ms=695890,who=0x70,ax=-0.350,ay=0.551,az=-0.769,gx=-8.198,gy=0.443,gz=-0.099,expected=-,pred=C,pred_conf=51.5,flex0_raw=457,flex0_norm=0.112,flex1_raw=455,flex1_norm=0.111,flex2_raw=475,flex2_norm=0.116,flex3_raw=581,flex3_norm=0.142,flex4_raw=504,flex4_norm=0.123",true
word-sequence-v1,session_20261005T212737_676Z,word_hello_0006,17,27750,695915,1791235823878,hello,words-draft,signer_01,neutral,0x70,-0.342000000000,0.556000000000,-0.751000000000,-6.36600000000,1.76300000000,-0.260000000000,455,455,475,580,505,"seq=27750,t_ms=695915,who=0x70,ax=-0.342,ay=0.556,az=-0.751,gx=-6.366,gy=1.763,gz=-0.260,expected=-,pred=F,pred_conf=77.7,flex0_raw=455,flex0_norm=0.111,flex1_raw=455,flex1_norm=0.111,flex2_raw=475,flex2_norm=0.116,flex3_raw=580,flex3_norm=0.142,flex4_raw=505,flex4_norm=0.123",true
word-sequence-v1,session_20261005T212737_676Z,word_hello_0006,18,27751,695940,1791235823924,hello,words-draft,signer_01,neutral,0x70,-0.354000000000,0.557000000000,-0.758000000000,-6.32800000000,2.09200000000,0.290000000000,456,454,476,580,504,"seq=27751,t_ms=695940,who=0x70,ax=-0.354,ay=0.557,az=-0.758,gx=-6.328,gy=2.092,gz=0.290,expected=-,pred=F,pred_conf=68.4,flex0_raw=456,flex0_norm=0.111,flex1_raw=454,flex1_norm=0.111,flex2_raw=476,flex2_norm=0.116,flex3_raw=580,flex3_norm=0.142,flex4_raw=504,flex4_norm=0.123",true
word-sequence-v1,session_20261005T212737_676Z,word_hello_0006,19,27752,695965,1791235823962,hello,words-draft,signer_01,neutral,0x70,-0.358000000000,0.558000000000,-0.766000000000,-6.35100000000,2.84700000000,-0.0760000000000,455,455,476,580,504,"seq=27752,t_ms=695965,who=0x70,ax=-0.358,ay=0.558,az=-0.766,gx=-6.351,gy=2.847,gz=-0.076,expected=-,pred=F,pred_conf=78.7,flex0_raw=455,flex0_norm=0.111,flex1_raw=455,flex1_norm=0.111,flex2_raw=476,flex2_norm=0.116,flex3_raw=580,flex3_norm=0.142,flex4_raw=504,flex4_norm=0.123",true
word-sequence-v1,session_20261005T212737_676Z,word_hello_0006,20,27753,695990,1791235823995,hello,words-draft,signer_01,neutral,0x70,-0.356000000000,0.559000000000,-0.776000000000,-5.71800000000,0.672000000000,0.382000000000,455,456,476,581,505,"seq=27753,t_ms=695990,who=0x70,ax=-0.356,ay=0.559,az=-0.776,gx=-5.718,gy=0.672,gz=0.382,expected=-,pred=F,pred_conf=76.3,flex0_raw=455,flex0_norm=0.111,flex1_raw=456,flex1_norm=0.111,flex2_raw=476,flex2_norm=0.116,flex3_raw=581,flex3_norm=0.142,flex4_raw=505,flex4_norm=0.123",true
word-sequence-v1,session_20261005T212737_676Z,word_hello_0006,21,27754,696015,1791235823996,hello,words-draft,signer_01,neutral,0x70,-0.354000000000,0.557000000000,-0.759000000000,-6.71800000000,-2.05300000000,1.26000000000,456,455,477,581,505,"seq=27754,t_ms=696015,who=0x70,ax=-0.354,ay=0.557,az=-0.759,gx=-6.718,gy=-2.053,gz=1.260,expected=-,pred=F,pred_conf=66.4,flex0_raw=456,flex0_norm=0.111,flex1_raw=455,flex1_norm=0.111,flex2_raw=477,flex2_norm=0.116,flex3_raw=581,flex3_norm=0.142,flex4_raw=505,flex4_norm=0.123",true
word-sequence-v1,session_20261005T212737_676Z,word_hello_0006,22,27755,696040,1791235823998,hello,words-draft,signer_01,neutral,0x70,-0.353000000000,0.559000000000,-0.765000000000,-5.23700000000,0.0530000000000,0.183000000000,456,455,475,581,504,"seq=27755,t_ms=696040,who=0x70,ax=-0.353,ay=0.559,az=-0.765,gx=-5.237,gy=0.053,gz=0.183,expected=-,pred=F,pred_conf=64.5,flex0_raw=456,flex0_norm=0.111,flex1_raw=455,flex1_norm=0.111,flex2_raw=475,flex2_norm=0.116,flex3_raw=581,flex3_norm=0.142,flex4_raw=504,flex4_norm=0.123",true
word-sequence-v1,session_20261005T212737_676Z,word_hello_0006,23,27756,696065,1791235824028,hello,words-draft,signer_01,neutral,0x70,-0.352000000000,0.558000000000,-0.752000000000,-3.96900000000,-0.634000000000,0.588000000000,455,455,475,581,504,"seq=27756,t_ms=696065,who=0x70,ax=-0.352,ay=0.558,az=-0.752,gx=-3.969,gy=-0.634,gz=0.588,expected=-,pred=F,pred_conf=78.0,flex0_raw=455,flex0_norm=0.111,flex1_raw=455,flex1_norm=0.111,flex2_raw=475,flex2_norm=0.116,flex3_raw=581,flex3_norm=0.142,flex4_raw=504,flex4_norm=0.123",true
word-sequence-v1,session_20261005T212737_676Z,word_hello_0006,24,27757,696090,1791235824059,hello,words-draft,signer_01,neutral,0x70,-0.344000000000,0.560000000000,-0.752000000000,-5.48900000000,0.183000000000,0.802000000000,455,455,476,582,503,"seq=27757,t_ms=696090,who=0x70,ax=-0.344,ay=0.560,az=-0.752,gx=-5.489,gy=0.183,gz=0.802,expected=-,pred=F,pred_conf=79.0,flex0_raw=455,flex0_norm=0.111,flex1_raw=455,flex1_norm=0.111,flex2_raw=476,flex2_norm=0.116,flex3_raw=582,flex3_norm=0.142,flex4_raw=503,flex4_norm=0.123",true
word-sequence-v1,session_20261005T212737_676Z,word_hello_0006,25,27758,696115,1791235824092,hello,words-draft,signer_01,neutral,0x70,-0.348000000000,0.565000000000,-0.746000000000,-5.30500000000,-0.130000000000,1.29000000000,456,455,476,581,504,"seq=27758,t_ms=696115,who=0x70,ax=-0.348,ay=0.565,az=-0.746,gx=-5.305,gy=-0.130,gz=1.290,expected=-,pred=F,pred_conf=65.6,flex0_raw=456,flex0_norm=0.111,flex1_raw=455,flex1_norm=0.111,flex2_raw=476,flex2_norm=0.116,flex3_raw=581,flex3_norm=0.142,flex4_raw=504,flex4_norm=0.123",true
word-sequence-v1,session_20261005T212737_676Z,word_hello_0006,26,27759,696140,1791235824121,hello,words-draft,signer_01,neutral,0x70,-0.352000000000,0.568000000000,-0.741000000000,-4.91600000000,2.67900000000,0.229000000000,455,455,475,580,504,"seq=27759,t_ms=696140,who=0x70,ax=-0.352,ay=0.568,az=-0.741,gx=-4.916,gy=2.679,gz=0.229,expected=-,pred=F,pred_conf=77.9,flex0_raw=455,flex0_norm=0.111,flex1_raw=455,flex1_norm=0.111,flex2_raw=475,flex2_norm=0.116,flex3_raw=580,flex3_norm=0.142,flex4_raw=504,flex4_norm=0.123",true
word-sequence-v1,session_20261005T212737_676Z,word_hello_0006,27,27760,696165,1791235824121,hello,words-draft,signer_01,neutral,0x70,-0.343000000000,0.558000000000,-0.761000000000,-4.06100000000,1.92400000000,0.427000000000,456,454,476,581,504,"seq=27760,t_ms=696165,who=0x70,ax=-0.343,ay=0.558,az=-0.761,gx=-4.061,gy=1.924,gz=0.427,expected=-,pred=F,pred_conf=68.5,flex0_raw=456,flex0_norm=0.111,flex1_raw=454,flex1_norm=0.111,flex2_raw=476,flex2_norm=0.116,flex3_raw=581,flex3_norm=0.142,flex4_raw=504,flex4_norm=0.123",true
word-sequence-v1,session_20261005T212737_676Z,word_hello_0006,28,27761,696190,1791235824148,hello,words-draft,signer_01,neutral,0x70,-0.346000000000,0.560000000000,-0.765000000000,-4.50400000000,1.27500000000,1.28200000000,456,455,477,581,504,"seq=27761,t_ms=696190,who=0x70,ax=-0.346,ay=0.560,az=-0.765,gx=-4.504,gy=1.275,gz=1.282,expected=-,pred=F,pred_conf=66.7,flex0_raw=456,flex0_norm=0.111,flex1_raw=455,flex1_norm=0.111,flex2_raw=477,flex2_norm=0.116,flex3_raw=581,flex3_norm=0.142,flex4_raw=504,flex4_norm=0.123",true
word-sequence-v1,session_20261005T212737_676Z,word_hello_0006,29,27762,696215,1791235824180,hello,words-draft,signer_01,neutral,0x70,-0.352000000000,0.559000000000,-0.760000000000,-3.19800000000,4.16800000000,0.0840000000000,457,455,476,581,504,"seq=27762,t_ms=696215,who=0x70,ax=-0.352,ay=0.559,az=-0.760,gx=-3.198,gy=4.168,gz=0.084,expected=-,pred=C,pred_conf=50.4,flex0_raw=457,flex0_norm=0.112,flex1_raw=455,flex1_norm=0.111,flex2_raw=476,flex2_norm=0.116,flex3_raw=581,flex3_norm=0.142,flex4_raw=504,flex4_norm=0.123",true
word-sequence-v1,session_20261005T212737_676Z,word_hello_0006,30,27763,696240,1791235824213,hello,words-draft,signer_01,neutral,0x70,-0.346000000000,0.549000000000,-0.765000000000,-5.17600000000,2.47300000000,-0.718000000000,456,455,477,581,503,"seq=27763,t_ms=696240,who=0x70,ax=-0.346,ay=0.549,az=-0.765,gx=-5.176,gy=2.473,gz=-0.718,expected=-,pred=F,pred_conf=66.9,flex0_raw=456,flex0_norm=0.111,flex1_raw=455,flex1_norm=0.111,flex2_raw=477,flex2_norm=0.116,flex3_raw=581,flex3_norm=0.142,flex4_raw=503,flex4_norm=0.123",true
word-sequence-v1,session_20261005T212737_676Z,word_hello_0006,31,27764,696265,1791235824246,hello,words-draft,signer_01,neutral,0x70,-0.343000000000,0.559000000000,-0.759000000000,-4.90800000000,1.15300000000,0.221000000000,456,456,476,582,504,"seq=27764,t_ms=696265,who=0x70,ax=-0.343,ay=0.559,az=-0.759,gx=-4.908,gy=1.153,gz=0.221,expected=-,pred=F,pred_conf=62.7,flex0_raw=456,flex0_norm=0.111,flex1_raw=456,flex1_norm=0.111,flex2_raw=476,flex2_norm=0.116,flex3_raw=582,flex3_norm=0.142,flex4_raw=504,flex4_norm=0.123",true
word-sequence-v1,session_20261005T212737_676Z,word_hello_0006,32,27765,696290,1791235824279,hello,words-draft,signer_01,neutral,0x70,-0.338000000000,0.553000000000,-0.761000000000,-5.54200000000,3.42700000000,-0.695000000000,456,455,477,583,504,"seq=27765,t_ms=696290,who=0x70,ax=-0.338,ay=0.553,az=-0.761,gx=-5.542,gy=3.427,gz=-0.695,expected=-,pred=F,pred_conf=66.9,flex0_raw=456,flex0_norm=0.111,flex1_raw=455,flex1_norm=0.111,flex2_raw=477,flex2_norm=0.116,flex3_raw=583,flex3_norm=0.142,flex4_raw=504,flex4_norm=0.123",true
word-sequence-v1,session_20261005T212737_676Z,word_hello_0006,33,27766,696315,1791235824280,hello,words-draft,signer_01,neutral,0x70,-0.342000000000,0.552000000000,-0.773000000000,-7.23700000000,1.33600000000,0.0760000000000,456,456,475,583,504,"seq=27766,t_ms=696315,who=0x70,ax=-0.342,ay=0.552,az=-0.773,gx=-7.237,gy=1.336,gz=0.076,expected=-,pred=F,pred_conf=61.7,flex0_raw=456,flex0_norm=0.111,flex1_raw=456,flex1_norm=0.111,flex2_raw=475,flex2_norm=0.116,flex3_raw=583,flex3_norm=0.142,flex4_raw=504,flex4_norm=0.123",true
word-sequence-v1,session_20261005T212737_676Z,word_hello_0006,34,27767,696340,1791235824314,hello,words-draft,signer_01,neutral,0x70,-0.339000000000,0.560000000000,-0.757000000000,-5.69500000000,2.16800000000,0.0230000000000,456,455,477,583,504,"seq=27767,t_ms=696340,who=0x70,ax=-0.339,ay=0.560,az=-0.757,gx=-5.695,gy=2.168,gz=0.023,expected=-,pred=F,pred_conf=66.9,flex0_raw=456,flex0_norm=0.111,flex1_raw=455,flex1_norm=0.111,flex2_raw=477,flex2_norm=0.116,flex3_raw=583,flex3_norm=0.142,flex4_raw=504,flex4_norm=0.123",true
word-sequence-v1,session_20261005T212737_676Z,word_hello_0006,35,27768,696365,1791235824346,hello,words-draft,signer_01,neutral,0x70,-0.350000000000,0.555000000000,-0.783000000000,-4.55700000000,2.21400000000,0.328000000000,456,455,476,583,504,"seq=27768,t_ms=696365,who=0x70,ax=-0.350,ay=0.555,az=-0.783,gx=-4.557,gy=2.214,gz=0.328,expected=-,pred=F,pred_conf=65.8,flex0_raw=456,flex0_norm=0.111,flex1_raw=455,flex1_norm=0.111,flex2_raw=476,flex2_norm=0.116,flex3_raw=583,flex3_norm=0.142,flex4_raw=504,flex4_norm=0.123",true
word-sequence-v1,session_20261005T212737_676Z,word_hello_0006,36,27769,696390,1791235824384,hello,words-draft,signer_01,neutral,0x70,-0.360000000000,0.562000000000,-0.762000000000,-7.66400000000,0.260000000000,-1.29800000000,455,455,476,584,505,"seq=27769,t_ms=696390,who=0x70,ax=-0.360,ay=0.562,az=-0.762,gx=-7.664,gy=0.260,gz=-1.298,expected=-,pred=F,pred_conf=78.9,flex0_raw=455,flex0_norm=0.111,flex1_raw=455,flex1_norm=0.111,flex2_raw=476,flex2_norm=0.116,flex3_raw=584,flex3_norm=0.143,flex4_raw=505,flex4_norm=0.123",true
word-sequence-v1,session_20261005T212737_676Z,word_hello_0006,37,27770,696415,1791235824418,hello,words-draft,signer_01,neutral,0x70,-0.357000000000,0.564000000000,-0.745000000000,-8.78600000000,-0.649000000000,-1.67900000000,456,455,476,584,504,"seq=27770,t_ms=696415,who=0x70,ax=-0.357,ay=0.564,az=-0.745,gx=-8.786,gy=-0.649,gz=-1.679,expected=-,pred=F,pred_conf=66.0,flex0_raw=456,flex0_norm=0.111,flex1_raw=455,flex1_norm=0.111,flex2_raw=476,flex2_norm=0.116,flex3_raw=584,flex3_norm=0.143,flex4_raw=504,flex4_norm=0.123",true
word-sequence-v1,session_20261005T212737_676Z,word_hello_0006,38,27771,696440,1791235824420,hello,words-draft,signer_01,neutral,0x70,-0.379000000000,0.565000000000,-0.739000000000,-9.76300000000,-4.77100000000,3.08400000000,455,455,476,583,505,"seq=27771,t_ms=696440,who=0x70,ax=-0.379,ay=0.565,az=-0.739,gx=-9.763,gy=-4.771,gz=3.084,expected=-,pred=F,pred_conf=78.8,flex0_raw=455,flex0_norm=0.111,flex1_raw=455,flex1_norm=0.111,flex2_raw=476,flex2_norm=0.116,flex3_raw=583,flex3_norm=0.142,flex4_raw=505,flex4_norm=0.123",true
word-sequence-v1,session_20261005T212737_676Z,word_hello_0006,39,27772,696465,1791235824421,hello,words-draft,signer_01,neutral,0x70,-0.421000000000,0.581000000000,-0.714000000000,-10.4050000000,-0.397000000000,4.67900000000,455,456,476,583,505,"seq=27772,t_ms=696465,who=0x70,ax=-0.421,ay=0.581,az=-0.714,gx=-10.405,gy=-0.397,gz=4.679,expected=-,pred=F,pred_conf=76.5,flex0_raw=455,flex0_norm=0.111,flex1_raw=456,flex1_norm=0.111,flex2_raw=476,flex2_norm=0.116,flex3_raw=583,flex3_norm=0.142,flex4_raw=505,flex4_norm=0.123",true
word-sequence-v1,session_20261005T212737_676Z,word_hello_0006,40,27773,696490,1791235824448,hello,words-draft,signer_01,neutral,0x70,-0.448000000000,0.611000000000,-0.697000000000,-14.9160000000,-2.73300000000,3.17600000000,456,455,476,583,504,"seq=27773,t_ms=696490,who=0x70,ax=-0.448,ay=0.611,az=-0.697,gx=-14.916,gy=-2.733,gz=3.176,expected=-,pred=F,pred_conf=65.8,flex0_raw=456,flex0_norm=0.111,flex1_raw=455,flex1_norm=0.111,flex2_raw=476,flex2_norm=0.116,flex3_raw=583,flex3_norm=0.142,flex4_raw=504,flex4_norm=0.123",true
word-sequence-v1,session_20261005T212737_676Z,word_hello_0006,41,27774,696515,1791235824479,hello,words-draft,signer_01,neutral,0x70,-0.439000000000,0.624000000000,-0.675000000000,-14.9080000000,-14.0230000000,6.58800000000,456,455,477,583,505,"seq=27774,t_ms=696515,who=0x70,ax=-0.439,ay=0.624,az=-0.675,gx=-14.908,gy=-14.023,gz=6.588,expected=-,pred=F,pred_conf=66.7,flex0_raw=456,flex0_norm=0.111,flex1_raw=455,flex1_norm=0.111,flex2_raw=477,flex2_norm=0.116,flex3_raw=583,flex3_norm=0.142,flex4_raw=505,flex4_norm=0.123",true
word-sequence-v1,session_20261005T212737_676Z,word_hello_0006,42,27775,696540,1791235824513,hello,words-draft,signer_01,neutral,0x70,-0.483000000000,0.683000000000,-0.677000000000,-3.93900000000,-23.0760000000,8.35900000000,456,455,477,582,504,"seq=27775,t_ms=696540,who=0x70,ax=-0.483,ay=0.683,az=-0.677,gx=-3.939,gy=-23.076,gz=8.359,expected=-,pred=F,pred_conf=66.8,flex0_raw=456,flex0_norm=0.111,flex1_raw=455,flex1_norm=0.111,flex2_raw=477,flex2_norm=0.116,flex3_raw=582,flex3_norm=0.142,flex4_raw=504,flex4_norm=0.123",true
word-sequence-v1,session_20261005T212737_676Z,word_hello_0006,43,27776,696565,1791235824543,hello,words-draft,signer_01,neutral,0x70,-0.469000000000,0.530000000000,-0.683000000000,-0.733000000000,-2.58000000000,7.71000000000,456,454,476,583,504,"seq=27776,t_ms=696565,who=0x70,ax=-0.469,ay=0.530,az=-0.683,gx=-0.733,gy=-2.580,gz=7.710,expected=-,pred=F,pred_conf=68.7,flex0_raw=456,flex0_norm=0.111,flex1_raw=454,flex1_norm=0.111,flex2_raw=476,flex2_norm=0.116,flex3_raw=583,flex3_norm=0.142,flex4_raw=504,flex4_norm=0.123",true
word-sequence-v1,session_20261005T212737_676Z,word_hello_0006,44,27777,696590,1791235824578,hello,words-draft,signer_01,neutral,0x70,-0.456000000000,0.544000000000,-0.700000000000,13.6870000000,24.5570000000,8.42700000000,456,456,476,583,505,"seq=27777,t_ms=696590,who=0x70,ax=-0.456,ay=0.544,az=-0.700,gx=13.687,gy=24.557,gz=8.427,expected=-,pred=F,pred_conf=62.6,flex0_raw=456,flex0_norm=0.111,flex1_raw=456,flex1_norm=0.111,flex2_raw=476,flex2_norm=0.116,flex3_raw=583,flex3_norm=0.142,flex4_raw=505,flex4_norm=0.123",true
word-sequence-v1,session_20261005T212737_676Z,word_hello_0006,45,27778,696615,1791235824579,hello,words-draft,signer_01,neutral,0x70,-0.440000000000,0.568000000000,-0.684000000000,21.8400000000,37.1980000000,5.02300000000,455,456,475,583,504,"seq=27778,t_ms=696615,who=0x70,ax=-0.440,ay=0.568,az=-0.684,gx=21.840,gy=37.198,gz=5.023,expected=-,pred=F,pred_conf=75.8,flex0_raw=455,flex0_norm=0.111,flex1_raw=456,flex1_norm=0.111,flex2_raw=475,flex2_norm=0.116,flex3_raw=583,flex3_norm=0.142,flex4_raw=504,flex4_norm=0.123",true
word-sequence-v1,session_20261005T212737_676Z,word_hello_0006,46,27779,696640,1791235824616,hello,words-draft,signer_01,neutral,0x70,-0.415000000000,0.592000000000,-0.680000000000,5.19800000000,13.8470000000,16.9010000000,455,455,476,582,505,"seq=27779,t_ms=696640,who=0x70,ax=-0.415,ay=0.592,az=-0.680,gx=5.198,gy=13.847,gz=16.901,expected=-,pred=F,pred_conf=78.7,flex0_raw=455,flex0_norm=0.111,flex1_raw=455,flex1_norm=0.111,flex2_raw=476,flex2_norm=0.116,flex3_raw=582,flex3_norm=0.142,flex4_raw=505,flex4_norm=0.123",true
word-sequence-v1,session_20261005T212737_676Z,word_hello_0006,47,27780,696665,1791235824643,hello,words-draft,signer_01,neutral,0x70,-0.422000000000,0.612000000000,-0.656000000000,-4.60300000000,-7.83200000000,19.3360000000,457,457,476,584,504,"seq=27780,t_ms=696665,who=0x70,ax=-0.422,ay=0.612,az=-0.656,gx=-4.603,gy=-7.832,gz=19.336,expected=-,pred=C,pred_conf=56.7,flex0_raw=457,flex0_norm=0.112,flex1_raw=457,flex1_norm=0.112,flex2_raw=476,flex2_norm=0.116,flex3_raw=584,flex3_norm=0.143,flex4_raw=504,flex4_norm=0.123",true
word-sequence-v1,session_20261005T212737_676Z,word_hello_0006,48,27781,696690,1791235824682,hello,words-draft,signer_01,neutral,0x70,-0.396000000000,0.607000000000,-0.652000000000,-3.77100000000,-6.92400000000,10.0760000000,455,456,477,583,505,"seq=27781,t_ms=696690,who=0x70,ax=-0.396,ay=0.607,az=-0.652,gx=-3.771,gy=-6.924,gz=10.076,expected=-,pred=F,pred_conf=77.3,flex0_raw=455,flex0_norm=0.111,flex1_raw=456,flex1_norm=0.111,flex2_raw=477,flex2_norm=0.116,flex3_raw=583,flex3_norm=0.142,flex4_raw=505,flex4_norm=0.123",true
word-sequence-v1,session_20261005T212737_676Z,word_hello_0006,49,27782,696715,1791235824706,hello,words-draft,signer_01,neutral,0x70,-0.345000000000,0.574000000000,-0.676000000000,-2.71000000000,0.0610000000000,8.26000000000,456,456,475,583,504,"seq=27782,t_ms=696715,who=0x70,ax=-0.345,ay=0.574,az=-0.676,gx=-2.710,gy=0.061,gz=8.260,expected=-,pred=F,pred_conf=61.7,flex0_raw=456,flex0_norm=0.111,flex1_raw=456,flex1_norm=0.111,flex2_raw=475,flex2_norm=0.116,flex3_raw=583,flex3_norm=0.142,flex4_raw=504,flex4_norm=0.123",true
word-sequence-v1,session_20261005T212737_676Z,word_hello_0006,50,27783,696740,1791235824728,hello,words-draft,signer_01,neutral,0x70,-0.362000000000,0.587000000000,-0.718000000000,1.59500000000,-6.47300000000,25.3050000000,456,456,477,583,504,"seq=27783,t_ms=696740,who=0x70,ax=-0.362,ay=0.587,az=-0.718,gx=1.595,gy=-6.473,gz=25.305,expected=-,pred=F,pred_conf=63.9,flex0_raw=456,flex0_norm=0.111,flex1_raw=456,flex1_norm=0.111,flex2_raw=477,flex2_norm=0.116,flex3_raw=583,flex3_norm=0.142,flex4_raw=504,flex4_norm=0.123",true
word-sequence-v1,session_20261005T212737_676Z,word_hello_0006,51,27784,696765,1791235824729,hello,words-draft,signer_01,neutral,0x70,-0.332000000000,0.552000000000,-0.751000000000,10.8780000000,11.6180000000,20.5730000000,457,456,476,583,504,"seq=27784,t_ms=696765,who=0x70,ax=-0.332,ay=0.552,az=-0.751,gx=10.878,gy=11.618,gz=20.573,expected=-,pred=C,pred_conf=53.4,flex0_raw=457,flex0_norm=0.112,flex1_raw=456,flex1_norm=0.111,flex2_raw=476,flex2_norm=0.116,flex3_raw=583,flex3_norm=0.142,flex4_raw=504,flex4_norm=0.123",true
word-sequence-v1,session_20261005T212737_676Z,word_hello_0006,52,27785,696790,1791235824750,hello,words-draft,signer_01,neutral,0x70,-0.334000000000,0.550000000000,-0.778000000000,18.2900000000,24.6340000000,17.0310000000,457,455,477,582,504,"seq=27785,t_ms=696790,who=0x70,ax=-0.334,ay=0.550,az=-0.778,gx=18.290,gy=24.634,gz=17.031,expected=-,pred=F,pred_conf=50.9,flex0_raw=457,flex0_norm=0.112,flex1_raw=455,flex1_norm=0.111,flex2_raw=477,flex2_norm=0.116,flex3_raw=582,flex3_norm=0.142,flex4_raw=504,flex4_norm=0.123",true
word-sequence-v1,session_20261005T212737_676Z,word_hello_0006,53,27786,696815,1791235824778,hello,words-draft,signer_01,neutral,0x70,-0.375000000000,0.595000000000,-0.767000000000,10.0000000000,-3.22100000000,32.9690000000,457,455,478,581,505,"seq=27786,t_ms=696815,who=0x70,ax=-0.375,ay=0.595,az=-0.767,gx=10.000,gy=-3.221,gz=32.969,expected=-,pred=F,pred_conf=51.6,flex0_raw=457,flex0_norm=0.112,flex1_raw=455,flex1_norm=0.111,flex2_raw=478,flex2_norm=0.117,flex3_raw=581,flex3_norm=0.142,flex4_raw=505,flex4_norm=0.123",true
word-sequence-v1,session_20261005T212737_676Z,word_hello_0006,54,27787,696840,1791235824819,hello,words-draft,signer_01,neutral,0x70,-0.351000000000,0.520000000000,-0.771000000000,5.53400000000,-14.9310000000,45.7400000000,457,455,477,581,504,"seq=27787,t_ms=696840,who=0x70,ax=-0.351,ay=0.520,az=-0.771,gx=5.534,gy=-14.931,gz=45.740,expected=-,pred=F,pred_conf=50.8,flex0_raw=457,flex0_norm=0.112,flex1_raw=455,flex1_norm=0.111,flex2_raw=477,flex2_norm=0.116,flex3_raw=581,flex3_norm=0.142,flex4_raw=504,flex4_norm=0.123",true
word-sequence-v1,session_20261005T212737_676Z,word_hello_0006,55,27788,696865,1791235824860,hello,words-draft,signer_01,neutral,0x70,-0.273000000000,0.549000000000,-0.767000000000,11.7020000000,-5.35100000000,44.2600000000,455,455,477,581,505,"seq=27788,t_ms=696865,who=0x70,ax=-0.273,ay=0.549,az=-0.767,gx=11.702,gy=-5.351,gz=44.260,expected=-,pred=F,pred_conf=79.4,flex0_raw=455,flex0_norm=0.111,flex1_raw=455,flex1_norm=0.111,flex2_raw=477,flex2_norm=0.116,flex3_raw=581,flex3_norm=0.142,flex4_raw=505,flex4_norm=0.123",true
word-sequence-v1,session_20261005T212737_676Z,word_hello_0006,56,27789,696890,1791235824884,hello,words-draft,signer_01,neutral,0x70,-0.222000000000,0.508000000000,-0.801000000000,7.48900000000,-11.8090000000,47.1980000000,456,455,478,575,505,"seq=27789,t_ms=696890,who=0x70,ax=-0.222,ay=0.508,az=-0.801,gx=7.489,gy=-11.809,gz=47.198,expected=-,pred=F,pred_conf=66.8,flex0_raw=456,flex0_norm=0.111,flex1_raw=455,flex1_norm=0.111,flex2_raw=478,flex2_norm=0.117,flex3_raw=575,flex3_norm=0.140,flex4_raw=505,flex4_norm=0.123",true
word-sequence-v1,session_20261005T212737_676Z,word_hello_0006,57,27790,696915,1791235824884,hello,words-draft,signer_01,neutral,0x70,-0.193000000000,0.488000000000,-0.738000000000,16.8550000000,-1.16000000000,45.0310000000,455,455,477,580,506,"seq=27790,t_ms=696915,who=0x70,ax=-0.193,ay=0.488,az=-0.738,gx=16.855,gy=-1.160,gz=45.031,expected=-,pred=F,pred_conf=79.1,flex0_raw=455,flex0_norm=0.111,flex1_raw=455,flex1_norm=0.111,flex2_raw=477,flex2_norm=0.116,flex3_raw=580,flex3_norm=0.142,flex4_raw=506,flex4_norm=0.124",true
word-sequence-v1,session_20261005T212737_676Z,word_hello_0006,58,27791,696940,1791235824909,hello,words-draft,signer_01,neutral,0x70,-0.0810000000000,0.429000000000,-0.838000000000,21.3590000000,33.0310000000,28.3590000000,455,453,478,573,505,"seq=27791,t_ms=696940,who=0x70,ax=-0.081,ay=0.429,az=-0.838,gx=21.359,gy=33.031,gz=28.359,expected=-,pred=F,pred_conf=83.4,flex0_raw=455,flex0_norm=0.111,flex1_raw=453,flex1_norm=0.111,flex2_raw=478,flex2_norm=0.117,flex3_raw=573,flex3_norm=0.140,flex4_raw=505,flex4_norm=0.123",true
word-sequence-v1,session_20261005T212737_676Z,word_hello_0006,59,27792,696965,1791235824947,hello,words-draft,signer_01,neutral,0x70,-0.151000000000,0.481000000000,-0.839000000000,5.25200000000,22.8470000000,33.7250000000,453,452,478,572,505,"seq=27792,t_ms=696965,who=0x70,ax=-0.151,ay=0.481,az=-0.839,gx=5.252,gy=22.847,gz=33.725,expected=-,pred=F,pred_conf=95.4,flex0_raw=453,flex0_norm=0.111,flex1_raw=452,flex1_norm=0.110,flex2_raw=478,flex2_norm=0.117,flex3_raw=572,flex3_norm=0.140,flex4_raw=505,flex4_norm=0.123",true
word-sequence-v1,session_20261005T212737_676Z,word_hello_0006,60,27793,696990,1791235824974,hello,words-draft,signer_01,neutral,0x70,-0.211000000000,0.465000000000,-0.897000000000,13.5190000000,24.2600000000,32.2210000000,453,448,478,572,505,"seq=27793,t_ms=696990,who=0x70,ax=-0.211,ay=0.465,az=-0.897,gx=13.519,gy=24.260,gz=32.221,expected=-,pred=F,pred_conf=97.0,flex0_raw=453,flex0_norm=0.111,flex1_raw=448,flex1_norm=0.109,flex2_raw=478,flex2_norm=0.117,flex3_raw=572,flex3_norm=0.140,flex4_raw=505,flex4_norm=0.123",true
word-sequence-v1,session_20261005T212737_676Z,word_hello_0006,61,27794,697015,1791235825012,hello,words-draft,signer_01,neutral,0x70,-0.173000000000,0.518000000000,-0.896000000000,32.2600000000,51.5650000000,12.4120000000,453,453,477,573,506,"seq=27794,t_ms=697015,who=0x70,ax=-0.173,ay=0.518,az=-0.896,gx=32.260,gy=51.565,gz=12.412,expected=-,pred=F,pred_conf=94.6,flex0_raw=453,flex0_norm=0.111,flex1_raw=453,flex1_norm=0.111,flex2_raw=477,flex2_norm=0.116,flex3_raw=573,flex3_norm=0.140,flex4_raw=506,flex4_norm=0.124",true
word-sequence-v1,session_20261005T212737_676Z,word_hello_0006,62,27795,697040,1791235825018,hello,words-draft,signer_01,neutral,0x70,-0.0510000000000,0.455000000000,-0.905000000000,19.9770000000,47.4660000000,7.84700000000,447,445,477,569,505,"seq=27795,t_ms=697040,who=0x70,ax=-0.051,ay=0.455,az=-0.905,gx=19.977,gy=47.466,gz=7.847,expected=-,pred=F,pred_conf=99.9,flex0_raw=447,flex0_norm=0.109,flex1_raw=445,flex1_norm=0.109,flex2_raw=477,flex2_norm=0.116,flex3_raw=569,flex3_norm=0.139,flex4_raw=505,flex4_norm=0.123",true
word-sequence-v1,session_20261005T212737_676Z,word_hello_0006,63,27796,697065,1791235825044,hello,words-draft,signer_01,neutral,0x70,-0.0480000000000,0.434000000000,-0.983000000000,14.6340000000,21.2670000000,31.1150000000,445,447,479,569,504,"seq=27796,t_ms=697065,who=0x70,ax=-0.048,ay=0.434,az=-0.983,gx=14.634,gy=21.267,gz=31.115,expected=-,pred=F,pred_conf=99.9,flex0_raw=445,flex0_norm=0.109,flex1_raw=447,flex1_norm=0.109,flex2_raw=479,flex2_norm=0.117,flex3_raw=569,flex3_norm=0.139,flex4_raw=504,flex4_norm=0.123",true
word-sequence-v1,session_20261005T212737_676Z,word_hello_0006,64,27797,697090,1791235825048,hello,words-draft,signer_01,neutral,0x70,-0.0580000000000,0.445000000000,-0.973000000000,20.9470000000,25.7710000000,9.99200000000,451,447,483,570,505,"seq=27797,t_ms=697090,who=0x70,ax=-0.058,ay=0.445,az=-0.973,gx=20.947,gy=25.771,gz=9.992,expected=-,pred=F,pred_conf=99.1,flex0_raw=451,flex0_norm=0.110,flex1_raw=447,flex1_norm=0.109,flex2_raw=483,flex2_norm=0.118,flex3_raw=570,flex3_norm=0.139,flex4_raw=505,flex4_norm=0.123",true
word-sequence-v1,session_20261005T212737_676Z,word_hello_0006,65,27798,697115,1791235825111,hello,words-draft,signer_01,neutral,0x70,0.0310000000000,0.422000000000,-1.00500000000,13.8090000000,21.3440000000,-0.595000000000,446,447,483,569,504,"seq=27798,t_ms=697115,who=0x70,ax=0.031,ay=0.422,az=-1.005,gx=13.809,gy=21.344,gz=-0.595,expected=-,pred=F,pred_conf=99.9,flex0_raw=446,flex0_norm=0.109,flex1_raw=447,flex1_norm=0.109,flex2_raw=483,flex2_norm=0.118,flex3_raw=569,flex3_norm=0.139,flex4_raw=504,flex4_norm=0.123",true
word-sequence-v1,session_20261005T212737_676Z,word_hello_0006,66,27799,697140,1791235825111,hello,words-draft,signer_01,neutral,0x70,0.00100000000000,0.426000000000,-1.01400000000,4.48100000000,16.4350000000,-0.672000000000,447,447,483,570,505,"seq=27799,t_ms=697140,who=0x70,ax=0.001,ay=0.426,az=-1.014,gx=4.481,gy=16.435,gz=-0.672,expected=-,pred=F,pred_conf=99.9,flex0_raw=447,flex0_norm=0.109,flex1_raw=447,flex1_norm=0.109,flex2_raw=483,flex2_norm=0.118,flex3_raw=570,flex3_norm=0.139,flex4_raw=505,flex4_norm=0.123",true
word-sequence-v1,session_20261005T212737_676Z,word_hello_0006,67,27800,697165,1791235825145,hello,words-draft,signer_01,neutral,0x70,-0.0280000000000,0.430000000000,-0.972000000000,6.13700000000,21.7630000000,-4.62600000000,445,445,482,572,506,"seq=27800,t_ms=697165,who=0x70,ax=-0.028,ay=0.430,az=-0.972,gx=6.137,gy=21.763,gz=-4.626,expected=-,pred=F,pred_conf=100.0,flex0_raw=445,flex0_norm=0.109,flex1_raw=445,flex1_norm=0.109,flex2_raw=482,flex2_norm=0.118,flex3_raw=572,flex3_norm=0.140,flex4_raw=506,flex4_norm=0.124",true
word-sequence-v1,session_20261005T212737_676Z,word_hello_0006,68,27801,697190,1791235825176,hello,words-draft,signer_01,neutral,0x70,-0.0250000000000,0.471000000000,-0.932000000000,-2.39700000000,25.4960000000,-11.7100000000,447,447,483,569,504,"seq=27801,t_ms=697190,who=0x70,ax=-0.025,ay=0.471,az=-0.932,gx=-2.397,gy=25.496,gz=-11.710,expected=-,pred=F,pred_conf=99.9,flex0_raw=447,flex0_norm=0.109,flex1_raw=447,flex1_norm=0.109,flex2_raw=483,flex2_norm=0.118,flex3_raw=569,flex3_norm=0.139,flex4_raw=504,flex4_norm=0.123",true
word-sequence-v1,session_20261005T212737_676Z,word_hello_0006,69,27802,697215,1791235825177,hello,words-draft,signer_01,neutral,0x70,-0.0680000000000,0.481000000000,-0.923000000000,-10.6560000000,16.5340000000,-3.36600000000,447,447,483,571,506,"seq=27802,t_ms=697215,who=0x70,ax=-0.068,ay=0.481,az=-0.923,gx=-10.656,gy=16.534,gz=-3.366,expected=-,pred=F,pred_conf=99.9,flex0_raw=447,flex0_norm=0.109,flex1_raw=447,flex1_norm=0.109,flex2_raw=483,flex2_norm=0.118,flex3_raw=571,flex3_norm=0.139,flex4_raw=506,flex4_norm=0.124",true
word-sequence-v1,session_20261005T212737_676Z,word_hello_0006,70,27803,697240,1791235825212,hello,words-draft,signer_01,neutral,0x70,-0.100000000000,0.488000000000,-0.901000000000,-7.54200000000,18.3890000000,-7.51100000000,447,447,483,570,505,"seq=27803,t_ms=697240,who=0x70,ax=-0.100,ay=0.488,az=-0.901,gx=-7.542,gy=18.389,gz=-7.511,expected=-,pred=F,pred_conf=99.9,flex0_raw=447,flex0_norm=0.109,flex1_raw=447,flex1_norm=0.109,flex2_raw=483,flex2_norm=0.118,flex3_raw=570,flex3_norm=0.139,flex4_raw=505,flex4_norm=0.123",true
word-sequence-v1,session_20261005T212737_676Z,word_hello_0006,71,27804,697265,1791235825242,hello,words-draft,signer_01,neutral,0x70,-0.0810000000000,0.489000000000,-0.884000000000,-8.40500000000,11.0310000000,-6.03100000000,447,447,483,570,504,"seq=27804,t_ms=697265,who=0x70,ax=-0.081,ay=0.489,az=-0.884,gx=-8.405,gy=11.031,gz=-6.031,expected=-,pred=F,pred_conf=99.9,flex0_raw=447,flex0_norm=0.109,flex1_raw=447,flex1_norm=0.109,flex2_raw=483,flex2_norm=0.118,flex3_raw=570,flex3_norm=0.139,flex4_raw=504,flex4_norm=0.123",true
word-sequence-v1,session_20261005T212737_676Z,word_hello_0006,72,27805,697290,1791235825275,hello,words-draft,signer_01,neutral,0x70,-0.121000000000,0.476000000000,-0.946000000000,-15.7250000000,3.98500000000,-5.34400000000,447,447,483,571,505,"seq=27805,t_ms=697290,who=0x70,ax=-0.121,ay=0.476,az=-0.946,gx=-15.725,gy=3.985,gz=-5.344,expected=-,pred=F,pred_conf=99.9,flex0_raw=447,flex0_norm=0.109,flex1_raw=447,flex1_norm=0.109,flex2_raw=483,flex2_norm=0.118,flex3_raw=571,flex3_norm=0.139,flex4_raw=505,flex4_norm=0.123",true
word-sequence-v1,session_20261005T212737_676Z,word_hello_0006,73,27806,697315,1791235825317,hello,words-draft,signer_01,neutral,0x70,-0.146000000000,0.481000000000,-0.953000000000,-14.3660000000,0.0610000000000,-2.09200000000,453,452,483,574,505,"seq=27806,t_ms=697315,who=0x70,ax=-0.146,ay=0.481,az=-0.953,gx=-14.366,gy=0.061,gz=-2.092,expected=-,pred=F,pred_conf=96.1,flex0_raw=453,flex0_norm=0.111,flex1_raw=452,flex1_norm=0.110,flex2_raw=483,flex2_norm=0.118,flex3_raw=574,flex3_norm=0.140,flex4_raw=505,flex4_norm=0.123",true
word-sequence-v1,session_20261005T212737_676Z,word_hello_0006,74,27807,697340,1791235825318,hello,words-draft,signer_01,neutral,0x70,-0.0950000000000,0.481000000000,-0.920000000000,-18.5500000000,-9.71000000000,0.137000000000,454,453,484,575,505,"seq=27807,t_ms=697340,who=0x70,ax=-0.095,ay=0.481,az=-0.920,gx=-18.550,gy=-9.710,gz=0.137,expected=-,pred=F,pred_conf=92.8,flex0_raw=454,flex0_norm=0.111,flex1_raw=453,flex1_norm=0.111,flex2_raw=484,flex2_norm=0.118,flex3_raw=575,flex3_norm=0.140,flex4_raw=505,flex4_norm=0.123",true
word-sequence-v1,session_20261005T212737_676Z,word_hello_0006,75,27808,697365,1791235825320,hello,words-draft,signer_01,neutral,0x70,-0.0830000000000,0.478000000000,-0.929000000000,-22.3590000000,-15.3510000000,0.565000000000,453,453,485,575,505,"seq=27808,t_ms=697365,who=0x70,ax=-0.083,ay=0.478,az=-0.929,gx=-22.359,gy=-15.351,gz=0.565,expected=-,pred=F,pred_conf=95.9,flex0_raw=453,flex0_norm=0.111,flex1_raw=453,flex1_norm=0.111,flex2_raw=485,flex2_norm=0.118,flex3_raw=575,flex3_norm=0.140,flex4_raw=505,flex4_norm=0.123",true
word-sequence-v1,session_20261005T212737_676Z,word_hello_0006,76,27809,697390,1791235825355,hello,words-draft,signer_01,neutral,0x70,-0.0760000000000,0.497000000000,-0.905000000000,-22.0310000000,-14.7400000000,-3.84000000000,454,453,484,575,505,"seq=27809,t_ms=697390,who=0x70,ax=-0.076,ay=0.497,az=-0.905,gx=-22.031,gy=-14.740,gz=-3.840,expected=-,pred=F,pred_conf=92.8,flex0_raw=454,flex0_norm=0.111,flex1_raw=453,flex1_norm=0.111,flex2_raw=484,flex2_norm=0.118,flex3_raw=575,flex3_norm=0.140,flex4_raw=505,flex4_norm=0.123",true
word-sequence-v1,session_20261005T212737_676Z,word_hello_0006,77,27810,697415,1791235825388,hello,words-draft,signer_01,neutral,0x70,-0.0780000000000,0.480000000000,-0.909000000000,-23.3050000000,-21.5950000000,2.05300000000,453,453,485,575,505,"seq=27810,t_ms=697415,who=0x70,ax=-0.078,ay=0.480,az=-0.909,gx=-23.305,gy=-21.595,gz=2.053,expected=-,pred=F,pred_conf=95.9,flex0_raw=453,flex0_norm=0.111,flex1_raw=453,flex1_norm=0.111,flex2_raw=485,flex2_norm=0.118,flex3_raw=575,flex3_norm=0.140,flex4_raw=505,flex4_norm=0.123",true
word-sequence-v1,session_20261005T212737_676Z,word_hello_0006,78,27811,697440,1791235825417,hello,words-draft,signer_01,neutral,0x70,-0.0540000000000,0.464000000000,-0.931000000000,-20.2060000000,-17.1300000000,-2.75600000000,452,447,484,573,505,"seq=27811,t_ms=697440,who=0x70,ax=-0.054,ay=0.464,az=-0.931,gx=-20.206,gy=-17.130,gz=-2.756,expected=-,pred=F,pred_conf=98.7,flex0_raw=452,flex0_norm=0.110,flex1_raw=447,flex1_norm=0.109,flex2_raw=484,flex2_norm=0.118,flex3_raw=573,flex3_norm=0.140,flex4_raw=505,flex4_norm=0.123",true
word-sequence-v1,session_20261005T212737_676Z,word_hello_0006,79,27812,697465,1791235825459,hello,words-draft,signer_01,neutral,0x70,-0.0340000000000,0.454000000000,-0.936000000000,-24.3360000000,-12.2900000000,-18.0690000000,453,453,485,573,505,"seq=27812,t_ms=697465,who=0x70,ax=-0.034,ay=0.454,az=-0.936,gx=-24.336,gy=-12.290,gz=-18.069,expected=-,pred=F,pred_conf=95.9,flex0_raw=453,flex0_norm=0.111,flex1_raw=453,flex1_norm=0.111,flex2_raw=485,flex2_norm=0.118,flex3_raw=573,flex3_norm=0.140,flex4_raw=505,flex4_norm=0.123",true
word-sequence-v1,session_20261005T212737_676Z,word_hello_0006,80,27813,697490,1791235825481,hello,words-draft,signer_01,neutral,0x70,-0.0560000000000,0.465000000000,-0.922000000000,-29.6490000000,-10.6560000000,-29.9850000000,455,454,485,575,505,"seq=27813,t_ms=697490,who=0x70,ax=-0.056,ay=0.465,az=-0.922,gx=-29.649,gy=-10.656,gz=-29.985,expected=-,pred=F,pred_conf=86.2,flex0_raw=455,flex0_norm=0.111,flex1_raw=454,flex1_norm=0.111,flex2_raw=485,flex2_norm=0.118,flex3_raw=575,flex3_norm=0.140,flex4_raw=505,flex4_norm=0.123",true
word-sequence-v1,session_20261005T212737_676Z,word_hello_0006,81,27814,697515,1791235825482,hello,words-draft,signer_01,neutral,0x70,-0.0660000000000,0.466000000000,-0.903000000000,-32.9390000000,-7.81700000000,-30.4660000000,455,455,485,580,506,"seq=27814,t_ms=697515,who=0x70,ax=-0.066,ay=0.466,az=-0.903,gx=-32.939,gy=-7.817,gz=-30.466,expected=-,pred=F,pred_conf=84.7,flex0_raw=455,flex0_norm=0.111,flex1_raw=455,flex1_norm=0.111,flex2_raw=485,flex2_norm=0.118,flex3_raw=580,flex3_norm=0.142,flex4_raw=506,flex4_norm=0.124",true
word-sequence-v1,session_20261005T212737_676Z,word_hello_0006,82,27815,697540,1791235825504,hello,words-draft,signer_01,neutral,0x70,-0.0810000000000,0.472000000000,-0.855000000000,-44.7630000000,-15.8850000000,-28.4960000000,455,454,485,582,505,"seq=27815,t_ms=697540,who=0x70,ax=-0.081,ay=0.472,az=-0.855,gx=-44.763,gy=-15.885,gz=-28.496,expected=-,pred=F,pred_conf=86.6,flex0_raw=455,flex0_norm=0.111,flex1_raw=454,flex1_norm=0.111,flex2_raw=485,flex2_norm=0.118,flex3_raw=582,flex3_norm=0.142,flex4_raw=505,flex4_norm=0.123",true
word-sequence-v1,session_20261005T212737_676Z,word_hello_0006,83,27816,697565,1791235825528,hello,words-draft,signer_01,neutral,0x70,-0.120000000000,0.542000000000,-0.820000000000,-53.1220000000,-22.7480000000,-19.8320000000,456,454,487,581,505,"seq=27816,t_ms=697565,who=0x70,ax=-0.120,ay=0.542,az=-0.820,gx=-53.122,gy=-22.748,gz=-19.832,expected=-,pred=F,pred_conf=78.4,flex0_raw=456,flex0_norm=0.111,flex1_raw=454,flex1_norm=0.111,flex2_raw=487,flex2_norm=0.119,flex3_raw=581,flex3_norm=0.142,flex4_raw=505,flex4_norm=0.123",true
word-sequence-v1,session_20261005T212737_676Z,word_hello_0006,84,27817,697590,1791235825565,hello,words-draft,signer_01,neutral,0x70,-0.206000000000,0.541000000000,-0.825000000000,-29.4050000000,2.58000000000,-34.3890000000,456,455,485,583,507,"seq=27817,t_ms=697590,who=0x70,ax=-0.206,ay=0.541,az=-0.825,gx=-29.405,gy=2.580,gz=-34.389,expected=-,pred=F,pred_conf=74.1,flex0_raw=456,flex0_norm=0.111,flex1_raw=455,flex1_norm=0.111,flex2_raw=485,flex2_norm=0.118,flex3_raw=583,flex3_norm=0.142,flex4_raw=507,flex4_norm=0.124",true
word-sequence-v1,session_20261005T212737_676Z,word_hello_0006,85,27818,697615,1791235825595,hello,words-draft,signer_01,neutral,0x70,-0.181000000000,0.551000000000,-0.807000000000,-11.0150000000,29.1680000000,-56.5110000000,463,463,487,585,506,"seq=27818,t_ms=697615,who=0x70,ax=-0.181,ay=0.551,az=-0.807,gx=-11.015,gy=29.168,gz=-56.511,expected=-,pred=C,pred_conf=98.7,flex0_raw=463,flex0_norm=0.113,flex1_raw=463,flex1_norm=0.113,flex2_raw=487,flex2_norm=0.119,flex3_raw=585,flex3_norm=0.143,flex4_raw=506,flex4_norm=0.124",true
word-sequence-v1,session_20261005T212737_676Z,word_hello_0006,86,27819,697640,1791235825633,hello,words-draft,signer_01,neutral,0x70,-0.156000000000,0.557000000000,-0.767000000000,-31.1680000000,17.2980000000,-36.8320000000,469,469,486,585,508,"seq=27819,t_ms=697640,who=0x70,ax=-0.156,ay=0.557,az=-0.767,gx=-31.168,gy=17.298,gz=-36.832,expected=-,pred=C,pred_conf=99.9,flex0_raw=469,flex0_norm=0.115,flex1_raw=469,flex1_norm=0.115,flex2_raw=486,flex2_norm=0.119,flex3_raw=585,flex3_norm=0.143,flex4_raw=508,flex4_norm=0.124",true
word-sequence-v1,session_20261005T212737_676Z,word_hello_0006,87,27820,697665,1791235825633,hello,words-draft,signer_01,neutral,0x70,-0.203000000000,0.538000000000,-0.782000000000,-43.3360000000,-9.62600000000,-11.1220000000,471,471,487,586,506,"seq=27820,t_ms=697665,who=0x70,ax=-0.203,ay=0.538,az=-0.782,gx=-43.336,gy=-9.626,gz=-11.122,expected=-,pred=C,pred_conf=99.9,flex0_raw=471,flex0_norm=0.115,flex1_raw=471,flex1_norm=0.115,flex2_raw=487,flex2_norm=0.119,flex3_raw=586,flex3_norm=0.143,flex4_raw=506,flex4_norm=0.124",true
word-sequence-v1,session_20261005T212737_676Z,word_hello_0006,88,27821,697690,1791235825662,hello,words-draft,signer_01,neutral,0x70,-0.220000000000,0.559000000000,-0.740000000000,-34.9390000000,-6.00000000000,-15.4810000000,471,471,487,586,506,"seq=27821,t_ms=697690,who=0x70,ax=-0.220,ay=0.559,az=-0.740,gx=-34.939,gy=-6.000,gz=-15.481,expected=-,pred=C,pred_conf=99.9,flex0_raw=471,flex0_norm=0.115,flex1_raw=471,flex1_norm=0.115,flex2_raw=487,flex2_norm=0.119,flex3_raw=586,flex3_norm=0.143,flex4_raw=506,flex4_norm=0.124",true
word-sequence-v1,session_20261005T212737_676Z,word_hello_0006,89,27822,697715,1791235825703,hello,words-draft,signer_01,neutral,0x70,-0.216000000000,0.566000000000,-0.750000000000,-31.7100000000,2.88500000000,-26.6410000000,471,471,487,587,506,"seq=27822,t_ms=697715,who=0x70,ax=-0.216,ay=0.566,az=-0.750,gx=-31.710,gy=2.885,gz=-26.641,expected=-,pred=C,pred_conf=99.9,flex0_raw=471,flex0_norm=0.115,flex1_raw=471,flex1_norm=0.115,flex2_raw=487,flex2_norm=0.119,flex3_raw=587,flex3_norm=0.143,flex4_raw=506,flex4_norm=0.124",true
word-sequence-v1,session_20261005T212737_676Z,word_hello_0007,0,28218,707615,1791235835597,hello,words-draft,signer_02,neutral,0x70,-0.327000000000,0.664000000000,-0.710000000000,-6.35100000000,1.12200000000,-1.22900000000,453,455,473,584,506,"seq=28218,t_ms=707615,who=0x70,ax=-0.327,ay=0.664,az=-0.710,gx=-6.351,gy=1.122,gz=-1.229,expected=-,pred=F,pred_conf=92.0,flex0_raw=453,flex0_norm=0.111,flex1_raw=455,flex1_norm=0.111,flex2_raw=473,flex2_norm=0.116,flex3_raw=584,flex3_norm=0.143,flex4_raw=506,flex4_norm=0.124",true
word-sequence-v1,session_20261005T212737_676Z,word_hello_0007,1,28219,707640,1791235835632,hello,words-draft,signer_02,neutral,0x70,-0.337000000000,0.665000000000,-0.698000000000,-5.97700000000,1.45000000000,-0.0460000000000,455,454,472,584,505,"seq=28219,t_ms=707640,who=0x70,ax=-0.337,ay=0.665,az=-0.698,gx=-5.977,gy=1.450,gz=-0.046,expected=-,pred=F,pred_conf=77.8,flex0_raw=455,flex0_norm=0.111,flex1_raw=454,flex1_norm=0.111,flex2_raw=472,flex2_norm=0.115,flex3_raw=584,flex3_norm=0.143,flex4_raw=505,flex4_norm=0.123",true
word-sequence-v1,session_20261005T212737_676Z,word_hello_0007,2,28220,707665,1791235835638,hello,words-draft,signer_02,neutral,0x70,-0.350000000000,0.654000000000,-0.707000000000,-5.04600000000,2.72500000000,-1.37400000000,453,455,472,585,506,"seq=28220,t_ms=707665,who=0x70,ax=-0.350,ay=0.654,az=-0.707,gx=-5.046,gy=2.725,gz=-1.374,expected=-,pred=F,pred_conf=91.7,flex0_raw=453,flex0_norm=0.111,flex1_raw=455,flex1_norm=0.111,flex2_raw=472,flex2_norm=0.115,flex3_raw=585,flex3_norm=0.143,flex4_raw=506,flex4_norm=0.124",true
word-sequence-v1,session_20261005T212737_676Z,word_hello_0007,3,28221,707690,1791235835668,hello,words-draft,signer_02,neutral,0x70,-0.313000000000,0.640000000000,-0.696000000000,-9.33600000000,2.76300000000,-3.48900000000,455,454,473,585,506,"seq=28221,t_ms=707690,who=0x70,ax=-0.313,ay=0.640,az=-0.696,gx=-9.336,gy=2.763,gz=-3.489,expected=-,pred=F,pred_conf=78.6,flex0_raw=455,flex0_norm=0.111,flex1_raw=454,flex1_norm=0.111,flex2_raw=473,flex2_norm=0.116,flex3_raw=585,flex3_norm=0.143,flex4_raw=506,flex4_norm=0.124",true
word-sequence-v1,session_20261005T212737_676Z,word_hello_0007,4,28222,707715,1791235835670,hello,words-draft,signer_02,neutral,0x70,-0.303000000000,0.632000000000,-0.693000000000,-10.8550000000,4.76300000000,-4.35100000000,455,455,473,585,506,"seq=28222,t_ms=707715,who=0x70,ax=-0.303,ay=0.632,az=-0.693,gx=-10.855,gy=4.763,gz=-4.351,expected=-,pred=F,pred_conf=76.3,flex0_raw=455,flex0_norm=0.111,flex1_raw=455,flex1_norm=0.111,flex2_raw=473,flex2_norm=0.116,flex3_raw=585,flex3_norm=0.143,flex4_raw=506,flex4_norm=0.124",true
word-sequence-v1,session_20261005T212737_676Z,word_hello_0007,5,28223,707740,1791235835706,hello,words-draft,signer_02,neutral,0x70,-0.283000000000,0.628000000000,-0.705000000000,-9.87800000000,3.68700000000,-2.17600000000,455,455,472,584,505,"seq=28223,t_ms=707740,who=0x70,ax=-0.283,ay=0.628,az=-0.705,gx=-9.878,gy=3.687,gz=-2.176,expected=-,pred=F,pred_conf=75.5,flex0_raw=455,flex0_norm=0.111,flex1_raw=455,flex1_norm=0.111,flex2_raw=472,flex2_norm=0.115,flex3_raw=584,flex3_norm=0.143,flex4_raw=505,flex4_norm=0.123",true
word-sequence-v1,session_20261005T212737_676Z,word_hello_0007,6,28224,707765,1791235835761,hello,words-draft,signer_02,neutral,0x70,-0.299000000000,0.625000000000,-0.700000000000,-7.32800000000,5.93100000000,-0.0310000000000,455,454,472,584,507,"seq=28224,t_ms=707765,who=0x70,ax=-0.299,ay=0.625,az=-0.700,gx=-7.328,gy=5.931,gz=-0.031,expected=-,pred=F,pred_conf=77.5,flex0_raw=455,flex0_norm=0.111,flex1_raw=454,flex1_norm=0.111,flex2_raw=472,flex2_norm=0.115,flex3_raw=584,flex3_norm=0.143,flex4_raw=507,flex4_norm=0.124",true
word-sequence-v1,session_20261005T212737_676Z,word_hello_0007,7,28225,707790,1791235835762,hello,words-draft,signer_02,neutral,0x70,-0.325000000000,0.656000000000,-0.710000000000,-5.81700000000,4.26700000000,0.489000000000,455,454,471,584,506,"seq=28225,t_ms=707790,who=0x70,ax=-0.325,ay=0.656,az=-0.710,gx=-5.817,gy=4.267,gz=0.489,expected=-,pred=F,pred_conf=76.8,flex0_raw=455,flex0_norm=0.111,flex1_raw=454,flex1_norm=0.111,flex2_raw=471,flex2_norm=0.115,flex3_raw=584,flex3_norm=0.143,flex4_raw=506,flex4_norm=0.124",true
word-sequence-v1,session_20261005T212737_676Z,word_hello_0007,8,28226,707815,1791235835801,hello,words-draft,signer_02,neutral,0x70,-0.326000000000,0.649000000000,-0.717000000000,-3.35900000000,0.00000000000,1.71000000000,454,453,470,587,506,"seq=28226,t_ms=707815,who=0x70,ax=-0.326,ay=0.649,az=-0.717,gx=-3.359,gy=0.000,gz=1.710,expected=-,pred=F,pred_conf=87.6,flex0_raw=454,flex0_norm=0.111,flex1_raw=453,flex1_norm=0.111,flex2_raw=470,flex2_norm=0.115,flex3_raw=587,flex3_norm=0.143,flex4_raw=506,flex4_norm=0.124",true
word-sequence-v1,session_20261005T212737_676Z,word_hello_0007,9,28227,707840,1791235835851,hello,words-draft,signer_02,neutral,0x70,-0.337000000000,0.653000000000,-0.733000000000,-2.61100000000,1.71800000000,0.824000000000,456,455,473,585,507,"seq=28227,t_ms=707840,who=0x70,ax=-0.337,ay=0.653,az=-0.733,gx=-2.611,gy=1.718,gz=0.824,expected=-,pred=F,pred_conf=62.1,flex0_raw=456,flex0_norm=0.111,flex1_raw=455,flex1_norm=0.111,flex2_raw=473,flex2_norm=0.116,flex3_raw=585,flex3_norm=0.143,flex4_raw=507,flex4_norm=0.124",true
word-sequence-v1,session_20261005T212737_676Z,word_hello_0007,10,28228,707865,1791235835852,hello,words-draft,signer_02,neutral,0x70,-0.330000000000,0.646000000000,-0.729000000000,-4.29000000000,0.977000000000,-0.0150000000000,455,454,473,585,505,"seq=28228,t_ms=707865,who=0x70,ax=-0.330,ay=0.646,az=-0.729,gx=-4.290,gy=0.977,gz=-0.015,expected=-,pred=F,pred_conf=78.7,flex0_raw=455,flex0_norm=0.111,flex1_raw=454,flex1_norm=0.111,flex2_raw=473,flex2_norm=0.116,flex3_raw=585,flex3_norm=0.143,flex4_raw=505,flex4_norm=0.123",true
word-sequence-v1,session_20261005T212737_676Z,word_hello_0007,11,28229,707890,1791235835853,hello,words-draft,signer_02,neutral,0x70,-0.312000000000,0.640000000000,-0.714000000000,-6.96200000000,-4.40500000000,0.939000000000,455,455,473,584,506,"seq=28229,t_ms=707890,who=0x70,ax=-0.312,ay=0.640,az=-0.714,gx=-6.962,gy=-4.405,gz=0.939,expected=-,pred=F,pred_conf=76.2,flex0_raw=455,flex0_norm=0.111,flex1_raw=455,flex1_norm=0.111,flex2_raw=473,flex2_norm=0.116,flex3_raw=584,flex3_norm=0.143,flex4_raw=506,flex4_norm=0.124",true
word-sequence-v1,session_20261005T212737_676Z,word_hello_0007,12,28230,707915,1791235835889,hello,words-draft,signer_02,neutral,0x70,-0.333000000000,0.641000000000,-0.710000000000,-8.26000000000,-4.54200000000,1.13700000000,455,455,473,584,505,"seq=28230,t_ms=707915,who=0x70,ax=-0.333,ay=0.641,az=-0.710,gx=-8.260,gy=-4.542,gz=1.137,expected=-,pred=F,pred_conf=76.4,flex0_raw=455,flex0_norm=0.111,flex1_raw=455,flex1_norm=0.111,flex2_raw=473,flex2_norm=0.116,flex3_raw=584,flex3_norm=0.143,flex4_raw=505,flex4_norm=0.123",true
word-sequence-v1,session_20261005T212737_676Z,word_hello_0007,13,28231,707940,1791235835915,hello,words-draft,signer_02,neutral,0x70,-0.342000000000,0.649000000000,-0.702000000000,-8.03100000000,-5.07600000000,2.15300000000,456,456,472,584,507,"seq=28231,t_ms=707940,who=0x70,ax=-0.342,ay=0.649,az=-0.702,gx=-8.031,gy=-5.076,gz=2.153,expected=-,pred=F,pred_conf=57.6,flex0_raw=456,flex0_norm=0.111,flex1_raw=456,flex1_norm=0.111,flex2_raw=472,flex2_norm=0.115,flex3_raw=584,flex3_norm=0.143,flex4_raw=507,flex4_norm=0.124",true
word-sequence-v1,session_20261005T212737_676Z,word_hello_0007,14,28232,707965,1791235835957,hello,words-draft,signer_02,neutral,0x70,-0.342000000000,0.664000000000,-0.712000000000,-7.34400000000,-5.56500000000,3.66400000000,455,455,472,585,506,"seq=28232,t_ms=707965,who=0x70,ax=-0.342,ay=0.664,az=-0.712,gx=-7.344,gy=-5.565,gz=3.664,expected=-,pred=F,pred_conf=75.4,flex0_raw=455,flex0_norm=0.111,flex1_raw=455,flex1_norm=0.111,flex2_raw=472,flex2_norm=0.115,flex3_raw=585,flex3_norm=0.143,flex4_raw=506,flex4_norm=0.124",true
word-sequence-v1,session_20261005T212737_676Z,word_hello_0007,15,28233,707990,1791235835982,hello,words-draft,signer_02,neutral,0x70,-0.349000000000,0.666000000000,-0.713000000000,-6.98500000000,-6.45000000000,2.59500000000,456,455,473,584,506,"seq=28233,t_ms=707990,who=0x70,ax=-0.349,ay=0.666,az=-0.713,gx=-6.985,gy=-6.450,gz=2.595,expected=-,pred=F,pred_conf=62.2,flex0_raw=456,flex0_norm=0.111,flex1_raw=455,flex1_norm=0.111,flex2_raw=473,flex2_norm=0.116,flex3_raw=584,flex3_norm=0.143,flex4_raw=506,flex4_norm=0.124",true
word-sequence-v1,session_20261005T212737_676Z,word_hello_0007,16,28234,708015,1791235835983,hello,words-draft,signer_02,neutral,0x70,-0.354000000000,0.678000000000,-0.694000000000,-7.46600000000,-6.90100000000,2.19100000000,455,454,473,583,506,"seq=28234,t_ms=708015,who=0x70,ax=-0.354,ay=0.678,az=-0.694,gx=-7.466,gy=-6.901,gz=2.191,expected=-,pred=F,pred_conf=78.4,flex0_raw=455,flex0_norm=0.111,flex1_raw=454,flex1_norm=0.111,flex2_raw=473,flex2_norm=0.116,flex3_raw=583,flex3_norm=0.142,flex4_raw=506,flex4_norm=0.124",true
word-sequence-v1,session_20261005T212737_676Z,word_hello_0007,17,28235,708040,1791235836025,hello,words-draft,signer_02,neutral,0x70,-0.367000000000,0.672000000000,-0.688000000000,-6.46600000000,-7.98500000000,2.05300000000,455,456,473,585,507,"seq=28235,t_ms=708040,who=0x70,ax=-0.367,ay=0.672,az=-0.688,gx=-6.466,gy=-7.985,gz=2.053,expected=-,pred=F,pred_conf=73.6,flex0_raw=455,flex0_norm=0.111,flex1_raw=456,flex1_norm=0.111,flex2_raw=473,flex2_norm=0.116,flex3_raw=585,flex3_norm=0.143,flex4_raw=507,flex4_norm=0.124",true
word-sequence-v1,session_20261005T212737_676Z,word_hello_0007,18,28236,708065,1791235836046,hello,words-draft,signer_02,neutral,0x70,-0.418000000000,0.677000000000,-0.673000000000,-9.66400000000,-9.92400000000,0.0380000000000,455,455,473,584,507,"seq=28236,t_ms=708065,who=0x70,ax=-0.418,ay=0.677,az=-0.673,gx=-9.664,gy=-9.924,gz=0.038,expected=-,pred=F,pred_conf=76.0,flex0_raw=455,flex0_norm=0.111,flex1_raw=455,flex1_norm=0.111,flex2_raw=473,flex2_norm=0.116,flex3_raw=584,flex3_norm=0.143,flex4_raw=507,flex4_norm=0.124",true
word-sequence-v1,session_20261005T212737_676Z,word_hello_0007,19,28237,708090,1791235836069,hello,words-draft,signer_02,neutral,0x70,-0.455000000000,0.721000000000,-0.630000000000,-15.6640000000,-18.0610000000,7.46600000000,455,454,473,585,507,"seq=28237,t_ms=708090,who=0x70,ax=-0.455,ay=0.721,az=-0.630,gx=-15.664,gy=-18.061,gz=7.466,expected=-,pred=F,pred_conf=78.4,flex0_raw=455,flex0_norm=0.111,flex1_raw=454,flex1_norm=0.111,flex2_raw=473,flex2_norm=0.116,flex3_raw=585,flex3_norm=0.143,flex4_raw=507,flex4_norm=0.124",true
word-sequence-v1,session_20261005T212737_676Z,word_hello_0007,20,28238,708115,1791235836099,hello,words-draft,signer_02,neutral,0x70,-0.521000000000,0.746000000000,-0.589000000000,-11.5110000000,-12.5500000000,6.86300000000,455,456,473,584,506,"seq=28238,t_ms=708115,who=0x70,ax=-0.521,ay=0.746,az=-0.589,gx=-11.511,gy=-12.550,gz=6.863,expected=-,pred=F,pred_conf=73.7,flex0_raw=455,flex0_norm=0.111,flex1_raw=456,flex1_norm=0.111,flex2_raw=473,flex2_norm=0.116,flex3_raw=584,flex3_norm=0.143,flex4_raw=506,flex4_norm=0.124",true
word-sequence-v1,session_20261005T212737_676Z,word_hello_0007,21,28239,708140,1791235836126,hello,words-draft,signer_02,neutral,0x70,-0.515000000000,0.701000000000,-0.568000000000,-0.221000000000,-11.6870000000,10.8240000000,456,455,473,585,506,"seq=28239,t_ms=708140,who=0x70,ax=-0.515,ay=0.701,az=-0.568,gx=-0.221,gy=-11.687,gz=10.824,expected=-,pred=F,pred_conf=62.3,flex0_raw=456,flex0_norm=0.111,flex1_raw=455,flex1_norm=0.111,flex2_raw=473,flex2_norm=0.116,flex3_raw=585,flex3_norm=0.143,flex4_raw=506,flex4_norm=0.124",true
word-sequence-v1,session_20261005T212737_676Z,word_hello_0007,22,28240,708165,1791235836126,hello,words-draft,signer_02,neutral,0x70,-0.515000000000,0.657000000000,-0.606000000000,6.96200000000,3.43500000000,12.3890000000,456,456,473,584,506,"seq=28240,t_ms=708165,who=0x70,ax=-0.515,ay=0.657,az=-0.606,gx=6.962,gy=3.435,gz=12.389,expected=-,pred=F,pred_conf=59.0,flex0_raw=456,flex0_norm=0.111,flex1_raw=456,flex1_norm=0.111,flex2_raw=473,flex2_norm=0.116,flex3_raw=584,flex3_norm=0.143,flex4_raw=506,flex4_norm=0.124",true
word-sequence-v1,session_20261005T212737_676Z,word_hello_0007,23,28241,708190,1791235836166,hello,words-draft,signer_02,neutral,0x70,-0.579000000000,0.636000000000,-0.606000000000,12.2140000000,4.07600000000,25.1910000000,457,456,473,584,506,"seq=28241,t_ms=708190,who=0x70,ax=-0.579,ay=0.636,az=-0.606,gx=12.214,gy=4.076,gz=25.191,expected=-,pred=C,pred_conf=57.4,flex0_raw=457,flex0_norm=0.112,flex1_raw=456,flex1_norm=0.111,flex2_raw=473,flex2_norm=0.116,flex3_raw=584,flex3_norm=0.143,flex4_raw=506,flex4_norm=0.124",true
word-sequence-v1,session_20261005T212737_676Z,word_hello_0007,24,28242,708215,1791235836206,hello,words-draft,signer_02,neutral,0x70,-0.500000000000,0.671000000000,-0.540000000000,-10.2980000000,-13.8240000000,34.3590000000,456,455,472,584,506,"seq=28242,t_ms=708215,who=0x70,ax=-0.500,ay=0.671,az=-0.540,gx=-10.298,gy=-13.824,gz=34.359,expected=-,pred=F,pred_conf=61.1,flex0_raw=456,flex0_norm=0.111,flex1_raw=455,flex1_norm=0.111,flex2_raw=472,flex2_norm=0.115,flex3_raw=584,flex3_norm=0.143,flex4_raw=506,flex4_norm=0.124",true
word-sequence-v1,session_20261005T212737_676Z,word_hello_0007,25,28243,708240,1791235836208,hello,words-draft,signer_02,neutral,0x70,-0.448000000000,0.662000000000,-0.528000000000,-9.00000000000,1.02300000000,44.0690000000,455,455,473,584,506,"seq=28243,t_ms=708240,who=0x70,ax=-0.448,ay=0.662,az=-0.528,gx=-9.000,gy=1.023,gz=44.069,expected=-,pred=F,pred_conf=76.2,flex0_raw=455,flex0_norm=0.111,flex1_raw=455,flex1_norm=0.111,flex2_raw=473,flex2_norm=0.116,flex3_raw=584,flex3_norm=0.143,flex4_raw=506,flex4_norm=0.124",true
word-sequence-v1,session_20261005T212737_676Z,word_hello_0007,26,28244,708265,1791235836238,hello,words-draft,signer_02,neutral,0x70,-0.426000000000,0.639000000000,-0.506000000000,11.2670000000,53.9620000000,20.0080000000,455,455,474,584,507,"seq=28244,t_ms=708265,who=0x70,ax=-0.426,ay=0.639,az=-0.506,gx=11.267,gy=53.962,gz=20.008,expected=-,pred=F,pred_conf=76.8,flex0_raw=455,flex0_norm=0.111,flex1_raw=455,flex1_norm=0.111,flex2_raw=474,flex2_norm=0.116,flex3_raw=584,flex3_norm=0.143,flex4_raw=507,flex4_norm=0.124",true
word-sequence-v1,session_20261005T212737_676Z,word_hello_0007,27,28245,708290,1791235836272,hello,words-draft,signer_02,neutral,0x70,-0.309000000000,0.653000000000,-0.548000000000,11.9620000000,56.3970000000,12.5730000000,455,456,473,583,505,"seq=28245,t_ms=708290,who=0x70,ax=-0.309,ay=0.653,az=-0.548,gx=11.962,gy=56.397,gz=12.573,expected=-,pred=F,pred_conf=73.8,flex0_raw=455,flex0_norm=0.111,flex1_raw=456,flex1_norm=0.111,flex2_raw=473,flex2_norm=0.116,flex3_raw=583,flex3_norm=0.142,flex4_raw=505,flex4_norm=0.123",true
word-sequence-v1,session_20261005T212737_676Z,word_hello_0007,28,28246,708315,1791235836272,hello,words-draft,signer_02,neutral,0x70,-0.219000000000,0.667000000000,-0.621000000000,12.6030000000,59.6790000000,27.7480000000,455,455,473,583,505,"seq=28246,t_ms=708315,who=0x70,ax=-0.219,ay=0.667,az=-0.621,gx=12.603,gy=59.679,gz=27.748,expected=-,pred=F,pred_conf=76.3,flex0_raw=455,flex0_norm=0.111,flex1_raw=455,flex1_norm=0.111,flex2_raw=473,flex2_norm=0.116,flex3_raw=583,flex3_norm=0.142,flex4_raw=505,flex4_norm=0.123",true
word-sequence-v1,session_20261005T212737_676Z,word_hello_0007,29,28247,708340,1791235836305,hello,words-draft,signer_02,neutral,0x70,-0.204000000000,0.589000000000,-0.631000000000,22.1600000000,60.5730000000,38.4430000000,463,466,473,581,505,"seq=28247,t_ms=708340,who=0x70,ax=-0.204,ay=0.589,az=-0.631,gx=22.160,gy=60.573,gz=38.443,expected=-,pred=C,pred_conf=99.5,flex0_raw=463,flex0_norm=0.113,flex1_raw=466,flex1_norm=0.114,flex2_raw=473,flex2_norm=0.116,flex3_raw=581,flex3_norm=0.142,flex4_raw=505,flex4_norm=0.123",true
word-sequence-v1,session_20261005T212737_676Z,word_hello_0007,30,28248,708365,1791235836340,hello,words-draft,signer_02,neutral,0x70,-0.112000000000,0.565000000000,-0.679000000000,15.0920000000,41.6030000000,35.2290000000,467,465,475,583,505,"seq=28248,t_ms=708365,who=0x70,ax=-0.112,ay=0.565,az=-0.679,gx=15.092,gy=41.603,gz=35.229,expected=-,pred=C,pred_conf=99.9,flex0_raw=467,flex0_norm=0.114,flex1_raw=465,flex1_norm=0.114,flex2_raw=475,flex2_norm=0.116,flex3_raw=583,flex3_norm=0.142,flex4_raw=505,flex4_norm=0.123",true
word-sequence-v1,session_20261005T212737_676Z,word_hello_0007,31,28249,708390,1791235836377,hello,words-draft,signer_02,neutral,0x70,-0.0570000000000,0.530000000000,-0.698000000000,18.1070000000,31.6410000000,56.2980000000,463,461,473,581,505,"seq=28249,t_ms=708390,who=0x70,ax=-0.057,ay=0.530,az=-0.698,gx=18.107,gy=31.641,gz=56.298,expected=-,pred=C,pred_conf=99.1,flex0_raw=463,flex0_norm=0.113,flex1_raw=461,flex1_norm=0.113,flex2_raw=473,flex2_norm=0.116,flex3_raw=581,flex3_norm=0.142,flex4_raw=505,flex4_norm=0.123",true
word-sequence-v1,session_20261005T212737_676Z,word_hello_0007,32,28250,708415,1791235836404,hello,words-draft,signer_02,neutral,0x70,-0.0120000000000,0.579000000000,-0.709000000000,32.6560000000,51.7330000000,59.6260000000,461,461,473,580,505,"seq=28250,t_ms=708415,who=0x70,ax=-0.012,ay=0.579,az=-0.709,gx=32.656,gy=51.733,gz=59.626,expected=-,pred=C,pred_conf=97.4,flex0_raw=461,flex0_norm=0.113,flex1_raw=461,flex1_norm=0.113,flex2_raw=473,flex2_norm=0.116,flex3_raw=580,flex3_norm=0.142,flex4_raw=505,flex4_norm=0.123",true
word-sequence-v1,session_20261005T212737_676Z,word_hello_0007,33,28251,708440,1791235836439,hello,words-draft,signer_02,neutral,0x70,-0.0390000000000,0.561000000000,-0.768000000000,41.9010000000,67.2980000000,34.6790000000,459,459,473,575,504,"seq=28251,t_ms=708440,who=0x70,ax=-0.039,ay=0.561,az=-0.768,gx=41.901,gy=67.298,gz=34.679,expected=-,pred=C,pred_conf=89.7,flex0_raw=459,flex0_norm=0.112,flex1_raw=459,flex1_norm=0.112,flex2_raw=473,flex2_norm=0.116,flex3_raw=575,flex3_norm=0.140,flex4_raw=504,flex4_norm=0.123",true
word-sequence-v1,session_20261005T212737_676Z,word_hello_0007,34,28252,708465,1791235836439,hello,words-draft,signer_02,neutral,0x70,0.0170000000000,0.559000000000,-0.817000000000,36.2820000000,45.3210000000,40.6640000000,459,457,472,573,505,"seq=28252,t_ms=708465,who=0x70,ax=0.017,ay=0.559,az=-0.817,gx=36.282,gy=45.321,gz=40.664,expected=-,pred=C,pred_conf=87.5,flex0_raw=459,flex0_norm=0.112,flex1_raw=457,flex1_norm=0.112,flex2_raw=472,flex2_norm=0.115,flex3_raw=573,flex3_norm=0.140,flex4_raw=505,flex4_norm=0.123",true
word-sequence-v1,session_20261005T212737_676Z,word_hello_0007,35,28253,708490,1791235836448,hello,words-draft,signer_02,neutral,0x70,0.0890000000000,0.541000000000,-0.848000000000,24.9310000000,18.9160000000,60.1830000000,457,457,473,572,504,"seq=28253,t_ms=708490,who=0x70,ax=0.089,ay=0.541,az=-0.848,gx=24.931,gy=18.916,gz=60.183,expected=-,pred=C,pred_conf=62.1,flex0_raw=457,flex0_norm=0.112,flex1_raw=457,flex1_norm=0.112,flex2_raw=473,flex2_norm=0.116,flex3_raw=572,flex3_norm=0.140,flex4_raw=504,flex4_norm=0.123",true
word-sequence-v1,session_20261005T212737_676Z,word_hello_0007,36,28254,708515,1791235836479,hello,words-draft,signer_02,neutral,0x70,0.115000000000,0.556000000000,-0.906000000000,28.8090000000,25.8850000000,33.1760000000,457,456,473,572,503,"seq=28254,t_ms=708515,who=0x70,ax=0.115,ay=0.556,az=-0.906,gx=28.809,gy=25.885,gz=33.176,expected=-,pred=C,pred_conf=58.2,flex0_raw=457,flex0_norm=0.112,flex1_raw=456,flex1_norm=0.111,flex2_raw=473,flex2_norm=0.116,flex3_raw=572,flex3_norm=0.140,flex4_raw=503,flex4_norm=0.123",true
word-sequence-v1,session_20261005T212737_676Z,word_hello_0007,37,28255,708540,1791235836508,hello,words-draft,signer_02,neutral,0x70,0.139000000000,0.520000000000,-0.989000000000,27.5340000000,22.2290000000,17.0460000000,456,454,474,573,504,"seq=28255,t_ms=708540,who=0x70,ax=0.139,ay=0.520,az=-0.989,gx=27.534,gy=22.229,gz=17.046,expected=-,pred=F,pred_conf=65.4,flex0_raw=456,flex0_norm=0.111,flex1_raw=454,flex1_norm=0.111,flex2_raw=474,flex2_norm=0.116,flex3_raw=573,flex3_norm=0.140,flex4_raw=504,flex4_norm=0.123",true
word-sequence-v1,session_20261005T212737_676Z,word_hello_0007,38,28256,708565,1791235836538,hello,words-draft,signer_02,neutral,0x70,0.218000000000,0.502000000000,-1.02900000000,25.4200000000,26.8550000000,6.64900000000,455,454,473,573,504,"seq=28256,t_ms=708565,who=0x70,ax=0.218,ay=0.502,az=-1.029,gx=25.420,gy=26.855,gz=6.649,expected=-,pred=F,pred_conf=77.8,flex0_raw=455,flex0_norm=0.111,flex1_raw=454,flex1_norm=0.111,flex2_raw=473,flex2_norm=0.116,flex3_raw=573,flex3_norm=0.140,flex4_raw=504,flex4_norm=0.123",true
word-sequence-v1,session_20261005T212737_676Z,word_hello_0007,39,28257,708590,1791235836571,hello,words-draft,signer_02,neutral,0x70,0.247000000000,0.496000000000,-1.09400000000,25.3660000000,41.1680000000,-5.44300000000,455,454,473,573,503,"seq=28257,t_ms=708590,who=0x70,ax=0.247,ay=0.496,az=-1.094,gx=25.366,gy=41.168,gz=-5.443,expected=-,pred=F,pred_conf=78.0,flex0_raw=455,flex0_norm=0.111,flex1_raw=454,flex1_norm=0.111,flex2_raw=473,flex2_norm=0.116,flex3_raw=573,flex3_norm=0.140,flex4_raw=503,flex4_norm=0.123",true
word-sequence-v1,session_20261005T212737_676Z,word_hello_0007,40,28258,708615,1791235836572,hello,words-draft,signer_02,neutral,0x70,0.275000000000,0.495000000000,-1.07900000000,10.2370000000,22.4350000000,-12.3280000000,456,456,473,573,504,"seq=28258,t_ms=708615,who=0x70,ax=0.275,ay=0.495,az=-1.079,gx=10.237,gy=22.435,gz=-12.328,expected=-,pred=F,pred_conf=58.1,flex0_raw=456,flex0_norm=0.111,flex1_raw=456,flex1_norm=0.111,flex2_raw=473,flex2_norm=0.116,flex3_raw=573,flex3_norm=0.140,flex4_raw=504,flex4_norm=0.123",true
word-sequence-v1,session_20261005T212737_676Z,word_hello_0007,41,28259,708640,1791235836607,hello,words-draft,signer_02,neutral,0x70,0.211000000000,0.522000000000,-1.09200000000,-5.31300000000,3.41200000000,-13.3590000000,457,456,473,572,504,"seq=28259,t_ms=708640,who=0x70,ax=0.211,ay=0.522,az=-1.092,gx=-5.313,gy=3.412,gz=-13.359,expected=-,pred=C,pred_conf=58.5,flex0_raw=457,flex0_norm=0.112,flex1_raw=456,flex1_norm=0.111,flex2_raw=473,flex2_norm=0.116,flex3_raw=572,flex3_norm=0.140,flex4_raw=504,flex4_norm=0.123",true
word-sequence-v1,session_20261005T212737_676Z,word_hello_0007,42,28260,708665,1791235836637,hello,words-draft,signer_02,neutral,0x70,0.217000000000,0.493000000000,-1.09600000000,-12.7860000000,3.55000000000,-26.4430000000,457,457,473,573,502,"seq=28260,t_ms=708665,who=0x70,ax=0.217,ay=0.493,az=-1.096,gx=-12.786,gy=3.550,gz=-26.443,expected=-,pred=C,pred_conf=61.2,flex0_raw=457,flex0_norm=0.112,flex1_raw=457,flex1_norm=0.112,flex2_raw=473,flex2_norm=0.116,flex3_raw=573,flex3_norm=0.140,flex4_raw=502,flex4_norm=0.123",true
word-sequence-v1,session_20261005T212737_676Z,word_hello_0007,43,28261,708690,1791235836676,hello,words-draft,signer_02,neutral,0x70,0.164000000000,0.525000000000,-1.05900000000,-24.1910000000,-8.83200000000,-29.5570000000,459,458,473,574,503,"seq=28261,t_ms=708690,who=0x70,ax=0.164,ay=0.525,az=-1.059,gx=-24.191,gy=-8.832,gz=-29.557,expected=-,pred=C,pred_conf=88.2,flex0_raw=459,flex0_norm=0.112,flex1_raw=458,flex1_norm=0.112,flex2_raw=473,flex2_norm=0.116,flex3_raw=574,flex3_norm=0.140,flex4_raw=503,flex4_norm=0.123",true
word-sequence-v1,session_20261005T212737_676Z,word_hello_0007,44,28262,708715,1791235836699,hello,words-draft,signer_02,neutral,0x70,0.101000000000,0.523000000000,-1.00100000000,-30.7790000000,-20.7100000000,-30.6180000000,462,461,474,575,504,"seq=28262,t_ms=708715,who=0x70,ax=0.101,ay=0.523,az=-1.001,gx=-30.779,gy=-20.710,gz=-30.618,expected=-,pred=C,pred_conf=98.5,flex0_raw=462,flex0_norm=0.113,flex1_raw=461,flex1_norm=0.113,flex2_raw=474,flex2_norm=0.116,flex3_raw=575,flex3_norm=0.140,flex4_raw=504,flex4_norm=0.123",true
word-sequence-v1,session_20261005T212737_676Z,word_hello_0007,45,28263,708740,1791235836722,hello,words-draft,signer_02,neutral,0x70,0.0890000000000,0.552000000000,-0.951000000000,-31.7100000000,-22.7710000000,-36.3510000000,463,462,473,575,504,"seq=28263,t_ms=708740,who=0x70,ax=0.089,ay=0.552,az=-0.951,gx=-31.710,gy=-22.771,gz=-36.351,expected=-,pred=C,pred_conf=99.2,flex0_raw=463,flex0_norm=0.113,flex1_raw=462,flex1_norm=0.113,flex2_raw=473,flex2_norm=0.116,flex3_raw=575,flex3_norm=0.140,flex4_raw=504,flex4_norm=0.123",true
word-sequence-v1,session_20261005T212737_676Z,word_hello_0007,46,28264,708765,1791235836722,hello,words-draft,signer_02,neutral,0x70,0.122000000000,0.514000000000,-0.881000000000,-38.4810000000,-31.7630000000,-29.6110000000,462,462,473,580,503,"seq=28264,t_ms=708765,who=0x70,ax=0.122,ay=0.514,az=-0.881,gx=-38.481,gy=-31.763,gz=-29.611,expected=-,pred=C,pred_conf=98.6,flex0_raw=462,flex0_norm=0.113,flex1_raw=462,flex1_norm=0.113,flex2_raw=473,flex2_norm=0.116,flex3_raw=580,flex3_norm=0.142,flex4_raw=503,flex4_norm=0.123",true
word-sequence-v1,session_20261005T212737_676Z,word_hello_0007,47,28265,708790,1791235836748,hello,words-draft,signer_02,neutral,0x70,0.0480000000000,0.509000000000,-0.865000000000,-42.5190000000,-42.1530000000,-33.0230000000,463,462,474,575,503,"seq=28265,t_ms=708790,who=0x70,ax=0.048,ay=0.509,az=-0.865,gx=-42.519,gy=-42.153,gz=-33.023,expected=-,pred=C,pred_conf=99.2,flex0_raw=463,flex0_norm=0.113,flex1_raw=462,flex1_norm=0.113,flex2_raw=474,flex2_norm=0.116,flex3_raw=575,flex3_norm=0.140,flex4_raw=503,flex4_norm=0.123",true
word-sequence-v1,session_20261005T212737_676Z,word_hello_0007,48,28266,708815,1791235836781,hello,words-draft,signer_02,neutral,0x70,-0.0240000000000,0.536000000000,-0.800000000000,-36.1300000000,-5.42000000000,-68.7330000000,469,468,473,584,504,"seq=28266,t_ms=708815,who=0x70,ax=-0.024,ay=0.536,az=-0.800,gx=-36.130,gy=-5.420,gz=-68.733,expected=-,pred=C,pred_conf=100.0,flex0_raw=469,flex0_norm=0.115,flex1_raw=468,flex1_norm=0.114,flex2_raw=473,flex2_norm=0.116,flex3_raw=584,flex3_norm=0.143,flex4_raw=504,flex4_norm=0.123",true
word-sequence-v1,session_20261005T212737_676Z,word_hello_0007,49,28267,708840,1791235836817,hello,words-draft,signer_02,neutral,0x70,-0.0580000000000,0.608000000000,-0.731000000000,-18.3820000000,19.0840000000,-70.1980000000,467,463,474,582,504,"seq=28267,t_ms=708840,who=0x70,ax=-0.058,ay=0.608,az=-0.731,gx=-18.382,gy=19.084,gz=-70.198,expected=-,pred=C,pred_conf=99.9,flex0_raw=467,flex0_norm=0.114,flex1_raw=463,flex1_norm=0.113,flex2_raw=474,flex2_norm=0.116,flex3_raw=582,flex3_norm=0.142,flex4_raw=504,flex4_norm=0.123",true
word-sequence-v1,session_20261005T212737_676Z,word_hello_0007,50,28268,708865,1791235836847,hello,words-draft,signer_02,neutral,0x70,-0.114000000000,0.574000000000,-0.715000000000,-19.2600000000,14.4660000000,-52.9540000000,462,462,473,583,503,"seq=28268,t_ms=708865,who=0x70,ax=-0.114,ay=0.574,az=-0.715,gx=-19.260,gy=14.466,gz=-52.954,expected=-,pred=C,pred_conf=98.5,flex0_raw=462,flex0_norm=0.113,flex1_raw=462,flex1_norm=0.113,flex2_raw=473,flex2_norm=0.116,flex3_raw=583,flex3_norm=0.142,flex4_raw=503,flex4_norm=0.123",true
word-sequence-v1,session_20261005T212737_676Z,word_hello_0007,51,28269,708890,1791235836882,hello,words-draft,signer_02,neutral,0x70,-0.162000000000,0.586000000000,-0.704000000000,-25.5340000000,-11.9160000000,-48.0690000000,459,459,473,581,503,"seq=28269,t_ms=708890,who=0x70,ax=-0.162,ay=0.586,az=-0.704,gx=-25.534,gy=-11.916,gz=-48.069,expected=-,pred=C,pred_conf=89.2,flex0_raw=459,flex0_norm=0.112,flex1_raw=459,flex1_norm=0.112,flex2_raw=473,flex2_norm=0.116,flex3_raw=581,flex3_norm=0.142,flex4_raw=503,flex4_norm=0.123",true
word-sequence-v1,session_20261005T212737_676Z,word_hello_0007,52,28270,708915,1791235836882,hello,words-draft,signer_02,neutral,0x70,-0.299000000000,0.597000000000,-0.729000000000,-53.2370000000,-35.4500000000,-43.5500000000,455,453,474,575,503,"seq=28270,t_ms=708915,who=0x70,ax=-0.299,ay=0.597,az=-0.729,gx=-53.237,gy=-35.450,gz=-43.550,expected=-,pred=F,pred_conf=81.1,flex0_raw=455,flex0_norm=0.111,flex1_raw=453,flex1_norm=0.111,flex2_raw=474,flex2_norm=0.116,flex3_raw=575,flex3_norm=0.140,flex4_raw=503,flex4_norm=0.123",true
word-sequence-v1,session_20261005T212737_676Z,word_hello_0007,53,28271,708940,1791235836912,hello,words-draft,signer_02,neutral,0x70,-0.321000000000,0.603000000000,-0.726000000000,-76.3820000000,-43.6720000000,-41.2370000000,453,453,473,574,504,"seq=28271,t_ms=708940,who=0x70,ax=-0.321,ay=0.603,az=-0.726,gx=-76.382,gy=-43.672,gz=-41.237,expected=-,pred=F,pred_conf=93.7,flex0_raw=453,flex0_norm=0.111,flex1_raw=453,flex1_norm=0.111,flex2_raw=473,flex2_norm=0.116,flex3_raw=574,flex3_norm=0.140,flex4_raw=504,flex4_norm=0.123",true
word-sequence-v1,session_20261005T212737_676Z,word_hello_0007,54,28272,708965,1791235836952,hello,words-draft,signer_02,neutral,0x70,-0.262000000000,0.635000000000,-0.687000000000,-78.1070000000,-53.3590000000,-38.2980000000,455,453,473,574,503,"seq=28272,t_ms=708965,who=0x70,ax=-0.262,ay=0.635,az=-0.687,gx=-78.107,gy=-53.359,gz=-38.298,expected=-,pred=F,pred_conf=80.3,flex0_raw=455,flex0_norm=0.111,flex1_raw=453,flex1_norm=0.111,flex2_raw=473,flex2_norm=0.116,flex3_raw=574,flex3_norm=0.140,flex4_raw=503,flex4_norm=0.123",true
word-sequence-v1,session_20261005T212737_676Z,word_hello_0007,55,28273,708990,1791235836991,hello,words-draft,signer_02,neutral,0x70,-0.391000000000,0.656000000000,-0.650000000000,-58.6490000000,-27.9690000000,-42.2440000000,453,454,473,575,503,"seq=28273,t_ms=708990,who=0x70,ax=-0.391,ay=0.656,az=-0.650,gx=-58.649,gy=-27.969,gz=-42.244,expected=-,pred=F,pred_conf=93.0,flex0_raw=453,flex0_norm=0.111,flex1_raw=454,flex1_norm=0.111,flex2_raw=473,flex2_norm=0.116,flex3_raw=575,flex3_norm=0.140,flex4_raw=503,flex4_norm=0.123",true
word-sequence-v1,session_20261005T212737_676Z,word_hello_0007,56,28274,709015,1791235836991,hello,words-draft,signer_02,neutral,0x70,-0.403000000000,0.625000000000,-0.651000000000,-26.2900000000,11.6950000000,-67.6180000000,455,453,473,575,503,"seq=28274,t_ms=709015,who=0x70,ax=-0.403,ay=0.625,az=-0.651,gx=-26.290,gy=11.695,gz=-67.618,expected=-,pred=F,pred_conf=80.4,flex0_raw=455,flex0_norm=0.111,flex1_raw=453,flex1_norm=0.111,flex2_raw=473,flex2_norm=0.116,flex3_raw=575,flex3_norm=0.140,flex4_raw=503,flex4_norm=0.123",true
word-sequence-v1,session_20261005T212737_676Z,word_hello_0007,57,28275,709040,1791235837030,hello,words-draft,signer_02,neutral,0x70,-0.258000000000,0.679000000000,-0.619000000000,-26.1530000000,-8.60300000000,-68.6110000000,453,453,473,575,503,"seq=28275,t_ms=709040,who=0x70,ax=-0.258,ay=0.679,az=-0.619,gx=-26.153,gy=-8.603,gz=-68.611,expected=-,pred=F,pred_conf=93.8,flex0_raw=453,flex0_norm=0.111,flex1_raw=453,flex1_norm=0.111,flex2_raw=473,flex2_norm=0.116,flex3_raw=575,flex3_norm=0.140,flex4_raw=503,flex4_norm=0.123",true
word-sequence-v1,session_20261005T212737_676Z,word_hello_0007,58,28276,709065,1791235837031,hello,words-draft,signer_02,neutral,0x70,-0.340000000000,0.666000000000,-0.586000000000,-32.6950000000,-35.8320000000,-48.7480000000,455,455,471,579,504,"seq=28276,t_ms=709065,who=0x70,ax=-0.340,ay=0.666,az=-0.586,gx=-32.695,gy=-35.832,gz=-48.748,expected=-,pred=F,pred_conf=74.3,flex0_raw=455,flex0_norm=0.111,flex1_raw=455,flex1_norm=0.111,flex2_raw=471,flex2_norm=0.115,flex3_raw=579,flex3_norm=0.141,flex4_raw=504,flex4_norm=0.123",true
word-sequence-v1,session_20261005T212737_676Z,word_hello_0007,59,28277,709090,1791235837054,hello,words-draft,signer_02,neutral,0x70,-0.398000000000,0.673000000000,-0.540000000000,-26.1220000000,-22.4200000000,-48.1220000000,455,455,471,581,504,"seq=28277,t_ms=709090,who=0x70,ax=-0.398,ay=0.673,az=-0.540,gx=-26.122,gy=-22.420,gz=-48.122,expected=-,pred=F,pred_conf=74.5,flex0_raw=455,flex0_norm=0.111,flex1_raw=455,flex1_norm=0.111,flex2_raw=471,flex2_norm=0.115,flex3_raw=581,flex3_norm=0.142,flex4_raw=504,flex4_norm=0.123",true
word-sequence-v1,session_20261005T212737_676Z,word_hello_0007,60,28278,709115,1791235837078,hello,words-draft,signer_02,neutral,0x70,-0.367000000000,0.706000000000,-0.549000000000,-20.5420000000,-12.5340000000,-44.1980000000,456,455,472,579,505,"seq=28278,t_ms=709115,who=0x70,ax=-0.367,ay=0.706,az=-0.549,gx=-20.542,gy=-12.534,gz=-44.198,expected=-,pred=F,pred_conf=60.7,flex0_raw=456,flex0_norm=0.111,flex1_raw=455,flex1_norm=0.111,flex2_raw=472,flex2_norm=0.115,flex3_raw=579,flex3_norm=0.141,flex4_raw=505,flex4_norm=0.123",true
word-sequence-v1,session_20261005T212737_676Z,word_hello_0007,61,28279,709140,1791235837115,hello,words-draft,signer_02,neutral,0x70,-0.431000000000,0.620000000000,-0.609000000000,-23.8550000000,-6.89300000000,-24.6720000000,456,455,472,580,504,"seq=28279,t_ms=709140,who=0x70,ax=-0.431,ay=0.620,az=-0.609,gx=-23.855,gy=-6.893,gz=-24.672,expected=-,pred=F,pred_conf=61.1,flex0_raw=456,flex0_norm=0.111,flex1_raw=455,flex1_norm=0.111,flex2_raw=472,flex2_norm=0.115,flex3_raw=580,flex3_norm=0.142,flex4_raw=504,flex4_norm=0.123",true
word-sequence-v1,session_20261005T212737_676Z,word_hello_0007,62,28280,709165,1791235837147,hello,words-draft,signer_02,neutral,0x70,-0.459000000000,0.647000000000,-0.634000000000,-17.9540000000,26.6180000000,-28.7180000000,455,456,471,581,504,"seq=28280,t_ms=709165,who=0x70,ax=-0.459,ay=0.647,az=-0.634,gx=-17.954,gy=26.618,gz=-28.718,expected=-,pred=F,pred_conf=71.9,flex0_raw=455,flex0_norm=0.111,flex1_raw=456,flex1_norm=0.111,flex2_raw=471,flex2_norm=0.115,flex3_raw=581,flex3_norm=0.142,flex4_raw=504,flex4_norm=0.123",true
word-sequence-v1,session_20261005T212737_676Z,word_hello_0007,63,28281,709190,1791235837179,hello,words-draft,signer_02,neutral,0x70,-0.343000000000,0.727000000000,-0.657000000000,-8.84000000000,23.8700000000,-18.3050000000,455,455,472,576,504,"seq=28281,t_ms=709190,who=0x70,ax=-0.343,ay=0.727,az=-0.657,gx=-8.840,gy=23.870,gz=-18.305,expected=-,pred=F,pred_conf=74.9,flex0_raw=455,flex0_norm=0.111,flex1_raw=455,flex1_norm=0.111,flex2_raw=472,flex2_norm=0.115,flex3_raw=576,flex3_norm=0.141,flex4_raw=504,flex4_norm=0.123",true
word-sequence-v1,session_20261005T212737_676Z,word_hello_0007,64,28282,709215,1791235837180,hello,words-draft,signer_02,neutral,0x70,-0.472000000000,0.662000000000,-0.671000000000,-2.09200000000,1.01500000000,-0.405000000000,457,456,472,580,504,"seq=28282,t_ms=709215,who=0x70,ax=-0.472,ay=0.662,az=-0.671,gx=-2.092,gy=1.015,gz=-0.405,expected=-,pred=C,pred_conf=58.4,flex0_raw=457,flex0_norm=0.112,flex1_raw=456,flex1_norm=0.111,flex2_raw=472,flex2_norm=0.115,flex3_raw=580,flex3_norm=0.142,flex4_raw=504,flex4_norm=0.123",true
word-sequence-v1,session_20261005T212737_676Z,word_hello_0007,65,28283,709240,1791235837218,hello,words-draft,signer_02,neutral,0x70,-0.407000000000,0.661000000000,-0.655000000000,6.81700000000,24.2520000000,-11.9540000000,457,455,471,580,504,"seq=28283,t_ms=709240,who=0x70,ax=-0.407,ay=0.661,az=-0.655,gx=6.817,gy=24.252,gz=-11.954,expected=-,pred=C,pred_conf=56.1,flex0_raw=457,flex0_norm=0.112,flex1_raw=455,flex1_norm=0.111,flex2_raw=471,flex2_norm=0.115,flex3_raw=580,flex3_norm=0.142,flex4_raw=504,flex4_norm=0.123",true
word-sequence-v1,session_20261005T212737_676Z,word_hello_0007,66,28284,709265,1791235837243,hello,words-draft,signer_02,neutral,0x70,-0.260000000000,0.631000000000,-0.667000000000,3.12200000000,25.9690000000,-10.6640000000,456,455,470,581,504,"seq=28284,t_ms=709265,who=0x70,ax=-0.260,ay=0.631,az=-0.667,gx=3.122,gy=25.969,gz=-10.664,expected=-,pred=F,pred_conf=59.0,flex0_raw=456,flex0_norm=0.111,flex1_raw=455,flex1_norm=0.111,flex2_raw=470,flex2_norm=0.115,flex3_raw=581,flex3_norm=0.142,flex4_raw=504,flex4_norm=0.123",true
word-sequence-v1,session_20261005T212737_676Z,word_hello_0007,67,28285,709290,1791235837263,hello,words-draft,signer_02,neutral,0x70,-0.255000000000,0.658000000000,-0.661000000000,-3.07600000000,-3.32800000000,3.36600000000,456,455,469,580,504,"seq=28285,t_ms=709290,who=0x70,ax=-0.255,ay=0.658,az=-0.661,gx=-3.076,gy=-3.328,gz=3.366,expected=-,pred=F,pred_conf=57.8,flex0_raw=456,flex0_norm=0.111,flex1_raw=455,flex1_norm=0.111,flex2_raw=469,flex2_norm=0.115,flex3_raw=580,flex3_norm=0.142,flex4_raw=504,flex4_norm=0.123",true
word-sequence-v1,session_20261005T212737_676Z,word_hello_0007,68,28286,709315,1791235837289,hello,words-draft,signer_02,neutral,0x70,-0.354000000000,0.616000000000,-0.687000000000,-3.74000000000,-9.71800000000,12.6640000000,456,455,469,576,503,"seq=28286,t_ms=709315,who=0x70,ax=-0.354,ay=0.616,az=-0.687,gx=-3.740,gy=-9.718,gz=12.664,expected=-,pred=F,pred_conf=57.5,flex0_raw=456,flex0_norm=0.111,flex1_raw=455,flex1_norm=0.111,flex2_raw=469,flex2_norm=0.115,flex3_raw=576,flex3_norm=0.141,flex4_raw=503,flex4_norm=0.123",true
word-sequence-v1,session_20261005T212737_676Z,word_hello_0007,69,28287,709340,1791235837326,hello,words-draft,signer_02,neutral,0x70,-0.290000000000,0.622000000000,-0.720000000000,0.206000000000,13.9620000000,3.93900000000,455,454,469,579,504,"seq=28287,t_ms=709340,who=0x70,ax=-0.290,ay=0.622,az=-0.720,gx=0.206,gy=13.962,gz=3.939,expected=-,pred=F,pred_conf=75.0,flex0_raw=455,flex0_norm=0.111,flex1_raw=454,flex1_norm=0.111,flex2_raw=469,flex2_norm=0.115,flex3_raw=579,flex3_norm=0.141,flex4_raw=504,flex4_norm=0.123",true
word-sequence-v1,session_20261005T212737_676Z,word_hello_0007,70,28288,709365,1791235837326,hello,words-draft,signer_02,neutral,0x70,-0.312000000000,0.658000000000,-0.697000000000,-2.03800000000,21.6180000000,3.73300000000,455,455,469,576,503,"seq=28288,t_ms=709365,who=0x70,ax=-0.312,ay=0.658,az=-0.697,gx=-2.038,gy=21.618,gz=3.733,expected=-,pred=F,pred_conf=72.3,flex0_raw=455,flex0_norm=0.111,flex1_raw=455,flex1_norm=0.111,flex2_raw=469,flex2_norm=0.115,flex3_raw=576,flex3_norm=0.141,flex4_raw=503,flex4_norm=0.123",true
word-sequence-v1,session_20261005T212737_676Z,word_hello_0007,71,28289,709390,1791235837355,hello,words-draft,signer_02,neutral,0x70,-0.413000000000,0.675000000000,-0.727000000000,6.61100000000,29.9620000000,10.3280000000,455,455,467,581,503,"seq=28289,t_ms=709390,who=0x70,ax=-0.413,ay=0.675,az=-0.727,gx=6.611,gy=29.962,gz=10.328,expected=-,pred=F,pred_conf=70.9,flex0_raw=455,flex0_norm=0.111,flex1_raw=455,flex1_norm=0.111,flex2_raw=467,flex2_norm=0.114,flex3_raw=581,flex3_norm=0.142,flex4_raw=503,flex4_norm=0.123",true
word-sequence-v1,session_20261005T212737_676Z,word_hello_0007,72,28290,709415,1791235837391,hello,words-draft,signer_02,neutral,0x70,-0.557000000000,0.668000000000,-0.684000000000,3.42000000000,-6.26700000000,18.4120000000,455,455,463,579,504,"seq=28290,t_ms=709415,who=0x70,ax=-0.557,ay=0.668,az=-0.684,gx=3.420,gy=-6.267,gz=18.412,expected=-,pred=F,pred_conf=66.5,flex0_raw=455,flex0_norm=0.111,flex1_raw=455,flex1_norm=0.111,flex2_raw=463,flex2_norm=0.113,flex3_raw=579,flex3_norm=0.141,flex4_raw=504,flex4_norm=0.123",true
word-sequence-v1,session_20261005T212737_676Z,word_hello_0007,73,28291,709440,1791235837422,hello,words-draft,signer_02,neutral,0x70,-0.427000000000,0.693000000000,-0.668000000000,-2.51100000000,-31.2440000000,13.3510000000,455,454,463,575,504,"seq=28291,t_ms=709440,who=0x70,ax=-0.427,ay=0.693,az=-0.668,gx=-2.511,gy=-31.244,gz=13.351,expected=-,pred=F,pred_conf=69.0,flex0_raw=455,flex0_norm=0.111,flex1_raw=454,flex1_norm=0.111,flex2_raw=463,flex2_norm=0.113,flex3_raw=575,flex3_norm=0.140,flex4_raw=504,flex4_norm=0.123",true
word-sequence-v1,session_20261005T212737_676Z,word_hello_0007,74,28292,709465,1791235837458,hello,words-draft,signer_02,neutral,0x70,-0.354000000000,0.634000000000,-0.677000000000,-2.03100000000,-15.7630000000,7.54200000000,456,455,463,575,504,"seq=28292,t_ms=709465,who=0x70,ax=-0.354,ay=0.634,az=-0.677,gx=-2.031,gy=-15.763,gz=7.542,expected=-,pred=F,pred_conf=50.0,flex0_raw=456,flex0_norm=0.111,flex1_raw=455,flex1_norm=0.111,flex2_raw=463,flex2_norm=0.113,flex3_raw=575,flex3_norm=0.140,flex4_raw=504,flex4_norm=0.123",true
word-sequence-v1,session_20261005T212737_676Z,word_hello_0007,75,28293,709490,1791235837496,hello,words-draft,signer_02,neutral,0x70,-0.329000000000,0.644000000000,-0.660000000000,3.39700000000,-0.962000000000,5.00000000000,455,454,462,574,503,"seq=28293,t_ms=709490,who=0x70,ax=-0.329,ay=0.644,az=-0.660,gx=3.397,gy=-0.962,gz=5.000,expected=-,pred=F,pred_conf=68.2,flex0_raw=455,flex0_norm=0.111,flex1_raw=454,flex1_norm=0.111,flex2_raw=462,flex2_norm=0.113,flex3_raw=574,flex3_norm=0.140,flex4_raw=503,flex4_norm=0.123",true
word-sequence-v1,session_20261005T212737_676Z,word_hello_0007,76,28294,709515,1791235837499,hello,words-draft,signer_02,neutral,0x70,-0.330000000000,0.661000000000,-0.679000000000,0.511000000000,-2.86300000000,6.00800000000,455,455,462,575,502,"seq=28294,t_ms=709515,who=0x70,ax=-0.330,ay=0.661,az=-0.679,gx=0.511,gy=-2.863,gz=6.008,expected=-,pred=F,pred_conf=65.5,flex0_raw=455,flex0_norm=0.111,flex1_raw=455,flex1_norm=0.111,flex2_raw=462,flex2_norm=0.113,flex3_raw=575,flex3_norm=0.140,flex4_raw=502,flex4_norm=0.123",true
word-sequence-v1,session_20261005T212737_676Z,word_hello_0007,77,28295,709540,1791235837527,hello,words-draft,signer_02,neutral,0x70,-0.334000000000,0.638000000000,-0.680000000000,-3.32800000000,-5.45800000000,10.0920000000,455,455,462,575,503,"seq=28295,t_ms=709540,who=0x70,ax=-0.334,ay=0.638,az=-0.680,gx=-3.328,gy=-5.458,gz=10.092,expected=-,pred=F,pred_conf=65.2,flex0_raw=455,flex0_norm=0.111,flex1_raw=455,flex1_norm=0.111,flex2_raw=462,flex2_norm=0.113,flex3_raw=575,flex3_norm=0.140,flex4_raw=503,flex4_norm=0.123",true
word-sequence-v1,session_20261005T212737_676Z,word_hello_0007,78,28296,709565,1791235837528,hello,words-draft,signer_02,neutral,0x70,-0.336000000000,0.627000000000,-0.698000000000,-5.31300000000,-0.580000000000,8.67200000000,454,455,463,575,503,"seq=28296,t_ms=709565,who=0x70,ax=-0.336,ay=0.627,az=-0.698,gx=-5.313,gy=-0.580,gz=8.672,expected=-,pred=F,pred_conf=79.1,flex0_raw=454,flex0_norm=0.111,flex1_raw=455,flex1_norm=0.111,flex2_raw=463,flex2_norm=0.113,flex3_raw=575,flex3_norm=0.140,flex4_raw=503,flex4_norm=0.123",true
word-sequence-v1,session_20261005T212737_676Z,word_hello_0007,79,28297,709590,1791235837558,hello,words-draft,signer_02,neutral,0x70,-0.297000000000,0.635000000000,-0.699000000000,-5.08400000000,-5.38900000000,6.59500000000,455,455,461,575,503,"seq=28297,t_ms=709590,who=0x70,ax=-0.297,ay=0.635,az=-0.699,gx=-5.084,gy=-5.389,gz=6.595,expected=-,pred=F,pred_conf=64.1,flex0_raw=455,flex0_norm=0.111,flex1_raw=455,flex1_norm=0.111,flex2_raw=461,flex2_norm=0.113,flex3_raw=575,flex3_norm=0.140,flex4_raw=503,flex4_norm=0.123",true
word-sequence-v1,session_20261005T212737_676Z,word_hello_0008,0,28712,719965,1791235847982,hello,words-draft,signer_03,neutral,0x70,-0.162000000000,0.663000000000,-0.730000000000,-5.11500000000,3.64900000000,-1.17600000000,467,468,458,587,505,"seq=28712,t_ms=719965,who=0x70,ax=-0.162,ay=0.663,az=-0.730,gx=-5.115,gy=3.649,gz=-1.176,expected=-,pred=C,pred_conf=100.0,flex0_raw=467,flex0_norm=0.114,flex1_raw=468,flex1_norm=0.114,flex2_raw=458,flex2_norm=0.112,flex3_raw=587,flex3_norm=0.143,flex4_raw=505,flex4_norm=0.123",true
word-sequence-v1,session_20261005T212737_676Z,word_hello_0008,1,28713,719990,1791235847982,hello,words-draft,signer_03,neutral,0x70,-0.163000000000,0.655000000000,-0.753000000000,-4.06100000000,3.84000000000,-1.14500000000,468,468,457,587,506,"seq=28713,t_ms=719990,who=0x70,ax=-0.163,ay=0.655,az=-0.753,gx=-4.061,gy=3.840,gz=-1.145,expected=-,pred=C,pred_conf=100.0,flex0_raw=468,flex0_norm=0.114,flex1_raw=468,flex1_norm=0.114,flex2_raw=457,flex2_norm=0.112,flex3_raw=587,flex3_norm=0.143,flex4_raw=506,flex4_norm=0.124",true
word-sequence-v1,session_20261005T212737_676Z,word_hello_0008,2,28714,720015,1791235847983,hello,words-draft,signer_03,neutral,0x70,-0.156000000000,0.656000000000,-0.754000000000,-4.52700000000,1.98500000000,-0.0920000000000,467,468,457,586,505,"seq=28714,t_ms=720015,who=0x70,ax=-0.156,ay=0.656,az=-0.754,gx=-4.527,gy=1.985,gz=-0.092,expected=-,pred=C,pred_conf=100.0,flex0_raw=467,flex0_norm=0.114,flex1_raw=468,flex1_norm=0.114,flex2_raw=457,flex2_norm=0.112,flex3_raw=586,flex3_norm=0.143,flex4_raw=505,flex4_norm=0.123",true
word-sequence-v1,session_20261005T212737_676Z,word_hello_0008,3,28715,720040,1791235848016,hello,words-draft,signer_03,neutral,0x70,-0.162000000000,0.656000000000,-0.741000000000,-3.74000000000,3.22900000000,-0.473000000000,469,468,458,586,505,"seq=28715,t_ms=720040,who=0x70,ax=-0.162,ay=0.656,az=-0.741,gx=-3.740,gy=3.229,gz=-0.473,expected=-,pred=C,pred_conf=100.0,flex0_raw=469,flex0_norm=0.115,flex1_raw=468,flex1_norm=0.114,flex2_raw=458,flex2_norm=0.112,flex3_raw=586,flex3_norm=0.143,flex4_raw=505,flex4_norm=0.123",true
word-sequence-v1,session_20261005T212737_676Z,word_hello_0008,4,28716,720065,1791235848050,hello,words-draft,signer_03,neutral,0x70,-0.157000000000,0.655000000000,-0.750000000000,-4.57300000000,4.32100000000,-1.27500000000,469,467,457,587,505,"seq=28716,t_ms=720065,who=0x70,ax=-0.157,ay=0.655,az=-0.750,gx=-4.573,gy=4.321,gz=-1.275,expected=-,pred=C,pred_conf=100.0,flex0_raw=469,flex0_norm=0.115,flex1_raw=467,flex1_norm=0.114,flex2_raw=457,flex2_norm=0.112,flex3_raw=587,flex3_norm=0.143,flex4_raw=505,flex4_norm=0.123",true
word-sequence-v1,session_20261005T212737_676Z,word_hello_0008,5,28717,720090,1791235848082,hello,words-draft,signer_03,neutral,0x70,-0.162000000000,0.654000000000,-0.751000000000,-6.74000000000,1.88500000000,-1.14500000000,468,467,457,587,505,"seq=28717,t_ms=720090,who=0x70,ax=-0.162,ay=0.654,az=-0.751,gx=-6.740,gy=1.885,gz=-1.145,expected=-,pred=C,pred_conf=100.0,flex0_raw=468,flex0_norm=0.114,flex1_raw=467,flex1_norm=0.114,flex2_raw=457,flex2_norm=0.112,flex3_raw=587,flex3_norm=0.143,flex4_raw=505,flex4_norm=0.123",true
word-sequence-v1,session_20261005T212737_676Z,word_hello_0008,6,28718,720115,1791235848088,hello,words-draft,signer_03,neutral,0x70,-0.153000000000,0.660000000000,-0.746000000000,-6.58800000000,2.46600000000,-1.26000000000,469,467,457,586,505,"seq=28718,t_ms=720115,who=0x70,ax=-0.153,ay=0.660,az=-0.746,gx=-6.588,gy=2.466,gz=-1.260,expected=-,pred=C,pred_conf=100.0,flex0_raw=469,flex0_norm=0.115,flex1_raw=467,flex1_norm=0.114,flex2_raw=457,flex2_norm=0.112,flex3_raw=586,flex3_norm=0.143,flex4_raw=505,flex4_norm=0.123",true
word-sequence-v1,session_20261005T212737_676Z,word_hello_0008,7,28719,720140,1791235848151,hello,words-draft,signer_03,neutral,0x70,-0.160000000000,0.660000000000,-0.752000000000,-5.68700000000,2.53400000000,-1.04600000000,467,469,457,586,505,"seq=28719,t_ms=720140,who=0x70,ax=-0.160,ay=0.660,az=-0.752,gx=-5.687,gy=2.534,gz=-1.046,expected=-,pred=C,pred_conf=100.0,flex0_raw=467,flex0_norm=0.114,flex1_raw=469,flex1_norm=0.115,flex2_raw=457,flex2_norm=0.112,flex3_raw=586,flex3_norm=0.143,flex4_raw=505,flex4_norm=0.123",true
word-sequence-v1,session_20261005T212737_676Z,word_hello_0008,8,28720,720165,1791235848152,hello,words-draft,signer_03,neutral,0x70,-0.154000000000,0.660000000000,-0.741000000000,-3.96900000000,3.85500000000,-1.38900000000,469,467,457,587,506,"seq=28720,t_ms=720165,who=0x70,ax=-0.154,ay=0.660,az=-0.741,gx=-3.969,gy=3.855,gz=-1.389,expected=-,pred=C,pred_conf=100.0,flex0_raw=469,flex0_norm=0.115,flex1_raw=467,flex1_norm=0.114,flex2_raw=457,flex2_norm=0.112,flex3_raw=587,flex3_norm=0.143,flex4_raw=506,flex4_norm=0.124",true
word-sequence-v1,session_20261005T212737_676Z,word_hello_0008,9,28721,720190,1791235848153,hello,words-draft,signer_03,neutral,0x70,-0.162000000000,0.663000000000,-0.729000000000,-6.39700000000,0.542000000000,-1.29000000000,469,468,458,587,506,"seq=28721,t_ms=720190,who=0x70,ax=-0.162,ay=0.663,az=-0.729,gx=-6.397,gy=0.542,gz=-1.290,expected=-,pred=C,pred_conf=100.0,flex0_raw=469,flex0_norm=0.115,flex1_raw=468,flex1_norm=0.114,flex2_raw=458,flex2_norm=0.112,flex3_raw=587,flex3_norm=0.143,flex4_raw=506,flex4_norm=0.124",true
word-sequence-v1,session_20261005T212737_676Z,word_hello_0008,10,28722,720215,1791235848183,hello,words-draft,signer_03,neutral,0x70,-0.158000000000,0.649000000000,-0.760000000000,-6.52700000000,0.748000000000,-1.14500000000,471,471,457,587,506,"seq=28722,t_ms=720215,who=0x70,ax=-0.158,ay=0.649,az=-0.760,gx=-6.527,gy=0.748,gz=-1.145,expected=-,pred=C,pred_conf=100.0,flex0_raw=471,flex0_norm=0.115,flex1_raw=471,flex1_norm=0.115,flex2_raw=457,flex2_norm=0.112,flex3_raw=587,flex3_norm=0.143,flex4_raw=506,flex4_norm=0.124",true
word-sequence-v1,session_20261005T212737_676Z,word_hello_0008,11,28723,720240,1791235848215,hello,words-draft,signer_03,neutral,0x70,-0.139000000000,0.651000000000,-0.759000000000,-2.19100000000,4.29800000000,-0.595000000000,477,477,458,586,505,"seq=28723,t_ms=720240,who=0x70,ax=-0.139,ay=0.651,az=-0.759,gx=-2.191,gy=4.298,gz=-0.595,expected=-,pred=C,pred_conf=99.2,flex0_raw=477,flex0_norm=0.116,flex1_raw=477,flex1_norm=0.116,flex2_raw=458,flex2_norm=0.112,flex3_raw=586,flex3_norm=0.143,flex4_raw=505,flex4_norm=0.123",true
word-sequence-v1,session_20261005T212737_676Z,word_hello_0008,12,28724,720265,1791235848255,hello,words-draft,signer_03,neutral,0x70,-0.160000000000,0.647000000000,-0.725000000000,-0.527000000000,7.48900000000,1.28200000000,482,478,456,587,505,"seq=28724,t_ms=720265,who=0x70,ax=-0.160,ay=0.647,az=-0.725,gx=-0.527,gy=7.489,gz=1.282,expected=-,pred=C,pred_conf=96.8,flex0_raw=482,flex0_norm=0.118,flex1_raw=478,flex1_norm=0.117,flex2_raw=456,flex2_norm=0.111,flex3_raw=587,flex3_norm=0.143,flex4_raw=505,flex4_norm=0.123",true
word-sequence-v1,session_20261005T212737_676Z,word_hello_0008,13,28725,720290,1791235848284,hello,words-draft,signer_03,neutral,0x70,-0.157000000000,0.664000000000,-0.773000000000,-1.20600000000,4.90800000000,0.237000000000,477,477,457,585,505,"seq=28725,t_ms=720290,who=0x70,ax=-0.157,ay=0.664,az=-0.773,gx=-1.206,gy=4.908,gz=0.237,expected=-,pred=C,pred_conf=99.2,flex0_raw=477,flex0_norm=0.116,flex1_raw=477,flex1_norm=0.116,flex2_raw=457,flex2_norm=0.112,flex3_raw=585,flex3_norm=0.143,flex4_raw=505,flex4_norm=0.123",true
word-sequence-v1,session_20261005T212737_676Z,word_hello_0008,14,28726,720315,1791235848285,hello,words-draft,signer_03,neutral,0x70,-0.152000000000,0.665000000000,-0.752000000000,-1.73300000000,0.542000000000,1.06900000000,479,478,457,586,506,"seq=28726,t_ms=720315,who=0x70,ax=-0.152,ay=0.665,az=-0.752,gx=-1.733,gy=0.542,gz=1.069,expected=-,pred=C,pred_conf=98.4,flex0_raw=479,flex0_norm=0.117,flex1_raw=478,flex1_norm=0.117,flex2_raw=457,flex2_norm=0.112,flex3_raw=586,flex3_norm=0.143,flex4_raw=506,flex4_norm=0.124",true
word-sequence-v1,session_20261005T212737_676Z,word_hello_0008,15,28727,720340,1791235848332,hello,words-draft,signer_03,neutral,0x70,-0.154000000000,0.646000000000,-0.774000000000,-2.04600000000,2.61100000000,0.244000000000,479,477,457,587,504,"seq=28727,t_ms=720340,who=0x70,ax=-0.154,ay=0.646,az=-0.774,gx=-2.046,gy=2.611,gz=0.244,expected=-,pred=C,pred_conf=98.8,flex0_raw=479,flex0_norm=0.117,flex1_raw=477,flex1_norm=0.116,flex2_raw=457,flex2_norm=0.112,flex3_raw=587,flex3_norm=0.143,flex4_raw=504,flex4_norm=0.123",true
word-sequence-v1,session_20261005T212737_676Z,word_hello_0008,16,28728,720365,1791235848334,hello,words-draft,signer_03,neutral,0x70,-0.160000000000,0.652000000000,-0.785000000000,-4.60300000000,-1.11500000000,0.0840000000000,478,479,457,585,504,"seq=28728,t_ms=720365,who=0x70,ax=-0.160,ay=0.652,az=-0.785,gx=-4.603,gy=-1.115,gz=0.084,expected=-,pred=C,pred_conf=98.2,flex0_raw=478,flex0_norm=0.117,flex1_raw=479,flex1_norm=0.117,flex2_raw=457,flex2_norm=0.112,flex3_raw=585,flex3_norm=0.143,flex4_raw=504,flex4_norm=0.123",true
word-sequence-v1,session_20261005T212737_676Z,word_hello_0008,17,28729,720390,1791235848370,hello,words-draft,signer_03,neutral,0x70,-0.167000000000,0.663000000000,-0.741000000000,-7.09900000000,-4.30500000000,-1.17600000000,479,478,457,586,505,"seq=28729,t_ms=720390,who=0x70,ax=-0.167,ay=0.663,az=-0.741,gx=-7.099,gy=-4.305,gz=-1.176,expected=-,pred=C,pred_conf=98.4,flex0_raw=479,flex0_norm=0.117,flex1_raw=478,flex1_norm=0.117,flex2_raw=457,flex2_norm=0.112,flex3_raw=586,flex3_norm=0.143,flex4_raw=505,flex4_norm=0.123",true
word-sequence-v1,session_20261005T212737_676Z,word_hello_0008,18,28730,720415,1791235848403,hello,words-draft,signer_03,neutral,0x70,-0.169000000000,0.651000000000,-0.718000000000,-8.26700000000,-1.80200000000,-2.60300000000,477,478,457,585,505,"seq=28730,t_ms=720415,who=0x70,ax=-0.169,ay=0.651,az=-0.718,gx=-8.267,gy=-1.802,gz=-2.603,expected=-,pred=C,pred_conf=99.0,flex0_raw=477,flex0_norm=0.116,flex1_raw=478,flex1_norm=0.117,flex2_raw=457,flex2_norm=0.112,flex3_raw=585,flex3_norm=0.143,flex4_raw=505,flex4_norm=0.123",true
word-sequence-v1,session_20261005T212737_676Z,word_hello_0008,19,28731,720440,1791235848437,hello,words-draft,signer_03,neutral,0x70,-0.177000000000,0.656000000000,-0.722000000000,-7.78600000000,1.78600000000,-2.91600000000,479,478,457,586,506,"seq=28731,t_ms=720440,who=0x70,ax=-0.177,ay=0.656,az=-0.722,gx=-7.786,gy=1.786,gz=-2.916,expected=-,pred=C,pred_conf=98.4,flex0_raw=479,flex0_norm=0.117,flex1_raw=478,flex1_norm=0.117,flex2_raw=457,flex2_norm=0.112,flex3_raw=586,flex3_norm=0.143,flex4_raw=506,flex4_norm=0.124",true
word-sequence-v1,session_20261005T212737_676Z,word_hello_0008,20,28732,720465,1791235848438,hello,words-draft,signer_03,neutral,0x70,-0.233000000000,0.712000000000,-0.735000000000,-6.35900000000,6.00800000000,1.51100000000,477,478,458,585,504,"seq=28732,t_ms=720465,who=0x70,ax=-0.233,ay=0.712,az=-0.735,gx=-6.359,gy=6.008,gz=1.511,expected=-,pred=C,pred_conf=98.9,flex0_raw=477,flex0_norm=0.116,flex1_raw=478,flex1_norm=0.117,flex2_raw=458,flex2_norm=0.112,flex3_raw=585,flex3_norm=0.143,flex4_raw=504,flex4_norm=0.123",true
word-sequence-v1,session_20261005T212737_676Z,word_hello_0008,21,28733,720490,1791235848477,hello,words-draft,signer_03,neutral,0x70,-0.294000000000,0.712000000000,-0.761000000000,-6.04600000000,10.1450000000,1.89300000000,477,478,457,587,505,"seq=28733,t_ms=720490,who=0x70,ax=-0.294,ay=0.712,az=-0.761,gx=-6.046,gy=10.145,gz=1.893,expected=-,pred=C,pred_conf=99.0,flex0_raw=477,flex0_norm=0.116,flex1_raw=478,flex1_norm=0.117,flex2_raw=457,flex2_norm=0.112,flex3_raw=587,flex3_norm=0.143,flex4_raw=505,flex4_norm=0.123",true
word-sequence-v1,session_20261005T212737_676Z,word_hello_0008,22,28734,720515,1791235848479,hello,words-draft,signer_03,neutral,0x70,-0.323000000000,0.699000000000,-0.754000000000,-15.0460000000,5.65600000000,-1.07600000000,479,479,458,586,506,"seq=28734,t_ms=720515,who=0x70,ax=-0.323,ay=0.699,az=-0.754,gx=-15.046,gy=5.656,gz=-1.076,expected=-,pred=C,pred_conf=97.7,flex0_raw=479,flex0_norm=0.117,flex1_raw=479,flex1_norm=0.117,flex2_raw=458,flex2_norm=0.112,flex3_raw=586,flex3_norm=0.143,flex4_raw=506,flex4_norm=0.124",true
word-sequence-v1,session_20261005T212737_676Z,word_hello_0008,23,28735,720540,1791235848508,hello,words-draft,signer_03,neutral,0x70,-0.346000000000,0.709000000000,-0.740000000000,-24.2670000000,-11.0610000000,-5.09900000000,483,483,459,585,506,"seq=28735,t_ms=720540,who=0x70,ax=-0.346,ay=0.709,az=-0.740,gx=-24.267,gy=-11.061,gz=-5.099,expected=-,pred=C,pred_conf=79.6,flex0_raw=483,flex0_norm=0.118,flex1_raw=483,flex1_norm=0.118,flex2_raw=459,flex2_norm=0.112,flex3_raw=585,flex3_norm=0.143,flex4_raw=506,flex4_norm=0.124",true
word-sequence-v1,session_20261005T212737_676Z,word_hello_0008,24,28736,720565,1791235848538,hello,words-draft,signer_03,neutral,0x70,-0.360000000000,0.671000000000,-0.686000000000,-17.5570000000,-3.51900000000,-3.80900000000,485,485,459,585,504,"seq=28736,t_ms=720565,who=0x70,ax=-0.360,ay=0.671,az=-0.686,gx=-17.557,gy=-3.519,gz=-3.809,expected=-,pred=C,pred_conf=52.7,flex0_raw=485,flex0_norm=0.118,flex1_raw=485,flex1_norm=0.118,flex2_raw=459,flex2_norm=0.112,flex3_raw=585,flex3_norm=0.143,flex4_raw=504,flex4_norm=0.123",true
word-sequence-v1,session_20261005T212737_676Z,word_hello_0008,25,28737,720590,1791235848568,hello,words-draft,signer_03,neutral,0x70,-0.279000000000,0.681000000000,-0.647000000000,7.32100000000,23.0990000000,-14.9160000000,485,484,460,585,505,"seq=28737,t_ms=720590,who=0x70,ax=-0.279,ay=0.681,az=-0.647,gx=7.321,gy=23.099,gz=-14.916,expected=-,pred=C,pred_conf=61.4,flex0_raw=485,flex0_norm=0.118,flex1_raw=484,flex1_norm=0.118,flex2_raw=460,flex2_norm=0.112,flex3_raw=585,flex3_norm=0.143,flex4_raw=505,flex4_norm=0.123",true
word-sequence-v1,session_20261005T212737_676Z,word_hello_0008,26,28738,720615,1791235848570,hello,words-draft,signer_03,neutral,0x70,-0.259000000000,0.668000000000,-0.635000000000,18.2750000000,35.8930000000,-11.8470000000,485,486,459,587,506,"seq=28738,t_ms=720615,who=0x70,ax=-0.259,ay=0.668,az=-0.635,gx=18.275,gy=35.893,gz=-11.847,expected=-,pred=5,pred_conf=54.7,flex0_raw=485,flex0_norm=0.118,flex1_raw=486,flex1_norm=0.119,flex2_raw=459,flex2_norm=0.112,flex3_raw=587,flex3_norm=0.143,flex4_raw=506,flex4_norm=0.124",true
word-sequence-v1,session_20261005T212737_676Z,word_hello_0008,27,28739,720640,1791235848605,hello,words-draft,signer_03,neutral,0x70,-0.231000000000,0.630000000000,-0.635000000000,13.3820000000,23.6260000000,-1.92400000000,485,485,458,585,505,"seq=28739,t_ms=720640,who=0x70,ax=-0.231,ay=0.630,az=-0.635,gx=13.382,gy=23.626,gz=-1.924,expected=-,pred=C,pred_conf=53.3,flex0_raw=485,flex0_norm=0.118,flex1_raw=485,flex1_norm=0.118,flex2_raw=458,flex2_norm=0.112,flex3_raw=585,flex3_norm=0.143,flex4_raw=505,flex4_norm=0.123",true
word-sequence-v1,session_20261005T212737_676Z,word_hello_0008,28,28740,720665,1791235848634,hello,words-draft,signer_03,neutral,0x70,-0.191000000000,0.625000000000,-0.644000000000,18.3360000000,30.2750000000,14.8550000000,485,487,460,587,505,"seq=28740,t_ms=720665,who=0x70,ax=-0.191,ay=0.625,az=-0.644,gx=18.336,gy=30.275,gz=14.855,expected=-,pred=5,pred_conf=63.3,flex0_raw=485,flex0_norm=0.118,flex1_raw=487,flex1_norm=0.119,flex2_raw=460,flex2_norm=0.112,flex3_raw=587,flex3_norm=0.143,flex4_raw=505,flex4_norm=0.123",true
word-sequence-v1,session_20261005T212737_676Z,word_hello_0008,29,28741,720690,1791235848672,hello,words-draft,signer_03,neutral,0x70,-0.0960000000000,0.562000000000,-0.669000000000,22.6870000000,45.8470000000,14.5950000000,487,487,459,585,505,"seq=28741,t_ms=720690,who=0x70,ax=-0.096,ay=0.562,az=-0.669,gx=22.687,gy=45.847,gz=14.595,expected=-,pred=5,pred_conf=73.9,flex0_raw=487,flex0_norm=0.119,flex1_raw=487,flex1_norm=0.119,flex2_raw=459,flex2_norm=0.112,flex3_raw=585,flex3_norm=0.143,flex4_raw=505,flex4_norm=0.123",true
word-sequence-v1,session_20261005T212737_676Z,word_hello_0008,30,28742,720715,1791235848700,hello,words-draft,signer_03,neutral,0x70,-0.0590000000000,0.558000000000,-0.738000000000,28.2140000000,52.1150000000,15.1370000000,487,488,460,586,504,"seq=28742,t_ms=720715,who=0x70,ax=-0.059,ay=0.558,az=-0.738,gx=28.214,gy=52.115,gz=15.137,expected=-,pred=5,pred_conf=79.3,flex0_raw=487,flex0_norm=0.119,flex1_raw=488,flex1_norm=0.119,flex2_raw=460,flex2_norm=0.112,flex3_raw=586,flex3_norm=0.143,flex4_raw=504,flex4_norm=0.123",true
word-sequence-v1,session_20261005T212737_676Z,word_hello_0008,31,28743,720740,1791235848744,hello,words-draft,signer_03,neutral,0x70,-0.0680000000000,0.557000000000,-0.748000000000,29.6720000000,50.9010000000,17.6950000000,488,487,460,585,505,"seq=28743,t_ms=720740,who=0x70,ax=-0.068,ay=0.557,az=-0.748,gx=29.672,gy=50.901,gz=17.695,expected=-,pred=5,pred_conf=77.8,flex0_raw=488,flex0_norm=0.119,flex1_raw=487,flex1_norm=0.119,flex2_raw=460,flex2_norm=0.112,flex3_raw=585,flex3_norm=0.143,flex4_raw=505,flex4_norm=0.123",true
word-sequence-v1,session_20261005T212737_676Z,word_hello_0008,32,28744,720765,1791235848745,hello,words-draft,signer_03,neutral,0x70,-0.0360000000000,0.525000000000,-0.794000000000,38.7180000000,67.7860000000,22.2820000000,489,489,460,585,504,"seq=28744,t_ms=720765,who=0x70,ax=-0.036,ay=0.525,az=-0.794,gx=38.718,gy=67.786,gz=22.282,expected=-,pred=5,pred_conf=89.0,flex0_raw=489,flex0_norm=0.119,flex1_raw=489,flex1_norm=0.119,flex2_raw=460,flex2_norm=0.112,flex3_raw=585,flex3_norm=0.143,flex4_raw=504,flex4_norm=0.123",true
word-sequence-v1,session_20261005T212737_676Z,word_hello_0008,33,28745,720790,1791235848748,hello,words-draft,signer_03,neutral,0x70,0.0700000000000,0.538000000000,-0.775000000000,51.6030000000,93.5880000000,17.1150000000,489,489,460,585,505,"seq=28745,t_ms=720790,who=0x70,ax=0.070,ay=0.538,az=-0.775,gx=51.603,gy=93.588,gz=17.115,expected=-,pred=5,pred_conf=89.0,flex0_raw=489,flex0_norm=0.119,flex1_raw=489,flex1_norm=0.119,flex2_raw=460,flex2_norm=0.112,flex3_raw=585,flex3_norm=0.143,flex4_raw=505,flex4_norm=0.123",true
word-sequence-v1,session_20261005T212737_676Z,word_hello_0008,34,28746,720815,1791235848784,hello,words-draft,signer_03,neutral,0x70,0.137000000000,0.529000000000,-0.777000000000,47.9690000000,94.7180000000,31.2750000000,476,477,458,573,503,"seq=28746,t_ms=720815,who=0x70,ax=0.137,ay=0.529,az=-0.777,gx=47.969,gy=94.718,gz=31.275,expected=-,pred=C,pred_conf=99.3,flex0_raw=476,flex0_norm=0.116,flex1_raw=477,flex1_norm=0.116,flex2_raw=458,flex2_norm=0.112,flex3_raw=573,flex3_norm=0.140,flex4_raw=503,flex4_norm=0.123",true
word-sequence-v1,session_20261005T212737_676Z,word_hello_0008,35,28747,720840,1791235848810,hello,words-draft,signer_03,neutral,0x70,0.183000000000,0.484000000000,-0.828000000000,46.3660000000,65.5500000000,46.1370000000,475,476,458,571,502,"seq=28747,t_ms=720840,who=0x70,ax=0.183,ay=0.484,az=-0.828,gx=46.366,gy=65.550,gz=46.137,expected=-,pred=C,pred_conf=99.6,flex0_raw=475,flex0_norm=0.116,flex1_raw=476,flex1_norm=0.116,flex2_raw=458,flex2_norm=0.112,flex3_raw=571,flex3_norm=0.139,flex4_raw=502,flex4_norm=0.123",true
word-sequence-v1,session_20261005T212737_676Z,word_hello_0008,36,28748,720865,1791235848870,hello,words-draft,signer_03,neutral,0x70,0.208000000000,0.468000000000,-0.847000000000,34.6410000000,29.5270000000,46.3050000000,476,475,459,571,502,"seq=28748,t_ms=720865,who=0x70,ax=0.208,ay=0.468,az=-0.847,gx=34.641,gy=29.527,gz=46.305,expected=-,pred=C,pred_conf=99.6,flex0_raw=476,flex0_norm=0.116,flex1_raw=475,flex1_norm=0.116,flex2_raw=459,flex2_norm=0.112,flex3_raw=571,flex3_norm=0.139,flex4_raw=502,flex4_norm=0.123",true
word-sequence-v1,session_20261005T212737_676Z,word_hello_0008,37,28749,720890,1791235848871,hello,words-draft,signer_03,neutral,0x70,0.152000000000,0.456000000000,-0.903000000000,18.9240000000,16.5340000000,46.0460000000,476,477,459,571,501,"seq=28749,t_ms=720890,who=0x70,ax=0.152,ay=0.456,az=-0.903,gx=18.924,gy=16.534,gz=46.046,expected=-,pred=C,pred_conf=99.3,flex0_raw=476,flex0_norm=0.116,flex1_raw=477,flex1_norm=0.116,flex2_raw=459,flex2_norm=0.112,flex3_raw=571,flex3_norm=0.139,flex4_raw=501,flex4_norm=0.122",true
word-sequence-v1,session_20261005T212737_676Z,word_hello_0008,38,28750,720915,1791235848873,hello,words-draft,signer_03,neutral,0x70,0.151000000000,0.497000000000,-0.879000000000,18.0150000000,16.1300000000,40.4500000000,477,477,458,571,502,"seq=28750,t_ms=720915,who=0x70,ax=0.151,ay=0.497,az=-0.879,gx=18.015,gy=16.130,gz=40.450,expected=-,pred=C,pred_conf=99.1,flex0_raw=477,flex0_norm=0.116,flex1_raw=477,flex1_norm=0.116,flex2_raw=458,flex2_norm=0.112,flex3_raw=571,flex3_norm=0.139,flex4_raw=502,flex4_norm=0.123",true
word-sequence-v1,session_20261005T212737_676Z,word_hello_0008,39,28751,720940,1791235848906,hello,words-draft,signer_03,neutral,0x70,0.139000000000,0.508000000000,-0.829000000000,11.9080000000,10.3820000000,27.8090000000,477,477,459,572,501,"seq=28751,t_ms=720940,who=0x70,ax=0.139,ay=0.508,az=-0.829,gx=11.908,gy=10.382,gz=27.809,expected=-,pred=C,pred_conf=99.1,flex0_raw=477,flex0_norm=0.116,flex1_raw=477,flex1_norm=0.116,flex2_raw=459,flex2_norm=0.112,flex3_raw=572,flex3_norm=0.140,flex4_raw=501,flex4_norm=0.122",true
word-sequence-v1,session_20261005T212737_676Z,word_hello_0008,40,28752,720965,1791235848932,hello,words-draft,signer_03,neutral,0x70,0.199000000000,0.462000000000,-0.884000000000,-1.57300000000,5.58800000000,17.0310000000,483,483,459,573,503,"seq=28752,t_ms=720965,who=0x70,ax=0.199,ay=0.462,az=-0.884,gx=-1.573,gy=5.588,gz=17.031,expected=-,pred=C,pred_conf=77.0,flex0_raw=483,flex0_norm=0.118,flex1_raw=483,flex1_norm=0.118,flex2_raw=459,flex2_norm=0.112,flex3_raw=573,flex3_norm=0.140,flex4_raw=503,flex4_norm=0.123",true
word-sequence-v1,session_20261005T212737_676Z,word_hello_0008,41,28753,720990,1791235848958,hello,words-draft,signer_03,neutral,0x70,0.269000000000,0.442000000000,-0.948000000000,-2.62600000000,5.53400000000,6.48100000000,483,482,459,574,502,"seq=28753,t_ms=720990,who=0x70,ax=0.269,ay=0.442,az=-0.948,gx=-2.626,gy=5.534,gz=6.481,expected=-,pred=C,pred_conf=82.7,flex0_raw=483,flex0_norm=0.118,flex1_raw=482,flex1_norm=0.118,flex2_raw=459,flex2_norm=0.112,flex3_raw=574,flex3_norm=0.140,flex4_raw=502,flex4_norm=0.123",true
word-sequence-v1,session_20261005T212737_676Z,word_hello_0008,42,28754,721015,1791235848997,hello,words-draft,signer_03,neutral,0x70,0.334000000000,0.457000000000,-0.979000000000,-8.74000000000,2.93100000000,-0.176000000000,483,483,459,575,502,"seq=28754,t_ms=721015,who=0x70,ax=0.334,ay=0.457,az=-0.979,gx=-8.740,gy=2.931,gz=-0.176,expected=-,pred=C,pred_conf=77.3,flex0_raw=483,flex0_norm=0.118,flex1_raw=483,flex1_norm=0.118,flex2_raw=459,flex2_norm=0.112,flex3_raw=575,flex3_norm=0.140,flex4_raw=502,flex4_norm=0.123",true
word-sequence-v1,session_20261005T212737_676Z,word_hello_0008,43,28755,721040,1791235849019,hello,words-draft,signer_03,neutral,0x70,0.340000000000,0.438000000000,-1.03900000000,-12.5880000000,3.96200000000,0.603000000000,484,484,459,573,502,"seq=28755,t_ms=721040,who=0x70,ax=0.340,ay=0.438,az=-1.039,gx=-12.588,gy=3.962,gz=0.603,expected=-,pred=C,pred_conf=64.1,flex0_raw=484,flex0_norm=0.118,flex1_raw=484,flex1_norm=0.118,flex2_raw=459,flex2_norm=0.112,flex3_raw=573,flex3_norm=0.140,flex4_raw=502,flex4_norm=0.123",true
word-sequence-v1,session_20261005T212737_676Z,word_hello_0008,44,28756,721065,1791235849020,hello,words-draft,signer_03,neutral,0x70,0.371000000000,0.458000000000,-1.02900000000,-2.38900000000,11.1760000000,-2.93100000000,485,484,459,573,501,"seq=28756,t_ms=721065,who=0x70,ax=0.371,ay=0.458,az=-1.029,gx=-2.389,gy=11.176,gz=-2.931,expected=-,pred=C,pred_conf=57.9,flex0_raw=485,flex0_norm=0.118,flex1_raw=484,flex1_norm=0.118,flex2_raw=459,flex2_norm=0.112,flex3_raw=573,flex3_norm=0.140,flex4_raw=501,flex4_norm=0.122",true
word-sequence-v1,session_20261005T212737_676Z,word_hello_0008,45,28757,721090,1791235849081,hello,words-draft,signer_03,neutral,0x70,0.346000000000,0.458000000000,-0.961000000000,-3.32800000000,6.01500000000,-4.83200000000,486,484,459,575,502,"seq=28757,t_ms=721090,who=0x70,ax=0.346,ay=0.458,az=-0.961,gx=-3.328,gy=6.015,gz=-4.832,expected=-,pred=C,pred_conf=52.4,flex0_raw=486,flex0_norm=0.119,flex1_raw=484,flex1_norm=0.118,flex2_raw=459,flex2_norm=0.112,flex3_raw=575,flex3_norm=0.140,flex4_raw=502,flex4_norm=0.123",true
word-sequence-v1,session_20261005T212737_676Z,word_hello_0008,46,28758,721115,1791235849082,hello,words-draft,signer_03,neutral,0x70,0.335000000000,0.440000000000,-0.995000000000,-7.57300000000,-2.29000000000,-9.31300000000,485,485,458,573,502,"seq=28758,t_ms=721115,who=0x70,ax=0.335,ay=0.440,az=-0.995,gx=-7.573,gy=-2.290,gz=-9.313,expected=-,pred=5,pred_conf=50.6,flex0_raw=485,flex0_norm=0.118,flex1_raw=485,flex1_norm=0.118,flex2_raw=458,flex2_norm=0.112,flex3_raw=573,flex3_norm=0.140,flex4_raw=502,flex4_norm=0.123",true
word-sequence-v1,session_20261005T212737_676Z,word_hello_0008,47,28759,721140,1791235849114,hello,words-draft,signer_03,neutral,0x70,0.314000000000,0.443000000000,-0.969000000000,-22.5270000000,-15.5270000000,-18.2750000000,485,485,459,573,502,"seq=28759,t_ms=721140,who=0x70,ax=0.314,ay=0.443,az=-0.969,gx=-22.527,gy=-15.527,gz=-18.275,expected=-,pred=5,pred_conf=51.0,flex0_raw=485,flex0_norm=0.118,flex1_raw=485,flex1_norm=0.118,flex2_raw=459,flex2_norm=0.112,flex3_raw=573,flex3_norm=0.140,flex4_raw=502,flex4_norm=0.123",true
word-sequence-v1,session_20261005T212737_676Z,word_hello_0008,48,28760,721165,1791235849145,hello,words-draft,signer_03,neutral,0x70,0.329000000000,0.453000000000,-0.993000000000,-39.7790000000,-34.2750000000,-22.9310000000,485,486,458,575,502,"seq=28760,t_ms=721165,who=0x70,ax=0.329,ay=0.453,az=-0.993,gx=-39.779,gy=-34.275,gz=-22.931,expected=-,pred=5,pred_conf=58.7,flex0_raw=485,flex0_norm=0.118,flex1_raw=486,flex1_norm=0.119,flex2_raw=458,flex2_norm=0.112,flex3_raw=575,flex3_norm=0.140,flex4_raw=502,flex4_norm=0.123",true
word-sequence-v1,session_20261005T212737_676Z,word_hello_0008,49,28761,721190,1791235849180,hello,words-draft,signer_03,neutral,0x70,0.242000000000,0.487000000000,-0.986000000000,-48.1300000000,-51.1070000000,-21.2820000000,485,485,459,575,501,"seq=28761,t_ms=721190,who=0x70,ax=0.242,ay=0.487,az=-0.986,gx=-48.130,gy=-51.107,gz=-21.282,expected=-,pred=5,pred_conf=50.6,flex0_raw=485,flex0_norm=0.118,flex1_raw=485,flex1_norm=0.118,flex2_raw=459,flex2_norm=0.112,flex3_raw=575,flex3_norm=0.140,flex4_raw=501,flex4_norm=0.122",true
word-sequence-v1,session_20261005T212737_676Z,word_hello_0008,50,28762,721215,1791235849180,hello,words-draft,signer_03,neutral,0x70,0.168000000000,0.473000000000,-0.949000000000,-43.5340000000,-42.4730000000,-39.7710000000,486,485,459,575,502,"seq=28762,t_ms=721215,who=0x70,ax=0.168,ay=0.473,az=-0.949,gx=-43.534,gy=-42.473,gz=-39.771,expected=-,pred=5,pred_conf=56.8,flex0_raw=486,flex0_norm=0.119,flex1_raw=485,flex1_norm=0.118,flex2_raw=459,flex2_norm=0.112,flex3_raw=575,flex3_norm=0.140,flex4_raw=502,flex4_norm=0.123",true
word-sequence-v1,session_20261005T212737_676Z,word_hello_0008,51,28763,721240,1791235849209,hello,words-draft,signer_03,neutral,0x70,0.256000000000,0.469000000000,-0.906000000000,-42.0150000000,-30.4270000000,-64.2370000000,485,485,460,575,502,"seq=28763,t_ms=721240,who=0x70,ax=0.256,ay=0.469,az=-0.906,gx=-42.015,gy=-30.427,gz=-64.237,expected=-,pred=5,pred_conf=50.9,flex0_raw=485,flex0_norm=0.118,flex1_raw=485,flex1_norm=0.118,flex2_raw=460,flex2_norm=0.112,flex3_raw=575,flex3_norm=0.140,flex4_raw=502,flex4_norm=0.123",true
word-sequence-v1,session_20261005T212737_676Z,word_hello_0008,52,28764,721265,1791235849249,hello,words-draft,signer_03,neutral,0x70,0.328000000000,0.431000000000,-0.827000000000,-61.7480000000,-76.0760000000,-62.0610000000,477,477,459,569,501,"seq=28764,t_ms=721265,who=0x70,ax=0.328,ay=0.431,az=-0.827,gx=-61.748,gy=-76.076,gz=-62.061,expected=-,pred=C,pred_conf=99.1,flex0_raw=477,flex0_norm=0.116,flex1_raw=477,flex1_norm=0.116,flex2_raw=459,flex2_norm=0.112,flex3_raw=569,flex3_norm=0.139,flex4_raw=501,flex4_norm=0.122",true
word-sequence-v1,session_20261005T212737_676Z,word_hello_0008,53,28765,721290,1791235849275,hello,words-draft,signer_03,neutral,0x70,0.233000000000,0.461000000000,-0.758000000000,-95.7100000000,-132.695000000,-53.3280000000,477,476,457,569,499,"seq=28765,t_ms=721290,who=0x70,ax=0.233,ay=0.461,az=-0.758,gx=-95.710,gy=-132.695,gz=-53.328,expected=-,pred=C,pred_conf=99.3,flex0_raw=477,flex0_norm=0.116,flex1_raw=476,flex1_norm=0.116,flex2_raw=457,flex2_norm=0.112,flex3_raw=569,flex3_norm=0.139,flex4_raw=499,flex4_norm=0.122",true
word-sequence-v1,session_20261005T212737_676Z,word_hello_0008,54,28766,721315,1791235849295,hello,words-draft,signer_03,neutral,0x70,-0.0830000000000,0.589000000000,-0.731000000000,-97.2900000000,-121.725000000,-29.9540000000,475,477,458,572,500,"seq=28766,t_ms=721315,who=0x70,ax=-0.083,ay=0.589,az=-0.731,gx=-97.290,gy=-121.725,gz=-29.954,expected=-,pred=C,pred_conf=99.4,flex0_raw=475,flex0_norm=0.116,flex1_raw=477,flex1_norm=0.116,flex2_raw=458,flex2_norm=0.112,flex3_raw=572,flex3_norm=0.140,flex4_raw=500,flex4_norm=0.122",true
word-sequence-v1,session_20261005T212737_676Z,word_hello_0008,55,28767,721340,1791235849318,hello,words-draft,signer_03,neutral,0x70,-0.239000000000,0.668000000000,-0.685000000000,-62.0380000000,-56.0380000000,-54.0460000000,485,484,459,583,503,"seq=28767,t_ms=721340,who=0x70,ax=-0.239,ay=0.668,az=-0.685,gx=-62.038,gy=-56.038,gz=-54.046,expected=-,pred=C,pred_conf=61.0,flex0_raw=485,flex0_norm=0.118,flex1_raw=484,flex1_norm=0.118,flex2_raw=459,flex2_norm=0.112,flex3_raw=583,flex3_norm=0.142,flex4_raw=503,flex4_norm=0.123",true
word-sequence-v1,session_20261005T212737_676Z,word_hello_0008,56,28768,721365,1791235849320,hello,words-draft,signer_03,neutral,0x70,-0.119000000000,0.667000000000,-0.687000000000,-23.5730000000,-29.6950000000,-54.6340000000,483,479,459,582,503,"seq=28768,t_ms=721365,who=0x70,ax=-0.119,ay=0.667,az=-0.687,gx=-23.573,gy=-29.695,gz=-54.634,expected=-,pred=C,pred_conf=93.6,flex0_raw=483,flex0_norm=0.118,flex1_raw=479,flex1_norm=0.117,flex2_raw=459,flex2_norm=0.112,flex3_raw=582,flex3_norm=0.142,flex4_raw=503,flex4_norm=0.123",true
word-sequence-v1,session_20261005T212737_676Z,word_hello_0008,57,28769,721390,1791235849380,hello,words-draft,signer_03,neutral,0x70,-0.309000000000,0.660000000000,-0.712000000000,-30.9770000000,-63.8700000000,-6.04600000000,477,477,459,581,503,"seq=28769,t_ms=721390,who=0x70,ax=-0.309,ay=0.660,az=-0.712,gx=-30.977,gy=-63.870,gz=-6.046,expected=-,pred=C,pred_conf=99.2,flex0_raw=477,flex0_norm=0.116,flex1_raw=477,flex1_norm=0.116,flex2_raw=459,flex2_norm=0.112,flex3_raw=581,flex3_norm=0.142,flex4_raw=503,flex4_norm=0.123",true
word-sequence-v1,session_20261005T212737_676Z,word_hello_0008,58,28770,721415,1791235849381,hello,words-draft,signer_03,neutral,0x70,-0.536000000000,0.645000000000,-0.702000000000,-28.4580000000,-26.6950000000,-10.4660000000,477,477,458,582,503,"seq=28770,t_ms=721415,who=0x70,ax=-0.536,ay=0.645,az=-0.702,gx=-28.458,gy=-26.695,gz=-10.466,expected=-,pred=C,pred_conf=99.2,flex0_raw=477,flex0_norm=0.116,flex1_raw=477,flex1_norm=0.116,flex2_raw=458,flex2_norm=0.112,flex3_raw=582,flex3_norm=0.142,flex4_raw=503,flex4_norm=0.123",true
word-sequence-v1,session_20261005T212737_676Z,word_hello_0008,59,28771,721440,1791235849413,hello,words-draft,signer_03,neutral,0x70,-0.493000000000,0.694000000000,-0.683000000000,-13.0760000000,26.2060000000,-48.0000000000,475,475,459,581,503,"seq=28771,t_ms=721440,who=0x70,ax=-0.493,ay=0.694,az=-0.683,gx=-13.076,gy=26.206,gz=-48.000,expected=-,pred=C,pred_conf=99.7,flex0_raw=475,flex0_norm=0.116,flex1_raw=475,flex1_norm=0.116,flex2_raw=459,flex2_norm=0.112,flex3_raw=581,flex3_norm=0.142,flex4_raw=503,flex4_norm=0.123",true
word-sequence-v1,session_20261005T212737_676Z,word_hello_0008,60,28772,721465,1791235849442,hello,words-draft,signer_03,neutral,0x70,-0.344000000000,0.693000000000,-0.645000000000,-6.64100000000,-9.10700000000,-26.9470000000,462,461,458,583,502,"seq=28772,t_ms=721465,who=0x70,ax=-0.344,ay=0.693,az=-0.645,gx=-6.641,gy=-9.107,gz=-26.947,expected=-,pred=C,pred_conf=99.2,flex0_raw=462,flex0_norm=0.113,flex1_raw=461,flex1_norm=0.113,flex2_raw=458,flex2_norm=0.112,flex3_raw=583,flex3_norm=0.142,flex4_raw=502,flex4_norm=0.123",true
word-sequence-v1,session_20261005T212737_676Z,word_hello_0008,61,28773,721490,1791235849485,hello,words-draft,signer_03,neutral,0x70,-0.364000000000,0.677000000000,-0.618000000000,-18.7180000000,-30.1370000000,-14.7400000000,461,461,459,584,505,"seq=28773,t_ms=721490,who=0x70,ax=-0.364,ay=0.677,az=-0.618,gx=-18.718,gy=-30.137,gz=-14.740,expected=-,pred=C,pred_conf=98.5,flex0_raw=461,flex0_norm=0.113,flex1_raw=461,flex1_norm=0.113,flex2_raw=459,flex2_norm=0.112,flex3_raw=584,flex3_norm=0.143,flex4_raw=505,flex4_norm=0.123",true
word-sequence-v1,session_20261005T212737_676Z,word_hello_0008,62,28774,721515,1791235849486,hello,words-draft,signer_03,neutral,0x70,-0.327000000000,0.633000000000,-0.621000000000,-8.42000000000,15.1150000000,-23.5110000000,463,461,457,584,504,"seq=28774,t_ms=721515,who=0x70,ax=-0.327,ay=0.633,az=-0.621,gx=-8.420,gy=15.115,gz=-23.511,expected=-,pred=C,pred_conf=99.6,flex0_raw=463,flex0_norm=0.113,flex1_raw=461,flex1_norm=0.113,flex2_raw=457,flex2_norm=0.112,flex3_raw=584,flex3_norm=0.143,flex4_raw=504,flex4_norm=0.123",true
word-sequence-v1,session_20261005T212737_676Z,word_hello_0008,63,28775,721540,1791235849524,hello,words-draft,signer_03,neutral,0x70,-0.193000000000,0.633000000000,-0.618000000000,-1.48100000000,41.5650000000,-31.1450000000,460,460,457,584,504,"seq=28775,t_ms=721540,who=0x70,ax=-0.193,ay=0.633,az=-0.618,gx=-1.481,gy=41.565,gz=-31.145,expected=-,pred=C,pred_conf=97.3,flex0_raw=460,flex0_norm=0.112,flex1_raw=460,flex1_norm=0.112,flex2_raw=457,flex2_norm=0.112,flex3_raw=584,flex3_norm=0.143,flex4_raw=504,flex4_norm=0.123",true
word-sequence-v1,session_20261005T212737_676Z,word_hello_0008,64,28776,721565,1791235849528,hello,words-draft,signer_03,neutral,0x70,-0.140000000000,0.618000000000,-0.677000000000,-10.6180000000,3.29800000000,-15.2290000000,461,461,457,585,504,"seq=28776,t_ms=721565,who=0x70,ax=-0.140,ay=0.618,az=-0.677,gx=-10.618,gy=3.298,gz=-15.229,expected=-,pred=C,pred_conf=98.6,flex0_raw=461,flex0_norm=0.113,flex1_raw=461,flex1_norm=0.113,flex2_raw=457,flex2_norm=0.112,flex3_raw=585,flex3_norm=0.143,flex4_raw=504,flex4_norm=0.123",true
word-sequence-v1,session_20261005T212737_676Z,word_hello_0008,65,28777,721590,1791235849558,hello,words-draft,signer_03,neutral,0x70,-0.213000000000,0.619000000000,-0.697000000000,-18.3050000000,-16.7100000000,-11.5110000000,461,461,458,585,504,"seq=28777,t_ms=721590,who=0x70,ax=-0.213,ay=0.619,az=-0.697,gx=-18.305,gy=-16.710,gz=-11.511,expected=-,pred=C,pred_conf=98.6,flex0_raw=461,flex0_norm=0.113,flex1_raw=461,flex1_norm=0.113,flex2_raw=458,flex2_norm=0.112,flex3_raw=585,flex3_norm=0.143,flex4_raw=504,flex4_norm=0.123",true
word-sequence-v1,session_20261005T212737_676Z,word_hello_0008,66,28778,721615,1791235849590,hello,words-draft,signer_03,neutral,0x70,-0.349000000000,0.610000000000,-0.658000000000,-11.7790000000,-21.7020000000,-13.0760000000,460,460,457,585,504,"seq=28778,t_ms=721615,who=0x70,ax=-0.349,ay=0.610,az=-0.658,gx=-11.779,gy=-21.702,gz=-13.076,expected=-,pred=C,pred_conf=97.3,flex0_raw=460,flex0_norm=0.112,flex1_raw=460,flex1_norm=0.112,flex2_raw=457,flex2_norm=0.112,flex3_raw=585,flex3_norm=0.143,flex4_raw=504,flex4_norm=0.123",true
word-sequence-v1,session_20261005T212737_676Z,word_hello_0008,67,28779,721640,1791235849621,hello,words-draft,signer_03,neutral,0x70,-0.445000000000,0.714000000000,-0.661000000000,4.18300000000,20.5420000000,-7.14500000000,461,461,457,585,505,"seq=28779,t_ms=721640,who=0x70,ax=-0.445,ay=0.714,az=-0.661,gx=4.183,gy=20.542,gz=-7.145,expected=-,pred=C,pred_conf=98.6,flex0_raw=461,flex0_norm=0.113,flex1_raw=461,flex1_norm=0.113,flex2_raw=457,flex2_norm=0.112,flex3_raw=585,flex3_norm=0.143,flex4_raw=505,flex4_norm=0.123",true
word-sequence-v1,session_20261005T212737_676Z,word_hello_0008,68,28780,721665,1791235849622,hello,words-draft,signer_03,neutral,0x70,-0.468000000000,0.712000000000,-0.646000000000,9.98500000000,29.3660000000,3.92400000000,460,460,456,584,505,"seq=28780,t_ms=721665,who=0x70,ax=-0.468,ay=0.712,az=-0.646,gx=9.985,gy=29.366,gz=3.924,expected=-,pred=C,pred_conf=97.5,flex0_raw=460,flex0_norm=0.112,flex1_raw=460,flex1_norm=0.112,flex2_raw=456,flex2_norm=0.111,flex3_raw=584,flex3_norm=0.143,flex4_raw=505,flex4_norm=0.123",true
word-sequence-v1,session_20261005T212737_676Z,word_hello_0008,69,28781,721690,1791235849656,hello,words-draft,signer_03,neutral,0x70,-0.297000000000,0.644000000000,-0.645000000000,10.8780000000,38.0840000000,0.962000000000,462,459,456,585,504,"seq=28781,t_ms=721690,who=0x70,ax=-0.297,ay=0.644,az=-0.645,gx=10.878,gy=38.084,gz=0.962,expected=-,pred=C,pred_conf=99.1,flex0_raw=462,flex0_norm=0.113,flex1_raw=459,flex1_norm=0.112,flex2_raw=456,flex2_norm=0.111,flex3_raw=585,flex3_norm=0.143,flex4_raw=504,flex4_norm=0.123",true
word-sequence-v1,session_20261005T212737_676Z,word_hello_0008,70,28782,721715,1791235849687,hello,words-draft,signer_03,neutral,0x70,-0.197000000000,0.610000000000,-0.724000000000,3.90800000000,11.4660000000,-2.36600000000,461,459,457,584,504,"seq=28782,t_ms=721715,who=0x70,ax=-0.197,ay=0.610,az=-0.724,gx=3.908,gy=11.466,gz=-2.366,expected=-,pred=C,pred_conf=98.3,flex0_raw=461,flex0_norm=0.113,flex1_raw=459,flex1_norm=0.112,flex2_raw=457,flex2_norm=0.112,flex3_raw=584,flex3_norm=0.143,flex4_raw=504,flex4_norm=0.123",true
word-sequence-v1,session_20261005T212737_676Z,word_hello_0008,71,28783,721740,1791235849724,hello,words-draft,signer_03,neutral,0x70,-0.0600000000000,0.594000000000,-0.812000000000,-3.91600000000,-21.9540000000,-0.718000000000,460,459,456,585,504,"seq=28783,t_ms=721740,who=0x70,ax=-0.060,ay=0.594,az=-0.812,gx=-3.916,gy=-21.954,gz=-0.718,expected=-,pred=C,pred_conf=97.1,flex0_raw=460,flex0_norm=0.112,flex1_raw=459,flex1_norm=0.112,flex2_raw=456,flex2_norm=0.111,flex3_raw=585,flex3_norm=0.143,flex4_raw=504,flex4_norm=0.123",true
word-sequence-v1,session_20261005T212737_676Z,word_hello_0008,72,28784,721765,1791235849753,hello,words-draft,signer_03,neutral,0x70,-0.0940000000000,0.610000000000,-0.838000000000,-7.99200000000,-28.3050000000,5.13000000000,460,460,457,585,503,"seq=28784,t_ms=721765,who=0x70,ax=-0.094,ay=0.610,az=-0.838,gx=-7.992,gy=-28.305,gz=5.130,expected=-,pred=C,pred_conf=97.2,flex0_raw=460,flex0_norm=0.112,flex1_raw=460,flex1_norm=0.112,flex2_raw=457,flex2_norm=0.112,flex3_raw=585,flex3_norm=0.143,flex4_raw=503,flex4_norm=0.123",true
word-sequence-v1,session_20261005T212737_676Z,word_hello_0008,73,28785,721790,1791235849790,hello,words-draft,signer_03,neutral,0x70,-0.213000000000,0.624000000000,-0.796000000000,-3.71000000000,0.908000000000,3.93900000000,460,459,456,585,503,"seq=28785,t_ms=721790,who=0x70,ax=-0.213,ay=0.624,az=-0.796,gx=-3.710,gy=0.908,gz=3.939,expected=-,pred=C,pred_conf=97.0,flex0_raw=460,flex0_norm=0.112,flex1_raw=459,flex1_norm=0.112,flex2_raw=456,flex2_norm=0.111,flex3_raw=585,flex3_norm=0.143,flex4_raw=503,flex4_norm=0.123",true
word-sequence-v1,session_20261005T212737_676Z,word_hello_0008,74,28786,721815,1791235849790,hello,words-draft,signer_03,neutral,0x70,-0.372000000000,0.658000000000,-0.760000000000,6.82400000000,17.3890000000,17.9770000000,461,460,455,585,504,"seq=28786,t_ms=721815,who=0x70,ax=-0.372,ay=0.658,az=-0.760,gx=6.824,gy=17.389,gz=17.977,expected=-,pred=C,pred_conf=98.6,flex0_raw=461,flex0_norm=0.113,flex1_raw=460,flex1_norm=0.112,flex2_raw=455,flex2_norm=0.111,flex3_raw=585,flex3_norm=0.143,flex4_raw=504,flex4_norm=0.123",true
word-sequence-v1,session_20261005T212737_676Z,word_hello_0008,75,28787,721840,1791235849818,hello,words-draft,signer_03,neutral,0x70,-0.319000000000,0.679000000000,-0.724000000000,6.46600000000,6.12200000000,11.7710000000,459,460,453,585,504,"seq=28787,t_ms=721840,who=0x70,ax=-0.319,ay=0.679,az=-0.724,gx=6.466,gy=6.122,gz=11.771,expected=-,pred=C,pred_conf=96.0,flex0_raw=459,flex0_norm=0.112,flex1_raw=460,flex1_norm=0.112,flex2_raw=453,flex2_norm=0.111,flex3_raw=585,flex3_norm=0.143,flex4_raw=504,flex4_norm=0.123",true
word-sequence-v1,session_20261005T212737_676Z,word_hello_0008,76,28788,721865,1791235849828,hello,words-draft,signer_03,neutral,0x70,-0.247000000000,0.638000000000,-0.713000000000,-3.15300000000,-7.86300000000,4.89300000000,459,459,453,584,504,"seq=28788,t_ms=721865,who=0x70,ax=-0.247,ay=0.638,az=-0.713,gx=-3.153,gy=-7.863,gz=4.893,expected=-,pred=C,pred_conf=95.5,flex0_raw=459,flex0_norm=0.112,flex1_raw=459,flex1_norm=0.112,flex2_raw=453,flex2_norm=0.111,flex3_raw=584,flex3_norm=0.143,flex4_raw=504,flex4_norm=0.123",true
word-sequence-v1,session_20261005T212737_676Z,word_hello_0008,77,28789,721890,1791235849858,hello,words-draft,signer_03,neutral,0x70,-0.241000000000,0.639000000000,-0.731000000000,-7.48900000000,-13.1760000000,3.41200000000,460,459,453,585,506,"seq=28789,t_ms=721890,who=0x70,ax=-0.241,ay=0.639,az=-0.731,gx=-7.489,gy=-13.176,gz=3.412,expected=-,pred=C,pred_conf=97.5,flex0_raw=460,flex0_norm=0.112,flex1_raw=459,flex1_norm=0.112,flex2_raw=453,flex2_norm=0.111,flex3_raw=585,flex3_norm=0.143,flex4_raw=506,flex4_norm=0.124",true
word-sequence-v1,session_20261005T212737_676Z,word_hello_0008,78,28790,721915,1791235849888,hello,words-draft,signer_03,neutral,0x70,-0.215000000000,0.646000000000,-0.755000000000,-5.55000000000,3.07600000000,-2.50400000000,459,459,453,584,504,"seq=28790,t_ms=721915,who=0x70,ax=-0.215,ay=0.646,az=-0.755,gx=-5.550,gy=3.076,gz=-2.504,expected=-,pred=C,pred_conf=95.5,flex0_raw=459,flex0_norm=0.112,flex1_raw=459,flex1_norm=0.112,flex2_raw=453,flex2_norm=0.111,flex3_raw=584,flex3_norm=0.143,flex4_raw=504,flex4_norm=0.123",true
word-sequence-v1,session_20261005T212737_676Z,word_hello_0008,79,28791,721940,1791235849922,hello,words-draft,signer_03,neutral,0x70,-0.186000000000,0.640000000000,-0.789000000000,-1.05300000000,11.4050000000,1.24400000000,460,460,453,585,504,"seq=28791,t_ms=721940,who=0x70,ax=-0.186,ay=0.640,az=-0.789,gx=-1.053,gy=11.405,gz=1.244,expected=-,pred=C,pred_conf=97.7,flex0_raw=460,flex0_norm=0.112,flex1_raw=460,flex1_norm=0.112,flex2_raw=453,flex2_norm=0.111,flex3_raw=585,flex3_norm=0.143,flex4_raw=504,flex4_norm=0.123",true
word-sequence-v1,session_20261005T212737_676Z,word_hello_0008,80,28792,721965,1791235849923,hello,words-draft,signer_03,neutral,0x70,-0.214000000000,0.649000000000,-0.760000000000,-0.366000000000,11.4580000000,7.42700000000,460,460,453,585,504,"seq=28792,t_ms=721965,who=0x70,ax=-0.214,ay=0.649,az=-0.760,gx=-0.366,gy=11.458,gz=7.427,expected=-,pred=C,pred_conf=97.7,flex0_raw=460,flex0_norm=0.112,flex1_raw=460,flex1_norm=0.112,flex2_raw=453,flex2_norm=0.111,flex3_raw=585,flex3_norm=0.143,flex4_raw=504,flex4_norm=0.123",true
word-sequence-v1,session_20261005T212737_676Z,word_hello_0008,81,28793,721990,1791235849951,hello,words-draft,signer_03,neutral,0x70,-0.240000000000,0.645000000000,-0.719000000000,-2.35100000000,4.22100000000,10.3970000000,460,460,453,585,504,"seq=28793,t_ms=721990,who=0x70,ax=-0.240,ay=0.645,az=-0.719,gx=-2.351,gy=4.221,gz=10.397,expected=-,pred=C,pred_conf=97.7,flex0_raw=460,flex0_norm=0.112,flex1_raw=460,flex1_norm=0.112,flex2_raw=453,flex2_norm=0.111,flex3_raw=585,flex3_norm=0.143,flex4_raw=504,flex4_norm=0.123",true
word-sequence-v1,session_20261005T212737_676Z,word_hello_0008,82,28794,722015,1791235849993,hello,words-draft,signer_03,neutral,0x70,-0.246000000000,0.633000000000,-0.754000000000,-3.61100000000,-1.68700000000,5.80200000000,460,459,453,584,504,"seq=28794,t_ms=722015,who=0x70,ax=-0.246,ay=0.633,az=-0.754,gx=-3.611,gy=-1.687,gz=5.802,expected=-,pred=C,pred_conf=97.4,flex0_raw=460,flex0_norm=0.112,flex1_raw=459,flex1_norm=0.112,flex2_raw=453,flex2_norm=0.111,flex3_raw=584,flex3_norm=0.143,flex4_raw=504,flex4_norm=0.123",true
word-sequence-v1,session_20261005T212737_676Z,word_hello_0008,83,28795,722040,1791235850016,hello,words-draft,signer_03,neutral,0x70,-0.237000000000,0.626000000000,-0.759000000000,-6.71000000000,0.405000000000,0.855000000000,461,459,452,584,504,"seq=28795,t_ms=722040,who=0x70,ax=-0.237,ay=0.626,az=-0.759,gx=-6.710,gy=0.405,gz=0.855,expected=-,pred=C,pred_conf=98.6,flex0_raw=461,flex0_norm=0.113,flex1_raw=459,flex1_norm=0.112,flex2_raw=452,flex2_norm=0.110,flex3_raw=584,flex3_norm=0.143,flex4_raw=504,flex4_norm=0.123",true
word-sequence-v1,session_20261005T212737_676Z,word_hello_0009,0,29183,731740,1791235859698,hello,words-draft,signer_04,neutral,0x70,-0.224000000000,0.644000000000,-0.733000000000,-5.16000000000,1.95400000000,0.305000000000,461,461,456,585,505,"seq=29183,t_ms=731740,who=0x70,ax=-0.224,ay=0.644,az=-0.733,gx=-5.160,gy=1.954,gz=0.305,expected=-,pred=C,pred_conf=98.7,flex0_raw=461,flex0_norm=0.113,flex1_raw=461,flex1_norm=0.113,flex2_raw=456,flex2_norm=0.111,flex3_raw=585,flex3_norm=0.143,flex4_raw=505,flex4_norm=0.123",true
word-sequence-v1,session_20261005T212737_676Z,word_hello_0009,1,29184,731765,1791235859730,hello,words-draft,signer_04,neutral,0x70,-0.225000000000,0.649000000000,-0.726000000000,-6.45000000000,0.282000000000,0.481000000000,461,461,456,585,505,"seq=29184,t_ms=731765,who=0x70,ax=-0.225,ay=0.649,az=-0.726,gx=-6.450,gy=0.282,gz=0.481,expected=-,pred=C,pred_conf=98.7,flex0_raw=461,flex0_norm=0.113,flex1_raw=461,flex1_norm=0.113,flex2_raw=456,flex2_norm=0.111,flex3_raw=585,flex3_norm=0.143,flex4_raw=505,flex4_norm=0.123",true
word-sequence-v1,session_20261005T212737_676Z,word_hello_0009,2,29185,731790,1791235859759,hello,words-draft,signer_04,neutral,0x70,-0.226000000000,0.652000000000,-0.754000000000,-5.50400000000,0.992000000000,0.420000000000,463,461,456,585,505,"seq=29185,t_ms=731790,who=0x70,ax=-0.226,ay=0.652,az=-0.754,gx=-5.504,gy=0.992,gz=0.420,expected=-,pred=C,pred_conf=99.6,flex0_raw=463,flex0_norm=0.113,flex1_raw=461,flex1_norm=0.113,flex2_raw=456,flex2_norm=0.111,flex3_raw=585,flex3_norm=0.143,flex4_raw=505,flex4_norm=0.123",true
word-sequence-v1,session_20261005T212737_676Z,word_hello_0009,3,29186,731815,1791235859791,hello,words-draft,signer_04,neutral,0x70,-0.239000000000,0.665000000000,-0.762000000000,-1.77100000000,3.13700000000,0.374000000000,461,461,455,585,504,"seq=29186,t_ms=731815,who=0x70,ax=-0.239,ay=0.665,az=-0.762,gx=-1.771,gy=3.137,gz=0.374,expected=-,pred=C,pred_conf=98.7,flex0_raw=461,flex0_norm=0.113,flex1_raw=461,flex1_norm=0.113,flex2_raw=455,flex2_norm=0.111,flex3_raw=585,flex3_norm=0.143,flex4_raw=504,flex4_norm=0.123",true
word-sequence-v1,session_20261005T212737_676Z,word_hello_0009,4,29187,731840,1791235859824,hello,words-draft,signer_04,neutral,0x70,-0.214000000000,0.648000000000,-0.717000000000,-0.130000000000,3.74000000000,0.733000000000,461,461,455,585,506,"seq=29187,t_ms=731840,who=0x70,ax=-0.214,ay=0.648,az=-0.717,gx=-0.130,gy=3.740,gz=0.733,expected=-,pred=C,pred_conf=98.8,flex0_raw=461,flex0_norm=0.113,flex1_raw=461,flex1_norm=0.113,flex2_raw=455,flex2_norm=0.111,flex3_raw=585,flex3_norm=0.143,flex4_raw=506,flex4_norm=0.124",true
word-sequence-v1,session_20261005T212737_676Z,word_hello_0009,5,29188,731865,1791235859825,hello,words-draft,signer_04,neutral,0x70,-0.196000000000,0.639000000000,-0.713000000000,-1.47300000000,2.05300000000,2.00800000000,461,460,453,585,505,"seq=29188,t_ms=731865,who=0x70,ax=-0.196,ay=0.639,az=-0.713,gx=-1.473,gy=2.053,gz=2.008,expected=-,pred=C,pred_conf=98.7,flex0_raw=461,flex0_norm=0.113,flex1_raw=460,flex1_norm=0.112,flex2_raw=453,flex2_norm=0.111,flex3_raw=585,flex3_norm=0.143,flex4_raw=505,flex4_norm=0.123",true
word-sequence-v1,session_20261005T212737_676Z,word_hello_0009,6,29189,731890,1791235859857,hello,words-draft,signer_04,neutral,0x70,-0.225000000000,0.641000000000,-0.744000000000,-2.81700000000,1.67900000000,2.64100000000,461,461,455,585,504,"seq=29189,t_ms=731890,who=0x70,ax=-0.225,ay=0.641,az=-0.744,gx=-2.817,gy=1.679,gz=2.641,expected=-,pred=C,pred_conf=98.7,flex0_raw=461,flex0_norm=0.113,flex1_raw=461,flex1_norm=0.113,flex2_raw=455,flex2_norm=0.111,flex3_raw=585,flex3_norm=0.143,flex4_raw=504,flex4_norm=0.123",true
word-sequence-v1,session_20261005T212737_676Z,word_hello_0009,7,29190,731915,1791235859890,hello,words-draft,signer_04,neutral,0x70,-0.226000000000,0.652000000000,-0.753000000000,-1.71000000000,3.72500000000,2.03100000000,461,460,455,584,505,"seq=29190,t_ms=731915,who=0x70,ax=-0.226,ay=0.652,az=-0.753,gx=-1.710,gy=3.725,gz=2.031,expected=-,pred=C,pred_conf=98.6,flex0_raw=461,flex0_norm=0.113,flex1_raw=460,flex1_norm=0.112,flex2_raw=455,flex2_norm=0.111,flex3_raw=584,flex3_norm=0.143,flex4_raw=505,flex4_norm=0.123",true
word-sequence-v1,session_20261005T212737_676Z,word_hello_0009,8,29191,731940,1791235859922,hello,words-draft,signer_04,neutral,0x70,-0.233000000000,0.654000000000,-0.759000000000,0.313000000000,4.67900000000,1.34400000000,461,461,455,585,505,"seq=29191,t_ms=731940,who=0x70,ax=-0.233,ay=0.654,az=-0.759,gx=0.313,gy=4.679,gz=1.344,expected=-,pred=C,pred_conf=98.8,flex0_raw=461,flex0_norm=0.113,flex1_raw=461,flex1_norm=0.113,flex2_raw=455,flex2_norm=0.111,flex3_raw=585,flex3_norm=0.143,flex4_raw=505,flex4_norm=0.123",true
word-sequence-v1,session_20261005T212737_676Z,word_hello_0009,9,29192,731965,1791235859955,hello,words-draft,signer_04,neutral,0x70,-0.222000000000,0.647000000000,-0.737000000000,-0.412000000000,2.29000000000,1.46600000000,460,460,455,586,504,"seq=29192,t_ms=731965,who=0x70,ax=-0.222,ay=0.647,az=-0.737,gx=-0.412,gy=2.290,gz=1.466,expected=-,pred=C,pred_conf=97.5,flex0_raw=460,flex0_norm=0.112,flex1_raw=460,flex1_norm=0.112,flex2_raw=455,flex2_norm=0.111,flex3_raw=586,flex3_norm=0.143,flex4_raw=504,flex4_norm=0.123",true
word-sequence-v1,session_20261005T212737_676Z,word_hello_0009,10,29193,731990,1791235859992,hello,words-draft,signer_04,neutral,0x70,-0.209000000000,0.631000000000,-0.730000000000,-2.66400000000,0.664000000000,1.13000000000,461,460,455,587,504,"seq=29193,t_ms=731990,who=0x70,ax=-0.209,ay=0.631,az=-0.730,gx=-2.664,gy=0.664,gz=1.130,expected=-,pred=C,pred_conf=98.6,flex0_raw=461,flex0_norm=0.113,flex1_raw=460,flex1_norm=0.112,flex2_raw=455,flex2_norm=0.111,flex3_raw=587,flex3_norm=0.143,flex4_raw=504,flex4_norm=0.123",true
word-sequence-v1,session_20261005T212737_676Z,word_hello_0009,11,29194,732015,1791235859993,hello,words-draft,signer_04,neutral,0x70,-0.218000000000,0.637000000000,-0.723000000000,-6.09900000000,0.183000000000,1.45000000000,461,460,454,585,505,"seq=29194,t_ms=732015,who=0x70,ax=-0.218,ay=0.637,az=-0.723,gx=-6.099,gy=0.183,gz=1.450,expected=-,pred=C,pred_conf=98.7,flex0_raw=461,flex0_norm=0.113,flex1_raw=460,flex1_norm=0.112,flex2_raw=454,flex2_norm=0.111,flex3_raw=585,flex3_norm=0.143,flex4_raw=505,flex4_norm=0.123",true
word-sequence-v1,session_20261005T212737_676Z,word_hello_0009,12,29195,732040,1791235860029,hello,words-draft,signer_04,neutral,0x70,-0.222000000000,0.641000000000,-0.726000000000,-7.64100000000,-0.389000000000,0.405000000000,461,460,454,585,505,"seq=29195,t_ms=732040,who=0x70,ax=-0.222,ay=0.641,az=-0.726,gx=-7.641,gy=-0.389,gz=0.405,expected=-,pred=C,pred_conf=98.7,flex0_raw=461,flex0_norm=0.113,flex1_raw=460,flex1_norm=0.112,flex2_raw=454,flex2_norm=0.111,flex3_raw=585,flex3_norm=0.143,flex4_raw=505,flex4_norm=0.123",true
word-sequence-v1,session_20261005T212737_676Z,word_hello_0009,13,29196,732065,1791235860030,hello,words-draft,signer_04,neutral,0x70,-0.220000000000,0.637000000000,-0.756000000000,-7.77100000000,0.160000000000,0.221000000000,461,461,455,585,505,"seq=29196,t_ms=732065,who=0x70,ax=-0.220,ay=0.637,az=-0.756,gx=-7.771,gy=0.160,gz=0.221,expected=-,pred=C,pred_conf=98.8,flex0_raw=461,flex0_norm=0.113,flex1_raw=461,flex1_norm=0.113,flex2_raw=455,flex2_norm=0.111,flex3_raw=585,flex3_norm=0.143,flex4_raw=505,flex4_norm=0.123",true
word-sequence-v1,session_20261005T212737_676Z,word_hello_0009,14,29197,732090,1791235860058,hello,words-draft,signer_04,neutral,0x70,-0.237000000000,0.650000000000,-0.732000000000,-6.17600000000,-0.214000000000,1.06100000000,461,461,455,585,504,"seq=29197,t_ms=732090,who=0x70,ax=-0.237,ay=0.650,az=-0.732,gx=-6.176,gy=-0.214,gz=1.061,expected=-,pred=C,pred_conf=98.7,flex0_raw=461,flex0_norm=0.113,flex1_raw=461,flex1_norm=0.113,flex2_raw=455,flex2_norm=0.111,flex3_raw=585,flex3_norm=0.143,flex4_raw=504,flex4_norm=0.123",true
word-sequence-v1,session_20261005T212737_676Z,word_hello_0009,15,29198,732115,1791235860088,hello,words-draft,signer_04,neutral,0x70,-0.241000000000,0.647000000000,-0.732000000000,-8.41200000000,-2.30500000000,1.85500000000,461,461,455,585,504,"seq=29198,t_ms=732115,who=0x70,ax=-0.241,ay=0.647,az=-0.732,gx=-8.412,gy=-2.305,gz=1.855,expected=-,pred=C,pred_conf=98.7,flex0_raw=461,flex0_norm=0.113,flex1_raw=461,flex1_norm=0.113,flex2_raw=455,flex2_norm=0.111,flex3_raw=585,flex3_norm=0.143,flex4_raw=504,flex4_norm=0.123",true
word-sequence-v1,session_20261005T212737_676Z,word_hello_0009,16,29199,732140,1791235860123,hello,words-draft,signer_04,neutral,0x70,-0.287000000000,0.637000000000,-0.686000000000,-6.93100000000,3.67900000000,1.42700000000,461,461,456,586,505,"seq=29199,t_ms=732140,who=0x70,ax=-0.287,ay=0.637,az=-0.686,gx=-6.931,gy=3.679,gz=1.427,expected=-,pred=C,pred_conf=98.7,flex0_raw=461,flex0_norm=0.113,flex1_raw=461,flex1_norm=0.113,flex2_raw=456,flex2_norm=0.111,flex3_raw=586,flex3_norm=0.143,flex4_raw=505,flex4_norm=0.123",true
word-sequence-v1,session_20261005T212737_676Z,word_hello_0009,17,29200,732165,1791235860123,hello,words-draft,signer_04,neutral,0x70,-0.280000000000,0.592000000000,-0.654000000000,-3.48100000000,10.7560000000,2.25200000000,462,461,456,585,506,"seq=29200,t_ms=732165,who=0x70,ax=-0.280,ay=0.592,az=-0.654,gx=-3.481,gy=10.756,gz=2.252,expected=-,pred=C,pred_conf=99.3,flex0_raw=462,flex0_norm=0.113,flex1_raw=461,flex1_norm=0.113,flex2_raw=456,flex2_norm=0.111,flex3_raw=585,flex3_norm=0.143,flex4_raw=506,flex4_norm=0.124",true
word-sequence-v1,session_20261005T212737_676Z,word_hello_0009,18,29201,732190,1791235860155,hello,words-draft,signer_04,neutral,0x70,-0.312000000000,0.620000000000,-0.613000000000,-6.59500000000,-3.19100000000,-0.969000000000,461,461,457,586,504,"seq=29201,t_ms=732190,who=0x70,ax=-0.312,ay=0.620,az=-0.613,gx=-6.595,gy=-3.191,gz=-0.969,expected=-,pred=C,pred_conf=98.6,flex0_raw=461,flex0_norm=0.113,flex1_raw=461,flex1_norm=0.113,flex2_raw=457,flex2_norm=0.112,flex3_raw=586,flex3_norm=0.143,flex4_raw=504,flex4_norm=0.123",true
word-sequence-v1,session_20261005T212737_676Z,word_hello_0009,19,29202,732215,1791235860188,hello,words-draft,signer_04,neutral,0x70,-0.342000000000,0.644000000000,-0.636000000000,-12.2060000000,-16.2900000000,1.58000000000,461,461,457,585,505,"seq=29202,t_ms=732215,who=0x70,ax=-0.342,ay=0.644,az=-0.636,gx=-12.206,gy=-16.290,gz=1.580,expected=-,pred=C,pred_conf=98.6,flex0_raw=461,flex0_norm=0.113,flex1_raw=461,flex1_norm=0.113,flex2_raw=457,flex2_norm=0.112,flex3_raw=585,flex3_norm=0.143,flex4_raw=505,flex4_norm=0.123",true
word-sequence-v1,session_20261005T212737_676Z,word_hello_0009,20,29203,732240,1791235860238,hello,words-draft,signer_04,neutral,0x70,-0.430000000000,0.655000000000,-0.674000000000,-16.6410000000,-35.3360000000,5.39700000000,461,461,456,586,505,"seq=29203,t_ms=732240,who=0x70,ax=-0.430,ay=0.655,az=-0.674,gx=-16.641,gy=-35.336,gz=5.397,expected=-,pred=C,pred_conf=98.7,flex0_raw=461,flex0_norm=0.113,flex1_raw=461,flex1_norm=0.113,flex2_raw=456,flex2_norm=0.111,flex3_raw=586,flex3_norm=0.143,flex4_raw=505,flex4_norm=0.123",true
word-sequence-v1,session_20261005T212737_676Z,word_hello_0009,21,29204,732265,1791235860241,hello,words-draft,signer_04,neutral,0x70,-0.396000000000,0.699000000000,-0.705000000000,-8.19800000000,-14.3740000000,8.55700000000,461,461,457,585,505,"seq=29204,t_ms=732265,who=0x70,ax=-0.396,ay=0.699,az=-0.705,gx=-8.198,gy=-14.374,gz=8.557,expected=-,pred=C,pred_conf=98.6,flex0_raw=461,flex0_norm=0.113,flex1_raw=461,flex1_norm=0.113,flex2_raw=457,flex2_norm=0.112,flex3_raw=585,flex3_norm=0.143,flex4_raw=505,flex4_norm=0.123",true
word-sequence-v1,session_20261005T212737_676Z,word_hello_0009,22,29205,732290,1791235860268,hello,words-draft,signer_04,neutral,0x70,-0.361000000000,0.689000000000,-0.662000000000,7.38900000000,31.1910000000,0.160000000000,461,461,457,587,505,"seq=29205,t_ms=732290,who=0x70,ax=-0.361,ay=0.689,az=-0.662,gx=7.389,gy=31.191,gz=0.160,expected=-,pred=C,pred_conf=98.6,flex0_raw=461,flex0_norm=0.113,flex1_raw=461,flex1_norm=0.113,flex2_raw=457,flex2_norm=0.112,flex3_raw=587,flex3_norm=0.143,flex4_raw=505,flex4_norm=0.123",true
word-sequence-v1,session_20261005T212737_676Z,word_hello_0009,23,29206,732315,1791235860270,hello,words-draft,signer_04,neutral,0x70,-0.277000000000,0.688000000000,-0.656000000000,22.1910000000,54.6410000000,-6.70200000000,462,462,457,587,506,"seq=29206,t_ms=732315,who=0x70,ax=-0.277,ay=0.688,az=-0.656,gx=22.191,gy=54.641,gz=-6.702,expected=-,pred=C,pred_conf=99.3,flex0_raw=462,flex0_norm=0.113,flex1_raw=462,flex1_norm=0.113,flex2_raw=457,flex2_norm=0.112,flex3_raw=587,flex3_norm=0.143,flex4_raw=506,flex4_norm=0.124",true
word-sequence-v1,session_20261005T212737_676Z,word_hello_0009,24,29207,732340,1791235860303,hello,words-draft,signer_04,neutral,0x70,-0.270000000000,0.669000000000,-0.674000000000,23.1760000000,57.5800000000,-4.26000000000,461,461,457,586,504,"seq=29207,t_ms=732340,who=0x70,ax=-0.270,ay=0.669,az=-0.674,gx=23.176,gy=57.580,gz=-4.260,expected=-,pred=C,pred_conf=98.6,flex0_raw=461,flex0_norm=0.113,flex1_raw=461,flex1_norm=0.113,flex2_raw=457,flex2_norm=0.112,flex3_raw=586,flex3_norm=0.143,flex4_raw=504,flex4_norm=0.123",true
word-sequence-v1,session_20261005T212737_676Z,word_hello_0009,25,29208,732365,1791235860330,hello,words-draft,signer_04,neutral,0x70,-0.264000000000,0.643000000000,-0.672000000000,17.2600000000,51.5040000000,-3.00800000000,461,461,457,585,505,"seq=29208,t_ms=732365,who=0x70,ax=-0.264,ay=0.643,az=-0.672,gx=17.260,gy=51.504,gz=-3.008,expected=-,pred=C,pred_conf=98.6,flex0_raw=461,flex0_norm=0.113,flex1_raw=461,flex1_norm=0.113,flex2_raw=457,flex2_norm=0.112,flex3_raw=585,flex3_norm=0.143,flex4_raw=505,flex4_norm=0.123",true
word-sequence-v1,session_20261005T212737_676Z,word_hello_0009,26,29209,732390,1791235860366,hello,words-draft,signer_04,neutral,0x70,-0.210000000000,0.637000000000,-0.696000000000,16.9390000000,38.1680000000,4.43500000000,461,460,456,587,505,"seq=29209,t_ms=732390,who=0x70,ax=-0.210,ay=0.637,az=-0.696,gx=16.939,gy=38.168,gz=4.435,expected=-,pred=C,pred_conf=98.5,flex0_raw=461,flex0_norm=0.113,flex1_raw=460,flex1_norm=0.112,flex2_raw=456,flex2_norm=0.111,flex3_raw=587,flex3_norm=0.143,flex4_raw=505,flex4_norm=0.123",true
word-sequence-v1,session_20261005T212737_676Z,word_hello_0009,27,29210,732415,1791235860397,hello,words-draft,signer_04,neutral,0x70,-0.160000000000,0.650000000000,-0.709000000000,17.4580000000,25.0380000000,12.0690000000,461,461,458,587,504,"seq=29210,t_ms=732415,who=0x70,ax=-0.160,ay=0.650,az=-0.709,gx=17.458,gy=25.038,gz=12.069,expected=-,pred=C,pred_conf=98.5,flex0_raw=461,flex0_norm=0.113,flex1_raw=461,flex1_norm=0.113,flex2_raw=458,flex2_norm=0.112,flex3_raw=587,flex3_norm=0.143,flex4_raw=504,flex4_norm=0.123",true
word-sequence-v1,session_20261005T212737_676Z,word_hello_0009,28,29211,732440,1791235860435,hello,words-draft,signer_04,neutral,0x70,-0.123000000000,0.540000000000,-0.758000000000,19.4580000000,31.9690000000,9.86300000000,477,477,458,585,505,"seq=29211,t_ms=732440,who=0x70,ax=-0.123,ay=0.540,az=-0.758,gx=19.458,gy=31.969,gz=9.863,expected=-,pred=C,pred_conf=99.2,flex0_raw=477,flex0_norm=0.116,flex1_raw=477,flex1_norm=0.116,flex2_raw=458,flex2_norm=0.112,flex3_raw=585,flex3_norm=0.143,flex4_raw=505,flex4_norm=0.123",true
word-sequence-v1,session_20261005T212737_676Z,word_hello_0009,29,29212,732465,1791235860436,hello,words-draft,signer_04,neutral,0x70,-0.0470000000000,0.511000000000,-0.801000000000,34.6560000000,47.6180000000,10.2670000000,479,477,457,584,506,"seq=29212,t_ms=732465,who=0x70,ax=-0.047,ay=0.511,az=-0.801,gx=34.656,gy=47.618,gz=10.267,expected=-,pred=C,pred_conf=98.8,flex0_raw=479,flex0_norm=0.117,flex1_raw=477,flex1_norm=0.116,flex2_raw=457,flex2_norm=0.112,flex3_raw=584,flex3_norm=0.143,flex4_raw=506,flex4_norm=0.124",true
word-sequence-v1,session_20261005T212737_676Z,word_hello_0009,30,29213,732490,1791235860462,hello,words-draft,signer_04,neutral,0x70,-0.00900000000000,0.429000000000,-0.805000000000,29.3740000000,49.8630000000,15.0690000000,478,477,459,584,504,"seq=29213,t_ms=732490,who=0x70,ax=-0.009,ay=0.429,az=-0.805,gx=29.374,gy=49.863,gz=15.069,expected=-,pred=C,pred_conf=99.0,flex0_raw=478,flex0_norm=0.117,flex1_raw=477,flex1_norm=0.116,flex2_raw=459,flex2_norm=0.112,flex3_raw=584,flex3_norm=0.143,flex4_raw=504,flex4_norm=0.123",true
word-sequence-v1,session_20261005T212737_676Z,word_hello_0009,31,29214,732515,1791235860481,hello,words-draft,signer_04,neutral,0x70,0.0940000000000,0.449000000000,-0.927000000000,29.0230000000,70.3820000000,10.8930000000,483,483,457,583,504,"seq=29214,t_ms=732515,who=0x70,ax=0.094,ay=0.449,az=-0.927,gx=29.023,gy=70.382,gz=10.893,expected=-,pred=C,pred_conf=79.6,flex0_raw=483,flex0_norm=0.118,flex1_raw=483,flex1_norm=0.118,flex2_raw=457,flex2_norm=0.112,flex3_raw=583,flex3_norm=0.142,flex4_raw=504,flex4_norm=0.123",true
word-sequence-v1,session_20261005T212737_676Z,word_hello_0009,32,29215,732540,1791235860541,hello,words-draft,signer_04,neutral,0x70,0.212000000000,0.497000000000,-0.889000000000,23.1530000000,54.5270000000,25.5110000000,479,478,459,581,504,"seq=29215,t_ms=732540,who=0x70,ax=0.212,ay=0.497,az=-0.889,gx=23.153,gy=54.527,gz=25.511,expected=-,pred=C,pred_conf=98.2,flex0_raw=479,flex0_norm=0.117,flex1_raw=478,flex1_norm=0.117,flex2_raw=459,flex2_norm=0.112,flex3_raw=581,flex3_norm=0.142,flex4_raw=504,flex4_norm=0.123",true
word-sequence-v1,session_20261005T212737_676Z,word_hello_0009,33,29216,732565,1791235860542,hello,words-draft,signer_04,neutral,0x70,0.150000000000,0.523000000000,-0.909000000000,13.5650000000,26.7630000000,31.5570000000,477,477,459,581,505,"seq=29216,t_ms=732565,who=0x70,ax=0.150,ay=0.523,az=-0.909,gx=13.565,gy=26.763,gz=31.557,expected=-,pred=C,pred_conf=99.2,flex0_raw=477,flex0_norm=0.116,flex1_raw=477,flex1_norm=0.116,flex2_raw=459,flex2_norm=0.112,flex3_raw=581,flex3_norm=0.142,flex4_raw=505,flex4_norm=0.123",true
word-sequence-v1,session_20261005T212737_676Z,word_hello_0009,34,29217,732590,1791235860582,hello,words-draft,signer_04,neutral,0x70,0.139000000000,0.509000000000,-1.01900000000,7.06900000000,15.0760000000,25.5040000000,477,478,459,581,504,"seq=29217,t_ms=732590,who=0x70,ax=0.139,ay=0.509,az=-1.019,gx=7.069,gy=15.076,gz=25.504,expected=-,pred=C,pred_conf=98.9,flex0_raw=477,flex0_norm=0.116,flex1_raw=478,flex1_norm=0.117,flex2_raw=459,flex2_norm=0.112,flex3_raw=581,flex3_norm=0.142,flex4_raw=504,flex4_norm=0.123",true
word-sequence-v1,session_20261005T212737_676Z,word_hello_0009,35,29218,732615,1791235860582,hello,words-draft,signer_04,neutral,0x70,0.180000000000,0.524000000000,-1.04600000000,-1.38900000000,6.93900000000,15.9080000000,478,478,459,581,504,"seq=29218,t_ms=732615,who=0x70,ax=0.180,ay=0.524,az=-1.046,gx=-1.389,gy=6.939,gz=15.908,expected=-,pred=C,pred_conf=98.6,flex0_raw=478,flex0_norm=0.117,flex1_raw=478,flex1_norm=0.117,flex2_raw=459,flex2_norm=0.112,flex3_raw=581,flex3_norm=0.142,flex4_raw=504,flex4_norm=0.123",true
word-sequence-v1,session_20261005T212737_676Z,word_hello_0009,36,29219,732640,1791235860604,hello,words-draft,signer_04,neutral,0x70,0.177000000000,0.547000000000,-1.01000000000,-6.19800000000,4.00800000000,13.1300000000,478,477,459,581,504,"seq=29219,t_ms=732640,who=0x70,ax=0.177,ay=0.547,az=-1.010,gx=-6.198,gy=4.008,gz=13.130,expected=-,pred=C,pred_conf=99.0,flex0_raw=478,flex0_norm=0.117,flex1_raw=477,flex1_norm=0.116,flex2_raw=459,flex2_norm=0.112,flex3_raw=581,flex3_norm=0.142,flex4_raw=504,flex4_norm=0.123",true
word-sequence-v1,session_20261005T212737_676Z,word_hello_0009,37,29220,732665,1791235860628,hello,words-draft,signer_04,neutral,0x70,0.0920000000000,0.581000000000,-0.996000000000,-6.59500000000,2.98500000000,5.91600000000,478,477,459,581,504,"seq=29220,t_ms=732665,who=0x70,ax=0.092,ay=0.581,az=-0.996,gx=-6.595,gy=2.985,gz=5.916,expected=-,pred=C,pred_conf=99.0,flex0_raw=478,flex0_norm=0.117,flex1_raw=477,flex1_norm=0.116,flex2_raw=459,flex2_norm=0.112,flex3_raw=581,flex3_norm=0.142,flex4_raw=504,flex4_norm=0.123",true
word-sequence-v1,session_20261005T212737_676Z,word_hello_0009,38,29221,732690,1791235860665,hello,words-draft,signer_04,neutral,0x70,0.103000000000,0.591000000000,-0.976000000000,-9.22100000000,-5.19800000000,0.855000000000,478,477,458,581,504,"seq=29221,t_ms=732690,who=0x70,ax=0.103,ay=0.591,az=-0.976,gx=-9.221,gy=-5.198,gz=0.855,expected=-,pred=C,pred_conf=99.0,flex0_raw=478,flex0_norm=0.117,flex1_raw=477,flex1_norm=0.116,flex2_raw=458,flex2_norm=0.112,flex3_raw=581,flex3_norm=0.142,flex4_raw=504,flex4_norm=0.123",true
word-sequence-v1,session_20261005T212737_676Z,word_hello_0009,39,29222,732715,1791235860697,hello,words-draft,signer_04,neutral,0x70,0.131000000000,0.572000000000,-0.987000000000,-13.1370000000,-12.9920000000,-1.97700000000,477,477,459,581,505,"seq=29222,t_ms=732715,who=0x70,ax=0.131,ay=0.572,az=-0.987,gx=-13.137,gy=-12.992,gz=-1.977,expected=-,pred=C,pred_conf=99.2,flex0_raw=477,flex0_norm=0.116,flex1_raw=477,flex1_norm=0.116,flex2_raw=459,flex2_norm=0.112,flex3_raw=581,flex3_norm=0.142,flex4_raw=505,flex4_norm=0.123",true
word-sequence-v1,session_20261005T212737_676Z,word_hello_0009,40,29223,732740,1791235860732,hello,words-draft,signer_04,neutral,0x70,0.116000000000,0.543000000000,-1.01500000000,-17.2520000000,-16.7790000000,-5.04600000000,481,477,459,580,504,"seq=29223,t_ms=732740,who=0x70,ax=0.116,ay=0.543,az=-1.015,gx=-17.252,gy=-16.779,gz=-5.046,expected=-,pred=C,pred_conf=97.9,flex0_raw=481,flex0_norm=0.117,flex1_raw=477,flex1_norm=0.116,flex2_raw=459,flex2_norm=0.112,flex3_raw=580,flex3_norm=0.142,flex4_raw=504,flex4_norm=0.123",true
word-sequence-v1,session_20261005T212737_676Z,word_hello_0009,41,29224,732765,1791235860733,hello,words-draft,signer_04,neutral,0x70,0.120000000000,0.551000000000,-1.01400000000,-17.2290000000,-9.09200000000,-11.8240000000,477,477,459,582,504,"seq=29224,t_ms=732765,who=0x70,ax=0.120,ay=0.551,az=-1.014,gx=-17.229,gy=-9.092,gz=-11.824,expected=-,pred=C,pred_conf=99.2,flex0_raw=477,flex0_norm=0.116,flex1_raw=477,flex1_norm=0.116,flex2_raw=459,flex2_norm=0.112,flex3_raw=582,flex3_norm=0.142,flex4_raw=504,flex4_norm=0.123",true
word-sequence-v1,session_20261005T212737_676Z,word_hello_0009,42,29225,732790,1791235860768,hello,words-draft,signer_04,neutral,0x70,0.143000000000,0.546000000000,-0.995000000000,-17.2820000000,-8.84000000000,-15.7330000000,479,477,459,582,504,"seq=29225,t_ms=732790,who=0x70,ax=0.143,ay=0.546,az=-0.995,gx=-17.282,gy=-8.840,gz=-15.733,expected=-,pred=C,pred_conf=98.7,flex0_raw=479,flex0_norm=0.117,flex1_raw=477,flex1_norm=0.116,flex2_raw=459,flex2_norm=0.112,flex3_raw=582,flex3_norm=0.142,flex4_raw=504,flex4_norm=0.123",true
word-sequence-v1,session_20261005T212737_676Z,word_hello_0009,43,29226,732815,1791235860795,hello,words-draft,signer_04,neutral,0x70,0.103000000000,0.534000000000,-0.968000000000,-25.2820000000,-17.8320000000,-14.0310000000,477,477,458,581,504,"seq=29226,t_ms=732815,who=0x70,ax=0.103,ay=0.534,az=-0.968,gx=-25.282,gy=-17.832,gz=-14.031,expected=-,pred=C,pred_conf=99.2,flex0_raw=477,flex0_norm=0.116,flex1_raw=477,flex1_norm=0.116,flex2_raw=458,flex2_norm=0.112,flex3_raw=581,flex3_norm=0.142,flex4_raw=504,flex4_norm=0.123",true
word-sequence-v1,session_20261005T212737_676Z,word_hello_0009,44,29227,732840,1791235860834,hello,words-draft,signer_04,neutral,0x70,0.0560000000000,0.538000000000,-0.918000000000,-27.8170000000,-10.4660000000,-22.7100000000,476,476,459,582,505,"seq=29227,t_ms=732840,who=0x70,ax=0.056,ay=0.538,az=-0.918,gx=-27.817,gy=-10.466,gz=-22.710,expected=-,pred=C,pred_conf=99.5,flex0_raw=476,flex0_norm=0.116,flex1_raw=476,flex1_norm=0.116,flex2_raw=459,flex2_norm=0.112,flex3_raw=582,flex3_norm=0.142,flex4_raw=505,flex4_norm=0.123",true
word-sequence-v1,session_20261005T212737_676Z,word_hello_0009,45,29228,732865,1791235860838,hello,words-draft,signer_04,neutral,0x70,0.0330000000000,0.537000000000,-0.865000000000,-34.0530000000,-15.1680000000,-31.2370000000,477,476,459,583,505,"seq=29228,t_ms=732865,who=0x70,ax=0.033,ay=0.537,az=-0.865,gx=-34.053,gy=-15.168,gz=-31.237,expected=-,pred=C,pred_conf=99.4,flex0_raw=477,flex0_norm=0.116,flex1_raw=476,flex1_norm=0.116,flex2_raw=459,flex2_norm=0.112,flex3_raw=583,flex3_norm=0.142,flex4_raw=505,flex4_norm=0.123",true
word-sequence-v1,session_20261005T212737_676Z,word_hello_0009,46,29229,732890,1791235860869,hello,words-draft,signer_04,neutral,0x70,0.0220000000000,0.531000000000,-0.790000000000,-45.3510000000,-44.2060000000,-35.3660000000,477,476,457,584,505,"seq=29229,t_ms=732890,who=0x70,ax=0.022,ay=0.531,az=-0.790,gx=-45.351,gy=-44.206,gz=-35.366,expected=-,pred=C,pred_conf=99.4,flex0_raw=477,flex0_norm=0.116,flex1_raw=476,flex1_norm=0.116,flex2_raw=457,flex2_norm=0.112,flex3_raw=584,flex3_norm=0.143,flex4_raw=505,flex4_norm=0.123",true
word-sequence-v1,session_20261005T212737_676Z,word_hello_0009,47,29230,732915,1791235860871,hello,words-draft,signer_04,neutral,0x70,-0.0200000000000,0.549000000000,-0.711000000000,-54.3280000000,-83.7180000000,-27.7860000000,476,477,459,583,505,"seq=29230,t_ms=732915,who=0x70,ax=-0.020,ay=0.549,az=-0.711,gx=-54.328,gy=-83.718,gz=-27.786,expected=-,pred=C,pred_conf=99.4,flex0_raw=476,flex0_norm=0.116,flex1_raw=477,flex1_norm=0.116,flex2_raw=459,flex2_norm=0.112,flex3_raw=583,flex3_norm=0.142,flex4_raw=505,flex4_norm=0.123",true
word-sequence-v1,session_20261005T212737_676Z,word_hello_0009,48,29231,732940,1791235860898,hello,words-draft,signer_04,neutral,0x70,-0.197000000000,0.591000000000,-0.634000000000,-69.0230000000,-113.557000000,-25.2900000000,476,477,457,582,504,"seq=29231,t_ms=732940,who=0x70,ax=-0.197,ay=0.591,az=-0.634,gx=-69.023,gy=-113.557,gz=-25.290,expected=-,pred=C,pred_conf=99.4,flex0_raw=476,flex0_norm=0.116,flex1_raw=477,flex1_norm=0.116,flex2_raw=457,flex2_norm=0.112,flex3_raw=582,flex3_norm=0.142,flex4_raw=504,flex4_norm=0.123",true
word-sequence-v1,session_20261005T212737_676Z,word_hello_0009,49,29232,732965,1791235860928,hello,words-draft,signer_04,neutral,0x70,-0.301000000000,0.644000000000,-0.604000000000,-66.0150000000,-96.2440000000,-37.5880000000,477,477,458,583,503,"seq=29232,t_ms=732965,who=0x70,ax=-0.301,ay=0.644,az=-0.604,gx=-66.015,gy=-96.244,gz=-37.588,expected=-,pred=C,pred_conf=99.2,flex0_raw=477,flex0_norm=0.116,flex1_raw=477,flex1_norm=0.116,flex2_raw=458,flex2_norm=0.112,flex3_raw=583,flex3_norm=0.142,flex4_raw=503,flex4_norm=0.123",true
word-sequence-v1,session_20261005T212737_676Z,word_hello_0009,50,29233,732990,1791235860964,hello,words-draft,signer_04,neutral,0x70,-0.299000000000,0.693000000000,-0.604000000000,-52.3890000000,-75.0690000000,-35.7860000000,477,477,459,583,503,"seq=29233,t_ms=732990,who=0x70,ax=-0.299,ay=0.693,az=-0.604,gx=-52.389,gy=-75.069,gz=-35.786,expected=-,pred=C,pred_conf=99.2,flex0_raw=477,flex0_norm=0.116,flex1_raw=477,flex1_norm=0.116,flex2_raw=459,flex2_norm=0.112,flex3_raw=583,flex3_norm=0.142,flex4_raw=503,flex4_norm=0.123",true
word-sequence-v1,session_20261005T212737_676Z,word_hello_0009,51,29234,733015,1791235861000,hello,words-draft,signer_04,neutral,0x70,-0.345000000000,0.629000000000,-0.652000000000,-34.7560000000,-52.3660000000,-26.2820000000,477,476,458,583,505,"seq=29234,t_ms=733015,who=0x70,ax=-0.345,ay=0.629,az=-0.652,gx=-34.756,gy=-52.366,gz=-26.282,expected=-,pred=C,pred_conf=99.4,flex0_raw=477,flex0_norm=0.116,flex1_raw=476,flex1_norm=0.116,flex2_raw=458,flex2_norm=0.112,flex3_raw=583,flex3_norm=0.142,flex4_raw=505,flex4_norm=0.123",true
word-sequence-v1,session_20261005T212737_676Z,word_hello_0009,52,29235,733040,1791235861028,hello,words-draft,signer_04,neutral,0x70,-0.404000000000,0.617000000000,-0.625000000000,-17.9540000000,-22.1830000000,-21.9080000000,477,476,458,584,505,"seq=29235,t_ms=733040,who=0x70,ax=-0.404,ay=0.617,az=-0.625,gx=-17.954,gy=-22.183,gz=-21.908,expected=-,pred=C,pred_conf=99.4,flex0_raw=477,flex0_norm=0.116,flex1_raw=476,flex1_norm=0.116,flex2_raw=458,flex2_norm=0.112,flex3_raw=584,flex3_norm=0.143,flex4_raw=505,flex4_norm=0.123",true
word-sequence-v1,session_20261005T212737_676Z,word_hello_0009,53,29236,733065,1791235861064,hello,words-draft,signer_04,neutral,0x70,-0.395000000000,0.667000000000,-0.575000000000,-9.50400000000,-3.26000000000,-23.1980000000,475,475,458,584,505,"seq=29236,t_ms=733065,who=0x70,ax=-0.395,ay=0.667,az=-0.575,gx=-9.504,gy=-3.260,gz=-23.198,expected=-,pred=C,pred_conf=99.7,flex0_raw=475,flex0_norm=0.116,flex1_raw=475,flex1_norm=0.116,flex2_raw=458,flex2_norm=0.112,flex3_raw=584,flex3_norm=0.143,flex4_raw=505,flex4_norm=0.123",true
word-sequence-v1,session_20261005T212737_676Z,word_hello_0009,54,29237,733090,1791235861064,hello,words-draft,signer_04,neutral,0x70,-0.322000000000,0.685000000000,-0.549000000000,-13.9620000000,-7.04600000000,-19.4660000000,472,471,457,585,504,"seq=29237,t_ms=733090,who=0x70,ax=-0.322,ay=0.685,az=-0.549,gx=-13.962,gy=-7.046,gz=-19.466,expected=-,pred=C,pred_conf=100.0,flex0_raw=472,flex0_norm=0.115,flex1_raw=471,flex1_norm=0.115,flex2_raw=457,flex2_norm=0.112,flex3_raw=585,flex3_norm=0.143,flex4_raw=504,flex4_norm=0.123",true
word-sequence-v1,session_20261005T212737_676Z,word_hello_0009,55,29238,733115,1791235861093,hello,words-draft,signer_04,neutral,0x70,-0.336000000000,0.633000000000,-0.594000000000,-20.6110000000,-7.98500000000,-12.6870000000,472,473,457,584,504,"seq=29238,t_ms=733115,who=0x70,ax=-0.336,ay=0.633,az=-0.594,gx=-20.611,gy=-7.985,gz=-12.687,expected=-,pred=C,pred_conf=99.9,flex0_raw=472,flex0_norm=0.115,flex1_raw=473,flex1_norm=0.116,flex2_raw=457,flex2_norm=0.112,flex3_raw=584,flex3_norm=0.143,flex4_raw=504,flex4_norm=0.123",true
word-sequence-v1,session_20261005T212737_676Z,word_hello_0009,56,29239,733140,1791235861132,hello,words-draft,signer_04,neutral,0x70,-0.329000000000,0.637000000000,-0.639000000000,-18.7100000000,-0.160000000000,-13.5650000000,473,472,457,585,505,"seq=29239,t_ms=733140,who=0x70,ax=-0.329,ay=0.637,az=-0.639,gx=-18.710,gy=-0.160,gz=-13.565,expected=-,pred=C,pred_conf=99.9,flex0_raw=473,flex0_norm=0.116,flex1_raw=472,flex1_norm=0.115,flex2_raw=457,flex2_norm=0.112,flex3_raw=585,flex3_norm=0.143,flex4_raw=505,flex4_norm=0.123",true
word-sequence-v1,session_20261005T212737_676Z,word_hello_0009,57,29240,733165,1791235861138,hello,words-draft,signer_04,neutral,0x70,-0.275000000000,0.631000000000,-0.695000000000,-23.1070000000,0.916000000000,-14.9080000000,471,471,456,584,505,"seq=29240,t_ms=733165,who=0x70,ax=-0.275,ay=0.631,az=-0.695,gx=-23.107,gy=0.916,gz=-14.908,expected=-,pred=C,pred_conf=100.0,flex0_raw=471,flex0_norm=0.115,flex1_raw=471,flex1_norm=0.115,flex2_raw=456,flex2_norm=0.111,flex3_raw=584,flex3_norm=0.143,flex4_raw=505,flex4_norm=0.123",true
word-sequence-v1,session_20261005T212737_676Z,word_hello_0009,58,29241,733190,1791235861171,hello,words-draft,signer_04,neutral,0x70,-0.315000000000,0.662000000000,-0.739000000000,-19.5500000000,5.41200000000,-5.97700000000,460,460,457,585,506,"seq=29241,t_ms=733190,who=0x70,ax=-0.315,ay=0.662,az=-0.739,gx=-19.550,gy=5.412,gz=-5.977,expected=-,pred=C,pred_conf=97.4,flex0_raw=460,flex0_norm=0.112,flex1_raw=460,flex1_norm=0.112,flex2_raw=457,flex2_norm=0.112,flex3_raw=585,flex3_norm=0.143,flex4_raw=506,flex4_norm=0.124",true
word-sequence-v1,session_20261005T212737_676Z,word_hello_0009,59,29242,733215,1791235861172,hello,words-draft,signer_04,neutral,0x70,-0.389000000000,0.676000000000,-0.693000000000,1.07600000000,33.6720000000,-6.48900000000,459,459,456,585,505,"seq=29242,t_ms=733215,who=0x70,ax=-0.389,ay=0.676,az=-0.693,gx=1.076,gy=33.672,gz=-6.489,expected=-,pred=C,pred_conf=95.0,flex0_raw=459,flex0_norm=0.112,flex1_raw=459,flex1_norm=0.112,flex2_raw=456,flex2_norm=0.111,flex3_raw=585,flex3_norm=0.143,flex4_raw=505,flex4_norm=0.123",true
word-sequence-v1,session_20261005T212737_676Z,word_hello_0009,60,29243,733240,1791235861210,hello,words-draft,signer_04,neutral,0x70,-0.380000000000,0.710000000000,-0.671000000000,15.5650000000,44.3210000000,-2.42700000000,459,458,455,585,505,"seq=29243,t_ms=733240,who=0x70,ax=-0.380,ay=0.710,az=-0.671,gx=15.565,gy=44.321,gz=-2.427,expected=-,pred=C,pred_conf=94.6,flex0_raw=459,flex0_norm=0.112,flex1_raw=458,flex1_norm=0.112,flex2_raw=455,flex2_norm=0.111,flex3_raw=585,flex3_norm=0.143,flex4_raw=505,flex4_norm=0.123",true
word-sequence-v1,session_20261005T212737_676Z,word_hello_0009,61,29244,733265,1791235861236,hello,words-draft,signer_04,neutral,0x70,-0.341000000000,0.674000000000,-0.666000000000,10.7480000000,31.2670000000,8.11500000000,457,458,453,585,505,"seq=29244,t_ms=733265,who=0x70,ax=-0.341,ay=0.674,az=-0.666,gx=10.748,gy=31.267,gz=8.115,expected=-,pred=C,pred_conf=84.0,flex0_raw=457,flex0_norm=0.112,flex1_raw=458,flex1_norm=0.112,flex2_raw=453,flex2_norm=0.111,flex3_raw=585,flex3_norm=0.143,flex4_raw=505,flex4_norm=0.123",true
word-sequence-v1,session_20261005T212737_676Z,word_hello_0009,62,29245,733290,1791235861259,hello,words-draft,signer_04,neutral,0x70,-0.383000000000,0.699000000000,-0.571000000000,2.16800000000,11.8090000000,0.305000000000,457,459,453,584,505,"seq=29245,t_ms=733290,who=0x70,ax=-0.383,ay=0.699,az=-0.571,gx=2.168,gy=11.809,gz=0.305,expected=-,pred=C,pred_conf=86.2,flex0_raw=457,flex0_norm=0.112,flex1_raw=459,flex1_norm=0.112,flex2_raw=453,flex2_norm=0.111,flex3_raw=584,flex3_norm=0.143,flex4_raw=505,flex4_norm=0.123",true
word-sequence-v1,session_20261005T212737_676Z,word_hello_0009,63,29246,733315,1791235861290,hello,words-draft,signer_04,neutral,0x70,-0.303000000000,0.659000000000,-0.653000000000,-8.72500000000,-19.3360000000,-3.01500000000,459,459,447,585,505,"seq=29246,t_ms=733315,who=0x70,ax=-0.303,ay=0.659,az=-0.653,gx=-8.725,gy=-19.336,gz=-3.015,expected=-,pred=C,pred_conf=96.6,flex0_raw=459,flex0_norm=0.112,flex1_raw=459,flex1_norm=0.112,flex2_raw=447,flex2_norm=0.109,flex3_raw=585,flex3_norm=0.143,flex4_raw=505,flex4_norm=0.123",true
word-sequence-v1,session_20261005T212737_676Z,word_hello_0009,64,29247,733340,1791235861319,hello,words-draft,signer_04,neutral,0x70,-0.285000000000,0.645000000000,-0.748000000000,-7.74000000000,-15.2600000000,-3.44300000000,458,459,447,585,507,"seq=29247,t_ms=733340,who=0x70,ax=-0.285,ay=0.645,az=-0.748,gx=-7.740,gy=-15.260,gz=-3.443,expected=-,pred=C,pred_conf=94.4,flex0_raw=458,flex0_norm=0.112,flex1_raw=459,flex1_norm=0.112,flex2_raw=447,flex2_norm=0.109,flex3_raw=585,flex3_norm=0.143,flex4_raw=507,flex4_norm=0.124",true
word-sequence-v1,session_20261005T212737_676Z,word_hello_0009,65,29248,733365,1791235861320,hello,words-draft,signer_04,neutral,0x70,-0.314000000000,0.645000000000,-0.737000000000,-0.863000000000,17.9850000000,-1.01500000000,459,459,447,585,506,"seq=29248,t_ms=733365,who=0x70,ax=-0.314,ay=0.645,az=-0.737,gx=-0.863,gy=17.985,gz=-1.015,expected=-,pred=C,pred_conf=96.7,flex0_raw=459,flex0_norm=0.112,flex1_raw=459,flex1_norm=0.112,flex2_raw=447,flex2_norm=0.109,flex3_raw=585,flex3_norm=0.143,flex4_raw=506,flex4_norm=0.124",true
word-sequence-v1,session_20261005T212737_676Z,word_hello_0009,66,29249,733390,1791235861349,hello,words-draft,signer_04,neutral,0x70,-0.300000000000,0.635000000000,-0.720000000000,5.67900000000,24.1070000000,1.08400000000,459,458,452,585,504,"seq=29249,t_ms=733390,who=0x70,ax=-0.300,ay=0.635,az=-0.720,gx=5.679,gy=24.107,gz=1.084,expected=-,pred=C,pred_conf=95.2,flex0_raw=459,flex0_norm=0.112,flex1_raw=458,flex1_norm=0.112,flex2_raw=452,flex2_norm=0.110,flex3_raw=585,flex3_norm=0.143,flex4_raw=504,flex4_norm=0.123",true
word-sequence-v1,session_20261005T212737_676Z,word_hello_0009,67,29250,733415,1791235861388,hello,words-draft,signer_04,neutral,0x70,-0.304000000000,0.667000000000,-0.718000000000,9.41200000000,-0.168000000000,1.80900000000,459,458,445,585,504,"seq=29250,t_ms=733415,who=0x70,ax=-0.304,ay=0.667,az=-0.718,gx=9.412,gy=-0.168,gz=1.809,expected=-,pred=C,pred_conf=96.5,flex0_raw=459,flex0_norm=0.112,flex1_raw=458,flex1_norm=0.112,flex2_raw=445,flex2_norm=0.109,flex3_raw=585,flex3_norm=0.143,flex4_raw=504,flex4_norm=0.123",true
word-sequence-v1,session_20261005T212737_676Z,word_hello_0009,68,29251,733440,1791235861413,hello,words-draft,signer_04,neutral,0x70,-0.302000000000,0.658000000000,-0.714000000000,4.91600000000,-10.5270000000,1.65600000000,459,458,445,585,505,"seq=29251,t_ms=733440,who=0x70,ax=-0.302,ay=0.658,az=-0.714,gx=4.916,gy=-10.527,gz=1.656,expected=-,pred=C,pred_conf=96.5,flex0_raw=459,flex0_norm=0.112,flex1_raw=458,flex1_norm=0.112,flex2_raw=445,flex2_norm=0.109,flex3_raw=585,flex3_norm=0.143,flex4_raw=505,flex4_norm=0.123",true
word-sequence-v1,session_20261005T212737_676Z,word_hello_0009,69,29252,733465,1791235861448,hello,words-draft,signer_04,neutral,0x70,-0.287000000000,0.649000000000,-0.692000000000,5.04600000000,-23.6560000000,11.9240000000,459,457,446,585,505,"seq=29252,t_ms=733465,who=0x70,ax=-0.287,ay=0.649,az=-0.692,gx=5.046,gy=-23.656,gz=11.924,expected=-,pred=C,pred_conf=95.9,flex0_raw=459,flex0_norm=0.112,flex1_raw=457,flex1_norm=0.112,flex2_raw=446,flex2_norm=0.109,flex3_raw=585,flex3_norm=0.143,flex4_raw=505,flex4_norm=0.123",true
word-sequence-v1,session_20261005T212737_676Z,word_hello_0009,70,29253,733490,1791235861489,hello,words-draft,signer_04,neutral,0x70,-0.299000000000,0.628000000000,-0.678000000000,-0.878000000000,-12.2600000000,11.3130000000,458,456,446,584,505,"seq=29253,t_ms=733490,who=0x70,ax=-0.299,ay=0.628,az=-0.678,gx=-0.878,gy=-12.260,gz=11.313,expected=-,pred=C,pred_conf=92.5,flex0_raw=458,flex0_norm=0.112,flex1_raw=456,flex1_norm=0.111,flex2_raw=446,flex2_norm=0.109,flex3_raw=584,flex3_norm=0.143,flex4_raw=505,flex4_norm=0.123",true
word-sequence-v1,session_20261005T212737_676Z,word_hello_0009,71,29254,733515,1791235861490,hello,words-draft,signer_04,neutral,0x70,-0.300000000000,0.644000000000,-0.673000000000,-7.71000000000,-11.1600000000,12.2750000000,458,457,445,584,505,"seq=29254,t_ms=733515,who=0x70,ax=-0.300,ay=0.644,az=-0.673,gx=-7.710,gy=-11.160,gz=12.275,expected=-,pred=C,pred_conf=93.5,flex0_raw=458,flex0_norm=0.112,flex1_raw=457,flex1_norm=0.112,flex2_raw=445,flex2_norm=0.109,flex3_raw=584,flex3_norm=0.143,flex4_raw=505,flex4_norm=0.123",true
word-sequence-v1,session_20261005T212737_676Z,word_hello_0009,72,29255,733540,1791235861512,hello,words-draft,signer_04,neutral,0x70,-0.292000000000,0.626000000000,-0.748000000000,-9.67200000000,-6.73300000000,8.26000000000,457,457,446,584,505,"seq=29255,t_ms=733540,who=0x70,ax=-0.292,ay=0.626,az=-0.748,gx=-9.672,gy=-6.733,gz=8.260,expected=-,pred=C,pred_conf=87.6,flex0_raw=457,flex0_norm=0.112,flex1_raw=457,flex1_norm=0.112,flex2_raw=446,flex2_norm=0.109,flex3_raw=584,flex3_norm=0.143,flex4_raw=505,flex4_norm=0.123",true
word-sequence-v1,session_20261005T212737_676Z,word_hello_0009,73,29256,733565,1791235861534,hello,words-draft,signer_04,neutral,0x70,-0.305000000000,0.650000000000,-0.755000000000,-3.44300000000,0.802000000000,4.56500000000,457,457,445,584,506,"seq=29256,t_ms=733565,who=0x70,ax=-0.305,ay=0.650,az=-0.755,gx=-3.443,gy=0.802,gz=4.565,expected=-,pred=C,pred_conf=88.5,flex0_raw=457,flex0_norm=0.112,flex1_raw=457,flex1_norm=0.112,flex2_raw=445,flex2_norm=0.109,flex3_raw=584,flex3_norm=0.143,flex4_raw=506,flex4_norm=0.124",true
word-sequence-v1,session_20261005T212737_676Z,word_hello_0010,0,29823,747740,1791235875733,hello,words-draft,signer_05,neutral,0x70,-0.208000000000,0.676000000000,-0.696000000000,-6.59500000000,-0.618000000000,1.50400000000,476,475,459,585,507,"seq=29823,t_ms=747740,who=0x70,ax=-0.208,ay=0.676,az=-0.696,gx=-6.595,gy=-0.618,gz=1.504,expected=-,pred=C,pred_conf=99.7,flex0_raw=476,flex0_norm=0.116,flex1_raw=475,flex1_norm=0.116,flex2_raw=459,flex2_norm=0.112,flex3_raw=585,flex3_norm=0.143,flex4_raw=507,flex4_norm=0.124",true
word-sequence-v1,session_20261005T212737_676Z,word_hello_0010,1,29824,747765,1791235875734,hello,words-draft,signer_05,neutral,0x70,-0.207000000000,0.696000000000,-0.700000000000,-8.40500000000,-1.84000000000,1.05300000000,475,475,459,585,507,"seq=29824,t_ms=747765,who=0x70,ax=-0.207,ay=0.696,az=-0.700,gx=-8.405,gy=-1.840,gz=1.053,expected=-,pred=C,pred_conf=99.7,flex0_raw=475,flex0_norm=0.116,flex1_raw=475,flex1_norm=0.116,flex2_raw=459,flex2_norm=0.112,flex3_raw=585,flex3_norm=0.143,flex4_raw=507,flex4_norm=0.124",true
word-sequence-v1,session_20261005T212737_676Z,word_hello_0010,2,29825,747790,1791235875787,hello,words-draft,signer_05,neutral,0x70,-0.215000000000,0.690000000000,-0.734000000000,-5.95400000000,-0.397000000000,1.87000000000,476,475,461,585,507,"seq=29825,t_ms=747790,who=0x70,ax=-0.215,ay=0.690,az=-0.734,gx=-5.954,gy=-0.397,gz=1.870,expected=-,pred=C,pred_conf=99.7,flex0_raw=476,flex0_norm=0.116,flex1_raw=475,flex1_norm=0.116,flex2_raw=461,flex2_norm=0.113,flex3_raw=585,flex3_norm=0.143,flex4_raw=507,flex4_norm=0.124",true
word-sequence-v1,session_20261005T212737_676Z,word_hello_0010,3,29826,747815,1791235875789,hello,words-draft,signer_05,neutral,0x70,-0.217000000000,0.689000000000,-0.718000000000,-4.29000000000,-0.267000000000,1.38900000000,477,475,460,585,506,"seq=29826,t_ms=747815,who=0x70,ax=-0.217,ay=0.689,az=-0.718,gx=-4.290,gy=-0.267,gz=1.389,expected=-,pred=C,pred_conf=99.6,flex0_raw=477,flex0_norm=0.116,flex1_raw=475,flex1_norm=0.116,flex2_raw=460,flex2_norm=0.112,flex3_raw=585,flex3_norm=0.143,flex4_raw=506,flex4_norm=0.124",true
word-sequence-v1,session_20261005T212737_676Z,word_hello_0010,4,29827,747840,1791235875825,hello,words-draft,signer_05,neutral,0x70,-0.204000000000,0.692000000000,-0.682000000000,-5.42700000000,-2.14500000000,0.824000000000,475,475,460,585,507,"seq=29827,t_ms=747840,who=0x70,ax=-0.204,ay=0.692,az=-0.682,gx=-5.427,gy=-2.145,gz=0.824,expected=-,pred=C,pred_conf=99.7,flex0_raw=475,flex0_norm=0.116,flex1_raw=475,flex1_norm=0.116,flex2_raw=460,flex2_norm=0.112,flex3_raw=585,flex3_norm=0.143,flex4_raw=507,flex4_norm=0.124",true
word-sequence-v1,session_20261005T212737_676Z,word_hello_0010,5,29828,747865,1791235875852,hello,words-draft,signer_05,neutral,0x70,-0.219000000000,0.678000000000,-0.708000000000,-5.71800000000,-0.168000000000,1.00000000000,477,476,459,586,507,"seq=29828,t_ms=747865,who=0x70,ax=-0.219,ay=0.678,az=-0.708,gx=-5.718,gy=-0.168,gz=1.000,expected=-,pred=C,pred_conf=99.4,flex0_raw=477,flex0_norm=0.116,flex1_raw=476,flex1_norm=0.116,flex2_raw=459,flex2_norm=0.112,flex3_raw=586,flex3_norm=0.143,flex4_raw=507,flex4_norm=0.124",true
word-sequence-v1,session_20261005T212737_676Z,word_hello_0010,6,29829,747890,1791235875898,hello,words-draft,signer_05,neutral,0x70,-0.218000000000,0.689000000000,-0.708000000000,-5.48900000000,2.10700000000,0.176000000000,476,475,459,585,508,"seq=29829,t_ms=747890,who=0x70,ax=-0.218,ay=0.689,az=-0.708,gx=-5.489,gy=2.107,gz=0.176,expected=-,pred=C,pred_conf=99.7,flex0_raw=476,flex0_norm=0.116,flex1_raw=475,flex1_norm=0.116,flex2_raw=459,flex2_norm=0.112,flex3_raw=585,flex3_norm=0.143,flex4_raw=508,flex4_norm=0.124",true
word-sequence-v1,session_20261005T212737_676Z,word_hello_0010,7,29830,747915,1791235875901,hello,words-draft,signer_05,neutral,0x70,-0.210000000000,0.688000000000,-0.708000000000,-6.56500000000,0.0460000000000,-0.458000000000,475,475,459,587,508,"seq=29830,t_ms=747915,who=0x70,ax=-0.210,ay=0.688,az=-0.708,gx=-6.565,gy=0.046,gz=-0.458,expected=-,pred=C,pred_conf=99.7,flex0_raw=475,flex0_norm=0.116,flex1_raw=475,flex1_norm=0.116,flex2_raw=459,flex2_norm=0.112,flex3_raw=587,flex3_norm=0.143,flex4_raw=508,flex4_norm=0.124",true
word-sequence-v1,session_20261005T212737_676Z,word_hello_0010,8,29831,747940,1791235875902,hello,words-draft,signer_05,neutral,0x70,-0.199000000000,0.683000000000,-0.718000000000,-5.30500000000,-1.11500000000,-0.626000000000,475,475,459,587,507,"seq=29831,t_ms=747940,who=0x70,ax=-0.199,ay=0.683,az=-0.718,gx=-5.305,gy=-1.115,gz=-0.626,expected=-,pred=C,pred_conf=99.7,flex0_raw=475,flex0_norm=0.116,flex1_raw=475,flex1_norm=0.116,flex2_raw=459,flex2_norm=0.112,flex3_raw=587,flex3_norm=0.143,flex4_raw=507,flex4_norm=0.124",true
word-sequence-v1,session_20261005T212737_676Z,word_hello_0010,9,29832,747965,1791235875936,hello,words-draft,signer_05,neutral,0x70,-0.210000000000,0.684000000000,-0.691000000000,-3.52700000000,1.70200000000,-0.0610000000000,475,476,459,585,507,"seq=29832,t_ms=747965,who=0x70,ax=-0.210,ay=0.684,az=-0.691,gx=-3.527,gy=1.702,gz=-0.061,expected=-,pred=C,pred_conf=99.6,flex0_raw=475,flex0_norm=0.116,flex1_raw=476,flex1_norm=0.116,flex2_raw=459,flex2_norm=0.112,flex3_raw=585,flex3_norm=0.143,flex4_raw=507,flex4_norm=0.124",true
word-sequence-v1,session_20261005T212737_676Z,word_hello_0010,10,29833,747990,1791235875964,hello,words-draft,signer_05,neutral,0x70,-0.223000000000,0.679000000000,-0.696000000000,-5.70200000000,1.34400000000,-0.221000000000,476,476,460,585,506,"seq=29833,t_ms=747990,who=0x70,ax=-0.223,ay=0.679,az=-0.696,gx=-5.702,gy=1.344,gz=-0.221,expected=-,pred=C,pred_conf=99.5,flex0_raw=476,flex0_norm=0.116,flex1_raw=476,flex1_norm=0.116,flex2_raw=460,flex2_norm=0.112,flex3_raw=585,flex3_norm=0.143,flex4_raw=506,flex4_norm=0.124",true
word-sequence-v1,session_20261005T212737_676Z,word_hello_0010,11,29834,748015,1791235876012,hello,words-draft,signer_05,neutral,0x70,-0.209000000000,0.679000000000,-0.707000000000,-7.05300000000,0.931000000000,-1.13000000000,475,475,459,585,507,"seq=29834,t_ms=748015,who=0x70,ax=-0.209,ay=0.679,az=-0.707,gx=-7.053,gy=0.931,gz=-1.130,expected=-,pred=C,pred_conf=99.7,flex0_raw=475,flex0_norm=0.116,flex1_raw=475,flex1_norm=0.116,flex2_raw=459,flex2_norm=0.112,flex3_raw=585,flex3_norm=0.143,flex4_raw=507,flex4_norm=0.124",true
word-sequence-v1,session_20261005T212737_676Z,word_hello_0010,12,29835,748040,1791235876018,hello,words-draft,signer_05,neutral,0x70,-0.213000000000,0.690000000000,-0.694000000000,-6.49600000000,2.69500000000,-1.40500000000,477,476,460,584,507,"seq=29835,t_ms=748040,who=0x70,ax=-0.213,ay=0.690,az=-0.694,gx=-6.496,gy=2.695,gz=-1.405,expected=-,pred=C,pred_conf=99.4,flex0_raw=477,flex0_norm=0.116,flex1_raw=476,flex1_norm=0.116,flex2_raw=460,flex2_norm=0.112,flex3_raw=584,flex3_norm=0.143,flex4_raw=507,flex4_norm=0.124",true
word-sequence-v1,session_20261005T212737_676Z,word_hello_0010,13,29836,748065,1791235876020,hello,words-draft,signer_05,neutral,0x70,-0.210000000000,0.676000000000,-0.709000000000,-5.76300000000,2.58000000000,-0.573000000000,475,476,460,585,507,"seq=29836,t_ms=748065,who=0x70,ax=-0.210,ay=0.676,az=-0.709,gx=-5.763,gy=2.580,gz=-0.573,expected=-,pred=C,pred_conf=99.6,flex0_raw=475,flex0_norm=0.116,flex1_raw=476,flex1_norm=0.116,flex2_raw=460,flex2_norm=0.112,flex3_raw=585,flex3_norm=0.143,flex4_raw=507,flex4_norm=0.124",true
word-sequence-v1,session_20261005T212737_676Z,word_hello_0010,14,29837,748090,1791235876048,hello,words-draft,signer_05,neutral,0x70,-0.212000000000,0.677000000000,-0.698000000000,-8.16000000000,-0.130000000000,-1.23700000000,475,475,459,585,505,"seq=29837,t_ms=748090,who=0x70,ax=-0.212,ay=0.677,az=-0.698,gx=-8.160,gy=-0.130,gz=-1.237,expected=-,pred=C,pred_conf=99.7,flex0_raw=475,flex0_norm=0.116,flex1_raw=475,flex1_norm=0.116,flex2_raw=459,flex2_norm=0.112,flex3_raw=585,flex3_norm=0.143,flex4_raw=505,flex4_norm=0.123",true
word-sequence-v1,session_20261005T212737_676Z,word_hello_0010,15,29838,748115,1791235876078,hello,words-draft,signer_05,neutral,0x70,-0.221000000000,0.686000000000,-0.701000000000,-8.48900000000,-1.87000000000,-0.565000000000,475,475,461,585,507,"seq=29838,t_ms=748115,who=0x70,ax=-0.221,ay=0.686,az=-0.701,gx=-8.489,gy=-1.870,gz=-0.565,expected=-,pred=C,pred_conf=99.7,flex0_raw=475,flex0_norm=0.116,flex1_raw=475,flex1_norm=0.116,flex2_raw=461,flex2_norm=0.113,flex3_raw=585,flex3_norm=0.143,flex4_raw=507,flex4_norm=0.124",true
word-sequence-v1,session_20261005T212737_676Z,word_hello_0010,16,29839,748140,1791235876109,hello,words-draft,signer_05,neutral,0x70,-0.231000000000,0.687000000000,-0.696000000000,-7.87800000000,-2.94700000000,-0.229000000000,475,476,459,586,507,"seq=29839,t_ms=748140,who=0x70,ax=-0.231,ay=0.687,az=-0.696,gx=-7.878,gy=-2.947,gz=-0.229,expected=-,pred=C,pred_conf=99.6,flex0_raw=475,flex0_norm=0.116,flex1_raw=476,flex1_norm=0.116,flex2_raw=459,flex2_norm=0.112,flex3_raw=586,flex3_norm=0.143,flex4_raw=507,flex4_norm=0.124",true
word-sequence-v1,session_20261005T212737_676Z,word_hello_0010,17,29840,748165,1791235876145,hello,words-draft,signer_05,neutral,0x70,-0.294000000000,0.724000000000,-0.675000000000,-8.15300000000,-4.77900000000,1.44300000000,476,474,461,587,507,"seq=29840,t_ms=748165,who=0x70,ax=-0.294,ay=0.724,az=-0.675,gx=-8.153,gy=-4.779,gz=1.443,expected=-,pred=C,pred_conf=99.7,flex0_raw=476,flex0_norm=0.116,flex1_raw=474,flex1_norm=0.116,flex2_raw=461,flex2_norm=0.113,flex3_raw=587,flex3_norm=0.143,flex4_raw=507,flex4_norm=0.124",true
word-sequence-v1,session_20261005T212737_676Z,word_hello_0010,18,29841,748190,1791235876176,hello,words-draft,signer_05,neutral,0x70,-0.377000000000,0.743000000000,-0.657000000000,-10.6180000000,2.80200000000,5.09200000000,475,477,459,587,507,"seq=29841,t_ms=748190,who=0x70,ax=-0.377,ay=0.743,az=-0.657,gx=-10.618,gy=2.802,gz=5.092,expected=-,pred=C,pred_conf=99.5,flex0_raw=475,flex0_norm=0.116,flex1_raw=477,flex1_norm=0.116,flex2_raw=459,flex2_norm=0.112,flex3_raw=587,flex3_norm=0.143,flex4_raw=507,flex4_norm=0.124",true
word-sequence-v1,session_20261005T212737_676Z,word_hello_0010,19,29842,748215,1791235876176,hello,words-draft,signer_05,neutral,0x70,-0.434000000000,0.722000000000,-0.616000000000,-16.3210000000,-0.901000000000,6.15300000000,477,476,460,586,507,"seq=29842,t_ms=748215,who=0x70,ax=-0.434,ay=0.722,az=-0.616,gx=-16.321,gy=-0.901,gz=6.153,expected=-,pred=C,pred_conf=99.4,flex0_raw=477,flex0_norm=0.116,flex1_raw=476,flex1_norm=0.116,flex2_raw=460,flex2_norm=0.112,flex3_raw=586,flex3_norm=0.143,flex4_raw=507,flex4_norm=0.124",true
word-sequence-v1,session_20261005T212737_676Z,word_hello_0010,20,29843,748240,1791235876229,hello,words-draft,signer_05,neutral,0x70,-0.496000000000,0.712000000000,-0.591000000000,-18.5040000000,-7.65600000000,3.87800000000,478,477,459,585,507,"seq=29843,t_ms=748240,who=0x70,ax=-0.496,ay=0.712,az=-0.591,gx=-18.504,gy=-7.656,gz=3.878,expected=-,pred=C,pred_conf=99.0,flex0_raw=478,flex0_norm=0.117,flex1_raw=477,flex1_norm=0.116,flex2_raw=459,flex2_norm=0.112,flex3_raw=585,flex3_norm=0.143,flex4_raw=507,flex4_norm=0.124",true
word-sequence-v1,session_20261005T212737_676Z,word_hello_0010,21,29844,748265,1791235876229,hello,words-draft,signer_05,neutral,0x70,-0.412000000000,0.758000000000,-0.539000000000,-19.8170000000,-13.6030000000,0.863000000000,477,477,460,585,505,"seq=29844,t_ms=748265,who=0x70,ax=-0.412,ay=0.758,az=-0.539,gx=-19.817,gy=-13.603,gz=0.863,expected=-,pred=C,pred_conf=99.2,flex0_raw=477,flex0_norm=0.116,flex1_raw=477,flex1_norm=0.116,flex2_raw=460,flex2_norm=0.112,flex3_raw=585,flex3_norm=0.143,flex4_raw=505,flex4_norm=0.123",true
word-sequence-v1,session_20261005T212737_676Z,word_hello_0010,22,29845,748290,1791235876259,hello,words-draft,signer_05,neutral,0x70,-0.345000000000,0.718000000000,-0.573000000000,-8.49600000000,-13.7480000000,14.8020000000,477,477,459,584,506,"seq=29845,t_ms=748290,who=0x70,ax=-0.345,ay=0.718,az=-0.573,gx=-8.496,gy=-13.748,gz=14.802,expected=-,pred=C,pred_conf=99.2,flex0_raw=477,flex0_norm=0.116,flex1_raw=477,flex1_norm=0.116,flex2_raw=459,flex2_norm=0.112,flex3_raw=584,flex3_norm=0.143,flex4_raw=506,flex4_norm=0.124",true
word-sequence-v1,session_20261005T212737_676Z,word_hello_0010,23,29846,748315,1791235876322,hello,words-draft,signer_05,neutral,0x70,-0.331000000000,0.767000000000,-0.648000000000,5.56500000000,-0.160000000000,24.6790000000,477,477,460,585,505,"seq=29846,t_ms=748315,who=0x70,ax=-0.331,ay=0.767,az=-0.648,gx=5.565,gy=-0.160,gz=24.679,expected=-,pred=C,pred_conf=99.2,flex0_raw=477,flex0_norm=0.116,flex1_raw=477,flex1_norm=0.116,flex2_raw=460,flex2_norm=0.112,flex3_raw=585,flex3_norm=0.143,flex4_raw=505,flex4_norm=0.123",true
word-sequence-v1,session_20261005T212737_676Z,word_hello_0010,24,29847,748340,1791235876323,hello,words-draft,signer_05,neutral,0x70,-0.237000000000,0.667000000000,-0.694000000000,19.9470000000,27.2140000000,26.8020000000,478,477,459,585,507,"seq=29847,t_ms=748340,who=0x70,ax=-0.237,ay=0.667,az=-0.694,gx=19.947,gy=27.214,gz=26.802,expected=-,pred=C,pred_conf=99.0,flex0_raw=478,flex0_norm=0.117,flex1_raw=477,flex1_norm=0.116,flex2_raw=459,flex2_norm=0.112,flex3_raw=585,flex3_norm=0.143,flex4_raw=507,flex4_norm=0.124",true
word-sequence-v1,session_20261005T212737_676Z,word_hello_0010,25,29848,748365,1791235876324,hello,words-draft,signer_05,neutral,0x70,-0.215000000000,0.650000000000,-0.714000000000,27.3210000000,49.1600000000,15.3740000000,479,477,461,587,507,"seq=29848,t_ms=748365,who=0x70,ax=-0.215,ay=0.650,az=-0.714,gx=27.321,gy=49.160,gz=15.374,expected=-,pred=C,pred_conf=98.8,flex0_raw=479,flex0_norm=0.117,flex1_raw=477,flex1_norm=0.116,flex2_raw=461,flex2_norm=0.113,flex3_raw=587,flex3_norm=0.143,flex4_raw=507,flex4_norm=0.124",true
word-sequence-v1,session_20261005T212737_676Z,word_hello_0010,26,29849,748390,1791235876354,hello,words-draft,signer_05,neutral,0x70,-0.202000000000,0.649000000000,-0.671000000000,24.7860000000,50.8240000000,12.6790000000,479,478,460,587,506,"seq=29849,t_ms=748390,who=0x70,ax=-0.202,ay=0.649,az=-0.671,gx=24.786,gy=50.824,gz=12.679,expected=-,pred=C,pred_conf=98.3,flex0_raw=479,flex0_norm=0.117,flex1_raw=478,flex1_norm=0.117,flex2_raw=460,flex2_norm=0.112,flex3_raw=587,flex3_norm=0.143,flex4_raw=506,flex4_norm=0.124",true
word-sequence-v1,session_20261005T212737_676Z,word_hello_0010,27,29850,748415,1791235876386,hello,words-draft,signer_05,neutral,0x70,-0.185000000000,0.670000000000,-0.675000000000,19.3970000000,29.7250000000,23.1600000000,478,479,460,587,508,"seq=29850,t_ms=748415,who=0x70,ax=-0.185,ay=0.670,az=-0.675,gx=19.397,gy=29.725,gz=23.160,expected=-,pred=C,pred_conf=98.2,flex0_raw=478,flex0_norm=0.117,flex1_raw=479,flex1_norm=0.117,flex2_raw=460,flex2_norm=0.112,flex3_raw=587,flex3_norm=0.143,flex4_raw=508,flex4_norm=0.124",true
word-sequence-v1,session_20261005T212737_676Z,word_hello_0010,28,29851,748440,1791235876421,hello,words-draft,signer_05,neutral,0x70,-0.161000000000,0.633000000000,-0.718000000000,28.7630000000,33.0150000000,24.4050000000,479,477,461,587,507,"seq=29851,t_ms=748440,who=0x70,ax=-0.161,ay=0.633,az=-0.718,gx=28.763,gy=33.015,gz=24.405,expected=-,pred=C,pred_conf=98.8,flex0_raw=479,flex0_norm=0.117,flex1_raw=477,flex1_norm=0.116,flex2_raw=461,flex2_norm=0.113,flex3_raw=587,flex3_norm=0.143,flex4_raw=507,flex4_norm=0.124",true
word-sequence-v1,session_20261005T212737_676Z,word_hello_0010,29,29852,748465,1791235876454,hello,words-draft,signer_05,neutral,0x70,-0.129000000000,0.612000000000,-0.680000000000,36.1300000000,31.1830000000,15.1530000000,475,473,460,586,507,"seq=29852,t_ms=748465,who=0x70,ax=-0.129,ay=0.612,az=-0.680,gx=36.130,gy=31.183,gz=15.153,expected=-,pred=C,pred_conf=99.8,flex0_raw=475,flex0_norm=0.116,flex1_raw=473,flex1_norm=0.116,flex2_raw=460,flex2_norm=0.112,flex3_raw=586,flex3_norm=0.143,flex4_raw=507,flex4_norm=0.124",true
word-sequence-v1,session_20261005T212737_676Z,word_hello_0010,30,29853,748490,1791235876490,hello,words-draft,signer_05,neutral,0x70,-0.0380000000000,0.572000000000,-0.725000000000,32.1600000000,18.7560000000,11.9240000000,473,473,458,585,506,"seq=29853,t_ms=748490,who=0x70,ax=-0.038,ay=0.572,az=-0.725,gx=32.160,gy=18.756,gz=11.924,expected=-,pred=C,pred_conf=99.9,flex0_raw=473,flex0_norm=0.116,flex1_raw=473,flex1_norm=0.116,flex2_raw=458,flex2_norm=0.112,flex3_raw=585,flex3_norm=0.143,flex4_raw=506,flex4_norm=0.124",true
word-sequence-v1,session_20261005T212737_676Z,word_hello_0010,31,29854,748515,1791235876490,hello,words-draft,signer_05,neutral,0x70,-0.00200000000000,0.555000000000,-0.774000000000,24.6410000000,8.91600000000,34.5340000000,473,472,458,582,507,"seq=29854,t_ms=748515,who=0x70,ax=-0.002,ay=0.555,az=-0.774,gx=24.641,gy=8.916,gz=34.534,expected=-,pred=C,pred_conf=99.9,flex0_raw=473,flex0_norm=0.116,flex1_raw=472,flex1_norm=0.115,flex2_raw=458,flex2_norm=0.112,flex3_raw=582,flex3_norm=0.142,flex4_raw=507,flex4_norm=0.124",true
word-sequence-v1,session_20261005T212737_676Z,word_hello_0010,32,29855,748540,1791235876518,hello,words-draft,signer_05,neutral,0x70,-0.133000000000,0.597000000000,-0.804000000000,23.9010000000,12.3970000000,39.5880000000,472,472,458,581,506,"seq=29855,t_ms=748540,who=0x70,ax=-0.133,ay=0.597,az=-0.804,gx=23.901,gy=12.397,gz=39.588,expected=-,pred=C,pred_conf=99.9,flex0_raw=472,flex0_norm=0.115,flex1_raw=472,flex1_norm=0.115,flex2_raw=458,flex2_norm=0.112,flex3_raw=581,flex3_norm=0.142,flex4_raw=506,flex4_norm=0.124",true
word-sequence-v1,session_20261005T212737_676Z,word_hello_0010,33,29856,748565,1791235876529,hello,words-draft,signer_05,neutral,0x70,-0.125000000000,0.581000000000,-0.864000000000,31.0990000000,15.5190000000,23.5040000000,471,471,458,581,506,"seq=29856,t_ms=748565,who=0x70,ax=-0.125,ay=0.581,az=-0.864,gx=31.099,gy=15.519,gz=23.504,expected=-,pred=C,pred_conf=100.0,flex0_raw=471,flex0_norm=0.115,flex1_raw=471,flex1_norm=0.115,flex2_raw=458,flex2_norm=0.112,flex3_raw=581,flex3_norm=0.142,flex4_raw=506,flex4_norm=0.124",true
word-sequence-v1,session_20261005T212737_676Z,word_hello_0010,34,29857,748590,1791235876558,hello,words-draft,signer_05,neutral,0x70,0.0890000000000,0.576000000000,-0.832000000000,30.9470000000,21.5730000000,10.6720000000,471,471,457,583,505,"seq=29857,t_ms=748590,who=0x70,ax=0.089,ay=0.576,az=-0.832,gx=30.947,gy=21.573,gz=10.672,expected=-,pred=C,pred_conf=100.0,flex0_raw=471,flex0_norm=0.115,flex1_raw=471,flex1_norm=0.115,flex2_raw=457,flex2_norm=0.112,flex3_raw=583,flex3_norm=0.142,flex4_raw=505,flex4_norm=0.123",true
word-sequence-v1,session_20261005T212737_676Z,word_hello_0010,35,29858,748615,1791235876588,hello,words-draft,signer_05,neutral,0x70,0.0610000000000,0.573000000000,-0.796000000000,-3.55000000000,-10.3280000000,27.5650000000,470,471,458,581,505,"seq=29858,t_ms=748615,who=0x70,ax=0.061,ay=0.573,az=-0.796,gx=-3.550,gy=-10.328,gz=27.565,expected=-,pred=C,pred_conf=100.0,flex0_raw=470,flex0_norm=0.115,flex1_raw=471,flex1_norm=0.115,flex2_raw=458,flex2_norm=0.112,flex3_raw=581,flex3_norm=0.142,flex4_raw=505,flex4_norm=0.123",true
word-sequence-v1,session_20261005T212737_676Z,word_hello_0010,36,29859,748640,1791235876621,hello,words-draft,signer_05,neutral,0x70,0.0640000000000,0.535000000000,-0.831000000000,-7.75600000000,-9.51900000000,17.8850000000,471,470,457,581,506,"seq=29859,t_ms=748640,who=0x70,ax=0.064,ay=0.535,az=-0.831,gx=-7.756,gy=-9.519,gz=17.885,expected=-,pred=C,pred_conf=100.0,flex0_raw=471,flex0_norm=0.115,flex1_raw=470,flex1_norm=0.115,flex2_raw=457,flex2_norm=0.112,flex3_raw=581,flex3_norm=0.142,flex4_raw=506,flex4_norm=0.124",true
word-sequence-v1,session_20261005T212737_676Z,word_hello_0010,37,29860,748665,1791235876622,hello,words-draft,signer_05,neutral,0x70,0.117000000000,0.571000000000,-0.848000000000,0.618000000000,4.82400000000,15.9920000000,469,469,457,579,506,"seq=29860,t_ms=748665,who=0x70,ax=0.117,ay=0.571,az=-0.848,gx=0.618,gy=4.824,gz=15.992,expected=-,pred=C,pred_conf=100.0,flex0_raw=469,flex0_norm=0.115,flex1_raw=469,flex1_norm=0.115,flex2_raw=457,flex2_norm=0.112,flex3_raw=579,flex3_norm=0.141,flex4_raw=506,flex4_norm=0.124",true
word-sequence-v1,session_20261005T212737_676Z,word_hello_0010,38,29861,748690,1791235876652,hello,words-draft,signer_05,neutral,0x70,0.102000000000,0.567000000000,-0.869000000000,2.75600000000,4.88500000000,14.9690000000,469,470,456,579,506,"seq=29861,t_ms=748690,who=0x70,ax=0.102,ay=0.567,az=-0.869,gx=2.756,gy=4.885,gz=14.969,expected=-,pred=C,pred_conf=100.0,flex0_raw=469,flex0_norm=0.115,flex1_raw=470,flex1_norm=0.115,flex2_raw=456,flex2_norm=0.111,flex3_raw=579,flex3_norm=0.141,flex4_raw=506,flex4_norm=0.124",true
word-sequence-v1,session_20261005T212737_676Z,word_hello_0010,39,29862,748715,1791235876685,hello,words-draft,signer_05,neutral,0x70,0.110000000000,0.533000000000,-0.950000000000,7.37400000000,17.2900000000,10.0460000000,467,468,457,575,505,"seq=29862,t_ms=748715,who=0x70,ax=0.110,ay=0.533,az=-0.950,gx=7.374,gy=17.290,gz=10.046,expected=-,pred=C,pred_conf=100.0,flex0_raw=467,flex0_norm=0.114,flex1_raw=468,flex1_norm=0.114,flex2_raw=457,flex2_norm=0.112,flex3_raw=575,flex3_norm=0.140,flex4_raw=505,flex4_norm=0.123",true
word-sequence-v1,session_20261005T212737_676Z,word_hello_0010,40,29863,748740,1791235876729,hello,words-draft,signer_05,neutral,0x70,0.132000000000,0.583000000000,-0.958000000000,4.75600000000,26.9690000000,-0.489000000000,464,466,457,572,505,"seq=29863,t_ms=748740,who=0x70,ax=0.132,ay=0.583,az=-0.958,gx=4.756,gy=26.969,gz=-0.489,expected=-,pred=C,pred_conf=99.9,flex0_raw=464,flex0_norm=0.113,flex1_raw=466,flex1_norm=0.114,flex2_raw=457,flex2_norm=0.112,flex3_raw=572,flex3_norm=0.140,flex4_raw=505,flex4_norm=0.123",true
word-sequence-v1,session_20261005T212737_676Z,word_hello_0010,41,29864,748765,1791235876738,hello,words-draft,signer_05,neutral,0x70,0.119000000000,0.582000000000,-0.959000000000,4.17600000000,29.2520000000,3.42000000000,467,466,455,573,505,"seq=29864,t_ms=748765,who=0x70,ax=0.119,ay=0.582,az=-0.959,gx=4.176,gy=29.252,gz=3.420,expected=-,pred=C,pred_conf=100.0,flex0_raw=467,flex0_norm=0.114,flex1_raw=466,flex1_norm=0.114,flex2_raw=455,flex2_norm=0.111,flex3_raw=573,flex3_norm=0.140,flex4_raw=505,flex4_norm=0.123",true
word-sequence-v1,session_20261005T212737_676Z,word_hello_0010,42,29865,748790,1791235876768,hello,words-draft,signer_05,neutral,0x70,0.140000000000,0.565000000000,-0.996000000000,0.550000000000,23.1530000000,-4.80200000000,468,467,456,573,505,"seq=29865,t_ms=748790,who=0x70,ax=0.140,ay=0.565,az=-0.996,gx=0.550,gy=23.153,gz=-4.802,expected=-,pred=C,pred_conf=100.0,flex0_raw=468,flex0_norm=0.114,flex1_raw=467,flex1_norm=0.114,flex2_raw=456,flex2_norm=0.111,flex3_raw=573,flex3_norm=0.140,flex4_raw=505,flex4_norm=0.123",true
word-sequence-v1,session_20261005T212737_676Z,word_hello_0010,43,29866,748815,1791235876770,hello,words-draft,signer_05,neutral,0x70,0.172000000000,0.571000000000,-0.991000000000,-10.9390000000,9.16000000000,-9.37400000000,470,468,456,573,505,"seq=29866,t_ms=748815,who=0x70,ax=0.172,ay=0.571,az=-0.991,gx=-10.939,gy=9.160,gz=-9.374,expected=-,pred=C,pred_conf=100.0,flex0_raw=470,flex0_norm=0.115,flex1_raw=468,flex1_norm=0.114,flex2_raw=456,flex2_norm=0.111,flex3_raw=573,flex3_norm=0.140,flex4_raw=505,flex4_norm=0.123",true
word-sequence-v1,session_20261005T212737_676Z,word_hello_0010,44,29867,748840,1791235876798,hello,words-draft,signer_05,neutral,0x70,0.197000000000,0.589000000000,-1.01200000000,-20.1760000000,-6.80200000000,-9.09900000000,471,470,457,575,506,"seq=29867,t_ms=748840,who=0x70,ax=0.197,ay=0.589,az=-1.012,gx=-20.176,gy=-6.802,gz=-9.099,expected=-,pred=C,pred_conf=100.0,flex0_raw=471,flex0_norm=0.115,flex1_raw=470,flex1_norm=0.115,flex2_raw=457,flex2_norm=0.112,flex3_raw=575,flex3_norm=0.140,flex4_raw=506,flex4_norm=0.124",true
word-sequence-v1,session_20261005T212737_676Z,word_hello_0010,45,29868,748865,1791235876837,hello,words-draft,signer_05,neutral,0x70,0.133000000000,0.574000000000,-0.993000000000,-23.9690000000,-9.87000000000,-16.0150000000,469,471,457,580,506,"seq=29868,t_ms=748865,who=0x70,ax=0.133,ay=0.574,az=-0.993,gx=-23.969,gy=-9.870,gz=-16.015,expected=-,pred=C,pred_conf=100.0,flex0_raw=469,flex0_norm=0.115,flex1_raw=471,flex1_norm=0.115,flex2_raw=457,flex2_norm=0.112,flex3_raw=580,flex3_norm=0.142,flex4_raw=506,flex4_norm=0.124",true
word-sequence-v1,session_20261005T212737_676Z,word_hello_0010,46,29869,748890,1791235876879,hello,words-draft,signer_05,neutral,0x70,0.135000000000,0.569000000000,-0.963000000000,-27.0460000000,-7.27500000000,-25.7180000000,472,471,457,580,506,"seq=29869,t_ms=748890,who=0x70,ax=0.135,ay=0.569,az=-0.963,gx=-27.046,gy=-7.275,gz=-25.718,expected=-,pred=C,pred_conf=100.0,flex0_raw=472,flex0_norm=0.115,flex1_raw=471,flex1_norm=0.115,flex2_raw=457,flex2_norm=0.112,flex3_raw=580,flex3_norm=0.142,flex4_raw=506,flex4_norm=0.124",true
word-sequence-v1,session_20261005T212737_676Z,word_hello_0010,47,29870,748915,1791235876903,hello,words-draft,signer_05,neutral,0x70,0.137000000000,0.587000000000,-0.932000000000,-39.7560000000,-24.0760000000,-38.6640000000,471,471,457,580,505,"seq=29870,t_ms=748915,who=0x70,ax=0.137,ay=0.587,az=-0.932,gx=-39.756,gy=-24.076,gz=-38.664,expected=-,pred=C,pred_conf=100.0,flex0_raw=471,flex0_norm=0.115,flex1_raw=471,flex1_norm=0.115,flex2_raw=457,flex2_norm=0.112,flex3_raw=580,flex3_norm=0.142,flex4_raw=505,flex4_norm=0.123",true
word-sequence-v1,session_20261005T212737_676Z,word_hello_0010,48,29871,748940,1791235876924,hello,words-draft,signer_05,neutral,0x70,0.0540000000000,0.643000000000,-0.892000000000,-59.8090000000,-46.3820000000,-39.1830000000,471,470,456,580,505,"seq=29871,t_ms=748940,who=0x70,ax=0.054,ay=0.643,az=-0.892,gx=-59.809,gy=-46.382,gz=-39.183,expected=-,pred=C,pred_conf=100.0,flex0_raw=471,flex0_norm=0.115,flex1_raw=470,flex1_norm=0.115,flex2_raw=456,flex2_norm=0.111,flex3_raw=580,flex3_norm=0.142,flex4_raw=505,flex4_norm=0.123",true
word-sequence-v1,session_20261005T212737_676Z,word_hello_0010,49,29872,748965,1791235876924,hello,words-draft,signer_05,neutral,0x70,0.0120000000000,0.630000000000,-0.887000000000,-73.0690000000,-50.5040000000,-36.0990000000,471,471,457,581,506,"seq=29872,t_ms=748965,who=0x70,ax=0.012,ay=0.630,az=-0.887,gx=-73.069,gy=-50.504,gz=-36.099,expected=-,pred=C,pred_conf=100.0,flex0_raw=471,flex0_norm=0.115,flex1_raw=471,flex1_norm=0.115,flex2_raw=457,flex2_norm=0.112,flex3_raw=581,flex3_norm=0.142,flex4_raw=506,flex4_norm=0.124",true
word-sequence-v1,session_20261005T212737_676Z,word_hello_0010,50,29873,748990,1791235876951,hello,words-draft,signer_05,neutral,0x70,-0.0980000000000,0.704000000000,-0.826000000000,-73.8630000000,-45.2750000000,-41.5420000000,471,471,455,580,505,"seq=29873,t_ms=748990,who=0x70,ax=-0.098,ay=0.704,az=-0.826,gx=-73.863,gy=-45.275,gz=-41.542,expected=-,pred=C,pred_conf=100.0,flex0_raw=471,flex0_norm=0.115,flex1_raw=471,flex1_norm=0.115,flex2_raw=455,flex2_norm=0.111,flex3_raw=580,flex3_norm=0.142,flex4_raw=505,flex4_norm=0.123",true
word-sequence-v1,session_20261005T212737_676Z,word_hello_0010,51,29874,749015,1791235876983,hello,words-draft,signer_05,neutral,0x70,-0.184000000000,0.718000000000,-0.705000000000,-64.1450000000,-27.4890000000,-50.7940000000,472,471,453,580,506,"seq=29874,t_ms=749015,who=0x70,ax=-0.184,ay=0.718,az=-0.705,gx=-64.145,gy=-27.489,gz=-50.794,expected=-,pred=C,pred_conf=100.0,flex0_raw=472,flex0_norm=0.115,flex1_raw=471,flex1_norm=0.115,flex2_raw=453,flex2_norm=0.111,flex3_raw=580,flex3_norm=0.142,flex4_raw=506,flex4_norm=0.124",true
word-sequence-v1,session_20261005T212737_676Z,word_hello_0010,52,29875,749040,1791235877019,hello,words-draft,signer_05,neutral,0x70,-0.186000000000,0.738000000000,-0.634000000000,-56.3210000000,-10.4270000000,-66.2520000000,475,473,453,582,506,"seq=29875,t_ms=749040,who=0x70,ax=-0.186,ay=0.738,az=-0.634,gx=-56.321,gy=-10.427,gz=-66.252,expected=-,pred=C,pred_conf=99.9,flex0_raw=475,flex0_norm=0.116,flex1_raw=473,flex1_norm=0.116,flex2_raw=453,flex2_norm=0.111,flex3_raw=582,flex3_norm=0.142,flex4_raw=506,flex4_norm=0.124",true
word-sequence-v1,session_20261005T212737_676Z,word_hello_0010,53,29876,749065,1791235877050,hello,words-draft,signer_05,neutral,0x70,-0.166000000000,0.658000000000,-0.549000000000,-63.3440000000,-52.6720000000,-52.2900000000,475,473,454,581,507,"seq=29876,t_ms=749065,who=0x70,ax=-0.166,ay=0.658,az=-0.549,gx=-63.344,gy=-52.672,gz=-52.290,expected=-,pred=C,pred_conf=99.9,flex0_raw=475,flex0_norm=0.116,flex1_raw=473,flex1_norm=0.116,flex2_raw=454,flex2_norm=0.111,flex3_raw=581,flex3_norm=0.142,flex4_raw=507,flex4_norm=0.124",true
word-sequence-v1,session_20261005T212737_676Z,word_hello_0010,54,29877,749090,1791235877083,hello,words-draft,signer_05,neutral,0x70,-0.292000000000,0.656000000000,-0.563000000000,-55.5190000000,-53.5800000000,-28.5880000000,475,475,455,581,506,"seq=29877,t_ms=749090,who=0x70,ax=-0.292,ay=0.656,az=-0.563,gx=-55.519,gy=-53.580,gz=-28.588,expected=-,pred=C,pred_conf=99.7,flex0_raw=475,flex0_norm=0.116,flex1_raw=475,flex1_norm=0.116,flex2_raw=455,flex2_norm=0.111,flex3_raw=581,flex3_norm=0.142,flex4_raw=506,flex4_norm=0.124",true
word-sequence-v1,session_20261005T212737_676Z,word_hello_0010,55,29878,749115,1791235877083,hello,words-draft,signer_05,neutral,0x70,-0.323000000000,0.666000000000,-0.555000000000,-25.7180000000,8.45000000000,-47.0310000000,475,476,454,581,506,"seq=29878,t_ms=749115,who=0x70,ax=-0.323,ay=0.666,az=-0.555,gx=-25.718,gy=8.450,gz=-47.031,expected=-,pred=C,pred_conf=99.6,flex0_raw=475,flex0_norm=0.116,flex1_raw=476,flex1_norm=0.116,flex2_raw=454,flex2_norm=0.111,flex3_raw=581,flex3_norm=0.142,flex4_raw=506,flex4_norm=0.124",true
word-sequence-v1,session_20261005T212737_676Z,word_hello_0010,56,29879,749140,1791235877130,hello,words-draft,signer_05,neutral,0x70,-0.168000000000,0.619000000000,-0.548000000000,-15.9240000000,26.9770000000,-57.7330000000,474,473,453,582,505,"seq=29879,t_ms=749140,who=0x70,ax=-0.168,ay=0.619,az=-0.548,gx=-15.924,gy=26.977,gz=-57.733,expected=-,pred=C,pred_conf=99.9,flex0_raw=474,flex0_norm=0.116,flex1_raw=473,flex1_norm=0.116,flex2_raw=453,flex2_norm=0.111,flex3_raw=582,flex3_norm=0.142,flex4_raw=505,flex4_norm=0.123",true
word-sequence-v1,session_20261005T212737_676Z,word_hello_0010,57,29880,749165,1791235877131,hello,words-draft,signer_05,neutral,0x70,-0.211000000000,0.609000000000,-0.543000000000,-22.7630000000,-5.64100000000,-34.7100000000,472,471,447,582,507,"seq=29880,t_ms=749165,who=0x70,ax=-0.211,ay=0.609,az=-0.543,gx=-22.763,gy=-5.641,gz=-34.710,expected=-,pred=C,pred_conf=100.0,flex0_raw=472,flex0_norm=0.115,flex1_raw=471,flex1_norm=0.115,flex2_raw=447,flex2_norm=0.109,flex3_raw=582,flex3_norm=0.142,flex4_raw=507,flex4_norm=0.124",true
word-sequence-v1,session_20261005T212737_676Z,word_hello_0010,58,29881,749190,1791235877163,hello,words-draft,signer_05,neutral,0x70,-0.339000000000,0.652000000000,-0.485000000000,-32.4960000000,-9.77100000000,-26.4730000000,471,471,448,582,506,"seq=29881,t_ms=749190,who=0x70,ax=-0.339,ay=0.652,az=-0.485,gx=-32.496,gy=-9.771,gz=-26.473,expected=-,pred=C,pred_conf=100.0,flex0_raw=471,flex0_norm=0.115,flex1_raw=471,flex1_norm=0.115,flex2_raw=448,flex2_norm=0.109,flex3_raw=582,flex3_norm=0.142,flex4_raw=506,flex4_norm=0.124",true
word-sequence-v1,session_20261005T212737_676Z,word_hello_0010,59,29882,749215,1791235877194,hello,words-draft,signer_05,neutral,0x70,-0.371000000000,0.684000000000,-0.491000000000,-32.8630000000,8.77100000000,-30.9770000000,470,471,447,581,507,"seq=29882,t_ms=749215,who=0x70,ax=-0.371,ay=0.684,az=-0.491,gx=-32.863,gy=8.771,gz=-30.977,expected=-,pred=C,pred_conf=100.0,flex0_raw=470,flex0_norm=0.115,flex1_raw=471,flex1_norm=0.115,flex2_raw=447,flex2_norm=0.109,flex3_raw=581,flex3_norm=0.142,flex4_raw=507,flex4_norm=0.124",true
word-sequence-v1,session_20261005T212737_676Z,word_hello_0010,60,29883,749240,1791235877235,hello,words-draft,signer_05,neutral,0x70,-0.289000000000,0.672000000000,-0.539000000000,-27.2980000000,11.8550000000,-30.0000000000,469,469,447,581,507,"seq=29883,t_ms=749240,who=0x70,ax=-0.289,ay=0.672,az=-0.539,gx=-27.298,gy=11.855,gz=-30.000,expected=-,pred=C,pred_conf=100.0,flex0_raw=469,flex0_norm=0.115,flex1_raw=469,flex1_norm=0.115,flex2_raw=447,flex2_norm=0.109,flex3_raw=581,flex3_norm=0.142,flex4_raw=507,flex4_norm=0.124",true
word-sequence-v1,session_20261005T212737_676Z,word_hello_0010,61,29884,749265,1791235877236,hello,words-draft,signer_05,neutral,0x70,-0.245000000000,0.630000000000,-0.599000000000,-20.6790000000,20.2370000000,-24.5570000000,469,469,447,582,506,"seq=29884,t_ms=749265,who=0x70,ax=-0.245,ay=0.630,az=-0.599,gx=-20.679,gy=20.237,gz=-24.557,expected=-,pred=C,pred_conf=100.0,flex0_raw=469,flex0_norm=0.115,flex1_raw=469,flex1_norm=0.115,flex2_raw=447,flex2_norm=0.109,flex3_raw=582,flex3_norm=0.142,flex4_raw=506,flex4_norm=0.124",true
word-sequence-v1,session_20261005T212737_676Z,word_hello_0010,62,29885,749290,1791235877257,hello,words-draft,signer_05,neutral,0x70,-0.311000000000,0.645000000000,-0.621000000000,-27.6180000000,1.30500000000,-15.6490000000,469,469,447,581,505,"seq=29885,t_ms=749290,who=0x70,ax=-0.311,ay=0.645,az=-0.621,gx=-27.618,gy=1.305,gz=-15.649,expected=-,pred=C,pred_conf=100.0,flex0_raw=469,flex0_norm=0.115,flex1_raw=469,flex1_norm=0.115,flex2_raw=447,flex2_norm=0.109,flex3_raw=581,flex3_norm=0.142,flex4_raw=505,flex4_norm=0.123",true
word-sequence-v1,session_20261005T212737_676Z,word_hello_0010,63,29886,749315,1791235877278,hello,words-draft,signer_05,neutral,0x70,-0.378000000000,0.716000000000,-0.601000000000,-31.4430000000,-26.9310000000,-2.47300000000,471,470,447,580,506,"seq=29886,t_ms=749315,who=0x70,ax=-0.378,ay=0.716,az=-0.601,gx=-31.443,gy=-26.931,gz=-2.473,expected=-,pred=C,pred_conf=100.0,flex0_raw=471,flex0_norm=0.115,flex1_raw=470,flex1_norm=0.115,flex2_raw=447,flex2_norm=0.109,flex3_raw=580,flex3_norm=0.142,flex4_raw=506,flex4_norm=0.124",true
word-sequence-v1,session_20261005T212737_676Z,word_hello_0010,64,29887,749340,1791235877308,hello,words-draft,signer_05,neutral,0x70,-0.364000000000,0.727000000000,-0.550000000000,-21.7400000000,-17.6340000000,-3.45800000000,472,471,448,583,507,"seq=29887,t_ms=749340,who=0x70,ax=-0.364,ay=0.727,az=-0.550,gx=-21.740,gy=-17.634,gz=-3.458,expected=-,pred=C,pred_conf=100.0,flex0_raw=472,flex0_norm=0.115,flex1_raw=471,flex1_norm=0.115,flex2_raw=448,flex2_norm=0.109,flex3_raw=583,flex3_norm=0.142,flex4_raw=507,flex4_norm=0.124",true
word-sequence-v1,session_20261005T212737_676Z,word_hello_0010,65,29888,749365,1791235877339,hello,words-draft,signer_05,neutral,0x70,-0.391000000000,0.781000000000,-0.550000000000,-4.07600000000,2.22900000000,-6.93900000000,457,455,447,583,507,"seq=29888,t_ms=749365,who=0x70,ax=-0.391,ay=0.781,az=-0.550,gx=-4.076,gy=2.229,gz=-6.939,expected=-,pred=C,pred_conf=83.4,flex0_raw=457,flex0_norm=0.112,flex1_raw=455,flex1_norm=0.111,flex2_raw=447,flex2_norm=0.109,flex3_raw=583,flex3_norm=0.142,flex4_raw=507,flex4_norm=0.124",true
word-sequence-v1,session_20261005T212737_676Z,word_hello_0010,66,29889,749390,1791235877373,hello,words-draft,signer_05,neutral,0x70,-0.358000000000,0.790000000000,-0.610000000000,0.237000000000,2.07600000000,-1.39700000000,456,455,446,583,507,"seq=29889,t_ms=749390,who=0x70,ax=-0.358,ay=0.790,az=-0.610,gx=0.237,gy=2.076,gz=-1.397,expected=-,pred=C,pred_conf=73.0,flex0_raw=456,flex0_norm=0.111,flex1_raw=455,flex1_norm=0.111,flex2_raw=446,flex2_norm=0.109,flex3_raw=583,flex3_norm=0.142,flex4_raw=507,flex4_norm=0.124",true
word-sequence-v1,session_20261005T212737_676Z,word_hello_0010,67,29890,749415,1791235877373,hello,words-draft,signer_05,neutral,0x70,-0.432000000000,0.759000000000,-0.631000000000,16.8700000000,37.4810000000,11.5270000000,456,455,445,582,507,"seq=29890,t_ms=749415,who=0x70,ax=-0.432,ay=0.759,az=-0.631,gx=16.870,gy=37.481,gz=11.527,expected=-,pred=C,pred_conf=74.4,flex0_raw=456,flex0_norm=0.111,flex1_raw=455,flex1_norm=0.111,flex2_raw=445,flex2_norm=0.109,flex3_raw=582,flex3_norm=0.142,flex4_raw=507,flex4_norm=0.124",true
word-sequence-v1,session_20261005T212737_676Z,word_hello_0010,68,29891,749440,1791235877402,hello,words-draft,signer_05,neutral,0x70,-0.407000000000,0.723000000000,-0.581000000000,34.3050000000,62.1600000000,10.4960000000,455,456,444,582,505,"seq=29891,t_ms=749440,who=0x70,ax=-0.407,ay=0.723,az=-0.581,gx=34.305,gy=62.160,gz=10.496,expected=-,pred=C,pred_conf=64.0,flex0_raw=455,flex0_norm=0.111,flex1_raw=456,flex1_norm=0.111,flex2_raw=444,flex2_norm=0.108,flex3_raw=582,flex3_norm=0.142,flex4_raw=505,flex4_norm=0.123",true
word-sequence-v1,session_20261005T212737_676Z,word_hello_0010,69,29892,749465,1791235877444,hello,words-draft,signer_05,neutral,0x70,-0.269000000000,0.708000000000,-0.620000000000,21.5880000000,14.4660000000,18.2750000000,455,455,444,582,506,"seq=29892,t_ms=749465,who=0x70,ax=-0.269,ay=0.708,az=-0.620,gx=21.588,gy=14.466,gz=18.275,expected=-,pred=C,pred_conf=60.7,flex0_raw=455,flex0_norm=0.111,flex1_raw=455,flex1_norm=0.111,flex2_raw=444,flex2_norm=0.108,flex3_raw=582,flex3_norm=0.142,flex4_raw=506,flex4_norm=0.124",true
word-sequence-v1,session_20261005T212737_676Z,word_hello_0010,70,29893,749490,1791235877467,hello,words-draft,signer_05,neutral,0x70,-0.327000000000,0.734000000000,-0.649000000000,-10.1910000000,-40.6340000000,15.8630000000,455,454,442,581,506,"seq=29893,t_ms=749490,who=0x70,ax=-0.327,ay=0.734,az=-0.649,gx=-10.191,gy=-40.634,gz=15.863,expected=-,pred=C,pred_conf=60.9,flex0_raw=455,flex0_norm=0.111,flex1_raw=454,flex1_norm=0.111,flex2_raw=442,flex2_norm=0.108,flex3_raw=581,flex3_norm=0.142,flex4_raw=506,flex4_norm=0.124",true
word-sequence-v1,session_20261005T212737_676Z,word_hello_0010,71,29894,749515,1791235877489,hello,words-draft,signer_05,neutral,0x70,-0.374000000000,0.757000000000,-0.643000000000,-13.5880000000,-49.9310000000,7.58800000000,456,455,441,581,505,"seq=29894,t_ms=749515,who=0x70,ax=-0.374,ay=0.757,az=-0.643,gx=-13.588,gy=-49.931,gz=7.588,expected=-,pred=C,pred_conf=79.2,flex0_raw=456,flex0_norm=0.111,flex1_raw=455,flex1_norm=0.111,flex2_raw=441,flex2_norm=0.108,flex3_raw=581,flex3_norm=0.142,flex4_raw=505,flex4_norm=0.123",true
word-sequence-v1,session_20261005T212737_676Z,word_hello_0010,72,29895,749540,1791235877518,hello,words-draft,signer_05,neutral,0x70,-0.315000000000,0.774000000000,-0.661000000000,3.08400000000,-24.2670000000,7.23700000000,455,456,441,581,505,"seq=29895,t_ms=749540,who=0x70,ax=-0.315,ay=0.774,az=-0.661,gx=3.084,gy=-24.267,gz=7.237,expected=-,pred=C,pred_conf=69.0,flex0_raw=455,flex0_norm=0.111,flex1_raw=456,flex1_norm=0.111,flex2_raw=441,flex2_norm=0.108,flex3_raw=581,flex3_norm=0.142,flex4_raw=505,flex4_norm=0.123",true
word-sequence-v1,session_20261005T212737_676Z,word_hello_0010,73,29896,749565,1791235877521,hello,words-draft,signer_05,neutral,0x70,-0.336000000000,0.750000000000,-0.704000000000,11.9690000000,18.8240000000,4.49600000000,456,455,441,579,505,"seq=29896,t_ms=749565,who=0x70,ax=-0.336,ay=0.750,az=-0.704,gx=11.969,gy=18.824,gz=4.496,expected=-,pred=C,pred_conf=79.3,flex0_raw=456,flex0_norm=0.111,flex1_raw=455,flex1_norm=0.111,flex2_raw=441,flex2_norm=0.108,flex3_raw=579,flex3_norm=0.141,flex4_raw=505,flex4_norm=0.123",true
word-sequence-v1,session_20261005T212737_676Z,word_hello_0010,74,29897,749590,1791235877549,hello,words-draft,signer_05,neutral,0x70,-0.349000000000,0.706000000000,-0.647000000000,7.74800000000,25.3740000000,2.51900000000,455,455,439,574,504,"seq=29897,t_ms=749590,who=0x70,ax=-0.349,ay=0.706,az=-0.647,gx=7.748,gy=25.374,gz=2.519,expected=-,pred=C,pred_conf=69.1,flex0_raw=455,flex0_norm=0.111,flex1_raw=455,flex1_norm=0.111,flex2_raw=439,flex2_norm=0.107,flex3_raw=574,flex3_norm=0.140,flex4_raw=504,flex4_norm=0.123",true
word-sequence-v1,session_20261005T212737_676Z,word_hello_0010,75,29898,749615,1791235877584,hello,words-draft,signer_05,neutral,0x70,-0.302000000000,0.691000000000,-0.599000000000,-0.183000000000,-2.68700000000,0.885000000000,455,454,437,574,504,"seq=29898,t_ms=749615,who=0x70,ax=-0.302,ay=0.691,az=-0.599,gx=-0.183,gy=-2.687,gz=0.885,expected=-,pred=C,pred_conf=69.1,flex0_raw=455,flex0_norm=0.111,flex1_raw=454,flex1_norm=0.111,flex2_raw=437,flex2_norm=0.107,flex3_raw=574,flex3_norm=0.140,flex4_raw=504,flex4_norm=0.123",true
word-sequence-v1,session_20261005T212737_676Z,word_hello_0010,76,29899,749640,1791235877615,hello,words-draft,signer_05,neutral,0x70,-0.262000000000,0.672000000000,-0.630000000000,-2.06900000000,-15.7710000000,4.82400000000,454,454,439,573,503,"seq=29899,t_ms=749640,who=0x70,ax=-0.262,ay=0.672,az=-0.630,gx=-2.069,gy=-15.771,gz=4.824,expected=-,pred=F,pred_conf=50.7,flex0_raw=454,flex0_norm=0.111,flex1_raw=454,flex1_norm=0.111,flex2_raw=439,flex2_norm=0.107,flex3_raw=573,flex3_norm=0.140,flex4_raw=503,flex4_norm=0.123",true
word-sequence-v1,session_20261005T212737_676Z,word_hello_0010,77,29900,749665,1791235877654,hello,words-draft,signer_05,neutral,0x70,-0.292000000000,0.715000000000,-0.638000000000,6.74800000000,-1.80900000000,9.35100000000,453,453,440,574,504,"seq=29900,t_ms=749665,who=0x70,ax=-0.292,ay=0.715,az=-0.638,gx=6.748,gy=-1.809,gz=9.351,expected=-,pred=F,pred_conf=70.2,flex0_raw=453,flex0_norm=0.111,flex1_raw=453,flex1_norm=0.111,flex2_raw=440,flex2_norm=0.107,flex3_raw=574,flex3_norm=0.140,flex4_raw=504,flex4_norm=0.123",true
word-sequence-v1,session_20261005T212737_676Z,word_hello_0010,78,29901,749690,1791235877692,hello,words-draft,signer_05,neutral,0x70,-0.297000000000,0.704000000000,-0.631000000000,9.19100000000,12.1830000000,7.31300000000,455,453,440,574,504,"seq=29901,t_ms=749690,who=0x70,ax=-0.297,ay=0.704,az=-0.631,gx=9.191,gy=12.183,gz=7.313,expected=-,pred=C,pred_conf=60.9,flex0_raw=455,flex0_norm=0.111,flex1_raw=453,flex1_norm=0.111,flex2_raw=440,flex2_norm=0.107,flex3_raw=574,flex3_norm=0.140,flex4_raw=504,flex4_norm=0.123",true
word-sequence-v1,session_20261005T212737_676Z,word_hello_0010,79,29902,749715,1791235877693,hello,words-draft,signer_05,neutral,0x70,-0.249000000000,0.706000000000,-0.646000000000,3.35900000000,10.4810000000,3.29000000000,453,453,440,573,504,"seq=29902,t_ms=749715,who=0x70,ax=-0.249,ay=0.706,az=-0.646,gx=3.359,gy=10.481,gz=3.290,expected=-,pred=F,pred_conf=70.1,flex0_raw=453,flex0_norm=0.111,flex1_raw=453,flex1_norm=0.111,flex2_raw=440,flex2_norm=0.107,flex3_raw=573,flex3_norm=0.140,flex4_raw=504,flex4_norm=0.123",true
word-sequence-v1,session_20261005T212737_676Z,word_hello_0010,80,29903,749740,1791235877698,hello,words-draft,signer_05,neutral,0x70,-0.274000000000,0.699000000000,-0.669000000000,-1.87000000000,3.10700000000,4.43500000000,453,453,440,574,503,"seq=29903,t_ms=749740,who=0x70,ax=-0.274,ay=0.699,az=-0.669,gx=-1.870,gy=3.107,gz=4.435,expected=-,pred=F,pred_conf=70.2,flex0_raw=453,flex0_norm=0.111,flex1_raw=453,flex1_norm=0.111,flex2_raw=440,flex2_norm=0.107,flex3_raw=574,flex3_norm=0.140,flex4_raw=503,flex4_norm=0.123",true
word-sequence-v1,session_20261005T212737_676Z,word_hello_0010,81,29904,749765,1791235877738,hello,words-draft,signer_05,neutral,0x70,-0.294000000000,0.712000000000,-0.683000000000,-1.41200000000,5.34400000000,4.13700000000,455,454,440,574,504,"seq=29904,t_ms=749765,who=0x70,ax=-0.294,ay=0.712,az=-0.683,gx=-1.412,gy=5.344,gz=4.137,expected=-,pred=C,pred_conf=64.2,flex0_raw=455,flex0_norm=0.111,flex1_raw=454,flex1_norm=0.111,flex2_raw=440,flex2_norm=0.107,flex3_raw=574,flex3_norm=0.140,flex4_raw=504,flex4_norm=0.123",true
word-sequence-v1,session_20261005T212737_676Z,word_hello_0010,82,29905,749790,1791235877767,hello,words-draft,signer_05,neutral,0x70,-0.261000000000,0.710000000000,-0.683000000000,0.939000000000,13.6490000000,1.69500000000,453,453,440,573,503,"seq=29905,t_ms=749790,who=0x70,ax=-0.261,ay=0.710,az=-0.683,gx=0.939,gy=13.649,gz=1.695,expected=-,pred=F,pred_conf=70.2,flex0_raw=453,flex0_norm=0.111,flex1_raw=453,flex1_norm=0.111,flex2_raw=440,flex2_norm=0.107,flex3_raw=573,flex3_norm=0.140,flex4_raw=503,flex4_norm=0.123",true
word-sequence-v1,session_20261005T212737_676Z,word_hello_0010,83,29906,749815,1791235877806,hello,words-draft,signer_05,neutral,0x70,-0.285000000000,0.707000000000,-0.676000000000,-0.130000000000,7.89300000000,3.67200000000,453,448,440,575,504,"seq=29906,t_ms=749815,who=0x70,ax=-0.285,ay=0.707,az=-0.676,gx=-0.130,gy=7.893,gz=3.672,expected=-,pred=F,pred_conf=79.5,flex0_raw=453,flex0_norm=0.111,flex1_raw=448,flex1_norm=0.109,flex2_raw=440,flex2_norm=0.107,flex3_raw=575,flex3_norm=0.140,flex4_raw=504,flex4_norm=0.123",true
word-sequence-v1,session_20261005T212737_676Z,word_hello_0010,84,29907,749840,1791235877850,hello,words-draft,signer_05,neutral,0x70,-0.237000000000,0.702000000000,-0.680000000000,-3.80900000000,-0.107000000000,2.89300000000,453,453,441,573,504,"seq=29907,t_ms=749840,who=0x70,ax=-0.237,ay=0.702,az=-0.680,gx=-3.809,gy=-0.107,gz=2.893,expected=-,pred=F,pred_conf=71.4,flex0_raw=453,flex0_norm=0.111,flex1_raw=453,flex1_norm=0.111,flex2_raw=441,flex2_norm=0.108,flex3_raw=573,flex3_norm=0.140,flex4_raw=504,flex4_norm=0.123",true
word-sequence-v1,session_20261005T212737_676Z,word_hello_0010,85,29908,749865,1791235877853,hello,words-draft,signer_05,neutral,0x70,-0.229000000000,0.702000000000,-0.670000000000,-5.94700000000,-3.88500000000,5.55000000000,455,454,441,573,503,"seq=29908,t_ms=749865,who=0x70,ax=-0.229,ay=0.702,az=-0.670,gx=-5.947,gy=-3.885,gz=5.550,expected=-,pred=C,pred_conf=62.4,flex0_raw=455,flex0_norm=0.111,flex1_raw=454,flex1_norm=0.111,flex2_raw=441,flex2_norm=0.108,flex3_raw=573,flex3_norm=0.140,flex4_raw=503,flex4_norm=0.123",true
word-sequence-v1,session_20261005T212737_676Z,word_hello_0010,86,29909,749890,1791235877854,hello,words-draft,signer_05,neutral,0x70,-0.244000000000,0.702000000000,-0.658000000000,-6.72500000000,-0.618000000000,5.77100000000,453,453,441,573,504,"seq=29909,t_ms=749890,who=0x70,ax=-0.244,ay=0.702,az=-0.658,gx=-6.725,gy=-0.618,gz=5.771,expected=-,pred=F,pred_conf=71.4,flex0_raw=453,flex0_norm=0.111,flex1_raw=453,flex1_norm=0.111,flex2_raw=441,flex2_norm=0.108,flex3_raw=573,flex3_norm=0.140,flex4_raw=504,flex4_norm=0.123",true
word-sequence-v1,session_20261005T212737_676Z,word_hello_0010,87,29910,749915,1791235877885,hello,words-draft,signer_05,neutral,0x70,-0.270000000000,0.709000000000,-0.658000000000,-8.77900000000,0.840000000000,3.86300000000,453,453,441,574,503,"seq=29910,t_ms=749915,who=0x70,ax=-0.270,ay=0.709,az=-0.658,gx=-8.779,gy=0.840,gz=3.863,expected=-,pred=F,pred_conf=71.5,flex0_raw=453,flex0_norm=0.111,flex1_raw=453,flex1_norm=0.111,flex2_raw=441,flex2_norm=0.108,flex3_raw=574,flex3_norm=0.140,flex4_raw=503,flex4_norm=0.123",true
word-sequence-v1,session_20261005T212737_676Z,word_please_0011,0,31934,800516,1791235928508,please,words-draft,signer_01,neutral,0x70,0.852000000000,0.103000000000,-0.0530000000000,-16.3210000000,-70.1980000000,-7.09900000000,551,549,491,593,488,"seq=31934,t_ms=800516,who=0x70,ax=0.852,ay=0.103,az=-0.053,gx=-16.321,gy=-70.198,gz=-7.099,expected=-,pred=5,pred_conf=100.0,flex0_raw=551,flex0_norm=0.135,flex1_raw=549,flex1_norm=0.134,flex2_raw=491,flex2_norm=0.120,flex3_raw=593,flex3_norm=0.145,flex4_raw=488,flex4_norm=0.119",true
word-sequence-v1,session_20261005T212737_676Z,word_please_0011,1,31935,800541,1791235928561,please,words-draft,signer_01,neutral,0x70,0.834000000000,0.109000000000,-0.0630000000000,-23.9160000000,-51.2670000000,-5.23700000000,549,550,492,594,490,"seq=31935,t_ms=800541,who=0x70,ax=0.834,ay=0.109,az=-0.063,gx=-23.916,gy=-51.267,gz=-5.237,expected=-,pred=5,pred_conf=100.0,flex0_raw=549,flex0_norm=0.134,flex1_raw=550,flex1_norm=0.134,flex2_raw=492,flex2_norm=0.120,flex3_raw=594,flex3_norm=0.145,flex4_raw=490,flex4_norm=0.120",true
word-sequence-v1,session_20261005T212737_676Z,word_please_0011,2,31936,800566,1791235928563,please,words-draft,signer_01,neutral,0x70,0.863000000000,0.112000000000,-0.0830000000000,-21.9470000000,-28.7250000000,-3.73300000000,549,549,492,595,490,"seq=31936,t_ms=800566,who=0x70,ax=0.863,ay=0.112,az=-0.083,gx=-21.947,gy=-28.725,gz=-3.733,expected=-,pred=5,pred_conf=100.0,flex0_raw=549,flex0_norm=0.134,flex1_raw=549,flex1_norm=0.134,flex2_raw=492,flex2_norm=0.120,flex3_raw=595,flex3_norm=0.145,flex4_raw=490,flex4_norm=0.120",true
word-sequence-v1,session_20261005T212737_676Z,word_please_0011,3,31937,800591,1791235928564,please,words-draft,signer_01,neutral,0x70,0.887000000000,0.134000000000,-0.0920000000000,-15.2520000000,-5.42700000000,-2.15300000000,549,550,492,595,490,"seq=31937,t_ms=800591,who=0x70,ax=0.887,ay=0.134,az=-0.092,gx=-15.252,gy=-5.427,gz=-2.153,expected=-,pred=5,pred_conf=100.0,flex0_raw=549,flex0_norm=0.134,flex1_raw=550,flex1_norm=0.134,flex2_raw=492,flex2_norm=0.120,flex3_raw=595,flex3_norm=0.145,flex4_raw=490,flex4_norm=0.120",true
word-sequence-v1,session_20261005T212737_676Z,word_please_0011,4,31938,800616,1791235928602,please,words-draft,signer_01,neutral,0x70,0.908000000000,0.147000000000,-0.0780000000000,-19.0380000000,9.53400000000,-2.11500000000,549,549,491,595,491,"seq=31938,t_ms=800616,who=0x70,ax=0.908,ay=0.147,az=-0.078,gx=-19.038,gy=9.534,gz=-2.115,expected=-,pred=5,pred_conf=100.0,flex0_raw=549,flex0_norm=0.134,flex1_raw=549,flex1_norm=0.134,flex2_raw=491,flex2_norm=0.120,flex3_raw=595,flex3_norm=0.145,flex4_raw=491,flex4_norm=0.120",true
word-sequence-v1,session_20261005T212737_676Z,word_please_0011,5,31939,800641,1791235928626,please,words-draft,signer_01,neutral,0x70,0.932000000000,0.141000000000,-0.0740000000000,-18.9240000000,9.71000000000,2.84700000000,549,551,491,595,491,"seq=31939,t_ms=800641,who=0x70,ax=0.932,ay=0.141,az=-0.074,gx=-18.924,gy=9.710,gz=2.847,expected=-,pred=5,pred_conf=100.0,flex0_raw=549,flex0_norm=0.134,flex1_raw=551,flex1_norm=0.135,flex2_raw=491,flex2_norm=0.120,flex3_raw=595,flex3_norm=0.145,flex4_raw=491,flex4_norm=0.120",true
word-sequence-v1,session_20261005T212737_676Z,word_please_0011,6,31940,800666,1791235928647,please,words-draft,signer_01,neutral,0x70,0.958000000000,0.128000000000,-0.0850000000000,-16.0150000000,9.96900000000,3.98500000000,551,550,491,595,491,"seq=31940,t_ms=800666,who=0x70,ax=0.958,ay=0.128,az=-0.085,gx=-16.015,gy=9.969,gz=3.985,expected=-,pred=5,pred_conf=100.0,flex0_raw=551,flex0_norm=0.135,flex1_raw=550,flex1_norm=0.134,flex2_raw=491,flex2_norm=0.120,flex3_raw=595,flex3_norm=0.145,flex4_raw=491,flex4_norm=0.120",true
word-sequence-v1,session_20261005T212737_676Z,word_please_0011,7,31941,800691,1791235928669,please,words-draft,signer_01,neutral,0x70,0.989000000000,0.131000000000,-0.0790000000000,-13.2210000000,13.9160000000,1.41200000000,551,551,491,595,491,"seq=31941,t_ms=800691,who=0x70,ax=0.989,ay=0.131,az=-0.079,gx=-13.221,gy=13.916,gz=1.412,expected=-,pred=5,pred_conf=100.0,flex0_raw=551,flex0_norm=0.135,flex1_raw=551,flex1_norm=0.135,flex2_raw=491,flex2_norm=0.120,flex3_raw=595,flex3_norm=0.145,flex4_raw=491,flex4_norm=0.120",true
word-sequence-v1,session_20261005T212737_676Z,word_please_0011,8,31942,800716,1791235928706,please,words-draft,signer_01,neutral,0x70,1.01600000000,0.136000000000,-0.0910000000000,-11.9620000000,16.7940000000,-1.17600000000,550,550,491,595,493,"seq=31942,t_ms=800716,who=0x70,ax=1.016,ay=0.136,az=-0.091,gx=-11.962,gy=16.794,gz=-1.176,expected=-,pred=5,pred_conf=100.0,flex0_raw=550,flex0_norm=0.134,flex1_raw=550,flex1_norm=0.134,flex2_raw=491,flex2_norm=0.120,flex3_raw=595,flex3_norm=0.145,flex4_raw=493,flex4_norm=0.120",true
word-sequence-v1,session_20261005T212737_676Z,word_please_0011,9,31943,800741,1791235928706,please,words-draft,signer_01,neutral,0x70,1.03400000000,0.142000000000,-0.0840000000000,-7.26700000000,12.8780000000,2.81700000000,550,551,490,595,491,"seq=31943,t_ms=800741,who=0x70,ax=1.034,ay=0.142,az=-0.084,gx=-7.267,gy=12.878,gz=2.817,expected=-,pred=5,pred_conf=100.0,flex0_raw=550,flex0_norm=0.134,flex1_raw=551,flex1_norm=0.135,flex2_raw=490,flex2_norm=0.120,flex3_raw=595,flex3_norm=0.145,flex4_raw=491,flex4_norm=0.120",true
word-sequence-v1,session_20261005T212737_676Z,word_please_0011,10,31944,800766,1791235928745,please,words-draft,signer_01,neutral,0x70,1.04000000000,0.131000000000,-0.0800000000000,-5.20600000000,11.2290000000,3.64100000000,551,550,491,595,492,"seq=31944,t_ms=800766,who=0x70,ax=1.040,ay=0.131,az=-0.080,gx=-5.206,gy=11.229,gz=3.641,expected=-,pred=5,pred_conf=100.0,flex0_raw=551,flex0_norm=0.135,flex1_raw=550,flex1_norm=0.134,flex2_raw=491,flex2_norm=0.120,flex3_raw=595,flex3_norm=0.145,flex4_raw=492,flex4_norm=0.120",true
word-sequence-v1,session_20261005T212737_676Z,word_please_0011,11,31945,800791,1791235928773,please,words-draft,signer_01,neutral,0x70,1.05200000000,0.108000000000,-0.0730000000000,-3.27500000000,16.6870000000,3.63400000000,551,550,491,595,492,"seq=31945,t_ms=800791,who=0x70,ax=1.052,ay=0.108,az=-0.073,gx=-3.275,gy=16.687,gz=3.634,expected=-,pred=5,pred_conf=100.0,flex0_raw=551,flex0_norm=0.135,flex1_raw=550,flex1_norm=0.134,flex2_raw=491,flex2_norm=0.120,flex3_raw=595,flex3_norm=0.145,flex4_raw=492,flex4_norm=0.120",true
word-sequence-v1,session_20261005T212737_676Z,word_please_0011,12,31946,800816,1791235928812,please,words-draft,signer_01,neutral,0x70,1.07300000000,0.0750000000000,-0.0770000000000,0.740000000000,23.8780000000,5.21400000000,551,550,491,595,491,"seq=31946,t_ms=800816,who=0x70,ax=1.073,ay=0.075,az=-0.077,gx=0.740,gy=23.878,gz=5.214,expected=-,pred=5,pred_conf=100.0,flex0_raw=551,flex0_norm=0.135,flex1_raw=550,flex1_norm=0.134,flex2_raw=491,flex2_norm=0.120,flex3_raw=595,flex3_norm=0.145,flex4_raw=491,flex4_norm=0.120",true
word-sequence-v1,session_20261005T212737_676Z,word_please_0011,13,31947,800841,1791235928835,please,words-draft,signer_01,neutral,0x70,1.11300000000,0.0310000000000,-0.0540000000000,-1.22100000000,26.8240000000,2.87000000000,551,551,493,596,489,"seq=31947,t_ms=800841,who=0x70,ax=1.113,ay=0.031,az=-0.054,gx=-1.221,gy=26.824,gz=2.870,expected=-,pred=5,pred_conf=100.0,flex0_raw=551,flex0_norm=0.135,flex1_raw=551,flex1_norm=0.135,flex2_raw=493,flex2_norm=0.120,flex3_raw=596,flex3_norm=0.146,flex4_raw=489,flex4_norm=0.119",true
word-sequence-v1,session_20261005T212737_676Z,word_please_0011,14,31948,800866,1791235928858,please,words-draft,signer_01,neutral,0x70,1.13300000000,-0.0300000000000,-0.0330000000000,-3.09200000000,19.4500000000,2.21400000000,552,551,493,597,490,"seq=31948,t_ms=800866,who=0x70,ax=1.133,ay=-0.030,az=-0.033,gx=-3.092,gy=19.450,gz=2.214,expected=-,pred=5,pred_conf=100.0,flex0_raw=552,flex0_norm=0.135,flex1_raw=551,flex1_norm=0.135,flex2_raw=493,flex2_norm=0.120,flex3_raw=597,flex3_norm=0.146,flex4_raw=490,flex4_norm=0.120",true
word-sequence-v1,session_20261005T212737_676Z,word_please_0011,15,31949,800891,1791235928859,please,words-draft,signer_01,neutral,0x70,1.09800000000,-0.0300000000000,-0.0240000000000,1.15300000000,10.7180000000,-2.60300000000,551,551,493,597,488,"seq=31949,t_ms=800891,who=0x70,ax=1.098,ay=-0.030,az=-0.024,gx=1.153,gy=10.718,gz=-2.603,expected=-,pred=5,pred_conf=100.0,flex0_raw=551,flex0_norm=0.135,flex1_raw=551,flex1_norm=0.135,flex2_raw=493,flex2_norm=0.120,flex3_raw=597,flex3_norm=0.146,flex4_raw=488,flex4_norm=0.119",true
word-sequence-v1,session_20261005T212737_676Z,word_please_0011,16,31950,800916,1791235928880,please,words-draft,signer_01,neutral,0x70,1.04600000000,-0.0490000000000,-0.0150000000000,2.52700000000,-5.67200000000,-7.42700000000,553,553,495,599,488,"seq=31950,t_ms=800916,who=0x70,ax=1.046,ay=-0.049,az=-0.015,gx=2.527,gy=-5.672,gz=-7.427,expected=-,pred=5,pred_conf=100.0,flex0_raw=553,flex0_norm=0.135,flex1_raw=553,flex1_norm=0.135,flex2_raw=495,flex2_norm=0.121,flex3_raw=599,flex3_norm=0.146,flex4_raw=488,flex4_norm=0.119",true
word-sequence-v1,session_20261005T212737_676Z,word_please_0011,17,31951,800941,1791235928908,please,words-draft,signer_01,neutral,0x70,1.00500000000,-0.0310000000000,-0.0100000000000,2.77100000000,-23.4580000000,-12.7330000000,551,551,495,600,487,"seq=31951,t_ms=800941,who=0x70,ax=1.005,ay=-0.031,az=-0.010,gx=2.771,gy=-23.458,gz=-12.733,expected=-,pred=5,pred_conf=100.0,flex0_raw=551,flex0_norm=0.135,flex1_raw=551,flex1_norm=0.135,flex2_raw=495,flex2_norm=0.121,flex3_raw=600,flex3_norm=0.147,flex4_raw=487,flex4_norm=0.119",true
word-sequence-v1,session_20261005T212737_676Z,word_please_0011,18,31952,800966,1791235928943,please,words-draft,signer_01,neutral,0x70,0.903000000000,-0.0170000000000,-0.0660000000000,-1.09900000000,-35.5570000000,-11.0920000000,552,553,495,600,488,"seq=31952,t_ms=800966,who=0x70,ax=0.903,ay=-0.017,az=-0.066,gx=-1.099,gy=-35.557,gz=-11.092,expected=-,pred=5,pred_conf=100.0,flex0_raw=552,flex0_norm=0.135,flex1_raw=553,flex1_norm=0.135,flex2_raw=495,flex2_norm=0.121,flex3_raw=600,flex3_norm=0.147,flex4_raw=488,flex4_norm=0.119",true
word-sequence-v1,session_20261005T212737_676Z,word_please_0011,19,31953,800991,1791235928972,please,words-draft,signer_01,neutral,0x70,0.818000000000,0.0250000000000,-0.0790000000000,-10.5500000000,-45.2600000000,-9.44300000000,552,553,495,601,487,"seq=31953,t_ms=800991,who=0x70,ax=0.818,ay=0.025,az=-0.079,gx=-10.550,gy=-45.260,gz=-9.443,expected=-,pred=5,pred_conf=100.0,flex0_raw=552,flex0_norm=0.135,flex1_raw=553,flex1_norm=0.135,flex2_raw=495,flex2_norm=0.121,flex3_raw=601,flex3_norm=0.147,flex4_raw=487,flex4_norm=0.119",true
word-sequence-v1,session_20261005T212737_676Z,word_please_0011,20,31954,801016,1791235929022,please,words-draft,signer_01,neutral,0x70,0.766000000000,0.103000000000,-0.115000000000,-21.2820000000,-37.8090000000,-2.65600000000,553,553,500,603,488,"seq=31954,t_ms=801016,who=0x70,ax=0.766,ay=0.103,az=-0.115,gx=-21.282,gy=-37.809,gz=-2.656,expected=-,pred=5,pred_conf=100.0,flex0_raw=553,flex0_norm=0.135,flex1_raw=553,flex1_norm=0.135,flex2_raw=500,flex2_norm=0.122,flex3_raw=603,flex3_norm=0.147,flex4_raw=488,flex4_norm=0.119",true
word-sequence-v1,session_20261005T212737_676Z,word_please_0011,21,31955,801041,1791235929023,please,words-draft,signer_01,neutral,0x70,0.728000000000,0.129000000000,-0.129000000000,-32.0230000000,-7.35900000000,0.183000000000,554,553,501,603,488,"seq=31955,t_ms=801041,who=0x70,ax=0.728,ay=0.129,az=-0.129,gx=-32.023,gy=-7.359,gz=0.183,expected=-,pred=5,pred_conf=100.0,flex0_raw=554,flex0_norm=0.135,flex1_raw=553,flex1_norm=0.135,flex2_raw=501,flex2_norm=0.122,flex3_raw=603,flex3_norm=0.147,flex4_raw=488,flex4_norm=0.119",true
word-sequence-v1,session_20261005T212737_676Z,word_please_0011,22,31956,801066,1791235929048,please,words-draft,signer_01,neutral,0x70,0.705000000000,0.156000000000,-0.124000000000,-38.3510000000,18.4500000000,5.24400000000,554,554,501,603,489,"seq=31956,t_ms=801066,who=0x70,ax=0.705,ay=0.156,az=-0.124,gx=-38.351,gy=18.450,gz=5.244,expected=-,pred=5,pred_conf=100.0,flex0_raw=554,flex0_norm=0.135,flex1_raw=554,flex1_norm=0.135,flex2_raw=501,flex2_norm=0.122,flex3_raw=603,flex3_norm=0.147,flex4_raw=489,flex4_norm=0.119",true
word-sequence-v1,session_20261005T212737_676Z,word_please_0011,23,31957,801091,1791235929066,please,words-draft,signer_01,neutral,0x70,0.723000000000,0.261000000000,-0.102000000000,-39.1980000000,26.0690000000,3.77900000000,560,563,503,603,488,"seq=31957,t_ms=801091,who=0x70,ax=0.723,ay=0.261,az=-0.102,gx=-39.198,gy=26.069,gz=3.779,expected=-,pred=5,pred_conf=100.0,flex0_raw=560,flex0_norm=0.137,flex1_raw=563,flex1_norm=0.137,flex2_raw=503,flex2_norm=0.123,flex3_raw=603,flex3_norm=0.147,flex4_raw=488,flex4_norm=0.119",true
word-sequence-v1,session_20261005T212737_676Z,word_please_0011,24,31958,801116,1791235929091,please,words-draft,signer_01,neutral,0x70,0.761000000000,0.389000000000,-0.0820000000000,-31.4430000000,23.8630000000,18.2600000000,564,564,504,603,489,"seq=31958,t_ms=801116,who=0x70,ax=0.761,ay=0.389,az=-0.082,gx=-31.443,gy=23.863,gz=18.260,expected=-,pred=5,pred_conf=100.0,flex0_raw=564,flex0_norm=0.138,flex1_raw=564,flex1_norm=0.138,flex2_raw=504,flex2_norm=0.123,flex3_raw=603,flex3_norm=0.147,flex4_raw=489,flex4_norm=0.119",true
word-sequence-v1,session_20261005T212737_676Z,word_please_0011,25,31959,801141,1791235929153,please,words-draft,signer_01,neutral,0x70,0.802000000000,0.332000000000,-0.0890000000000,-27.7250000000,41.5040000000,27.0150000000,565,566,504,603,489,"seq=31959,t_ms=801141,who=0x70,ax=0.802,ay=0.332,az=-0.089,gx=-27.725,gy=41.504,gz=27.015,expected=-,pred=5,pred_conf=100.0,flex0_raw=565,flex0_norm=0.138,flex1_raw=566,flex1_norm=0.138,flex2_raw=504,flex2_norm=0.123,flex3_raw=603,flex3_norm=0.147,flex4_raw=489,flex4_norm=0.119",true
word-sequence-v1,session_20261005T212737_676Z,word_please_0011,26,31960,801166,1791235929155,please,words-draft,signer_01,neutral,0x70,0.930000000000,0.341000000000,0.00900000000000,-39.6720000000,80.4430000000,5.32800000000,565,565,505,602,491,"seq=31960,t_ms=801166,who=0x70,ax=0.930,ay=0.341,az=0.009,gx=-39.672,gy=80.443,gz=5.328,expected=-,pred=5,pred_conf=100.0,flex0_raw=565,flex0_norm=0.138,flex1_raw=565,flex1_norm=0.138,flex2_raw=505,flex2_norm=0.123,flex3_raw=602,flex3_norm=0.147,flex4_raw=491,flex4_norm=0.120",true
word-sequence-v1,session_20261005T212737_676Z,word_please_0011,27,31961,801191,1791235929155,please,words-draft,signer_01,neutral,0x70,1.01900000000,0.372000000000,0.0720000000000,-28.3050000000,100.779000000,8.98500000000,563,564,507,601,491,"seq=31961,t_ms=801191,who=0x70,ax=1.019,ay=0.372,az=0.072,gx=-28.305,gy=100.779,gz=8.985,expected=-,pred=5,pred_conf=100.0,flex0_raw=563,flex0_norm=0.137,flex1_raw=564,flex1_norm=0.138,flex2_raw=507,flex2_norm=0.124,flex3_raw=601,flex3_norm=0.147,flex4_raw=491,flex4_norm=0.120",true
word-sequence-v1,session_20261005T212737_676Z,word_please_0011,28,31962,801216,1791235929191,please,words-draft,signer_01,neutral,0x70,1.04700000000,0.378000000000,0.0890000000000,-2.71800000000,112.176000000,14.4660000000,564,564,508,600,490,"seq=31962,t_ms=801216,who=0x70,ax=1.047,ay=0.378,az=0.089,gx=-2.718,gy=112.176,gz=14.466,expected=-,pred=5,pred_conf=100.0,flex0_raw=564,flex0_norm=0.138,flex1_raw=564,flex1_norm=0.138,flex2_raw=508,flex2_norm=0.124,flex3_raw=600,flex3_norm=0.147,flex4_raw=490,flex4_norm=0.120",true
word-sequence-v1,session_20261005T212737_676Z,word_please_0011,29,31963,801241,1791235929213,please,words-draft,signer_01,neutral,0x70,1.09700000000,0.351000000000,0.133000000000,-2.33600000000,109.992000000,5.72500000000,559,558,507,597,489,"seq=31963,t_ms=801241,who=0x70,ax=1.097,ay=0.351,az=0.133,gx=-2.336,gy=109.992,gz=5.725,expected=-,pred=5,pred_conf=100.0,flex0_raw=559,flex0_norm=0.137,flex1_raw=558,flex1_norm=0.136,flex2_raw=507,flex2_norm=0.124,flex3_raw=597,flex3_norm=0.146,flex4_raw=489,flex4_norm=0.119",true
word-sequence-v1,session_20261005T212737_676Z,word_please_0011,30,31964,801266,1791235929238,please,words-draft,signer_01,neutral,0x70,1.22000000000,0.338000000000,0.188000000000,1.74800000000,84.2440000000,2.67200000000,558,559,508,597,489,"seq=31964,t_ms=801266,who=0x70,ax=1.220,ay=0.338,az=0.188,gx=1.748,gy=84.244,gz=2.672,expected=-,pred=5,pred_conf=100.0,flex0_raw=558,flex0_norm=0.136,flex1_raw=559,flex1_norm=0.137,flex2_raw=508,flex2_norm=0.124,flex3_raw=597,flex3_norm=0.146,flex4_raw=489,flex4_norm=0.119",true
word-sequence-v1,session_20261005T212737_676Z,word_please_0011,31,31965,801291,1791235929272,please,words-draft,signer_01,neutral,0x70,1.25400000000,0.262000000000,0.239000000000,20.0460000000,68.1680000000,11.6180000000,557,558,509,597,490,"seq=31965,t_ms=801291,who=0x70,ax=1.254,ay=0.262,az=0.239,gx=20.046,gy=68.168,gz=11.618,expected=-,pred=5,pred_conf=100.0,flex0_raw=557,flex0_norm=0.136,flex1_raw=558,flex1_norm=0.136,flex2_raw=509,flex2_norm=0.124,flex3_raw=597,flex3_norm=0.146,flex4_raw=490,flex4_norm=0.120",true
word-sequence-v1,session_20261005T212737_676Z,word_please_0011,32,31966,801316,1791235929305,please,words-draft,signer_01,neutral,0x70,1.33200000000,0.163000000000,0.270000000000,25.3210000000,50.0460000000,7.74000000000,559,559,509,597,491,"seq=31966,t_ms=801316,who=0x70,ax=1.332,ay=0.163,az=0.270,gx=25.321,gy=50.046,gz=7.740,expected=-,pred=5,pred_conf=100.0,flex0_raw=559,flex0_norm=0.137,flex1_raw=559,flex1_norm=0.137,flex2_raw=509,flex2_norm=0.124,flex3_raw=597,flex3_norm=0.146,flex4_raw=491,flex4_norm=0.120",true
word-sequence-v1,session_20261005T212737_676Z,word_please_0011,33,31967,801341,1791235929305,please,words-draft,signer_01,neutral,0x70,1.36400000000,0.133000000000,0.270000000000,25.7330000000,40.5340000000,3.21400000000,561,562,509,597,491,"seq=31967,t_ms=801341,who=0x70,ax=1.364,ay=0.133,az=0.270,gx=25.733,gy=40.534,gz=3.214,expected=-,pred=5,pred_conf=100.0,flex0_raw=561,flex0_norm=0.137,flex1_raw=562,flex1_norm=0.137,flex2_raw=509,flex2_norm=0.124,flex3_raw=597,flex3_norm=0.146,flex4_raw=491,flex4_norm=0.120",true
word-sequence-v1,session_20261005T212737_676Z,word_please_0011,34,31968,801366,1791235929338,please,words-draft,signer_01,neutral,0x70,1.35600000000,0.0490000000000,0.303000000000,19.3820000000,22.2210000000,-3.55700000000,569,569,510,604,493,"seq=31968,t_ms=801366,who=0x70,ax=1.356,ay=0.049,az=0.303,gx=19.382,gy=22.221,gz=-3.557,expected=-,pred=5,pred_conf=100.0,flex0_raw=569,flex0_norm=0.139,flex1_raw=569,flex1_norm=0.139,flex2_raw=510,flex2_norm=0.125,flex3_raw=604,flex3_norm=0.147,flex4_raw=493,flex4_norm=0.120",true
word-sequence-v1,session_20261005T212737_676Z,word_please_0011,35,31969,801391,1791235929371,please,words-draft,signer_01,neutral,0x70,1.34600000000,-0.0300000000000,0.272000000000,30.3740000000,-19.0610000000,4.14500000000,572,572,511,607,492,"seq=31969,t_ms=801391,who=0x70,ax=1.346,ay=-0.030,az=0.272,gx=30.374,gy=-19.061,gz=4.145,expected=-,pred=5,pred_conf=100.0,flex0_raw=572,flex0_norm=0.140,flex1_raw=572,flex1_norm=0.140,flex2_raw=511,flex2_norm=0.125,flex3_raw=607,flex3_norm=0.148,flex4_raw=492,flex4_norm=0.120",true
word-sequence-v1,session_20261005T212737_676Z,word_please_0011,36,31970,801416,1791235929411,please,words-draft,signer_01,neutral,0x70,1.29000000000,-0.116000000000,0.257000000000,36.4580000000,-48.8240000000,7.35100000000,571,572,518,606,492,"seq=31970,t_ms=801416,who=0x70,ax=1.290,ay=-0.116,az=0.257,gx=36.458,gy=-48.824,gz=7.351,expected=-,pred=5,pred_conf=100.0,flex0_raw=571,flex0_norm=0.139,flex1_raw=572,flex1_norm=0.140,flex2_raw=518,flex2_norm=0.126,flex3_raw=606,flex3_norm=0.148,flex4_raw=492,flex4_norm=0.120",true
word-sequence-v1,session_20261005T212737_676Z,word_please_0011,37,31971,801441,1791235929433,please,words-draft,signer_01,neutral,0x70,1.19800000000,-0.184000000000,0.202000000000,25.8470000000,-82.6030000000,8.89300000000,573,572,511,607,490,"seq=31971,t_ms=801441,who=0x70,ax=1.198,ay=-0.184,az=0.202,gx=25.847,gy=-82.603,gz=8.893,expected=-,pred=5,pred_conf=100.0,flex0_raw=573,flex0_norm=0.140,flex1_raw=572,flex1_norm=0.140,flex2_raw=511,flex2_norm=0.125,flex3_raw=607,flex3_norm=0.148,flex4_raw=490,flex4_norm=0.120",true
word-sequence-v1,session_20261005T212737_676Z,word_please_0011,38,31972,801466,1791235929455,please,words-draft,signer_01,neutral,0x70,1.13500000000,-0.248000000000,0.158000000000,11.6180000000,-103.863000000,-2.31300000000,574,575,511,612,491,"seq=31972,t_ms=801466,who=0x70,ax=1.135,ay=-0.248,az=0.158,gx=11.618,gy=-103.863,gz=-2.313,expected=-,pred=5,pred_conf=100.0,flex0_raw=574,flex0_norm=0.140,flex1_raw=575,flex1_norm=0.140,flex2_raw=511,flex2_norm=0.125,flex3_raw=612,flex3_norm=0.149,flex4_raw=491,flex4_norm=0.120",true
word-sequence-v1,session_20261005T212737_676Z,word_please_0011,39,31973,801491,1791235929455,please,words-draft,signer_01,neutral,0x70,1.03700000000,-0.145000000000,0.161000000000,26.0840000000,-126.206000000,-5.85500000000,581,581,511,615,493,"seq=31973,t_ms=801491,who=0x70,ax=1.037,ay=-0.145,az=0.161,gx=26.084,gy=-126.206,gz=-5.855,expected=-,pred=5,pred_conf=100.0,flex0_raw=581,flex0_norm=0.142,flex1_raw=581,flex1_norm=0.142,flex2_raw=511,flex2_norm=0.125,flex3_raw=615,flex3_norm=0.150,flex4_raw=493,flex4_norm=0.120",true
word-sequence-v1,session_20261005T212737_676Z,word_please_0011,40,31974,801516,1791235929478,please,words-draft,signer_01,neutral,0x70,0.949000000000,-0.157000000000,0.118000000000,33.7710000000,-136.542000000,-1.30500000000,581,580,518,614,493,"seq=31974,t_ms=801516,who=0x70,ax=0.949,ay=-0.157,az=0.118,gx=33.771,gy=-136.542,gz=-1.305,expected=-,pred=5,pred_conf=100.0,flex0_raw=581,flex0_norm=0.142,flex1_raw=580,flex1_norm=0.142,flex2_raw=518,flex2_norm=0.126,flex3_raw=614,flex3_norm=0.150,flex4_raw=493,flex4_norm=0.120",true
word-sequence-v1,session_20261005T212737_676Z,word_please_0011,41,31975,801541,1791235929508,please,words-draft,signer_01,neutral,0x70,0.882000000000,-0.157000000000,0.0530000000000,7.44300000000,-113.611000000,-19.8170000000,575,579,509,611,493,"seq=31975,t_ms=801541,who=0x70,ax=0.882,ay=-0.157,az=0.053,gx=7.443,gy=-113.611,gz=-19.817,expected=-,pred=5,pred_conf=100.0,flex0_raw=575,flex0_norm=0.140,flex1_raw=579,flex1_norm=0.141,flex2_raw=509,flex2_norm=0.124,flex3_raw=611,flex3_norm=0.149,flex4_raw=493,flex4_norm=0.120",true
word-sequence-v1,session_20261005T212737_676Z,word_please_0011,42,31976,801566,1791235929538,please,words-draft,signer_01,neutral,0x70,0.850000000000,-0.0520000000000,0.0520000000000,-20.4430000000,-90.6720000000,-38.5880000000,579,580,517,614,493,"seq=31976,t_ms=801566,who=0x70,ax=0.850,ay=-0.052,az=0.052,gx=-20.443,gy=-90.672,gz=-38.588,expected=-,pred=5,pred_conf=100.0,flex0_raw=579,flex0_norm=0.141,flex1_raw=580,flex1_norm=0.142,flex2_raw=517,flex2_norm=0.126,flex3_raw=614,flex3_norm=0.150,flex4_raw=493,flex4_norm=0.120",true
word-sequence-v1,session_20261005T212737_676Z,word_please_0011,43,31977,801591,1791235929570,please,words-draft,signer_01,neutral,0x70,0.768000000000,0.00400000000000,-0.00300000000000,-32.2290000000,-89.3210000000,-27.5650000000,573,575,510,611,493,"seq=31977,t_ms=801591,who=0x70,ax=0.768,ay=0.004,az=-0.003,gx=-32.229,gy=-89.321,gz=-27.565,expected=-,pred=5,pred_conf=100.0,flex0_raw=573,flex0_norm=0.140,flex1_raw=575,flex1_norm=0.140,flex2_raw=510,flex2_norm=0.125,flex3_raw=611,flex3_norm=0.149,flex4_raw=493,flex4_norm=0.120",true
word-sequence-v1,session_20261005T212737_676Z,word_please_0011,44,31978,801616,1791235929607,please,words-draft,signer_01,neutral,0x70,0.733000000000,0.0580000000000,-0.0720000000000,-35.0760000000,-74.6560000000,-22.4890000000,568,569,511,605,492,"seq=31978,t_ms=801616,who=0x70,ax=0.733,ay=0.058,az=-0.072,gx=-35.076,gy=-74.656,gz=-22.489,expected=-,pred=5,pred_conf=100.0,flex0_raw=568,flex0_norm=0.139,flex1_raw=569,flex1_norm=0.139,flex2_raw=511,flex2_norm=0.125,flex3_raw=605,flex3_norm=0.148,flex4_raw=492,flex4_norm=0.120",true
word-sequence-v1,session_20261005T212737_676Z,word_please_0011,45,31979,801641,1791235929608,please,words-draft,signer_01,neutral,0x70,0.678000000000,0.0930000000000,-0.127000000000,-31.6410000000,-52.9470000000,-3.40500000000,569,569,511,605,492,"seq=31979,t_ms=801641,who=0x70,ax=0.678,ay=0.093,az=-0.127,gx=-31.641,gy=-52.947,gz=-3.405,expected=-,pred=5,pred_conf=100.0,flex0_raw=569,flex0_norm=0.139,flex1_raw=569,flex1_norm=0.139,flex2_raw=511,flex2_norm=0.125,flex3_raw=605,flex3_norm=0.148,flex4_raw=492,flex4_norm=0.120",true
word-sequence-v1,session_20261005T212737_676Z,word_please_0011,46,31980,801666,1791235929657,please,words-draft,signer_01,neutral,0x70,0.638000000000,0.135000000000,-0.157000000000,-31.2820000000,-27.0690000000,3.16800000000,569,569,518,605,492,"seq=31980,t_ms=801666,who=0x70,ax=0.638,ay=0.135,az=-0.157,gx=-31.282,gy=-27.069,gz=3.168,expected=-,pred=5,pred_conf=100.0,flex0_raw=569,flex0_norm=0.139,flex1_raw=569,flex1_norm=0.139,flex2_raw=518,flex2_norm=0.126,flex3_raw=605,flex3_norm=0.148,flex4_raw=492,flex4_norm=0.120",true
word-sequence-v1,session_20261005T212737_676Z,word_please_0011,47,31981,801691,1791235929660,please,words-draft,signer_01,neutral,0x70,0.617000000000,0.193000000000,-0.168000000000,-34.2290000000,-1.53400000000,4.14500000000,569,569,511,605,492,"seq=31981,t_ms=801691,who=0x70,ax=0.617,ay=0.193,az=-0.168,gx=-34.229,gy=-1.534,gz=4.145,expected=-,pred=5,pred_conf=100.0,flex0_raw=569,flex0_norm=0.139,flex1_raw=569,flex1_norm=0.139,flex2_raw=511,flex2_norm=0.125,flex3_raw=605,flex3_norm=0.148,flex4_raw=492,flex4_norm=0.120",true
word-sequence-v1,session_20261005T212737_676Z,word_please_0011,48,31982,801716,1791235929693,please,words-draft,signer_01,neutral,0x70,0.638000000000,0.284000000000,-0.180000000000,-35.4580000000,19.7180000000,7.77100000000,568,569,510,605,493,"seq=31982,t_ms=801716,who=0x70,ax=0.638,ay=0.284,az=-0.180,gx=-35.458,gy=19.718,gz=7.771,expected=-,pred=5,pred_conf=100.0,flex0_raw=568,flex0_norm=0.139,flex1_raw=569,flex1_norm=0.139,flex2_raw=510,flex2_norm=0.125,flex3_raw=605,flex3_norm=0.148,flex4_raw=493,flex4_norm=0.120",true
word-sequence-v1,session_20261005T212737_676Z,word_please_0011,49,31983,801741,1791235929726,please,words-draft,signer_01,neutral,0x70,0.658000000000,0.279000000000,-0.177000000000,-41.6180000000,41.3820000000,16.2060000000,570,569,510,605,491,"seq=31983,t_ms=801741,who=0x70,ax=0.658,ay=0.279,az=-0.177,gx=-41.618,gy=41.382,gz=16.206,expected=-,pred=5,pred_conf=100.0,flex0_raw=570,flex0_norm=0.139,flex1_raw=569,flex1_norm=0.139,flex2_raw=510,flex2_norm=0.125,flex3_raw=605,flex3_norm=0.148,flex4_raw=491,flex4_norm=0.120",true
word-sequence-v1,session_20261005T212737_676Z,word_please_0011,50,31984,801766,1791235929760,please,words-draft,signer_01,neutral,0x70,0.737000000000,0.335000000000,-0.156000000000,-46.7940000000,63.6640000000,9.70200000000,569,569,509,605,493,"seq=31984,t_ms=801766,who=0x70,ax=0.737,ay=0.335,az=-0.156,gx=-46.794,gy=63.664,gz=9.702,expected=-,pred=5,pred_conf=100.0,flex0_raw=569,flex0_norm=0.139,flex1_raw=569,flex1_norm=0.139,flex2_raw=509,flex2_norm=0.124,flex3_raw=605,flex3_norm=0.148,flex4_raw=493,flex4_norm=0.120",true
word-sequence-v1,session_20261005T212737_676Z,word_please_0011,51,31985,801791,1791235929760,please,words-draft,signer_01,neutral,0x70,0.833000000000,0.424000000000,-0.125000000000,-47.3360000000,84.9540000000,4.03100000000,569,570,509,606,493,"seq=31985,t_ms=801791,who=0x70,ax=0.833,ay=0.424,az=-0.125,gx=-47.336,gy=84.954,gz=4.031,expected=-,pred=5,pred_conf=100.0,flex0_raw=569,flex0_norm=0.139,flex1_raw=570,flex1_norm=0.139,flex2_raw=509,flex2_norm=0.124,flex3_raw=606,flex3_norm=0.148,flex4_raw=493,flex4_norm=0.120",true
word-sequence-v1,session_20261005T212737_676Z,word_please_0011,52,31986,801816,1791235929790,please,words-draft,signer_01,neutral,0x70,0.952000000000,0.417000000000,-0.0840000000000,-31.3660000000,98.0230000000,14.7790000000,569,569,510,605,492,"seq=31986,t_ms=801816,who=0x70,ax=0.952,ay=0.417,az=-0.084,gx=-31.366,gy=98.023,gz=14.779,expected=-,pred=5,pred_conf=100.0,flex0_raw=569,flex0_norm=0.139,flex1_raw=569,flex1_norm=0.139,flex2_raw=510,flex2_norm=0.125,flex3_raw=605,flex3_norm=0.148,flex4_raw=492,flex4_norm=0.120",true
word-sequence-v1,session_20261005T212737_676Z,word_please_0011,53,31987,801841,1791235929828,please,words-draft,signer_01,neutral,0x70,1.02000000000,0.443000000000,-0.0510000000000,-12.9920000000,117.969000000,6.07600000000,570,569,509,604,491,"seq=31987,t_ms=801841,who=0x70,ax=1.020,ay=0.443,az=-0.051,gx=-12.992,gy=117.969,gz=6.076,expected=-,pred=5,pred_conf=100.0,flex0_raw=570,flex0_norm=0.139,flex1_raw=569,flex1_norm=0.139,flex2_raw=509,flex2_norm=0.124,flex3_raw=604,flex3_norm=0.147,flex4_raw=491,flex4_norm=0.120",true
word-sequence-v1,session_20261005T212737_676Z,word_please_0011,54,31988,801866,1791235929860,please,words-draft,signer_01,neutral,0x70,1.14600000000,0.450000000000,0.00300000000000,-11.8170000000,125.290000000,6.43500000000,569,570,509,603,492,"seq=31988,t_ms=801866,who=0x70,ax=1.146,ay=0.450,az=0.003,gx=-11.817,gy=125.290,gz=6.435,expected=-,pred=5,pred_conf=100.0,flex0_raw=569,flex0_norm=0.139,flex1_raw=570,flex1_norm=0.139,flex2_raw=509,flex2_norm=0.124,flex3_raw=603,flex3_norm=0.147,flex4_raw=492,flex4_norm=0.120",true
word-sequence-v1,session_20261005T212737_676Z,word_please_0011,55,31989,801891,1791235929891,please,words-draft,signer_01,neutral,0x70,1.18000000000,0.457000000000,0.0620000000000,-1.34400000000,97.9470000000,22.5880000000,568,569,510,603,489,"seq=31989,t_ms=801891,who=0x70,ax=1.180,ay=0.457,az=0.062,gx=-1.344,gy=97.947,gz=22.588,expected=-,pred=5,pred_conf=100.0,flex0_raw=568,flex0_norm=0.139,flex1_raw=569,flex1_norm=0.139,flex2_raw=510,flex2_norm=0.125,flex3_raw=603,flex3_norm=0.147,flex4_raw=489,flex4_norm=0.119",true
word-sequence-v1,session_20261005T212737_676Z,word_please_0011,56,31990,801916,1791235929898,please,words-draft,signer_01,neutral,0x70,1.24700000000,0.393000000000,0.103000000000,-10.5800000000,87.3890000000,12.5420000000,569,568,510,604,491,"seq=31990,t_ms=801916,who=0x70,ax=1.247,ay=0.393,az=0.103,gx=-10.580,gy=87.389,gz=12.542,expected=-,pred=5,pred_conf=100.0,flex0_raw=569,flex0_norm=0.139,flex1_raw=568,flex1_norm=0.139,flex2_raw=510,flex2_norm=0.125,flex3_raw=604,flex3_norm=0.147,flex4_raw=491,flex4_norm=0.120",true
word-sequence-v1,session_20261005T212737_676Z,word_please_0011,57,31991,801941,1791235929900,please,words-draft,signer_01,neutral,0x70,1.29500000000,0.294000000000,0.201000000000,2.06100000000,79.7330000000,17.0380000000,569,569,508,603,491,"seq=31991,t_ms=801941,who=0x70,ax=1.295,ay=0.294,az=0.201,gx=2.061,gy=79.733,gz=17.038,expected=-,pred=5,pred_conf=100.0,flex0_raw=569,flex0_norm=0.139,flex1_raw=569,flex1_norm=0.139,flex2_raw=508,flex2_norm=0.124,flex3_raw=603,flex3_norm=0.147,flex4_raw=491,flex4_norm=0.120",true
word-sequence-v1,session_20261005T212737_676Z,word_please_0011,58,31992,801966,1791235929932,please,words-draft,signer_01,neutral,0x70,1.34100000000,0.123000000000,0.199000000000,31.2820000000,53.3590000000,29.0000000000,567,567,509,601,491,"seq=31992,t_ms=801966,who=0x70,ax=1.341,ay=0.123,az=0.199,gx=31.282,gy=53.359,gz=29.000,expected=-,pred=5,pred_conf=100.0,flex0_raw=567,flex0_norm=0.138,flex1_raw=567,flex1_norm=0.138,flex2_raw=509,flex2_norm=0.124,flex3_raw=601,flex3_norm=0.147,flex4_raw=491,flex4_norm=0.120",true
word-sequence-v1,session_20261005T212737_676Z,word_please_0011,59,31993,801991,1791235929972,please,words-draft,signer_01,neutral,0x70,1.34900000000,-0.00900000000000,0.183000000000,29.0310000000,27.2370000000,17.8930000000,571,572,509,606,491,"seq=31993,t_ms=801991,who=0x70,ax=1.349,ay=-0.009,az=0.183,gx=29.031,gy=27.237,gz=17.893,expected=-,pred=5,pred_conf=100.0,flex0_raw=571,flex0_norm=0.139,flex1_raw=572,flex1_norm=0.140,flex2_raw=509,flex2_norm=0.124,flex3_raw=606,flex3_norm=0.148,flex4_raw=491,flex4_norm=0.120",true
word-sequence-v1,session_20261005T212737_676Z,word_please_0011,60,31994,802016,1791235929999,please,words-draft,signer_01,neutral,0x70,1.39600000000,-0.0950000000000,0.230000000000,19.2820000000,10.4350000000,-7.29000000000,571,572,509,610,492,"seq=31994,t_ms=802016,who=0x70,ax=1.396,ay=-0.095,az=0.230,gx=19.282,gy=10.435,gz=-7.290,expected=-,pred=5,pred_conf=100.0,flex0_raw=571,flex0_norm=0.139,flex1_raw=572,flex1_norm=0.140,flex2_raw=509,flex2_norm=0.124,flex3_raw=610,flex3_norm=0.149,flex4_raw=492,flex4_norm=0.120",true
word-sequence-v1,session_20261005T212737_676Z,word_please_0011,61,31995,802041,1791235930039,please,words-draft,signer_01,neutral,0x70,1.34600000000,-0.151000000000,0.283000000000,37.0840000000,-28.0150000000,3.07600000000,573,573,509,612,491,"seq=31995,t_ms=802041,who=0x70,ax=1.346,ay=-0.151,az=0.283,gx=37.084,gy=-28.015,gz=3.076,expected=-,pred=5,pred_conf=100.0,flex0_raw=573,flex0_norm=0.140,flex1_raw=573,flex1_norm=0.140,flex2_raw=509,flex2_norm=0.124,flex3_raw=612,flex3_norm=0.149,flex4_raw=491,flex4_norm=0.120",true
word-sequence-v1,session_20261005T212737_676Z,word_please_0011,62,31996,802066,1791235930066,please,words-draft,signer_01,neutral,0x70,1.25100000000,-0.244000000000,0.280000000000,37.4500000000,-52.3820000000,-3.99200000000,573,574,517,613,492,"seq=31996,t_ms=802066,who=0x70,ax=1.251,ay=-0.244,az=0.280,gx=37.450,gy=-52.382,gz=-3.992,expected=-,pred=5,pred_conf=100.0,flex0_raw=573,flex0_norm=0.140,flex1_raw=574,flex1_norm=0.140,flex2_raw=517,flex2_norm=0.126,flex3_raw=613,flex3_norm=0.150,flex4_raw=492,flex4_norm=0.120",true
word-sequence-v1,session_20261005T212737_676Z,word_please_0011,63,31997,802091,1791235930066,please,words-draft,signer_01,neutral,0x70,1.16700000000,-0.204000000000,0.250000000000,36.5950000000,-67.4350000000,-14.8320000000,575,575,509,615,490,"seq=31997,t_ms=802091,who=0x70,ax=1.167,ay=-0.204,az=0.250,gx=36.595,gy=-67.435,gz=-14.832,expected=-,pred=5,pred_conf=100.0,flex0_raw=575,flex0_norm=0.140,flex1_raw=575,flex1_norm=0.140,flex2_raw=509,flex2_norm=0.124,flex3_raw=615,flex3_norm=0.150,flex4_raw=490,flex4_norm=0.120",true
word-sequence-v1,session_20261005T212737_676Z,word_please_0011,64,31998,802116,1791235930108,please,words-draft,signer_01,neutral,0x70,1.00100000000,-0.163000000000,0.222000000000,29.1220000000,-91.6870000000,-12.4960000000,575,574,509,614,488,"seq=31998,t_ms=802116,who=0x70,ax=1.001,ay=-0.163,az=0.222,gx=29.122,gy=-91.687,gz=-12.496,expected=-,pred=5,pred_conf=100.0,flex0_raw=575,flex0_norm=0.140,flex1_raw=574,flex1_norm=0.140,flex2_raw=509,flex2_norm=0.124,flex3_raw=614,flex3_norm=0.150,flex4_raw=488,flex4_norm=0.119",true
word-sequence-v1,session_20261005T212737_676Z,word_please_0011,65,31999,802141,1791235930108,please,words-draft,signer_01,neutral,0x70,0.941000000000,-0.114000000000,0.197000000000,13.8320000000,-87.5500000000,-22.9310000000,575,579,509,616,488,"seq=31999,t_ms=802141,who=0x70,ax=0.941,ay=-0.114,az=0.197,gx=13.832,gy=-87.550,gz=-22.931,expected=-,pred=5,pred_conf=100.0,flex0_raw=575,flex0_norm=0.140,flex1_raw=579,flex1_norm=0.141,flex2_raw=509,flex2_norm=0.124,flex3_raw=616,flex3_norm=0.150,flex4_raw=488,flex4_norm=0.119",true
word-sequence-v1,session_20261005T212737_676Z,word_please_0011,66,32000,802166,1791235930140,please,words-draft,signer_01,neutral,0x70,0.854000000000,-0.0480000000000,0.160000000000,-2.13000000000,-55.4890000000,-37.8240000000,575,573,509,615,487,"seq=32000,t_ms=802166,who=0x70,ax=0.854,ay=-0.048,az=0.160,gx=-2.130,gy=-55.489,gz=-37.824,expected=-,pred=5,pred_conf=100.0,flex0_raw=575,flex0_norm=0.140,flex1_raw=573,flex1_norm=0.140,flex2_raw=509,flex2_norm=0.124,flex3_raw=615,flex3_norm=0.150,flex4_raw=487,flex4_norm=0.119",true
word-sequence-v1,session_20261005T212737_676Z,word_please_0011,67,32001,802191,1791235930171,please,words-draft,signer_01,neutral,0x70,0.806000000000,0.0470000000000,0.128000000000,-7.52700000000,-42.4890000000,-42.5650000000,573,573,509,613,485,"seq=32001,t_ms=802191,who=0x70,ax=0.806,ay=0.047,az=0.128,gx=-7.527,gy=-42.489,gz=-42.565,expected=-,pred=5,pred_conf=100.0,flex0_raw=573,flex0_norm=0.140,flex1_raw=573,flex1_norm=0.140,flex2_raw=509,flex2_norm=0.124,flex3_raw=613,flex3_norm=0.150,flex4_raw=485,flex4_norm=0.118",true
word-sequence-v1,session_20261005T212737_676Z,word_please_0011,68,32002,802216,1791235930200,please,words-draft,signer_01,neutral,0x70,0.764000000000,0.101000000000,0.0930000000000,-9.07600000000,-52.2980000000,-23.0840000000,566,567,508,603,483,"seq=32002,t_ms=802216,who=0x70,ax=0.764,ay=0.101,az=0.093,gx=-9.076,gy=-52.298,gz=-23.084,expected=-,pred=5,pred_conf=100.0,flex0_raw=566,flex0_norm=0.138,flex1_raw=567,flex1_norm=0.138,flex2_raw=508,flex2_norm=0.124,flex3_raw=603,flex3_norm=0.147,flex4_raw=483,flex4_norm=0.118",true
word-sequence-v1,session_20261005T212737_676Z,word_please_0011,69,32003,802241,1791235930200,please,words-draft,signer_01,neutral,0x70,0.733000000000,0.154000000000,0.0520000000000,-15.4430000000,-49.8700000000,-16.2290000000,567,567,507,603,482,"seq=32003,t_ms=802241,who=0x70,ax=0.733,ay=0.154,az=0.052,gx=-15.443,gy=-49.870,gz=-16.229,expected=-,pred=5,pred_conf=100.0,flex0_raw=567,flex0_norm=0.138,flex1_raw=567,flex1_norm=0.138,flex2_raw=507,flex2_norm=0.124,flex3_raw=603,flex3_norm=0.147,flex4_raw=482,flex4_norm=0.118",true
word-sequence-v1,session_20261005T212737_676Z,word_please_0011,70,32004,802266,1791235930237,please,words-draft,signer_01,neutral,0x70,0.690000000000,0.191000000000,-0.0140000000000,-19.2060000000,-49.4200000000,0.588000000000,567,567,507,602,482,"seq=32004,t_ms=802266,who=0x70,ax=0.690,ay=0.191,az=-0.014,gx=-19.206,gy=-49.420,gz=0.588,expected=-,pred=5,pred_conf=100.0,flex0_raw=567,flex0_norm=0.138,flex1_raw=567,flex1_norm=0.138,flex2_raw=507,flex2_norm=0.124,flex3_raw=602,flex3_norm=0.147,flex4_raw=482,flex4_norm=0.118",true
word-sequence-v1,session_20261005T212737_676Z,word_please_0011,71,32005,802291,1791235930267,please,words-draft,signer_01,neutral,0x70,0.635000000000,0.212000000000,-0.0640000000000,-27.8470000000,-34.6640000000,1.35900000000,567,567,508,603,483,"seq=32005,t_ms=802291,who=0x70,ax=0.635,ay=0.212,az=-0.064,gx=-27.847,gy=-34.664,gz=1.359,expected=-,pred=5,pred_conf=100.0,flex0_raw=567,flex0_norm=0.138,flex1_raw=567,flex1_norm=0.138,flex2_raw=508,flex2_norm=0.124,flex3_raw=603,flex3_norm=0.147,flex4_raw=483,flex4_norm=0.118",true
word-sequence-v1,session_20261005T212737_676Z,word_please_0011,72,32006,802316,1791235930304,please,words-draft,signer_01,neutral,0x70,0.684000000000,0.244000000000,-0.168000000000,-35.6180000000,-7.38200000000,-0.252000000000,568,567,507,603,482,"seq=32006,t_ms=802316,who=0x70,ax=0.684,ay=0.244,az=-0.168,gx=-35.618,gy=-7.382,gz=-0.252,expected=-,pred=5,pred_conf=100.0,flex0_raw=568,flex0_norm=0.139,flex1_raw=567,flex1_norm=0.138,flex2_raw=507,flex2_norm=0.124,flex3_raw=603,flex3_norm=0.147,flex4_raw=482,flex4_norm=0.118",true
word-sequence-v1,session_20261005T212737_676Z,word_please_0011,73,32007,802341,1791235930336,please,words-draft,signer_01,neutral,0x70,0.684000000000,0.322000000000,-0.163000000000,-39.3050000000,6.74000000000,8.84000000000,568,568,508,603,482,"seq=32007,t_ms=802341,who=0x70,ax=0.684,ay=0.322,az=-0.163,gx=-39.305,gy=6.740,gz=8.840,expected=-,pred=5,pred_conf=100.0,flex0_raw=568,flex0_norm=0.139,flex1_raw=568,flex1_norm=0.139,flex2_raw=508,flex2_norm=0.124,flex3_raw=603,flex3_norm=0.147,flex4_raw=482,flex4_norm=0.118",true
word-sequence-v1,session_20261005T212737_676Z,word_please_0011,74,32008,802366,1791235930365,please,words-draft,signer_01,neutral,0x70,0.671000000000,0.347000000000,-0.112000000000,-49.9390000000,27.3510000000,6.31300000000,568,567,507,603,484,"seq=32008,t_ms=802366,who=0x70,ax=0.671,ay=0.347,az=-0.112,gx=-49.939,gy=27.351,gz=6.313,expected=-,pred=5,pred_conf=100.0,flex0_raw=568,flex0_norm=0.139,flex1_raw=567,flex1_norm=0.138,flex2_raw=507,flex2_norm=0.124,flex3_raw=603,flex3_norm=0.147,flex4_raw=484,flex4_norm=0.118",true
word-sequence-v1,session_20261005T212737_676Z,word_please_0011,75,32009,802391,1791235930365,please,words-draft,signer_01,neutral,0x70,0.756000000000,0.441000000000,-0.108000000000,-54.9160000000,46.5420000000,-5.17600000000,568,568,507,602,485,"seq=32009,t_ms=802391,who=0x70,ax=0.756,ay=0.441,az=-0.108,gx=-54.916,gy=46.542,gz=-5.176,expected=-,pred=5,pred_conf=100.0,flex0_raw=568,flex0_norm=0.139,flex1_raw=568,flex1_norm=0.139,flex2_raw=507,flex2_norm=0.124,flex3_raw=602,flex3_norm=0.147,flex4_raw=485,flex4_norm=0.118",true
word-sequence-v1,session_20261005T212737_676Z,word_please_0011,76,32010,802416,1791235930402,please,words-draft,signer_01,neutral,0x70,0.908000000000,0.441000000000,-0.0940000000000,-52.3510000000,60.5570000000,-2.49600000000,568,569,506,601,487,"seq=32010,t_ms=802416,who=0x70,ax=0.908,ay=0.441,az=-0.094,gx=-52.351,gy=60.557,gz=-2.496,expected=-,pred=5,pred_conf=100.0,flex0_raw=568,flex0_norm=0.139,flex1_raw=569,flex1_norm=0.139,flex2_raw=506,flex2_norm=0.124,flex3_raw=601,flex3_norm=0.147,flex4_raw=487,flex4_norm=0.119",true
word-sequence-v1,session_20261005T212737_676Z,word_please_0011,77,32011,802441,1791235930408,please,words-draft,signer_01,neutral,0x70,1.04400000000,0.422000000000,-0.0530000000000,-45.1300000000,98.2750000000,-3.13700000000,568,569,506,601,490,"seq=32011,t_ms=802441,who=0x70,ax=1.044,ay=0.422,az=-0.053,gx=-45.130,gy=98.275,gz=-3.137,expected=-,pred=5,pred_conf=100.0,flex0_raw=568,flex0_norm=0.139,flex1_raw=569,flex1_norm=0.139,flex2_raw=506,flex2_norm=0.124,flex3_raw=601,flex3_norm=0.147,flex4_raw=490,flex4_norm=0.120",true
word-sequence-v1,session_20261005T212737_676Z,word_please_0011,78,32012,802466,1791235930438,please,words-draft,signer_01,neutral,0x70,1.10400000000,0.525000000000,0.0540000000000,-35.7180000000,118.115000000,-11.0150000000,569,569,505,600,491,"seq=32012,t_ms=802466,who=0x70,ax=1.104,ay=0.525,az=0.054,gx=-35.718,gy=118.115,gz=-11.015,expected=-,pred=5,pred_conf=100.0,flex0_raw=569,flex0_norm=0.139,flex1_raw=569,flex1_norm=0.139,flex2_raw=505,flex2_norm=0.123,flex3_raw=600,flex3_norm=0.147,flex4_raw=491,flex4_norm=0.120",true
word-sequence-v1,session_20261005T212737_676Z,word_please_0011,79,32013,802491,1791235930472,please,words-draft,signer_01,neutral,0x70,1.09400000000,0.451000000000,0.113000000000,-19.4430000000,89.6180000000,13.7790000000,568,569,505,600,490,"seq=32013,t_ms=802491,who=0x70,ax=1.094,ay=0.451,az=0.113,gx=-19.443,gy=89.618,gz=13.779,expected=-,pred=5,pred_conf=100.0,flex0_raw=568,flex0_norm=0.139,flex1_raw=569,flex1_norm=0.139,flex2_raw=505,flex2_norm=0.123,flex3_raw=600,flex3_norm=0.147,flex4_raw=490,flex4_norm=0.120",true
word-sequence-v1,session_20261005T212737_676Z,word_please_0011,80,32014,802516,1791235930498,please,words-draft,signer_01,neutral,0x70,1.17100000000,0.332000000000,0.147000000000,14.5420000000,56.5730000000,26.0150000000,567,569,505,599,492,"seq=32014,t_ms=802516,who=0x70,ax=1.171,ay=0.332,az=0.147,gx=14.542,gy=56.573,gz=26.015,expected=-,pred=5,pred_conf=100.0,flex0_raw=567,flex0_norm=0.138,flex1_raw=569,flex1_norm=0.139,flex2_raw=505,flex2_norm=0.123,flex3_raw=599,flex3_norm=0.146,flex4_raw=492,flex4_norm=0.120",true
word-sequence-v1,session_20261005T212737_676Z,word_please_0011,81,32015,802541,1791235930500,please,words-draft,signer_01,neutral,0x70,1.22800000000,0.252000000000,0.158000000000,14.9920000000,31.0990000000,33.2290000000,569,568,505,600,491,"seq=32015,t_ms=802541,who=0x70,ax=1.228,ay=0.252,az=0.158,gx=14.992,gy=31.099,gz=33.229,expected=-,pred=5,pred_conf=100.0,flex0_raw=569,flex0_norm=0.139,flex1_raw=568,flex1_norm=0.139,flex2_raw=505,flex2_norm=0.123,flex3_raw=600,flex3_norm=0.147,flex4_raw=491,flex4_norm=0.120",true
word-sequence-v1,session_20261005T212737_676Z,word_please_0011,82,32016,802566,1791235930537,please,words-draft,signer_01,neutral,0x70,1.24400000000,0.169000000000,0.237000000000,14.9620000000,18.4350000000,20.4960000000,569,567,504,601,491,"seq=32016,t_ms=802566,who=0x70,ax=1.244,ay=0.169,az=0.237,gx=14.962,gy=18.435,gz=20.496,expected=-,pred=5,pred_conf=100.0,flex0_raw=569,flex0_norm=0.139,flex1_raw=567,flex1_norm=0.138,flex2_raw=504,flex2_norm=0.123,flex3_raw=601,flex3_norm=0.147,flex4_raw=491,flex4_norm=0.120",true
word-sequence-v1,session_20261005T212737_676Z,word_please_0011,83,32017,802591,1791235930565,please,words-draft,signer_01,neutral,0x70,1.28700000000,0.0950000000000,0.257000000000,39.5110000000,-18.0990000000,21.5880000000,575,579,505,610,492,"seq=32017,t_ms=802591,who=0x70,ax=1.287,ay=0.095,az=0.257,gx=39.511,gy=-18.099,gz=21.588,expected=-,pred=5,pred_conf=100.0,flex0_raw=575,flex0_norm=0.140,flex1_raw=579,flex1_norm=0.141,flex2_raw=505,flex2_norm=0.123,flex3_raw=610,flex3_norm=0.149,flex4_raw=492,flex4_norm=0.120",true
word-sequence-v1,session_20261005T212737_676Z,word_please_0011,84,32018,802616,1791235930602,please,words-draft,signer_01,neutral,0x70,1.27600000000,-0.0120000000000,0.216000000000,47.0760000000,-32.8470000000,21.8400000000,575,581,505,612,493,"seq=32018,t_ms=802616,who=0x70,ax=1.276,ay=-0.012,az=0.216,gx=47.076,gy=-32.847,gz=21.840,expected=-,pred=5,pred_conf=100.0,flex0_raw=575,flex0_norm=0.140,flex1_raw=581,flex1_norm=0.142,flex2_raw=505,flex2_norm=0.123,flex3_raw=612,flex3_norm=0.149,flex4_raw=493,flex4_norm=0.120",true
word-sequence-v1,session_20261005T212737_676Z,word_please_0011,85,32019,802641,1791235930631,please,words-draft,signer_01,neutral,0x70,1.19300000000,-0.0570000000000,0.211000000000,46.1220000000,-32.1070000000,6.73300000000,580,581,506,613,491,"seq=32019,t_ms=802641,who=0x70,ax=1.193,ay=-0.057,az=0.211,gx=46.122,gy=-32.107,gz=6.733,expected=-,pred=5,pred_conf=100.0,flex0_raw=580,flex0_norm=0.142,flex1_raw=581,flex1_norm=0.142,flex2_raw=506,flex2_norm=0.124,flex3_raw=613,flex3_norm=0.150,flex4_raw=491,flex4_norm=0.120",true
word-sequence-v1,session_20261005T212737_676Z,word_please_0011,86,32020,802666,1791235930668,please,words-draft,signer_01,neutral,0x70,1.10600000000,-0.0250000000000,0.212000000000,40.4500000000,-42.8700000000,-2.16800000000,575,575,505,609,490,"seq=32020,t_ms=802666,who=0x70,ax=1.106,ay=-0.025,az=0.212,gx=40.450,gy=-42.870,gz=-2.168,expected=-,pred=5,pred_conf=100.0,flex0_raw=575,flex0_norm=0.140,flex1_raw=575,flex1_norm=0.140,flex2_raw=505,flex2_norm=0.123,flex3_raw=609,flex3_norm=0.149,flex4_raw=490,flex4_norm=0.120",true
word-sequence-v1,session_20261005T212737_676Z,word_please_0011,87,32021,802691,1791235930669,please,words-draft,signer_01,neutral,0x70,1.02800000000,0.0100000000000,0.174000000000,22.3660000000,-48.5040000000,-5.74800000000,574,575,505,609,490,"seq=32021,t_ms=802691,who=0x70,ax=1.028,ay=0.010,az=0.174,gx=22.366,gy=-48.504,gz=-5.748,expected=-,pred=5,pred_conf=100.0,flex0_raw=574,flex0_norm=0.140,flex1_raw=575,flex1_norm=0.140,flex2_raw=505,flex2_norm=0.123,flex3_raw=609,flex3_norm=0.149,flex4_raw=490,flex4_norm=0.120",true
word-sequence-v1,session_20261005T212737_676Z,word_please_0011,88,32022,802716,1791235930698,please,words-draft,signer_01,neutral,0x70,0.946000000000,0.0400000000000,0.115000000000,4.07600000000,-43.3360000000,-13.7100000000,572,571,504,605,490,"seq=32022,t_ms=802716,who=0x70,ax=0.946,ay=0.040,az=0.115,gx=4.076,gy=-43.336,gz=-13.710,expected=-,pred=5,pred_conf=100.0,flex0_raw=572,flex0_norm=0.140,flex1_raw=571,flex1_norm=0.139,flex2_raw=504,flex2_norm=0.123,flex3_raw=605,flex3_norm=0.148,flex4_raw=490,flex4_norm=0.120",true
word-sequence-v1,session_20261005T212737_676Z,word_please_0011,89,32023,802741,1791235930708,please,words-draft,signer_01,neutral,0x70,0.879000000000,0.0840000000000,0.0920000000000,-7.77100000000,-45.4960000000,-13.4120000000,567,567,503,599,489,"seq=32023,t_ms=802741,who=0x70,ax=0.879,ay=0.084,az=0.092,gx=-7.771,gy=-45.496,gz=-13.412,expected=-,pred=5,pred_conf=100.0,flex0_raw=567,flex0_norm=0.138,flex1_raw=567,flex1_norm=0.138,flex2_raw=503,flex2_norm=0.123,flex3_raw=599,flex3_norm=0.146,flex4_raw=489,flex4_norm=0.119",true
word-sequence-v1,session_20261005T212737_676Z,word_please_0011,90,32024,802766,1791235930738,please,words-draft,signer_01,neutral,0x70,0.854000000000,0.0940000000000,0.0410000000000,-11.6490000000,-43.3740000000,-14.2520000000,566,567,504,598,489,"seq=32024,t_ms=802766,who=0x70,ax=0.854,ay=0.094,az=0.041,gx=-11.649,gy=-43.374,gz=-14.252,expected=-,pred=5,pred_conf=100.0,flex0_raw=566,flex0_norm=0.138,flex1_raw=567,flex1_norm=0.138,flex2_raw=504,flex2_norm=0.123,flex3_raw=598,flex3_norm=0.146,flex4_raw=489,flex4_norm=0.119",true
word-sequence-v1,session_20261005T212737_676Z,word_please_0011,91,32025,802791,1791235930768,please,words-draft,signer_01,neutral,0x70,0.888000000000,0.128000000000,0.0280000000000,-1.50400000000,-41.2670000000,-11.2140000000,567,567,504,599,488,"seq=32025,t_ms=802791,who=0x70,ax=0.888,ay=0.128,az=0.028,gx=-1.504,gy=-41.267,gz=-11.214,expected=-,pred=5,pred_conf=100.0,flex0_raw=567,flex0_norm=0.138,flex1_raw=567,flex1_norm=0.138,flex2_raw=504,flex2_norm=0.123,flex3_raw=599,flex3_norm=0.146,flex4_raw=488,flex4_norm=0.119",true
word-sequence-v1,session_20261005T212737_676Z,word_please_0011,92,32026,802816,1791235930803,please,words-draft,signer_01,neutral,0x70,0.900000000000,0.135000000000,0.00300000000000,2.37400000000,-41.1760000000,-4.30500000000,566,567,504,598,490,"seq=32026,t_ms=802816,who=0x70,ax=0.900,ay=0.135,az=0.003,gx=2.374,gy=-41.176,gz=-4.305,expected=-,pred=5,pred_conf=100.0,flex0_raw=566,flex0_norm=0.138,flex1_raw=567,flex1_norm=0.138,flex2_raw=504,flex2_norm=0.123,flex3_raw=598,flex3_norm=0.146,flex4_raw=490,flex4_norm=0.120",true
word-sequence-v1,session_20261005T212737_676Z,word_please_0011,93,32027,802841,1791235930804,please,words-draft,signer_01,neutral,0x70,0.928000000000,0.144000000000,-0.00700000000000,-9.15300000000,-19.9080000000,-10.5500000000,565,567,504,598,490,"seq=32027,t_ms=802841,who=0x70,ax=0.928,ay=0.144,az=-0.007,gx=-9.153,gy=-19.908,gz=-10.550,expected=-,pred=5,pred_conf=100.0,flex0_raw=565,flex0_norm=0.138,flex1_raw=567,flex1_norm=0.138,flex2_raw=504,flex2_norm=0.123,flex3_raw=598,flex3_norm=0.146,flex4_raw=490,flex4_norm=0.120",true
word-sequence-v1,session_20261005T212737_676Z,word_please_0011,94,32028,802866,1791235930828,please,words-draft,signer_01,neutral,0x70,0.957000000000,0.196000000000,-0.00000000000,-9.19100000000,-4.31300000000,-12.6790000000,567,567,503,598,490,"seq=32028,t_ms=802866,who=0x70,ax=0.957,ay=0.196,az=-0.000,gx=-9.191,gy=-4.313,gz=-12.679,expected=-,pred=5,pred_conf=100.0,flex0_raw=567,flex0_norm=0.138,flex1_raw=567,flex1_norm=0.138,flex2_raw=503,flex2_norm=0.123,flex3_raw=598,flex3_norm=0.146,flex4_raw=490,flex4_norm=0.120",true
word-sequence-v1,session_20261005T212737_676Z,word_please_0012,0,32402,812217,1791235940204,please,words-draft,signer_02,neutral,0x70,1.06400000000,0.185000000000,0.0150000000000,-0.641000000000,17.8020000000,-0.840000000000,573,575,496,590,486,"seq=32402,t_ms=812217,who=0x70,ax=1.064,ay=0.185,az=0.015,gx=-0.641,gy=17.802,gz=-0.840,expected=-,pred=5,pred_conf=100.0,flex0_raw=573,flex0_norm=0.140,flex1_raw=575,flex1_norm=0.140,flex2_raw=496,flex2_norm=0.121,flex3_raw=590,flex3_norm=0.144,flex4_raw=486,flex4_norm=0.119",true
word-sequence-v1,session_20261005T212737_676Z,word_please_0012,1,32403,812242,1791235940243,please,words-draft,signer_02,neutral,0x70,1.07800000000,0.147000000000,0.0360000000000,0.771000000000,24.2600000000,2.64900000000,575,570,493,589,485,"seq=32403,t_ms=812242,who=0x70,ax=1.078,ay=0.147,az=0.036,gx=0.771,gy=24.260,gz=2.649,expected=-,pred=5,pred_conf=100.0,flex0_raw=575,flex0_norm=0.140,flex1_raw=570,flex1_norm=0.139,flex2_raw=493,flex2_norm=0.120,flex3_raw=589,flex3_norm=0.144,flex4_raw=485,flex4_norm=0.118",true
word-sequence-v1,session_20261005T212737_676Z,word_please_0012,2,32404,812267,1791235940248,please,words-draft,signer_02,neutral,0x70,1.09200000000,0.138000000000,0.0550000000000,4.61100000000,39.3970000000,5.17600000000,572,574,495,589,487,"seq=32404,t_ms=812267,who=0x70,ax=1.092,ay=0.138,az=0.055,gx=4.611,gy=39.397,gz=5.176,expected=-,pred=5,pred_conf=100.0,flex0_raw=572,flex0_norm=0.140,flex1_raw=574,flex1_norm=0.140,flex2_raw=495,flex2_norm=0.121,flex3_raw=589,flex3_norm=0.144,flex4_raw=487,flex4_norm=0.119",true
word-sequence-v1,session_20261005T212737_676Z,word_please_0012,3,32405,812292,1791235940268,please,words-draft,signer_02,neutral,0x70,1.11200000000,0.142000000000,0.111000000000,9.63400000000,35.8170000000,7.61100000000,575,575,495,591,487,"seq=32405,t_ms=812292,who=0x70,ax=1.112,ay=0.142,az=0.111,gx=9.634,gy=35.817,gz=7.611,expected=-,pred=5,pred_conf=100.0,flex0_raw=575,flex0_norm=0.140,flex1_raw=575,flex1_norm=0.140,flex2_raw=495,flex2_norm=0.121,flex3_raw=591,flex3_norm=0.144,flex4_raw=487,flex4_norm=0.119",true
word-sequence-v1,session_20261005T212737_676Z,word_please_0012,4,32406,812317,1791235940311,please,words-draft,signer_02,neutral,0x70,1.11900000000,0.0800000000000,0.129000000000,14.5500000000,24.0080000000,9.77100000000,575,574,495,591,487,"seq=32406,t_ms=812317,who=0x70,ax=1.119,ay=0.080,az=0.129,gx=14.550,gy=24.008,gz=9.771,expected=-,pred=5,pred_conf=100.0,flex0_raw=575,flex0_norm=0.140,flex1_raw=574,flex1_norm=0.140,flex2_raw=495,flex2_norm=0.121,flex3_raw=591,flex3_norm=0.144,flex4_raw=487,flex4_norm=0.119",true
word-sequence-v1,session_20261005T212737_676Z,word_please_0012,5,32407,812342,1791235940312,please,words-draft,signer_02,neutral,0x70,1.11800000000,0.0420000000000,0.158000000000,13.6790000000,20.9160000000,5.38900000000,575,575,498,591,488,"seq=32407,t_ms=812342,who=0x70,ax=1.118,ay=0.042,az=0.158,gx=13.679,gy=20.916,gz=5.389,expected=-,pred=5,pred_conf=100.0,flex0_raw=575,flex0_norm=0.140,flex1_raw=575,flex1_norm=0.140,flex2_raw=498,flex2_norm=0.122,flex3_raw=591,flex3_norm=0.144,flex4_raw=488,flex4_norm=0.119",true
word-sequence-v1,session_20261005T212737_676Z,word_please_0012,6,32408,812367,1791235940338,please,words-draft,signer_02,neutral,0x70,1.09900000000,0.0170000000000,0.201000000000,8.55000000000,9.98500000000,1.85500000000,574,575,495,590,487,"seq=32408,t_ms=812367,who=0x70,ax=1.099,ay=0.017,az=0.201,gx=8.550,gy=9.985,gz=1.855,expected=-,pred=5,pred_conf=100.0,flex0_raw=574,flex0_norm=0.140,flex1_raw=575,flex1_norm=0.140,flex2_raw=495,flex2_norm=0.121,flex3_raw=590,flex3_norm=0.144,flex4_raw=487,flex4_norm=0.119",true
word-sequence-v1,session_20261005T212737_676Z,word_please_0012,7,32409,812392,1791235940372,please,words-draft,signer_02,neutral,0x70,1.09900000000,-0.0220000000000,0.193000000000,2.51100000000,-4.76300000000,0.405000000000,575,571,492,589,485,"seq=32409,t_ms=812392,who=0x70,ax=1.099,ay=-0.022,az=0.193,gx=2.511,gy=-4.763,gz=0.405,expected=-,pred=5,pred_conf=100.0,flex0_raw=575,flex0_norm=0.140,flex1_raw=571,flex1_norm=0.139,flex2_raw=492,flex2_norm=0.120,flex3_raw=589,flex3_norm=0.144,flex4_raw=485,flex4_norm=0.118",true
word-sequence-v1,session_20261005T212737_676Z,word_please_0012,8,32410,812417,1791235940408,please,words-draft,signer_02,neutral,0x70,1.14400000000,-0.0790000000000,0.138000000000,-3.15300000000,-19.6410000000,-4.03800000000,579,575,498,591,488,"seq=32410,t_ms=812417,who=0x70,ax=1.144,ay=-0.079,az=0.138,gx=-3.153,gy=-19.641,gz=-4.038,expected=-,pred=5,pred_conf=100.0,flex0_raw=579,flex0_norm=0.141,flex1_raw=575,flex1_norm=0.140,flex2_raw=498,flex2_norm=0.122,flex3_raw=591,flex3_norm=0.144,flex4_raw=488,flex4_norm=0.119",true
word-sequence-v1,session_20261005T212737_676Z,word_please_0012,9,32411,812442,1791235940408,please,words-draft,signer_02,neutral,0x70,1.15200000000,-0.102000000000,0.112000000000,1.25200000000,-47.8020000000,-0.305000000000,575,575,495,591,488,"seq=32411,t_ms=812442,who=0x70,ax=1.152,ay=-0.102,az=0.112,gx=1.252,gy=-47.802,gz=-0.305,expected=-,pred=5,pred_conf=100.0,flex0_raw=575,flex0_norm=0.140,flex1_raw=575,flex1_norm=0.140,flex2_raw=495,flex2_norm=0.121,flex3_raw=591,flex3_norm=0.144,flex4_raw=488,flex4_norm=0.119",true
word-sequence-v1,session_20261005T212737_676Z,word_please_0012,10,32412,812467,1791235940436,please,words-draft,signer_02,neutral,0x70,1.13400000000,-0.105000000000,0.111000000000,2.05300000000,-59.2980000000,-5.22900000000,574,573,495,591,486,"seq=32412,t_ms=812467,who=0x70,ax=1.134,ay=-0.105,az=0.111,gx=2.053,gy=-59.298,gz=-5.229,expected=-,pred=5,pred_conf=100.0,flex0_raw=574,flex0_norm=0.140,flex1_raw=573,flex1_norm=0.140,flex2_raw=495,flex2_norm=0.121,flex3_raw=591,flex3_norm=0.144,flex4_raw=486,flex4_norm=0.119",true
word-sequence-v1,session_20261005T212737_676Z,word_please_0012,11,32413,812492,1791235940473,please,words-draft,signer_02,neutral,0x70,1.08500000000,-0.0950000000000,0.112000000000,-6.51900000000,-60.5190000000,-15.0000000000,575,573,495,590,487,"seq=32413,t_ms=812492,who=0x70,ax=1.085,ay=-0.095,az=0.112,gx=-6.519,gy=-60.519,gz=-15.000,expected=-,pred=5,pred_conf=100.0,flex0_raw=575,flex0_norm=0.140,flex1_raw=573,flex1_norm=0.140,flex2_raw=495,flex2_norm=0.121,flex3_raw=590,flex3_norm=0.144,flex4_raw=487,flex4_norm=0.119",true
word-sequence-v1,session_20261005T212737_676Z,word_please_0012,12,32414,812517,1791235940518,please,words-draft,signer_02,neutral,0x70,1.00900000000,-0.0670000000000,0.0870000000000,-11.7100000000,-57.1760000000,-18.6030000000,573,572,495,589,487,"seq=32414,t_ms=812517,who=0x70,ax=1.009,ay=-0.067,az=0.087,gx=-11.710,gy=-57.176,gz=-18.603,expected=-,pred=5,pred_conf=100.0,flex0_raw=573,flex0_norm=0.140,flex1_raw=572,flex1_norm=0.140,flex2_raw=495,flex2_norm=0.121,flex3_raw=589,flex3_norm=0.144,flex4_raw=487,flex4_norm=0.119",true
word-sequence-v1,session_20261005T212737_676Z,word_please_0012,13,32415,812542,1791235940520,please,words-draft,signer_02,neutral,0x70,0.952000000000,-0.0120000000000,0.0880000000000,-20.8550000000,-53.7400000000,-20.6110000000,575,569,492,588,484,"seq=32415,t_ms=812542,who=0x70,ax=0.952,ay=-0.012,az=0.088,gx=-20.855,gy=-53.740,gz=-20.611,expected=-,pred=5,pred_conf=100.0,flex0_raw=575,flex0_norm=0.140,flex1_raw=569,flex1_norm=0.139,flex2_raw=492,flex2_norm=0.120,flex3_raw=588,flex3_norm=0.144,flex4_raw=484,flex4_norm=0.118",true
word-sequence-v1,session_20261005T212737_676Z,word_please_0012,14,32416,812567,1791235940548,please,words-draft,signer_02,neutral,0x70,0.850000000000,0.0340000000000,0.0610000000000,-29.5340000000,-54.4430000000,-11.2210000000,573,571,495,589,487,"seq=32416,t_ms=812567,who=0x70,ax=0.850,ay=0.034,az=0.061,gx=-29.534,gy=-54.443,gz=-11.221,expected=-,pred=5,pred_conf=100.0,flex0_raw=573,flex0_norm=0.140,flex1_raw=571,flex1_norm=0.139,flex2_raw=495,flex2_norm=0.121,flex3_raw=589,flex3_norm=0.144,flex4_raw=487,flex4_norm=0.119",true
word-sequence-v1,session_20261005T212737_676Z,word_please_0012,15,32417,812592,1791235940550,please,words-draft,signer_02,neutral,0x70,0.779000000000,0.0620000000000,0.0180000000000,-39.4120000000,-38.4270000000,-8.77100000000,573,572,495,590,487,"seq=32417,t_ms=812592,who=0x70,ax=0.779,ay=0.062,az=0.018,gx=-39.412,gy=-38.427,gz=-8.771,expected=-,pred=5,pred_conf=100.0,flex0_raw=573,flex0_norm=0.140,flex1_raw=572,flex1_norm=0.140,flex2_raw=495,flex2_norm=0.121,flex3_raw=590,flex3_norm=0.144,flex4_raw=487,flex4_norm=0.119",true
word-sequence-v1,session_20261005T212737_676Z,word_please_0012,16,32418,812617,1791235940581,please,words-draft,signer_02,neutral,0x70,0.708000000000,0.0770000000000,-0.0280000000000,-43.6030000000,-18.1910000000,-7.72500000000,573,573,495,590,488,"seq=32418,t_ms=812617,who=0x70,ax=0.708,ay=0.077,az=-0.028,gx=-43.603,gy=-18.191,gz=-7.725,expected=-,pred=5,pred_conf=100.0,flex0_raw=573,flex0_norm=0.140,flex1_raw=573,flex1_norm=0.140,flex2_raw=495,flex2_norm=0.121,flex3_raw=590,flex3_norm=0.144,flex4_raw=488,flex4_norm=0.119",true
word-sequence-v1,session_20261005T212737_676Z,word_please_0012,17,32419,812642,1791235940620,please,words-draft,signer_02,neutral,0x70,0.682000000000,0.0970000000000,-0.0300000000000,-41.9470000000,-6.32800000000,-6.17600000000,572,572,496,591,488,"seq=32419,t_ms=812642,who=0x70,ax=0.682,ay=0.097,az=-0.030,gx=-41.947,gy=-6.328,gz=-6.176,expected=-,pred=5,pred_conf=100.0,flex0_raw=572,flex0_norm=0.140,flex1_raw=572,flex1_norm=0.140,flex2_raw=496,flex2_norm=0.121,flex3_raw=591,flex3_norm=0.144,flex4_raw=488,flex4_norm=0.119",true
word-sequence-v1,session_20261005T212737_676Z,word_please_0012,18,32420,812667,1791235940649,please,words-draft,signer_02,neutral,0x70,0.685000000000,0.166000000000,-0.0400000000000,-38.3130000000,7.28200000000,-5.38200000000,573,573,495,591,488,"seq=32420,t_ms=812667,who=0x70,ax=0.685,ay=0.166,az=-0.040,gx=-38.313,gy=7.282,gz=-5.382,expected=-,pred=5,pred_conf=100.0,flex0_raw=573,flex0_norm=0.140,flex1_raw=573,flex1_norm=0.140,flex2_raw=495,flex2_norm=0.121,flex3_raw=591,flex3_norm=0.144,flex4_raw=488,flex4_norm=0.119",true
word-sequence-v1,session_20261005T212737_676Z,word_please_0012,19,32421,812692,1791235940683,please,words-draft,signer_02,neutral,0x70,0.705000000000,0.220000000000,-0.0320000000000,-34.1910000000,14.3360000000,4.00000000000,573,569,493,589,486,"seq=32421,t_ms=812692,who=0x70,ax=0.705,ay=0.220,az=-0.032,gx=-34.191,gy=14.336,gz=4.000,expected=-,pred=5,pred_conf=100.0,flex0_raw=573,flex0_norm=0.140,flex1_raw=569,flex1_norm=0.139,flex2_raw=493,flex2_norm=0.120,flex3_raw=589,flex3_norm=0.144,flex4_raw=486,flex4_norm=0.119",true
word-sequence-v1,session_20261005T212737_676Z,word_please_0012,20,32422,812717,1791235940724,please,words-draft,signer_02,neutral,0x70,0.720000000000,0.222000000000,-0.00800000000000,-25.7860000000,25.1450000000,6.39700000000,572,573,495,591,489,"seq=32422,t_ms=812717,who=0x70,ax=0.720,ay=0.222,az=-0.008,gx=-25.786,gy=25.145,gz=6.397,expected=-,pred=5,pred_conf=100.0,flex0_raw=572,flex0_norm=0.140,flex1_raw=573,flex1_norm=0.140,flex2_raw=495,flex2_norm=0.121,flex3_raw=591,flex3_norm=0.144,flex4_raw=489,flex4_norm=0.119",true
word-sequence-v1,session_20261005T212737_676Z,word_please_0012,21,32423,812742,1791235940724,please,words-draft,signer_02,neutral,0x70,0.779000000000,0.292000000000,0.0470000000000,-17.6950000000,30.8930000000,4.86300000000,573,573,495,589,488,"seq=32423,t_ms=812742,who=0x70,ax=0.779,ay=0.292,az=0.047,gx=-17.695,gy=30.893,gz=4.863,expected=-,pred=5,pred_conf=100.0,flex0_raw=573,flex0_norm=0.140,flex1_raw=573,flex1_norm=0.140,flex2_raw=495,flex2_norm=0.121,flex3_raw=589,flex3_norm=0.144,flex4_raw=488,flex4_norm=0.119",true
word-sequence-v1,session_20261005T212737_676Z,word_please_0012,22,32424,812767,1791235940728,please,words-draft,signer_02,neutral,0x70,0.879000000000,0.363000000000,0.0310000000000,-17.1220000000,37.8850000000,-2.26700000000,573,574,498,588,487,"seq=32424,t_ms=812767,who=0x70,ax=0.879,ay=0.363,az=0.031,gx=-17.122,gy=37.885,gz=-2.267,expected=-,pred=5,pred_conf=100.0,flex0_raw=573,flex0_norm=0.140,flex1_raw=574,flex1_norm=0.140,flex2_raw=498,flex2_norm=0.122,flex3_raw=588,flex3_norm=0.144,flex4_raw=487,flex4_norm=0.119",true
word-sequence-v1,session_20261005T212737_676Z,word_please_0012,23,32425,812792,1791235940758,please,words-draft,signer_02,neutral,0x70,0.965000000000,0.357000000000,0.0140000000000,-22.4500000000,48.5650000000,-8.16000000000,573,573,495,585,488,"seq=32425,t_ms=812792,who=0x70,ax=0.965,ay=0.357,az=0.014,gx=-22.450,gy=48.565,gz=-8.160,expected=-,pred=5,pred_conf=100.0,flex0_raw=573,flex0_norm=0.140,flex1_raw=573,flex1_norm=0.140,flex2_raw=495,flex2_norm=0.121,flex3_raw=585,flex3_norm=0.143,flex4_raw=488,flex4_norm=0.119",true
word-sequence-v1,session_20261005T212737_676Z,word_please_0012,24,32426,812817,1791235940796,please,words-draft,signer_02,neutral,0x70,1.00100000000,0.297000000000,-0.0340000000000,-23.7400000000,52.1150000000,-1.58000000000,573,574,494,586,487,"seq=32426,t_ms=812817,who=0x70,ax=1.001,ay=0.297,az=-0.034,gx=-23.740,gy=52.115,gz=-1.580,expected=-,pred=5,pred_conf=100.0,flex0_raw=573,flex0_norm=0.140,flex1_raw=574,flex1_norm=0.140,flex2_raw=494,flex2_norm=0.121,flex3_raw=586,flex3_norm=0.143,flex4_raw=487,flex4_norm=0.119",true
word-sequence-v1,session_20261005T212737_676Z,word_please_0012,25,32427,812842,1791235940822,please,words-draft,signer_02,neutral,0x70,1.08600000000,0.357000000000,-0.0650000000000,-19.7790000000,60.5880000000,-5.19100000000,574,571,492,584,485,"seq=32427,t_ms=812842,who=0x70,ax=1.086,ay=0.357,az=-0.065,gx=-19.779,gy=60.588,gz=-5.191,expected=-,pred=5,pred_conf=100.0,flex0_raw=574,flex0_norm=0.140,flex1_raw=571,flex1_norm=0.139,flex2_raw=492,flex2_norm=0.120,flex3_raw=584,flex3_norm=0.143,flex4_raw=485,flex4_norm=0.118",true
word-sequence-v1,session_20261005T212737_676Z,word_please_0012,26,32428,812867,1791235940848,please,words-draft,signer_02,neutral,0x70,1.14800000000,0.349000000000,-0.0900000000000,-4.70200000000,48.0460000000,12.4350000000,573,573,494,586,488,"seq=32428,t_ms=812867,who=0x70,ax=1.148,ay=0.349,az=-0.090,gx=-4.702,gy=48.046,gz=12.435,expected=-,pred=5,pred_conf=100.0,flex0_raw=573,flex0_norm=0.140,flex1_raw=573,flex1_norm=0.140,flex2_raw=494,flex2_norm=0.121,flex3_raw=586,flex3_norm=0.143,flex4_raw=488,flex4_norm=0.119",true
word-sequence-v1,session_20261005T212737_676Z,word_please_0012,27,32429,812892,1791235940850,please,words-draft,signer_02,neutral,0x70,1.13600000000,0.266000000000,-0.0410000000000,-1.89300000000,67.8630000000,6.97700000000,573,574,493,585,489,"seq=32429,t_ms=812892,who=0x70,ax=1.136,ay=0.266,az=-0.041,gx=-1.893,gy=67.863,gz=6.977,expected=-,pred=5,pred_conf=100.0,flex0_raw=573,flex0_norm=0.140,flex1_raw=574,flex1_norm=0.140,flex2_raw=493,flex2_norm=0.120,flex3_raw=585,flex3_norm=0.143,flex4_raw=489,flex4_norm=0.119",true
word-sequence-v1,session_20261005T212737_676Z,word_please_0012,28,32430,812917,1791235940885,please,words-draft,signer_02,neutral,0x70,1.22900000000,0.229000000000,0.0810000000000,0.908000000000,81.4270000000,0.702000000000,579,579,494,586,489,"seq=32430,t_ms=812917,who=0x70,ax=1.229,ay=0.229,az=0.081,gx=0.908,gy=81.427,gz=0.702,expected=-,pred=5,pred_conf=100.0,flex0_raw=579,flex0_norm=0.141,flex1_raw=579,flex1_norm=0.141,flex2_raw=494,flex2_norm=0.121,flex3_raw=586,flex3_norm=0.143,flex4_raw=489,flex4_norm=0.119",true
word-sequence-v1,session_20261005T212737_676Z,word_please_0012,29,32431,812942,1791235940911,please,words-draft,signer_02,neutral,0x70,1.29800000000,0.197000000000,0.198000000000,5.94700000000,74.0000000000,2.22900000000,579,581,493,587,488,"seq=32431,t_ms=812942,who=0x70,ax=1.298,ay=0.197,az=0.198,gx=5.947,gy=74.000,gz=2.229,expected=-,pred=5,pred_conf=100.0,flex0_raw=579,flex0_norm=0.141,flex1_raw=581,flex1_norm=0.142,flex2_raw=493,flex2_norm=0.120,flex3_raw=587,flex3_norm=0.143,flex4_raw=488,flex4_norm=0.119",true
word-sequence-v1,session_20261005T212737_676Z,word_please_0012,30,32432,812967,1791235940949,please,words-draft,signer_02,neutral,0x70,1.37100000000,0.0500000000000,0.259000000000,12.4270000000,41.4580000000,9.48900000000,579,579,493,586,488,"seq=32432,t_ms=812967,who=0x70,ax=1.371,ay=0.050,az=0.259,gx=12.427,gy=41.458,gz=9.489,expected=-,pred=5,pred_conf=100.0,flex0_raw=579,flex0_norm=0.141,flex1_raw=579,flex1_norm=0.141,flex2_raw=493,flex2_norm=0.120,flex3_raw=586,flex3_norm=0.143,flex4_raw=488,flex4_norm=0.119",true
word-sequence-v1,session_20261005T212737_676Z,word_please_0012,31,32433,812992,1791235940981,please,words-draft,signer_02,neutral,0x70,1.40200000000,-0.0110000000000,0.256000000000,8.03100000000,15.1450000000,0.458000000000,583,573,491,586,486,"seq=32433,t_ms=812992,who=0x70,ax=1.402,ay=-0.011,az=0.256,gx=8.031,gy=15.145,gz=0.458,expected=-,pred=5,pred_conf=100.0,flex0_raw=583,flex0_norm=0.142,flex1_raw=573,flex1_norm=0.140,flex2_raw=491,flex2_norm=0.120,flex3_raw=586,flex3_norm=0.143,flex4_raw=486,flex4_norm=0.119",true
word-sequence-v1,session_20261005T212737_676Z,word_please_0012,32,32434,813017,1791235941014,please,words-draft,signer_02,neutral,0x70,1.37800000000,-0.0740000000000,0.268000000000,4.55700000000,-28.2600000000,-1.77900000000,581,581,493,588,488,"seq=32434,t_ms=813017,who=0x70,ax=1.378,ay=-0.074,az=0.268,gx=4.557,gy=-28.260,gz=-1.779,expected=-,pred=5,pred_conf=100.0,flex0_raw=581,flex0_norm=0.142,flex1_raw=581,flex1_norm=0.142,flex2_raw=493,flex2_norm=0.120,flex3_raw=588,flex3_norm=0.144,flex4_raw=488,flex4_norm=0.119",true
word-sequence-v1,session_20261005T212737_676Z,word_please_0012,33,32435,813042,1791235941046,please,words-draft,signer_02,neutral,0x70,1.28700000000,-0.157000000000,0.231000000000,-1.61800000000,-49.8630000000,-7.92400000000,581,583,494,589,489,"seq=32435,t_ms=813042,who=0x70,ax=1.287,ay=-0.157,az=0.231,gx=-1.618,gy=-49.863,gz=-7.924,expected=-,pred=5,pred_conf=100.0,flex0_raw=581,flex0_norm=0.142,flex1_raw=583,flex1_norm=0.142,flex2_raw=494,flex2_norm=0.121,flex3_raw=589,flex3_norm=0.144,flex4_raw=489,flex4_norm=0.119",true
word-sequence-v1,session_20261005T212737_676Z,word_please_0012,34,32436,813067,1791235941046,please,words-draft,signer_02,neutral,0x70,1.20400000000,-0.163000000000,0.216000000000,-1.17600000000,-57.2060000000,-11.2750000000,583,584,493,594,489,"seq=32436,t_ms=813067,who=0x70,ax=1.204,ay=-0.163,az=0.216,gx=-1.176,gy=-57.206,gz=-11.275,expected=-,pred=5,pred_conf=100.0,flex0_raw=583,flex0_norm=0.142,flex1_raw=584,flex1_norm=0.143,flex2_raw=493,flex2_norm=0.120,flex3_raw=594,flex3_norm=0.145,flex4_raw=489,flex4_norm=0.119",true
word-sequence-v1,session_20261005T212737_676Z,word_please_0012,35,32437,813092,1791235941085,please,words-draft,signer_02,neutral,0x70,1.08500000000,-0.124000000000,0.220000000000,-0.962000000000,-67.3590000000,-11.9920000000,583,583,493,595,489,"seq=32437,t_ms=813092,who=0x70,ax=1.085,ay=-0.124,az=0.220,gx=-0.962,gy=-67.359,gz=-11.992,expected=-,pred=5,pred_conf=100.0,flex0_raw=583,flex0_norm=0.142,flex1_raw=583,flex1_norm=0.142,flex2_raw=493,flex2_norm=0.120,flex3_raw=595,flex3_norm=0.145,flex4_raw=489,flex4_norm=0.119",true
word-sequence-v1,session_20261005T212737_676Z,word_please_0012,36,32438,813117,1791235941088,please,words-draft,signer_02,neutral,0x70,0.979000000000,-0.0880000000000,0.212000000000,0.122000000000,-73.2440000000,-1.76300000000,581,581,493,590,488,"seq=32438,t_ms=813117,who=0x70,ax=0.979,ay=-0.088,az=0.212,gx=0.122,gy=-73.244,gz=-1.763,expected=-,pred=5,pred_conf=100.0,flex0_raw=581,flex0_norm=0.142,flex1_raw=581,flex1_norm=0.142,flex2_raw=493,flex2_norm=0.120,flex3_raw=590,flex3_norm=0.144,flex4_raw=488,flex4_norm=0.119",true
word-sequence-v1,session_20261005T212737_676Z,word_please_0012,37,32439,813142,1791235941118,please,words-draft,signer_02,neutral,0x70,0.840000000000,-0.0610000000000,0.198000000000,-4.56500000000,-58.8470000000,-5.58000000000,582,573,489,589,485,"seq=32439,t_ms=813142,who=0x70,ax=0.840,ay=-0.061,az=0.198,gx=-4.565,gy=-58.847,gz=-5.580,expected=-,pred=5,pred_conf=100.0,flex0_raw=582,flex0_norm=0.142,flex1_raw=573,flex1_norm=0.140,flex2_raw=489,flex2_norm=0.119,flex3_raw=589,flex3_norm=0.144,flex4_raw=485,flex4_norm=0.118",true
word-sequence-v1,session_20261005T212737_676Z,word_please_0012,38,32440,813167,1791235941148,please,words-draft,signer_02,neutral,0x70,0.798000000000,0.0200000000000,0.194000000000,-13.2600000000,-36.5500000000,-19.4580000000,580,576,491,589,487,"seq=32440,t_ms=813167,who=0x70,ax=0.798,ay=0.020,az=0.194,gx=-13.260,gy=-36.550,gz=-19.458,expected=-,pred=5,pred_conf=100.0,flex0_raw=580,flex0_norm=0.142,flex1_raw=576,flex1_norm=0.141,flex2_raw=491,flex2_norm=0.120,flex3_raw=589,flex3_norm=0.144,flex4_raw=487,flex4_norm=0.119",true
word-sequence-v1,session_20261005T212737_676Z,word_please_0012,39,32441,813192,1791235941150,please,words-draft,signer_02,neutral,0x70,0.743000000000,0.0800000000000,0.179000000000,-7.90100000000,-45.8090000000,-10.1300000000,580,581,491,589,487,"seq=32441,t_ms=813192,who=0x70,ax=0.743,ay=0.080,az=0.179,gx=-7.901,gy=-45.809,gz=-10.130,expected=-,pred=5,pred_conf=100.0,flex0_raw=580,flex0_norm=0.142,flex1_raw=581,flex1_norm=0.142,flex2_raw=491,flex2_norm=0.120,flex3_raw=589,flex3_norm=0.144,flex4_raw=487,flex4_norm=0.119",true
word-sequence-v1,session_20261005T212737_676Z,word_please_0012,40,32442,813217,1791235941178,please,words-draft,signer_02,neutral,0x70,0.697000000000,0.104000000000,0.134000000000,-9.93100000000,-57.6110000000,-3.33600000000,575,575,491,588,485,"seq=32442,t_ms=813217,who=0x70,ax=0.697,ay=0.104,az=0.134,gx=-9.931,gy=-57.611,gz=-3.336,expected=-,pred=5,pred_conf=100.0,flex0_raw=575,flex0_norm=0.140,flex1_raw=575,flex1_norm=0.140,flex2_raw=491,flex2_norm=0.120,flex3_raw=588,flex3_norm=0.144,flex4_raw=485,flex4_norm=0.118",true
word-sequence-v1,session_20261005T212737_676Z,word_please_0012,41,32443,813242,1791235941217,please,words-draft,signer_02,neutral,0x70,0.655000000000,0.118000000000,0.0260000000000,-19.4890000000,-39.9770000000,-9.80900000000,574,574,491,587,486,"seq=32443,t_ms=813242,who=0x70,ax=0.655,ay=0.118,az=0.026,gx=-19.489,gy=-39.977,gz=-9.809,expected=-,pred=5,pred_conf=100.0,flex0_raw=574,flex0_norm=0.140,flex1_raw=574,flex1_norm=0.140,flex2_raw=491,flex2_norm=0.120,flex3_raw=587,flex3_norm=0.143,flex4_raw=486,flex4_norm=0.119",true
word-sequence-v1,session_20261005T212737_676Z,word_please_0012,42,32444,813267,1791235941244,please,words-draft,signer_02,neutral,0x70,0.664000000000,0.189000000000,-0.0120000000000,-24.1450000000,-11.3820000000,-13.7020000000,573,572,491,587,486,"seq=32444,t_ms=813267,who=0x70,ax=0.664,ay=0.189,az=-0.012,gx=-24.145,gy=-11.382,gz=-13.702,expected=-,pred=5,pred_conf=100.0,flex0_raw=573,flex0_norm=0.140,flex1_raw=572,flex1_norm=0.140,flex2_raw=491,flex2_norm=0.120,flex3_raw=587,flex3_norm=0.143,flex4_raw=486,flex4_norm=0.119",true
word-sequence-v1,session_20261005T212737_676Z,word_please_0012,43,32445,813292,1791235941281,please,words-draft,signer_02,neutral,0x70,0.669000000000,0.257000000000,-0.0370000000000,-21.2980000000,-8.65600000000,3.32800000000,573,569,489,583,486,"seq=32445,t_ms=813292,who=0x70,ax=0.669,ay=0.257,az=-0.037,gx=-21.298,gy=-8.656,gz=3.328,expected=-,pred=5,pred_conf=100.0,flex0_raw=573,flex0_norm=0.140,flex1_raw=569,flex1_norm=0.139,flex2_raw=489,flex2_norm=0.119,flex3_raw=583,flex3_norm=0.142,flex4_raw=486,flex4_norm=0.119",true
word-sequence-v1,session_20261005T212737_676Z,word_please_0012,44,32446,813317,1791235941312,please,words-draft,signer_02,neutral,0x70,0.690000000000,0.309000000000,-0.0640000000000,-22.9920000000,4.32800000000,2.22100000000,572,572,491,585,487,"seq=32446,t_ms=813317,who=0x70,ax=0.690,ay=0.309,az=-0.064,gx=-22.992,gy=4.328,gz=2.221,expected=-,pred=5,pred_conf=100.0,flex0_raw=572,flex0_norm=0.140,flex1_raw=572,flex1_norm=0.140,flex2_raw=491,flex2_norm=0.120,flex3_raw=585,flex3_norm=0.143,flex4_raw=487,flex4_norm=0.119",true
word-sequence-v1,session_20261005T212737_676Z,word_please_0012,45,32447,813342,1791235941312,please,words-draft,signer_02,neutral,0x70,0.736000000000,0.378000000000,-0.129000000000,-29.3970000000,27.9310000000,3.66400000000,572,572,491,585,486,"seq=32447,t_ms=813342,who=0x70,ax=0.736,ay=0.378,az=-0.129,gx=-29.397,gy=27.931,gz=3.664,expected=-,pred=5,pred_conf=100.0,flex0_raw=572,flex0_norm=0.140,flex1_raw=572,flex1_norm=0.140,flex2_raw=491,flex2_norm=0.120,flex3_raw=585,flex3_norm=0.143,flex4_raw=486,flex4_norm=0.119",true
word-sequence-v1,session_20261005T212737_676Z,word_please_0012,46,32448,813367,1791235941353,please,words-draft,signer_02,neutral,0x70,0.840000000000,0.398000000000,-0.151000000000,-34.0840000000,47.5650000000,6.19100000000,572,573,490,585,486,"seq=32448,t_ms=813367,who=0x70,ax=0.840,ay=0.398,az=-0.151,gx=-34.084,gy=47.565,gz=6.191,expected=-,pred=5,pred_conf=100.0,flex0_raw=572,flex0_norm=0.140,flex1_raw=573,flex1_norm=0.140,flex2_raw=490,flex2_norm=0.120,flex3_raw=585,flex3_norm=0.143,flex4_raw=486,flex4_norm=0.119",true
word-sequence-v1,session_20261005T212737_676Z,word_please_0012,47,32449,813392,1791235941375,please,words-draft,signer_02,neutral,0x70,0.938000000000,0.454000000000,-0.111000000000,-27.0840000000,63.3890000000,4.83200000000,573,572,491,585,487,"seq=32449,t_ms=813392,who=0x70,ax=0.938,ay=0.454,az=-0.111,gx=-27.084,gy=63.389,gz=4.832,expected=-,pred=5,pred_conf=100.0,flex0_raw=573,flex0_norm=0.140,flex1_raw=572,flex1_norm=0.140,flex2_raw=491,flex2_norm=0.120,flex3_raw=585,flex3_norm=0.143,flex4_raw=487,flex4_norm=0.119",true
word-sequence-v1,session_20261005T212737_676Z,word_please_0012,48,32450,813417,1791235941397,please,words-draft,signer_02,neutral,0x70,1.04800000000,0.489000000000,-0.00700000000000,-16.7560000000,72.4350000000,5.25200000000,573,573,491,585,487,"seq=32450,t_ms=813417,who=0x70,ax=1.048,ay=0.489,az=-0.007,gx=-16.756,gy=72.435,gz=5.252,expected=-,pred=5,pred_conf=100.0,flex0_raw=573,flex0_norm=0.140,flex1_raw=573,flex1_norm=0.140,flex2_raw=491,flex2_norm=0.120,flex3_raw=585,flex3_norm=0.143,flex4_raw=487,flex4_norm=0.119",true
word-sequence-v1,session_20261005T212737_676Z,word_please_0012,49,32451,813442,1791235941418,please,words-draft,signer_02,neutral,0x70,1.16000000000,0.473000000000,0.0690000000000,-8.17600000000,67.4580000000,14.4890000000,573,569,487,582,485,"seq=32451,t_ms=813442,who=0x70,ax=1.160,ay=0.473,az=0.069,gx=-8.176,gy=67.458,gz=14.489,expected=-,pred=5,pred_conf=100.0,flex0_raw=573,flex0_norm=0.140,flex1_raw=569,flex1_norm=0.139,flex2_raw=487,flex2_norm=0.119,flex3_raw=582,flex3_norm=0.142,flex4_raw=485,flex4_norm=0.118",true
word-sequence-v1,session_20261005T212737_676Z,word_please_0012,50,32452,813467,1791235941455,please,words-draft,signer_02,neutral,0x70,1.19200000000,0.324000000000,0.0970000000000,3.77100000000,61.3890000000,22.6640000000,581,581,491,587,486,"seq=32452,t_ms=813467,who=0x70,ax=1.192,ay=0.324,az=0.097,gx=3.771,gy=61.389,gz=22.664,expected=-,pred=5,pred_conf=100.0,flex0_raw=581,flex0_norm=0.142,flex1_raw=581,flex1_norm=0.142,flex2_raw=491,flex2_norm=0.120,flex3_raw=587,flex3_norm=0.143,flex4_raw=486,flex4_norm=0.119",true
word-sequence-v1,session_20261005T212737_676Z,word_please_0012,51,32453,813492,1791235941455,please,words-draft,signer_02,neutral,0x70,1.19700000000,0.251000000000,0.0660000000000,10.0310000000,52.0690000000,20.6110000000,584,583,492,590,486,"seq=32453,t_ms=813492,who=0x70,ax=1.197,ay=0.251,az=0.066,gx=10.031,gy=52.069,gz=20.611,expected=-,pred=5,pred_conf=100.0,flex0_raw=584,flex0_norm=0.143,flex1_raw=583,flex1_norm=0.142,flex2_raw=492,flex2_norm=0.120,flex3_raw=590,flex3_norm=0.144,flex4_raw=486,flex4_norm=0.119",true
word-sequence-v1,session_20261005T212737_676Z,word_please_0012,52,32454,813517,1791235941492,please,words-draft,signer_02,neutral,0x70,1.19500000000,0.182000000000,0.0540000000000,20.8700000000,31.5110000000,25.0080000000,584,585,491,594,485,"seq=32454,t_ms=813517,who=0x70,ax=1.195,ay=0.182,az=0.054,gx=20.870,gy=31.511,gz=25.008,expected=-,pred=5,pred_conf=100.0,flex0_raw=584,flex0_norm=0.143,flex1_raw=585,flex1_norm=0.143,flex2_raw=491,flex2_norm=0.120,flex3_raw=594,flex3_norm=0.145,flex4_raw=485,flex4_norm=0.118",true
word-sequence-v1,session_20261005T212737_676Z,word_please_0012,53,32455,813542,1791235941540,please,words-draft,signer_02,neutral,0x70,1.24700000000,0.0750000000000,0.106000000000,24.8550000000,22.9470000000,13.4200000000,585,585,491,595,484,"seq=32455,t_ms=813542,who=0x70,ax=1.247,ay=0.075,az=0.106,gx=24.855,gy=22.947,gz=13.420,expected=-,pred=5,pred_conf=100.0,flex0_raw=585,flex0_norm=0.143,flex1_raw=585,flex1_norm=0.143,flex2_raw=491,flex2_norm=0.120,flex3_raw=595,flex3_norm=0.145,flex4_raw=484,flex4_norm=0.118",true
word-sequence-v1,session_20261005T212737_676Z,word_please_0012,54,32456,813567,1791235941541,please,words-draft,signer_02,neutral,0x70,1.34200000000,-0.0930000000000,0.161000000000,23.1830000000,15.4810000000,6.45800000000,586,585,491,596,478,"seq=32456,t_ms=813567,who=0x70,ax=1.342,ay=-0.093,az=0.161,gx=23.183,gy=15.481,gz=6.458,expected=-,pred=5,pred_conf=100.0,flex0_raw=586,flex0_norm=0.143,flex1_raw=585,flex1_norm=0.143,flex2_raw=491,flex2_norm=0.120,flex3_raw=596,flex3_norm=0.146,flex4_raw=478,flex4_norm=0.117",true
word-sequence-v1,session_20261005T212737_676Z,word_please_0012,55,32457,813592,1791235941569,please,words-draft,signer_02,neutral,0x70,1.34400000000,-0.138000000000,0.220000000000,19.6950000000,4.96900000000,-0.519000000000,587,583,490,594,471,"seq=32457,t_ms=813592,who=0x70,ax=1.344,ay=-0.138,az=0.220,gx=19.695,gy=4.969,gz=-0.519,expected=-,pred=5,pred_conf=100.0,flex0_raw=587,flex0_norm=0.143,flex1_raw=583,flex1_norm=0.142,flex2_raw=490,flex2_norm=0.120,flex3_raw=594,flex3_norm=0.145,flex4_raw=471,flex4_norm=0.115",true
word-sequence-v1,session_20261005T212737_676Z,word_please_0012,56,32458,813617,1791235941599,please,words-draft,signer_02,neutral,0x70,1.30600000000,-0.135000000000,0.269000000000,7.35100000000,-24.1450000000,-13.1300000000,584,585,491,596,472,"seq=32458,t_ms=813617,who=0x70,ax=1.306,ay=-0.135,az=0.269,gx=7.351,gy=-24.145,gz=-13.130,expected=-,pred=5,pred_conf=100.0,flex0_raw=584,flex0_norm=0.143,flex1_raw=585,flex1_norm=0.143,flex2_raw=491,flex2_norm=0.120,flex3_raw=596,flex3_norm=0.146,flex4_raw=472,flex4_norm=0.115",true
word-sequence-v1,session_20261005T212737_676Z,word_please_0012,57,32459,813642,1791235941600,please,words-draft,signer_02,neutral,0x70,1.23500000000,-0.149000000000,0.286000000000,3.59500000000,-42.6030000000,-13.1530000000,584,585,492,596,472,"seq=32459,t_ms=813642,who=0x70,ax=1.235,ay=-0.149,az=0.286,gx=3.595,gy=-42.603,gz=-13.153,expected=-,pred=5,pred_conf=100.0,flex0_raw=584,flex0_norm=0.143,flex1_raw=585,flex1_norm=0.143,flex2_raw=492,flex2_norm=0.120,flex3_raw=596,flex3_norm=0.146,flex4_raw=472,flex4_norm=0.115",true
word-sequence-v1,session_20261005T212737_676Z,word_please_0012,58,32460,813667,1791235941636,please,words-draft,signer_02,neutral,0x70,1.15200000000,-0.114000000000,0.256000000000,-2.63400000000,-50.9690000000,-22.2900000000,585,585,491,596,473,"seq=32460,t_ms=813667,who=0x70,ax=1.152,ay=-0.114,az=0.256,gx=-2.634,gy=-50.969,gz=-22.290,expected=-,pred=5,pred_conf=100.0,flex0_raw=585,flex0_norm=0.143,flex1_raw=585,flex1_norm=0.143,flex2_raw=491,flex2_norm=0.120,flex3_raw=596,flex3_norm=0.146,flex4_raw=473,flex4_norm=0.116",true
word-sequence-v1,session_20261005T212737_676Z,word_please_0012,59,32461,813692,1791235941665,please,words-draft,signer_02,neutral,0x70,1.06200000000,-0.0830000000000,0.252000000000,1.55000000000,-61.8400000000,-22.6180000000,583,584,491,597,473,"seq=32461,t_ms=813692,who=0x70,ax=1.062,ay=-0.083,az=0.252,gx=1.550,gy=-61.840,gz=-22.618,expected=-,pred=5,pred_conf=100.0,flex0_raw=583,flex0_norm=0.142,flex1_raw=584,flex1_norm=0.143,flex2_raw=491,flex2_norm=0.120,flex3_raw=597,flex3_norm=0.146,flex4_raw=473,flex4_norm=0.116",true
word-sequence-v1,session_20261005T212737_676Z,word_please_0012,60,32462,813717,1791235941702,please,words-draft,signer_02,neutral,0x70,0.979000000000,-0.0410000000000,0.244000000000,2.19800000000,-67.3660000000,-25.4660000000,583,583,489,612,473,"seq=32462,t_ms=813717,who=0x70,ax=0.979,ay=-0.041,az=0.244,gx=2.198,gy=-67.366,gz=-25.466,expected=-,pred=5,pred_conf=100.0,flex0_raw=583,flex0_norm=0.142,flex1_raw=583,flex1_norm=0.142,flex2_raw=489,flex2_norm=0.119,flex3_raw=612,flex3_norm=0.149,flex4_raw=473,flex4_norm=0.116",true
word-sequence-v1,session_20261005T212737_676Z,word_please_0012,61,32463,813742,1791235941734,please,words-draft,signer_02,neutral,0x70,0.927000000000,0.00900000000000,0.230000000000,4.32100000000,-76.0990000000,-18.3210000000,582,580,487,611,472,"seq=32463,t_ms=813742,who=0x70,ax=0.927,ay=0.009,az=0.230,gx=4.321,gy=-76.099,gz=-18.321,expected=-,pred=5,pred_conf=100.0,flex0_raw=582,flex0_norm=0.142,flex1_raw=580,flex1_norm=0.142,flex2_raw=487,flex2_norm=0.119,flex3_raw=611,flex3_norm=0.149,flex4_raw=472,flex4_norm=0.115",true
word-sequence-v1,session_20261005T212737_676Z,word_please_0012,62,32464,813767,1791235941768,please,words-draft,signer_02,neutral,0x70,0.818000000000,0.0470000000000,0.172000000000,0.160000000000,-68.2600000000,-19.9770000000,583,583,489,612,473,"seq=32464,t_ms=813767,who=0x70,ax=0.818,ay=0.047,az=0.172,gx=0.160,gy=-68.260,gz=-19.977,expected=-,pred=5,pred_conf=100.0,flex0_raw=583,flex0_norm=0.142,flex1_raw=583,flex1_norm=0.142,flex2_raw=489,flex2_norm=0.119,flex3_raw=612,flex3_norm=0.149,flex4_raw=473,flex4_norm=0.116",true
word-sequence-v1,session_20261005T212737_676Z,word_please_0012,63,32465,813792,1791235941769,please,words-draft,signer_02,neutral,0x70,0.754000000000,0.0960000000000,0.0920000000000,-6.62600000000,-51.9470000000,-29.0310000000,583,583,488,611,474,"seq=32465,t_ms=813792,who=0x70,ax=0.754,ay=0.096,az=0.092,gx=-6.626,gy=-51.947,gz=-29.031,expected=-,pred=5,pred_conf=100.0,flex0_raw=583,flex0_norm=0.142,flex1_raw=583,flex1_norm=0.142,flex2_raw=488,flex2_norm=0.119,flex3_raw=611,flex3_norm=0.149,flex4_raw=474,flex4_norm=0.116",true
word-sequence-v1,session_20261005T212737_676Z,word_please_0012,64,32466,813817,1791235941800,please,words-draft,signer_02,neutral,0x70,0.738000000000,0.116000000000,0.00400000000000,-7.45800000000,-38.7480000000,-29.3660000000,583,585,489,595,475,"seq=32466,t_ms=813817,who=0x70,ax=0.738,ay=0.116,az=0.004,gx=-7.458,gy=-38.748,gz=-29.366,expected=-,pred=5,pred_conf=100.0,flex0_raw=583,flex0_norm=0.142,flex1_raw=585,flex1_norm=0.143,flex2_raw=489,flex2_norm=0.119,flex3_raw=595,flex3_norm=0.145,flex4_raw=475,flex4_norm=0.116",true
word-sequence-v1,session_20261005T212737_676Z,word_please_0012,65,32467,813842,1791235941808,please,words-draft,signer_02,neutral,0x70,0.689000000000,0.135000000000,-0.0240000000000,-4.02300000000,-39.8780000000,-16.7100000000,583,583,487,595,476,"seq=32467,t_ms=813842,who=0x70,ax=0.689,ay=0.135,az=-0.024,gx=-4.023,gy=-39.878,gz=-16.710,expected=-,pred=5,pred_conf=100.0,flex0_raw=583,flex0_norm=0.142,flex1_raw=583,flex1_norm=0.142,flex2_raw=487,flex2_norm=0.119,flex3_raw=595,flex3_norm=0.145,flex4_raw=476,flex4_norm=0.116",true
word-sequence-v1,session_20261005T212737_676Z,word_please_0012,66,32468,813867,1791235941838,please,words-draft,signer_02,neutral,0x70,0.654000000000,0.184000000000,-0.0910000000000,-8.09900000000,-32.4050000000,-8.91600000000,583,584,488,595,475,"seq=32468,t_ms=813867,who=0x70,ax=0.654,ay=0.184,az=-0.091,gx=-8.099,gy=-32.405,gz=-8.916,expected=-,pred=5,pred_conf=100.0,flex0_raw=583,flex0_norm=0.142,flex1_raw=584,flex1_norm=0.143,flex2_raw=488,flex2_norm=0.119,flex3_raw=595,flex3_norm=0.145,flex4_raw=475,flex4_norm=0.116",true
word-sequence-v1,session_20261005T212737_676Z,word_please_0012,67,32469,813892,1791235941868,please,words-draft,signer_02,neutral,0x70,0.688000000000,0.269000000000,-0.200000000000,-23.1150000000,-1.36600000000,-16.8240000000,584,575,485,589,474,"seq=32469,t_ms=813892,who=0x70,ax=0.688,ay=0.269,az=-0.200,gx=-23.115,gy=-1.366,gz=-16.824,expected=-,pred=5,pred_conf=100.0,flex0_raw=584,flex0_norm=0.143,flex1_raw=575,flex1_norm=0.140,flex2_raw=485,flex2_norm=0.118,flex3_raw=589,flex3_norm=0.144,flex4_raw=474,flex4_norm=0.116",true
word-sequence-v1,session_20261005T212737_676Z,word_please_0012,68,32470,813917,1791235941900,please,words-draft,signer_02,neutral,0x70,0.743000000000,0.392000000000,-0.231000000000,-31.8780000000,14.6110000000,-10.2980000000,583,583,489,594,476,"seq=32470,t_ms=813917,who=0x70,ax=0.743,ay=0.392,az=-0.231,gx=-31.878,gy=14.611,gz=-10.298,expected=-,pred=5,pred_conf=100.0,flex0_raw=583,flex0_norm=0.142,flex1_raw=583,flex1_norm=0.142,flex2_raw=489,flex2_norm=0.119,flex3_raw=594,flex3_norm=0.145,flex4_raw=476,flex4_norm=0.116",true
word-sequence-v1,session_20261005T212737_676Z,word_please_0012,69,32471,813942,1791235941940,please,words-draft,signer_02,neutral,0x70,0.745000000000,0.427000000000,-0.172000000000,-36.7940000000,24.3130000000,4.19800000000,582,582,487,593,477,"seq=32471,t_ms=813942,who=0x70,ax=0.745,ay=0.427,az=-0.172,gx=-36.794,gy=24.313,gz=4.198,expected=-,pred=5,pred_conf=100.0,flex0_raw=582,flex0_norm=0.142,flex1_raw=582,flex1_norm=0.142,flex2_raw=487,flex2_norm=0.119,flex3_raw=593,flex3_norm=0.145,flex4_raw=477,flex4_norm=0.116",true
word-sequence-v1,session_20261005T212737_676Z,word_please_0012,70,32472,813967,1791235941940,please,words-draft,signer_02,neutral,0x70,0.797000000000,0.483000000000,-0.125000000000,-40.2060000000,38.1830000000,11.6180000000,581,583,487,591,477,"seq=32472,t_ms=813967,who=0x70,ax=0.797,ay=0.483,az=-0.125,gx=-40.206,gy=38.183,gz=11.618,expected=-,pred=5,pred_conf=100.0,flex0_raw=581,flex0_norm=0.142,flex1_raw=583,flex1_norm=0.142,flex2_raw=487,flex2_norm=0.119,flex3_raw=591,flex3_norm=0.144,flex4_raw=477,flex4_norm=0.116",true
word-sequence-v1,session_20261005T212737_676Z,word_please_0012,71,32473,813992,1791235941962,please,words-draft,signer_02,neutral,0x70,0.904000000000,0.470000000000,-0.0930000000000,-39.1980000000,48.6340000000,16.3280000000,582,583,487,593,478,"seq=32473,t_ms=813992,who=0x70,ax=0.904,ay=0.470,az=-0.093,gx=-39.198,gy=48.634,gz=16.328,expected=-,pred=5,pred_conf=100.0,flex0_raw=582,flex0_norm=0.142,flex1_raw=583,flex1_norm=0.142,flex2_raw=487,flex2_norm=0.119,flex3_raw=593,flex3_norm=0.145,flex4_raw=478,flex4_norm=0.117",true
word-sequence-v1,session_20261005T212737_676Z,word_please_0012,72,32474,814017,1791235941988,please,words-draft,signer_02,neutral,0x70,0.962000000000,0.460000000000,-0.0220000000000,-28.5040000000,52.4120000000,17.5110000000,582,583,487,594,483,"seq=32474,t_ms=814017,who=0x70,ax=0.962,ay=0.460,az=-0.022,gx=-28.504,gy=52.412,gz=17.511,expected=-,pred=5,pred_conf=100.0,flex0_raw=582,flex0_norm=0.142,flex1_raw=583,flex1_norm=0.142,flex2_raw=487,flex2_norm=0.119,flex3_raw=594,flex3_norm=0.145,flex4_raw=483,flex4_norm=0.118",true
word-sequence-v1,session_20261005T212737_676Z,word_please_0012,73,32475,814042,1791235942024,please,words-draft,signer_02,neutral,0x70,1.06200000000,0.443000000000,0.0150000000000,-21.2440000000,59.4050000000,14.2750000000,583,579,483,589,478,"seq=32475,t_ms=814042,who=0x70,ax=1.062,ay=0.443,az=0.015,gx=-21.244,gy=59.405,gz=14.275,expected=-,pred=5,pred_conf=100.0,flex0_raw=583,flex0_norm=0.142,flex1_raw=579,flex1_norm=0.141,flex2_raw=483,flex2_norm=0.118,flex3_raw=589,flex3_norm=0.144,flex4_raw=478,flex4_norm=0.117",true
word-sequence-v1,session_20261005T212737_676Z,word_please_0012,74,32476,814067,1791235942051,please,words-draft,signer_02,neutral,0x70,1.15400000000,0.387000000000,0.0790000000000,-1.62600000000,44.4960000000,17.6640000000,581,581,485,589,484,"seq=32476,t_ms=814067,who=0x70,ax=1.154,ay=0.387,az=0.079,gx=-1.626,gy=44.496,gz=17.664,expected=-,pred=5,pred_conf=100.0,flex0_raw=581,flex0_norm=0.142,flex1_raw=581,flex1_norm=0.142,flex2_raw=485,flex2_norm=0.118,flex3_raw=589,flex3_norm=0.144,flex4_raw=484,flex4_norm=0.118",true
word-sequence-v1,session_20261005T212737_676Z,word_please_0012,75,32477,814092,1791235942051,please,words-draft,signer_02,neutral,0x70,1.19900000000,0.296000000000,0.0670000000000,15.7330000000,22.5270000000,24.3280000000,581,581,485,591,483,"seq=32477,t_ms=814092,who=0x70,ax=1.199,ay=0.296,az=0.067,gx=15.733,gy=22.527,gz=24.328,expected=-,pred=5,pred_conf=100.0,flex0_raw=581,flex0_norm=0.142,flex1_raw=581,flex1_norm=0.142,flex2_raw=485,flex2_norm=0.118,flex3_raw=591,flex3_norm=0.144,flex4_raw=483,flex4_norm=0.118",true
word-sequence-v1,session_20261005T212737_676Z,word_please_0012,76,32478,814117,1791235942079,please,words-draft,signer_02,neutral,0x70,1.27000000000,0.159000000000,0.0340000000000,19.0610000000,13.8240000000,20.8470000000,582,581,485,590,483,"seq=32478,t_ms=814117,who=0x70,ax=1.270,ay=0.159,az=0.034,gx=19.061,gy=13.824,gz=20.847,expected=-,pred=5,pred_conf=100.0,flex0_raw=582,flex0_norm=0.142,flex1_raw=581,flex1_norm=0.142,flex2_raw=485,flex2_norm=0.118,flex3_raw=590,flex3_norm=0.144,flex4_raw=483,flex4_norm=0.118",true
word-sequence-v1,session_20261005T212737_676Z,word_please_0012,77,32479,814142,1791235942113,please,words-draft,signer_02,neutral,0x70,1.26500000000,0.0750000000000,0.0260000000000,8.29000000000,13.7020000000,4.80900000000,582,583,485,589,483,"seq=32479,t_ms=814142,who=0x70,ax=1.265,ay=0.075,az=0.026,gx=8.290,gy=13.702,gz=4.809,expected=-,pred=5,pred_conf=100.0,flex0_raw=582,flex0_norm=0.142,flex1_raw=583,flex1_norm=0.142,flex2_raw=485,flex2_norm=0.118,flex3_raw=589,flex3_norm=0.144,flex4_raw=483,flex4_norm=0.118",true
word-sequence-v1,session_20261005T212737_676Z,word_please_0012,78,32480,814167,1791235942145,please,words-draft,signer_02,neutral,0x70,1.22100000000,0.0240000000000,0.0170000000000,9.78600000000,-3.64900000000,-0.878000000000,583,583,484,589,484,"seq=32480,t_ms=814167,who=0x70,ax=1.221,ay=0.024,az=0.017,gx=9.786,gy=-3.649,gz=-0.878,expected=-,pred=5,pred_conf=100.0,flex0_raw=583,flex0_norm=0.142,flex1_raw=583,flex1_norm=0.142,flex2_raw=484,flex2_norm=0.118,flex3_raw=589,flex3_norm=0.144,flex4_raw=484,flex4_norm=0.118",true
word-sequence-v1,session_20261005T212737_676Z,word_please_0012,79,32481,814192,1791235942175,please,words-draft,signer_02,neutral,0x70,1.13700000000,-0.0100000000000,-0.0110000000000,18.6410000000,-25.5420000000,0.763000000000,582,575,483,588,477,"seq=32481,t_ms=814192,who=0x70,ax=1.137,ay=-0.010,az=-0.011,gx=18.641,gy=-25.542,gz=0.763,expected=-,pred=5,pred_conf=100.0,flex0_raw=582,flex0_norm=0.142,flex1_raw=575,flex1_norm=0.140,flex2_raw=483,flex2_norm=0.118,flex3_raw=588,flex3_norm=0.144,flex4_raw=477,flex4_norm=0.116",true
word-sequence-v1,session_20261005T212737_676Z,word_please_0012,80,32482,814217,1791235942213,please,words-draft,signer_02,neutral,0x70,1.07100000000,-0.00700000000000,-0.0410000000000,18.4350000000,-39.5650000000,-3.27500000000,581,581,485,590,479,"seq=32482,t_ms=814217,who=0x70,ax=1.071,ay=-0.007,az=-0.041,gx=18.435,gy=-39.565,gz=-3.275,expected=-,pred=5,pred_conf=100.0,flex0_raw=581,flex0_norm=0.142,flex1_raw=581,flex1_norm=0.142,flex2_raw=485,flex2_norm=0.118,flex3_raw=590,flex3_norm=0.144,flex4_raw=479,flex4_norm=0.117",true
word-sequence-v1,session_20261005T212737_676Z,word_please_0012,81,32483,814242,1791235942213,please,words-draft,signer_02,neutral,0x70,1.03800000000,0.0130000000000,-0.00500000000000,0.0150000000000,-28.6410000000,-7.93100000000,582,583,485,593,478,"seq=32483,t_ms=814242,who=0x70,ax=1.038,ay=0.013,az=-0.005,gx=0.015,gy=-28.641,gz=-7.931,expected=-,pred=5,pred_conf=100.0,flex0_raw=582,flex0_norm=0.142,flex1_raw=583,flex1_norm=0.142,flex2_raw=485,flex2_norm=0.118,flex3_raw=593,flex3_norm=0.145,flex4_raw=478,flex4_norm=0.117",true
word-sequence-v1,session_20261005T212737_676Z,word_please_0012,82,32484,814267,1791235942245,please,words-draft,signer_02,neutral,0x70,0.971000000000,-0.00400000000000,0.0230000000000,-20.9470000000,-3.14500000000,-12.8400000000,581,580,485,594,476,"seq=32484,t_ms=814267,who=0x70,ax=0.971,ay=-0.004,az=0.023,gx=-20.947,gy=-3.145,gz=-12.840,expected=-,pred=5,pred_conf=100.0,flex0_raw=581,flex0_norm=0.142,flex1_raw=580,flex1_norm=0.142,flex2_raw=485,flex2_norm=0.118,flex3_raw=594,flex3_norm=0.145,flex4_raw=476,flex4_norm=0.116",true
word-sequence-v1,session_20261005T212737_676Z,word_please_0012,83,32485,814292,1791235942277,please,words-draft,signer_02,neutral,0x70,0.883000000000,0.0680000000000,0.0630000000000,-27.0380000000,5.13700000000,-15.4200000000,574,575,485,591,476,"seq=32485,t_ms=814292,who=0x70,ax=0.883,ay=0.068,az=0.063,gx=-27.038,gy=5.137,gz=-15.420,expected=-,pred=5,pred_conf=100.0,flex0_raw=574,flex0_norm=0.140,flex1_raw=575,flex1_norm=0.140,flex2_raw=485,flex2_norm=0.118,flex3_raw=591,flex3_norm=0.144,flex4_raw=476,flex4_norm=0.116",true
word-sequence-v1,session_20261005T212737_676Z,word_please_0012,84,32486,814317,1791235942308,please,words-draft,signer_02,neutral,0x70,0.896000000000,0.107000000000,0.0940000000000,-6.63400000000,-17.5040000000,2.80900000000,571,571,486,586,473,"seq=32486,t_ms=814317,who=0x70,ax=0.896,ay=0.107,az=0.094,gx=-6.634,gy=-17.504,gz=2.809,expected=-,pred=5,pred_conf=100.0,flex0_raw=571,flex0_norm=0.139,flex1_raw=571,flex1_norm=0.139,flex2_raw=486,flex2_norm=0.119,flex3_raw=586,flex3_norm=0.143,flex4_raw=473,flex4_norm=0.116",true
word-sequence-v1,session_20261005T212737_676Z,word_please_0012,85,32487,814342,1791235942319,please,words-draft,signer_02,neutral,0x70,0.851000000000,0.0980000000000,0.0790000000000,-6.67900000000,-12.8630000000,11.5650000000,569,565,483,583,471,"seq=32487,t_ms=814342,who=0x70,ax=0.851,ay=0.098,az=0.079,gx=-6.679,gy=-12.863,gz=11.565,expected=-,pred=5,pred_conf=100.0,flex0_raw=569,flex0_norm=0.139,flex1_raw=565,flex1_norm=0.138,flex2_raw=483,flex2_norm=0.118,flex3_raw=583,flex3_norm=0.142,flex4_raw=471,flex4_norm=0.115",true
word-sequence-v1,session_20261005T212737_676Z,word_please_0012,86,32488,814367,1791235942348,please,words-draft,signer_02,neutral,0x70,0.865000000000,0.139000000000,0.0750000000000,-8.13000000000,6.42000000000,3.24400000000,568,569,485,597,474,"seq=32488,t_ms=814367,who=0x70,ax=0.865,ay=0.139,az=0.075,gx=-8.130,gy=6.420,gz=3.244,expected=-,pred=5,pred_conf=100.0,flex0_raw=568,flex0_norm=0.139,flex1_raw=569,flex1_norm=0.139,flex2_raw=485,flex2_norm=0.118,flex3_raw=597,flex3_norm=0.146,flex4_raw=474,flex4_norm=0.116",true
word-sequence-v1,session_20261005T212737_676Z,word_please_0012,87,32489,814392,1791235942350,please,words-draft,signer_02,neutral,0x70,0.857000000000,0.205000000000,0.0840000000000,-4.84700000000,15.5650000000,-3.16000000000,569,570,485,599,473,"seq=32489,t_ms=814392,who=0x70,ax=0.857,ay=0.205,az=0.084,gx=-4.847,gy=15.565,gz=-3.160,expected=-,pred=5,pred_conf=100.0,flex0_raw=569,flex0_norm=0.139,flex1_raw=570,flex1_norm=0.139,flex2_raw=485,flex2_norm=0.118,flex3_raw=599,flex3_norm=0.146,flex4_raw=473,flex4_norm=0.116",true
word-sequence-v1,session_20261005T212737_676Z,word_please_0012,88,32490,814417,1791235942378,please,words-draft,signer_02,neutral,0x70,0.894000000000,0.240000000000,0.0910000000000,4.64100000000,-1.30500000000,-3.07600000000,569,570,485,603,473,"seq=32490,t_ms=814417,who=0x70,ax=0.894,ay=0.240,az=0.091,gx=4.641,gy=-1.305,gz=-3.076,expected=-,pred=5,pred_conf=100.0,flex0_raw=569,flex0_norm=0.139,flex1_raw=570,flex1_norm=0.139,flex2_raw=485,flex2_norm=0.118,flex3_raw=603,flex3_norm=0.147,flex4_raw=473,flex4_norm=0.116",true
word-sequence-v1,session_20261005T212737_676Z,word_please_0012,89,32491,814442,1791235942409,please,words-draft,signer_02,neutral,0x70,0.967000000000,0.269000000000,0.0440000000000,3.67200000000,-12.6790000000,-4.24400000000,569,571,485,599,473,"seq=32491,t_ms=814442,who=0x70,ax=0.967,ay=0.269,az=0.044,gx=3.672,gy=-12.679,gz=-4.244,expected=-,pred=5,pred_conf=100.0,flex0_raw=569,flex0_norm=0.139,flex1_raw=571,flex1_norm=0.139,flex2_raw=485,flex2_norm=0.118,flex3_raw=599,flex3_norm=0.146,flex4_raw=473,flex4_norm=0.116",true
word-sequence-v1,session_20261005T212737_676Z,word_please_0012,90,32492,814467,1791235942442,please,words-draft,signer_02,neutral,0x70,1.01300000000,0.281000000000,0.0220000000000,-4.19100000000,-7.96900000000,-4.12200000000,569,571,486,596,474,"seq=32492,t_ms=814467,who=0x70,ax=1.013,ay=0.281,az=0.022,gx=-4.191,gy=-7.969,gz=-4.122,expected=-,pred=5,pred_conf=100.0,flex0_raw=569,flex0_norm=0.139,flex1_raw=571,flex1_norm=0.139,flex2_raw=486,flex2_norm=0.119,flex3_raw=596,flex3_norm=0.146,flex4_raw=474,flex4_norm=0.116",true
word-sequence-v1,session_20261005T212737_676Z,word_please_0012,91,32493,814492,1791235942479,please,words-draft,signer_02,neutral,0x70,1.01100000000,0.271000000000,0.0110000000000,-5.88500000000,-8.69500000000,-1.87800000000,573,568,483,584,471,"seq=32493,t_ms=814492,who=0x70,ax=1.011,ay=0.271,az=0.011,gx=-5.885,gy=-8.695,gz=-1.878,expected=-,pred=5,pred_conf=100.0,flex0_raw=573,flex0_norm=0.140,flex1_raw=568,flex1_norm=0.139,flex2_raw=483,flex2_norm=0.118,flex3_raw=584,flex3_norm=0.143,flex4_raw=471,flex4_norm=0.115",true
word-sequence-v1,session_20261005T212737_676Z,word_please_0013,0,33001,827195,1791235955184,please,words-draft,signer_03,neutral,0x70,1.00400000000,0.122000000000,0.109000000000,-3.77100000000,1.74000000000,-0.443000000000,566,567,507,597,487,"seq=33001,t_ms=827195,who=0x70,ax=1.004,ay=0.122,az=0.109,gx=-3.771,gy=1.740,gz=-0.443,expected=-,pred=5,pred_conf=100.0,flex0_raw=566,flex0_norm=0.138,flex1_raw=567,flex1_norm=0.138,flex2_raw=507,flex2_norm=0.124,flex3_raw=597,flex3_norm=0.146,flex4_raw=487,flex4_norm=0.119",true
word-sequence-v1,session_20261005T212737_676Z,word_please_0013,1,33002,827220,1791235955188,please,words-draft,signer_03,neutral,0x70,0.997000000000,0.128000000000,0.115000000000,-2.92400000000,1.71800000000,2.35900000000,567,567,507,597,488,"seq=33002,t_ms=827220,who=0x70,ax=0.997,ay=0.128,az=0.115,gx=-2.924,gy=1.718,gz=2.359,expected=-,pred=5,pred_conf=100.0,flex0_raw=567,flex0_norm=0.138,flex1_raw=567,flex1_norm=0.138,flex2_raw=507,flex2_norm=0.124,flex3_raw=597,flex3_norm=0.146,flex4_raw=488,flex4_norm=0.119",true
word-sequence-v1,session_20261005T212737_676Z,word_please_0013,2,33003,827245,1791235955219,please,words-draft,signer_03,neutral,0x70,0.992000000000,0.125000000000,0.123000000000,-2.75600000000,3.64900000000,0.992000000000,565,567,509,597,487,"seq=33003,t_ms=827245,who=0x70,ax=0.992,ay=0.125,az=0.123,gx=-2.756,gy=3.649,gz=0.992,expected=-,pred=5,pred_conf=100.0,flex0_raw=565,flex0_norm=0.138,flex1_raw=567,flex1_norm=0.138,flex2_raw=509,flex2_norm=0.124,flex3_raw=597,flex3_norm=0.146,flex4_raw=487,flex4_norm=0.119",true
word-sequence-v1,session_20261005T212737_676Z,word_please_0013,3,33004,827270,1791235955251,please,words-draft,signer_03,neutral,0x70,1.00000000000,0.119000000000,0.125000000000,-2.96200000000,2.65600000000,0.542000000000,566,565,507,597,488,"seq=33004,t_ms=827270,who=0x70,ax=1.000,ay=0.119,az=0.125,gx=-2.962,gy=2.656,gz=0.542,expected=-,pred=5,pred_conf=100.0,flex0_raw=566,flex0_norm=0.138,flex1_raw=565,flex1_norm=0.138,flex2_raw=507,flex2_norm=0.124,flex3_raw=597,flex3_norm=0.146,flex4_raw=488,flex4_norm=0.119",true
word-sequence-v1,session_20261005T212737_676Z,word_please_0013,4,33005,827295,1791235955252,please,words-draft,signer_03,neutral,0x70,0.985000000000,0.124000000000,0.121000000000,-3.57300000000,1.32800000000,0.870000000000,567,567,508,597,487,"seq=33005,t_ms=827295,who=0x70,ax=0.985,ay=0.124,az=0.121,gx=-3.573,gy=1.328,gz=0.870,expected=-,pred=5,pred_conf=100.0,flex0_raw=567,flex0_norm=0.138,flex1_raw=567,flex1_norm=0.138,flex2_raw=508,flex2_norm=0.124,flex3_raw=597,flex3_norm=0.146,flex4_raw=487,flex4_norm=0.119",true
word-sequence-v1,session_20261005T212737_676Z,word_please_0013,5,33006,827320,1791235955279,please,words-draft,signer_03,neutral,0x70,0.981000000000,0.106000000000,0.118000000000,-3.88500000000,1.56500000000,0.962000000000,567,566,507,597,487,"seq=33006,t_ms=827320,who=0x70,ax=0.981,ay=0.106,az=0.118,gx=-3.885,gy=1.565,gz=0.962,expected=-,pred=5,pred_conf=100.0,flex0_raw=567,flex0_norm=0.138,flex1_raw=566,flex1_norm=0.138,flex2_raw=507,flex2_norm=0.124,flex3_raw=597,flex3_norm=0.146,flex4_raw=487,flex4_norm=0.119",true
word-sequence-v1,session_20261005T212737_676Z,word_please_0013,6,33007,827345,1791235955319,please,words-draft,signer_03,neutral,0x70,0.984000000000,0.110000000000,0.113000000000,-4.02300000000,-0.763000000000,0.550000000000,567,567,508,597,487,"seq=33007,t_ms=827345,who=0x70,ax=0.984,ay=0.110,az=0.113,gx=-4.023,gy=-0.763,gz=0.550,expected=-,pred=5,pred_conf=100.0,flex0_raw=567,flex0_norm=0.138,flex1_raw=567,flex1_norm=0.138,flex2_raw=508,flex2_norm=0.124,flex3_raw=597,flex3_norm=0.146,flex4_raw=487,flex4_norm=0.119",true
word-sequence-v1,session_20261005T212737_676Z,word_please_0013,7,33008,827370,1791235955343,please,words-draft,signer_03,neutral,0x70,0.974000000000,0.115000000000,0.114000000000,-5.80900000000,-1.17600000000,-0.756000000000,567,567,509,598,487,"seq=33008,t_ms=827370,who=0x70,ax=0.974,ay=0.115,az=0.114,gx=-5.809,gy=-1.176,gz=-0.756,expected=-,pred=5,pred_conf=100.0,flex0_raw=567,flex0_norm=0.138,flex1_raw=567,flex1_norm=0.138,flex2_raw=509,flex2_norm=0.124,flex3_raw=598,flex3_norm=0.146,flex4_raw=487,flex4_norm=0.119",true
word-sequence-v1,session_20261005T212737_676Z,word_please_0013,8,33009,827395,1791235955368,please,words-draft,signer_03,neutral,0x70,0.970000000000,0.143000000000,0.119000000000,-5.84000000000,-1.26000000000,-2.70200000000,566,567,511,597,487,"seq=33009,t_ms=827395,who=0x70,ax=0.970,ay=0.143,az=0.119,gx=-5.840,gy=-1.260,gz=-2.702,expected=-,pred=5,pred_conf=100.0,flex0_raw=566,flex0_norm=0.138,flex1_raw=567,flex1_norm=0.138,flex2_raw=511,flex2_norm=0.125,flex3_raw=597,flex3_norm=0.146,flex4_raw=487,flex4_norm=0.119",true
word-sequence-v1,session_20261005T212737_676Z,word_please_0013,9,33010,827421,1791235955405,please,words-draft,signer_03,neutral,0x70,0.966000000000,0.149000000000,0.109000000000,-8.19100000000,-3.71800000000,-4.39700000000,565,565,509,599,488,"seq=33010,t_ms=827421,who=0x70,ax=0.966,ay=0.149,az=0.109,gx=-8.191,gy=-3.718,gz=-4.397,expected=-,pred=5,pred_conf=100.0,flex0_raw=565,flex0_norm=0.138,flex1_raw=565,flex1_norm=0.138,flex2_raw=509,flex2_norm=0.124,flex3_raw=599,flex3_norm=0.146,flex4_raw=488,flex4_norm=0.119",true
word-sequence-v1,session_20261005T212737_676Z,word_please_0013,10,33011,827446,1791235955434,please,words-draft,signer_03,neutral,0x70,0.961000000000,0.197000000000,0.112000000000,-12.0080000000,-8.22100000000,-5.80900000000,565,565,509,597,488,"seq=33011,t_ms=827446,who=0x70,ax=0.961,ay=0.197,az=0.112,gx=-12.008,gy=-8.221,gz=-5.809,expected=-,pred=5,pred_conf=100.0,flex0_raw=565,flex0_norm=0.138,flex1_raw=565,flex1_norm=0.138,flex2_raw=509,flex2_norm=0.124,flex3_raw=597,flex3_norm=0.146,flex4_raw=488,flex4_norm=0.119",true
word-sequence-v1,session_20261005T212737_676Z,word_please_0013,11,33012,827471,1791235955435,please,words-draft,signer_03,neutral,0x70,1.01800000000,0.219000000000,0.0750000000000,-16.6560000000,-6.74800000000,-9.87800000000,565,565,509,597,488,"seq=33012,t_ms=827471,who=0x70,ax=1.018,ay=0.219,az=0.075,gx=-16.656,gy=-6.748,gz=-9.878,expected=-,pred=5,pred_conf=100.0,flex0_raw=565,flex0_norm=0.138,flex1_raw=565,flex1_norm=0.138,flex2_raw=509,flex2_norm=0.124,flex3_raw=597,flex3_norm=0.146,flex4_raw=488,flex4_norm=0.119",true
word-sequence-v1,session_20261005T212737_676Z,word_please_0013,12,33013,827496,1791235955475,please,words-draft,signer_03,neutral,0x70,1.10300000000,0.301000000000,0.0780000000000,-15.1830000000,3.98500000000,-10.2750000000,565,564,511,599,489,"seq=33013,t_ms=827496,who=0x70,ax=1.103,ay=0.301,az=0.078,gx=-15.183,gy=3.985,gz=-10.275,expected=-,pred=5,pred_conf=100.0,flex0_raw=565,flex0_norm=0.138,flex1_raw=564,flex1_norm=0.138,flex2_raw=511,flex2_norm=0.125,flex3_raw=599,flex3_norm=0.146,flex4_raw=489,flex4_norm=0.119",true
word-sequence-v1,session_20261005T212737_676Z,word_please_0013,13,33014,827521,1791235955500,please,words-draft,signer_03,neutral,0x70,1.18500000000,0.213000000000,0.0890000000000,-1.57300000000,12.0610000000,3.35900000000,565,565,509,599,489,"seq=33014,t_ms=827521,who=0x70,ax=1.185,ay=0.213,az=0.089,gx=-1.573,gy=12.061,gz=3.359,expected=-,pred=5,pred_conf=100.0,flex0_raw=565,flex0_norm=0.138,flex1_raw=565,flex1_norm=0.138,flex2_raw=509,flex2_norm=0.124,flex3_raw=599,flex3_norm=0.146,flex4_raw=489,flex4_norm=0.119",true
word-sequence-v1,session_20261005T212737_676Z,word_please_0013,14,33015,827546,1791235955537,please,words-draft,signer_03,neutral,0x70,1.24900000000,0.0710000000000,0.0950000000000,5.77100000000,9.88500000000,7.22100000000,565,565,509,598,488,"seq=33015,t_ms=827546,who=0x70,ax=1.249,ay=0.071,az=0.095,gx=5.771,gy=9.885,gz=7.221,expected=-,pred=5,pred_conf=100.0,flex0_raw=565,flex0_norm=0.138,flex1_raw=565,flex1_norm=0.138,flex2_raw=509,flex2_norm=0.124,flex3_raw=598,flex3_norm=0.146,flex4_raw=488,flex4_norm=0.119",true
word-sequence-v1,session_20261005T212737_676Z,word_please_0013,15,33016,827571,1791235955567,please,words-draft,signer_03,neutral,0x70,1.30100000000,-0.0130000000000,0.133000000000,15.9240000000,-7.42000000000,4.04600000000,565,565,511,599,488,"seq=33016,t_ms=827571,who=0x70,ax=1.301,ay=-0.013,az=0.133,gx=15.924,gy=-7.420,gz=4.046,expected=-,pred=5,pred_conf=100.0,flex0_raw=565,flex0_norm=0.138,flex1_raw=565,flex1_norm=0.138,flex2_raw=511,flex2_norm=0.125,flex3_raw=599,flex3_norm=0.146,flex4_raw=488,flex4_norm=0.119",true
word-sequence-v1,session_20261005T212737_676Z,word_please_0013,16,33017,827596,1791235955606,please,words-draft,signer_03,neutral,0x70,1.24300000000,-0.0610000000000,0.106000000000,27.1980000000,-18.0690000000,2.76300000000,565,565,509,597,489,"seq=33017,t_ms=827596,who=0x70,ax=1.243,ay=-0.061,az=0.106,gx=27.198,gy=-18.069,gz=2.763,expected=-,pred=5,pred_conf=100.0,flex0_raw=565,flex0_norm=0.138,flex1_raw=565,flex1_norm=0.138,flex2_raw=509,flex2_norm=0.124,flex3_raw=597,flex3_norm=0.146,flex4_raw=489,flex4_norm=0.119",true
word-sequence-v1,session_20261005T212737_676Z,word_please_0013,17,33018,827621,1791235955607,please,words-draft,signer_03,neutral,0x70,1.14100000000,-0.0620000000000,0.112000000000,29.5880000000,-22.8550000000,-7.81700000000,565,565,509,599,488,"seq=33018,t_ms=827621,who=0x70,ax=1.141,ay=-0.062,az=0.112,gx=29.588,gy=-22.855,gz=-7.817,expected=-,pred=5,pred_conf=100.0,flex0_raw=565,flex0_norm=0.138,flex1_raw=565,flex1_norm=0.138,flex2_raw=509,flex2_norm=0.124,flex3_raw=599,flex3_norm=0.146,flex4_raw=488,flex4_norm=0.119",true
word-sequence-v1,session_20261005T212737_676Z,word_please_0013,18,33019,827646,1791235955608,please,words-draft,signer_03,neutral,0x70,1.04300000000,-0.0670000000000,0.127000000000,29.0230000000,-40.0080000000,-12.5340000000,565,565,511,599,489,"seq=33019,t_ms=827646,who=0x70,ax=1.043,ay=-0.067,az=0.127,gx=29.023,gy=-40.008,gz=-12.534,expected=-,pred=5,pred_conf=100.0,flex0_raw=565,flex0_norm=0.138,flex1_raw=565,flex1_norm=0.138,flex2_raw=511,flex2_norm=0.125,flex3_raw=599,flex3_norm=0.146,flex4_raw=489,flex4_norm=0.119",true
word-sequence-v1,session_20261005T212737_676Z,word_please_0013,19,33020,827671,1791235955671,please,words-draft,signer_03,neutral,0x70,0.950000000000,-0.0110000000000,0.148000000000,16.7630000000,-62.3130000000,-15.8630000000,564,564,509,599,488,"seq=33020,t_ms=827671,who=0x70,ax=0.950,ay=-0.011,az=0.148,gx=16.763,gy=-62.313,gz=-15.863,expected=-,pred=5,pred_conf=100.0,flex0_raw=564,flex0_norm=0.138,flex1_raw=564,flex1_norm=0.138,flex2_raw=509,flex2_norm=0.124,flex3_raw=599,flex3_norm=0.146,flex4_raw=488,flex4_norm=0.119",true
word-sequence-v1,session_20261005T212737_676Z,word_please_0013,20,33021,827696,1791235955672,please,words-draft,signer_03,neutral,0x70,0.877000000000,0.00600000000000,0.137000000000,-1.89300000000,-65.6410000000,-18.3440000000,564,564,509,599,489,"seq=33021,t_ms=827696,who=0x70,ax=0.877,ay=0.006,az=0.137,gx=-1.893,gy=-65.641,gz=-18.344,expected=-,pred=5,pred_conf=100.0,flex0_raw=564,flex0_norm=0.138,flex1_raw=564,flex1_norm=0.138,flex2_raw=509,flex2_norm=0.124,flex3_raw=599,flex3_norm=0.146,flex4_raw=489,flex4_norm=0.119",true
word-sequence-v1,session_20261005T212737_676Z,word_please_0013,21,33022,827721,1791235955719,please,words-draft,signer_03,neutral,0x70,0.842000000000,0.0740000000000,0.0940000000000,-13.6490000000,-58.9080000000,-9.35100000000,566,565,509,601,488,"seq=33022,t_ms=827721,who=0x70,ax=0.842,ay=0.074,az=0.094,gx=-13.649,gy=-58.908,gz=-9.351,expected=-,pred=5,pred_conf=100.0,flex0_raw=566,flex0_norm=0.138,flex1_raw=565,flex1_norm=0.138,flex2_raw=509,flex2_norm=0.124,flex3_raw=601,flex3_norm=0.147,flex4_raw=488,flex4_norm=0.119",true
word-sequence-v1,session_20261005T212737_676Z,word_please_0013,22,33023,827746,1791235955741,please,words-draft,signer_03,neutral,0x70,0.739000000000,0.0880000000000,0.0500000000000,-26.1600000000,-38.4200000000,-7.93100000000,565,566,510,601,489,"seq=33023,t_ms=827746,who=0x70,ax=0.739,ay=0.088,az=0.050,gx=-26.160,gy=-38.420,gz=-7.931,expected=-,pred=5,pred_conf=100.0,flex0_raw=565,flex0_norm=0.138,flex1_raw=566,flex1_norm=0.138,flex2_raw=510,flex2_norm=0.125,flex3_raw=601,flex3_norm=0.147,flex4_raw=489,flex4_norm=0.119",true
word-sequence-v1,session_20261005T212737_676Z,word_please_0013,23,33024,827771,1791235955742,please,words-draft,signer_03,neutral,0x70,0.701000000000,0.101000000000,0.0100000000000,-31.6490000000,-17.1980000000,-4.15300000000,565,566,509,601,490,"seq=33024,t_ms=827771,who=0x70,ax=0.701,ay=0.101,az=0.010,gx=-31.649,gy=-17.198,gz=-4.153,expected=-,pred=5,pred_conf=100.0,flex0_raw=565,flex0_norm=0.138,flex1_raw=566,flex1_norm=0.138,flex2_raw=509,flex2_norm=0.124,flex3_raw=601,flex3_norm=0.147,flex4_raw=490,flex4_norm=0.120",true
word-sequence-v1,session_20261005T212737_676Z,word_please_0013,24,33025,827796,1791235955767,please,words-draft,signer_03,neutral,0x70,0.645000000000,0.106000000000,-0.0130000000000,-34.2750000000,-2.53400000000,0.214000000000,566,566,508,601,488,"seq=33025,t_ms=827796,who=0x70,ax=0.645,ay=0.106,az=-0.013,gx=-34.275,gy=-2.534,gz=0.214,expected=-,pred=5,pred_conf=100.0,flex0_raw=566,flex0_norm=0.138,flex1_raw=566,flex1_norm=0.138,flex2_raw=508,flex2_norm=0.124,flex3_raw=601,flex3_norm=0.147,flex4_raw=488,flex4_norm=0.119",true
word-sequence-v1,session_20261005T212737_676Z,word_please_0013,25,33026,827821,1791235955801,please,words-draft,signer_03,neutral,0x70,0.672000000000,0.177000000000,-0.00100000000000,-32.3740000000,5.60300000000,-1.04600000000,567,567,508,601,489,"seq=33026,t_ms=827821,who=0x70,ax=0.672,ay=0.177,az=-0.001,gx=-32.374,gy=5.603,gz=-1.046,expected=-,pred=5,pred_conf=100.0,flex0_raw=567,flex0_norm=0.138,flex1_raw=567,flex1_norm=0.138,flex2_raw=508,flex2_norm=0.124,flex3_raw=601,flex3_norm=0.147,flex4_raw=489,flex4_norm=0.119",true
word-sequence-v1,session_20261005T212737_676Z,word_please_0013,26,33027,827846,1791235955834,please,words-draft,signer_03,neutral,0x70,0.694000000000,0.219000000000,-0.00000000000,-32.0150000000,12.7710000000,0.573000000000,567,567,509,601,489,"seq=33027,t_ms=827846,who=0x70,ax=0.694,ay=0.219,az=-0.000,gx=-32.015,gy=12.771,gz=0.573,expected=-,pred=5,pred_conf=100.0,flex0_raw=567,flex0_norm=0.138,flex1_raw=567,flex1_norm=0.138,flex2_raw=509,flex2_norm=0.124,flex3_raw=601,flex3_norm=0.147,flex4_raw=489,flex4_norm=0.119",true
word-sequence-v1,session_20261005T212737_676Z,word_please_0013,27,33028,827871,1791235955868,please,words-draft,signer_03,neutral,0x70,0.729000000000,0.240000000000,-0.00600000000000,-35.1760000000,23.2900000000,-4.51100000000,567,567,509,602,489,"seq=33028,t_ms=827871,who=0x70,ax=0.729,ay=0.240,az=-0.006,gx=-35.176,gy=23.290,gz=-4.511,expected=-,pred=5,pred_conf=100.0,flex0_raw=567,flex0_norm=0.138,flex1_raw=567,flex1_norm=0.138,flex2_raw=509,flex2_norm=0.124,flex3_raw=602,flex3_norm=0.147,flex4_raw=489,flex4_norm=0.119",true
word-sequence-v1,session_20261005T212737_676Z,word_please_0013,28,33029,827896,1791235955903,please,words-draft,signer_03,neutral,0x70,0.731000000000,0.248000000000,0.00300000000000,-36.3050000000,30.8780000000,-1.99200000000,568,568,509,601,489,"seq=33029,t_ms=827896,who=0x70,ax=0.731,ay=0.248,az=0.003,gx=-36.305,gy=30.878,gz=-1.992,expected=-,pred=5,pred_conf=100.0,flex0_raw=568,flex0_norm=0.139,flex1_raw=568,flex1_norm=0.139,flex2_raw=509,flex2_norm=0.124,flex3_raw=601,flex3_norm=0.147,flex4_raw=489,flex4_norm=0.119",true
word-sequence-v1,session_20261005T212737_676Z,word_please_0013,29,33030,827921,1791235955903,please,words-draft,signer_03,neutral,0x70,0.778000000000,0.295000000000,-0.00800000000000,-36.4890000000,43.3590000000,-0.496000000000,567,569,508,601,489,"seq=33030,t_ms=827921,who=0x70,ax=0.778,ay=0.295,az=-0.008,gx=-36.489,gy=43.359,gz=-0.496,expected=-,pred=5,pred_conf=100.0,flex0_raw=567,flex0_norm=0.138,flex1_raw=569,flex1_norm=0.139,flex2_raw=508,flex2_norm=0.124,flex3_raw=601,flex3_norm=0.147,flex4_raw=489,flex4_norm=0.119",true
word-sequence-v1,session_20261005T212737_676Z,word_please_0013,30,33031,827946,1791235955908,please,words-draft,signer_03,neutral,0x70,0.853000000000,0.363000000000,-0.00900000000000,-45.3130000000,51.2900000000,1.74800000000,568,568,509,601,489,"seq=33031,t_ms=827946,who=0x70,ax=0.853,ay=0.363,az=-0.009,gx=-45.313,gy=51.290,gz=1.748,expected=-,pred=5,pred_conf=100.0,flex0_raw=568,flex0_norm=0.139,flex1_raw=568,flex1_norm=0.139,flex2_raw=509,flex2_norm=0.124,flex3_raw=601,flex3_norm=0.147,flex4_raw=489,flex4_norm=0.119",true
word-sequence-v1,session_20261005T212737_676Z,word_please_0013,31,33032,827971,1791235955943,please,words-draft,signer_03,neutral,0x70,0.955000000000,0.359000000000,-0.0160000000000,-45.7860000000,47.0310000000,8.69500000000,569,569,509,601,490,"seq=33032,t_ms=827971,who=0x70,ax=0.955,ay=0.359,az=-0.016,gx=-45.786,gy=47.031,gz=8.695,expected=-,pred=5,pred_conf=100.0,flex0_raw=569,flex0_norm=0.139,flex1_raw=569,flex1_norm=0.139,flex2_raw=509,flex2_norm=0.124,flex3_raw=601,flex3_norm=0.147,flex4_raw=490,flex4_norm=0.120",true
word-sequence-v1,session_20261005T212737_676Z,word_please_0013,32,33033,827996,1791235955979,please,words-draft,signer_03,neutral,0x70,1.08200000000,0.435000000000,-0.00300000000000,-43.9010000000,66.0690000000,7.74800000000,568,569,517,602,489,"seq=33033,t_ms=827996,who=0x70,ax=1.082,ay=0.435,az=-0.003,gx=-43.901,gy=66.069,gz=7.748,expected=-,pred=5,pred_conf=100.0,flex0_raw=568,flex0_norm=0.139,flex1_raw=569,flex1_norm=0.139,flex2_raw=517,flex2_norm=0.126,flex3_raw=602,flex3_norm=0.147,flex4_raw=489,flex4_norm=0.119",true
word-sequence-v1,session_20261005T212737_676Z,word_please_0013,33,33034,828021,1791235956017,please,words-draft,signer_03,neutral,0x70,1.15600000000,0.449000000000,0.00100000000000,-34.4200000000,66.7790000000,25.7480000000,568,569,511,602,491,"seq=33034,t_ms=828021,who=0x70,ax=1.156,ay=0.449,az=0.001,gx=-34.420,gy=66.779,gz=25.748,expected=-,pred=5,pred_conf=100.0,flex0_raw=568,flex0_norm=0.139,flex1_raw=569,flex1_norm=0.139,flex2_raw=511,flex2_norm=0.125,flex3_raw=602,flex3_norm=0.147,flex4_raw=491,flex4_norm=0.120",true
word-sequence-v1,session_20261005T212737_676Z,word_please_0013,34,33035,828046,1791235956046,please,words-draft,signer_03,neutral,0x70,1.16400000000,0.400000000000,0.0730000000000,-19.9470000000,94.4500000000,35.8930000000,569,569,518,602,491,"seq=33035,t_ms=828046,who=0x70,ax=1.164,ay=0.400,az=0.073,gx=-19.947,gy=94.450,gz=35.893,expected=-,pred=5,pred_conf=100.0,flex0_raw=569,flex0_norm=0.139,flex1_raw=569,flex1_norm=0.139,flex2_raw=518,flex2_norm=0.126,flex3_raw=602,flex3_norm=0.147,flex4_raw=491,flex4_norm=0.120",true
word-sequence-v1,session_20261005T212737_676Z,word_please_0013,35,33036,828071,1791235956047,please,words-draft,signer_03,neutral,0x70,1.20000000000,0.397000000000,0.163000000000,-9.67200000000,122.282000000,19.0760000000,569,569,517,602,492,"seq=33036,t_ms=828071,who=0x70,ax=1.200,ay=0.397,az=0.163,gx=-9.672,gy=122.282,gz=19.076,expected=-,pred=5,pred_conf=100.0,flex0_raw=569,flex0_norm=0.139,flex1_raw=569,flex1_norm=0.139,flex2_raw=517,flex2_norm=0.126,flex3_raw=602,flex3_norm=0.147,flex4_raw=492,flex4_norm=0.120",true
word-sequence-v1,session_20261005T212737_676Z,word_please_0013,36,33037,828096,1791235956093,please,words-draft,signer_03,neutral,0x70,1.22500000000,0.277000000000,0.250000000000,12.7250000000,93.7630000000,18.7330000000,571,571,517,603,491,"seq=33037,t_ms=828096,who=0x70,ax=1.225,ay=0.277,az=0.250,gx=12.725,gy=93.763,gz=18.733,expected=-,pred=5,pred_conf=100.0,flex0_raw=571,flex0_norm=0.139,flex1_raw=571,flex1_norm=0.139,flex2_raw=517,flex2_norm=0.126,flex3_raw=603,flex3_norm=0.147,flex4_raw=491,flex4_norm=0.120",true
word-sequence-v1,session_20261005T212737_676Z,word_please_0013,37,33038,828121,1791235956094,please,words-draft,signer_03,neutral,0x70,1.22400000000,0.170000000000,0.311000000000,24.7790000000,59.5570000000,13.7480000000,571,571,511,603,492,"seq=33038,t_ms=828121,who=0x70,ax=1.224,ay=0.170,az=0.311,gx=24.779,gy=59.557,gz=13.748,expected=-,pred=5,pred_conf=100.0,flex0_raw=571,flex0_norm=0.139,flex1_raw=571,flex1_norm=0.139,flex2_raw=511,flex2_norm=0.125,flex3_raw=603,flex3_norm=0.147,flex4_raw=492,flex4_norm=0.120",true
word-sequence-v1,session_20261005T212737_676Z,word_please_0013,38,33039,828146,1791235956119,please,words-draft,signer_03,neutral,0x70,1.29000000000,0.107000000000,0.358000000000,27.6490000000,22.2210000000,6.74800000000,571,571,518,603,492,"seq=33039,t_ms=828146,who=0x70,ax=1.290,ay=0.107,az=0.358,gx=27.649,gy=22.221,gz=6.748,expected=-,pred=5,pred_conf=100.0,flex0_raw=571,flex0_norm=0.139,flex1_raw=571,flex1_norm=0.139,flex2_raw=518,flex2_norm=0.126,flex3_raw=603,flex3_norm=0.147,flex4_raw=492,flex4_norm=0.120",true
word-sequence-v1,session_20261005T212737_676Z,word_please_0013,39,33040,828171,1791235956149,please,words-draft,signer_03,neutral,0x70,1.32200000000,-0.00900000000000,0.387000000000,33.2820000000,-6.44300000000,14.1530000000,570,570,518,604,492,"seq=33040,t_ms=828171,who=0x70,ax=1.322,ay=-0.009,az=0.387,gx=33.282,gy=-6.443,gz=14.153,expected=-,pred=5,pred_conf=100.0,flex0_raw=570,flex0_norm=0.139,flex1_raw=570,flex1_norm=0.139,flex2_raw=518,flex2_norm=0.126,flex3_raw=604,flex3_norm=0.147,flex4_raw=492,flex4_norm=0.120",true
word-sequence-v1,session_20261005T212737_676Z,word_please_0013,40,33041,828196,1791235956179,please,words-draft,signer_03,neutral,0x70,1.33900000000,-0.106000000000,0.376000000000,36.4500000000,-24.0690000000,14.9470000000,571,571,518,603,492,"seq=33041,t_ms=828196,who=0x70,ax=1.339,ay=-0.106,az=0.376,gx=36.450,gy=-24.069,gz=14.947,expected=-,pred=5,pred_conf=100.0,flex0_raw=571,flex0_norm=0.139,flex1_raw=571,flex1_norm=0.139,flex2_raw=518,flex2_norm=0.126,flex3_raw=603,flex3_norm=0.147,flex4_raw=492,flex4_norm=0.120",true
word-sequence-v1,session_20261005T212737_676Z,word_please_0013,41,33042,828221,1791235956180,please,words-draft,signer_03,neutral,0x70,1.32500000000,-0.173000000000,0.423000000000,35.3130000000,-36.3510000000,4.16000000000,569,570,518,603,492,"seq=33042,t_ms=828221,who=0x70,ax=1.325,ay=-0.173,az=0.423,gx=35.313,gy=-36.351,gz=4.160,expected=-,pred=5,pred_conf=100.0,flex0_raw=569,flex0_norm=0.139,flex1_raw=570,flex1_norm=0.139,flex2_raw=518,flex2_norm=0.126,flex3_raw=603,flex3_norm=0.147,flex4_raw=492,flex4_norm=0.120",true
word-sequence-v1,session_20261005T212737_676Z,word_please_0013,42,33043,828246,1791235956211,please,words-draft,signer_03,neutral,0x70,1.22700000000,-0.218000000000,0.427000000000,32.1150000000,-42.2210000000,4.60300000000,571,571,517,603,492,"seq=33043,t_ms=828246,who=0x70,ax=1.227,ay=-0.218,az=0.427,gx=32.115,gy=-42.221,gz=4.603,expected=-,pred=5,pred_conf=100.0,flex0_raw=571,flex0_norm=0.139,flex1_raw=571,flex1_norm=0.139,flex2_raw=517,flex2_norm=0.126,flex3_raw=603,flex3_norm=0.147,flex4_raw=492,flex4_norm=0.120",true
word-sequence-v1,session_20261005T212737_676Z,word_please_0013,43,33044,828271,1791235956248,please,words-draft,signer_03,neutral,0x70,1.12100000000,-0.206000000000,0.430000000000,24.0380000000,-51.9620000000,5.85500000000,569,570,517,621,492,"seq=33044,t_ms=828271,who=0x70,ax=1.121,ay=-0.206,az=0.430,gx=24.038,gy=-51.962,gz=5.855,expected=-,pred=5,pred_conf=100.0,flex0_raw=569,flex0_norm=0.139,flex1_raw=570,flex1_norm=0.139,flex2_raw=517,flex2_norm=0.126,flex3_raw=621,flex3_norm=0.152,flex4_raw=492,flex4_norm=0.120",true
word-sequence-v1,session_20261005T212737_676Z,word_please_0013,44,33045,828296,1791235956275,please,words-draft,signer_03,neutral,0x70,0.986000000000,-0.204000000000,0.391000000000,14.6640000000,-63.2370000000,-0.878000000000,569,569,517,621,490,"seq=33045,t_ms=828296,who=0x70,ax=0.986,ay=-0.204,az=0.391,gx=14.664,gy=-63.237,gz=-0.878,expected=-,pred=5,pred_conf=100.0,flex0_raw=569,flex0_norm=0.139,flex1_raw=569,flex1_norm=0.139,flex2_raw=517,flex2_norm=0.126,flex3_raw=621,flex3_norm=0.152,flex4_raw=490,flex4_norm=0.120",true
word-sequence-v1,session_20261005T212737_676Z,word_please_0013,45,33046,828321,1791235956313,please,words-draft,signer_03,neutral,0x70,0.886000000000,-0.151000000000,0.317000000000,8.80900000000,-64.2820000000,-9.22900000000,569,569,517,619,492,"seq=33046,t_ms=828321,who=0x70,ax=0.886,ay=-0.151,az=0.317,gx=8.809,gy=-64.282,gz=-9.229,expected=-,pred=5,pred_conf=100.0,flex0_raw=569,flex0_norm=0.139,flex1_raw=569,flex1_norm=0.139,flex2_raw=517,flex2_norm=0.126,flex3_raw=619,flex3_norm=0.151,flex4_raw=492,flex4_norm=0.120",true
word-sequence-v1,session_20261005T212737_676Z,word_please_0013,46,33047,828346,1791235956343,please,words-draft,signer_03,neutral,0x70,0.837000000000,-0.0480000000000,0.269000000000,3.57300000000,-58.1450000000,-17.0080000000,569,569,510,619,492,"seq=33047,t_ms=828346,who=0x70,ax=0.837,ay=-0.048,az=0.269,gx=3.573,gy=-58.145,gz=-17.008,expected=-,pred=5,pred_conf=100.0,flex0_raw=569,flex0_norm=0.139,flex1_raw=569,flex1_norm=0.139,flex2_raw=510,flex2_norm=0.125,flex3_raw=619,flex3_norm=0.151,flex4_raw=492,flex4_norm=0.120",true
word-sequence-v1,session_20261005T212737_676Z,word_please_0013,47,33048,828371,1791235956344,please,words-draft,signer_03,neutral,0x70,0.718000000000,0.0230000000000,0.205000000000,5.00000000000,-68.1370000000,-8.35100000000,569,569,511,619,493,"seq=33048,t_ms=828371,who=0x70,ax=0.718,ay=0.023,az=0.205,gx=5.000,gy=-68.137,gz=-8.351,expected=-,pred=5,pred_conf=100.0,flex0_raw=569,flex0_norm=0.139,flex1_raw=569,flex1_norm=0.139,flex2_raw=511,flex2_norm=0.125,flex3_raw=619,flex3_norm=0.151,flex4_raw=493,flex4_norm=0.120",true
word-sequence-v1,session_20261005T212737_676Z,word_please_0013,48,33049,828396,1791235956381,please,words-draft,signer_03,neutral,0x70,0.684000000000,0.0900000000000,0.136000000000,2.58800000000,-59.9540000000,-8.72500000000,569,570,517,619,491,"seq=33049,t_ms=828396,who=0x70,ax=0.684,ay=0.090,az=0.136,gx=2.588,gy=-59.954,gz=-8.725,expected=-,pred=5,pred_conf=100.0,flex0_raw=569,flex0_norm=0.139,flex1_raw=570,flex1_norm=0.139,flex2_raw=517,flex2_norm=0.126,flex3_raw=619,flex3_norm=0.151,flex4_raw=491,flex4_norm=0.120",true
word-sequence-v1,session_20261005T212737_676Z,word_please_0013,49,33050,828421,1791235956409,please,words-draft,signer_03,neutral,0x70,0.661000000000,0.146000000000,0.0780000000000,-15.7630000000,-41.3890000000,-11.3820000000,569,569,517,618,491,"seq=33050,t_ms=828421,who=0x70,ax=0.661,ay=0.146,az=0.078,gx=-15.763,gy=-41.389,gz=-11.382,expected=-,pred=5,pred_conf=100.0,flex0_raw=569,flex0_norm=0.139,flex1_raw=569,flex1_norm=0.139,flex2_raw=517,flex2_norm=0.126,flex3_raw=618,flex3_norm=0.151,flex4_raw=491,flex4_norm=0.120",true
word-sequence-v1,session_20261005T212737_676Z,word_please_0013,50,33051,828446,1791235956418,please,words-draft,signer_03,neutral,0x70,0.615000000000,0.179000000000,0.00600000000000,-29.2210000000,-23.4200000000,-2.02300000000,569,569,510,617,492,"seq=33051,t_ms=828446,who=0x70,ax=0.615,ay=0.179,az=0.006,gx=-29.221,gy=-23.420,gz=-2.023,expected=-,pred=5,pred_conf=100.0,flex0_raw=569,flex0_norm=0.139,flex1_raw=569,flex1_norm=0.139,flex2_raw=510,flex2_norm=0.125,flex3_raw=617,flex3_norm=0.151,flex4_raw=492,flex4_norm=0.120",true
word-sequence-v1,session_20261005T212737_676Z,word_please_0013,51,33052,828471,1791235956448,please,words-draft,signer_03,neutral,0x70,0.605000000000,0.160000000000,-0.0300000000000,-33.2290000000,5.81700000000,-2.09200000000,569,569,509,616,491,"seq=33052,t_ms=828471,who=0x70,ax=0.605,ay=0.160,az=-0.030,gx=-33.229,gy=5.817,gz=-2.092,expected=-,pred=5,pred_conf=100.0,flex0_raw=569,flex0_norm=0.139,flex1_raw=569,flex1_norm=0.139,flex2_raw=509,flex2_norm=0.124,flex3_raw=616,flex3_norm=0.150,flex4_raw=491,flex4_norm=0.120",true
word-sequence-v1,session_20261005T212737_676Z,word_please_0013,52,33053,828496,1791235956482,please,words-draft,signer_03,neutral,0x70,0.624000000000,0.209000000000,-0.0510000000000,-30.6030000000,14.1680000000,-6.40500000000,571,570,511,616,492,"seq=33053,t_ms=828496,who=0x70,ax=0.624,ay=0.209,az=-0.051,gx=-30.603,gy=14.168,gz=-6.405,expected=-,pred=5,pred_conf=100.0,flex0_raw=571,flex0_norm=0.139,flex1_raw=570,flex1_norm=0.139,flex2_raw=511,flex2_norm=0.125,flex3_raw=616,flex3_norm=0.150,flex4_raw=492,flex4_norm=0.120",true
word-sequence-v1,session_20261005T212737_676Z,word_please_0013,53,33054,828521,1791235956483,please,words-draft,signer_03,neutral,0x70,0.639000000000,0.245000000000,-0.0590000000000,-27.4050000000,10.2980000000,-2.41200000000,570,572,511,617,493,"seq=33054,t_ms=828521,who=0x70,ax=0.639,ay=0.245,az=-0.059,gx=-27.405,gy=10.298,gz=-2.412,expected=-,pred=5,pred_conf=100.0,flex0_raw=570,flex0_norm=0.139,flex1_raw=572,flex1_norm=0.140,flex2_raw=511,flex2_norm=0.125,flex3_raw=617,flex3_norm=0.151,flex4_raw=493,flex4_norm=0.120",true
word-sequence-v1,session_20261005T212737_676Z,word_please_0013,54,33055,828546,1791235956508,please,words-draft,signer_03,neutral,0x70,0.696000000000,0.290000000000,-0.0250000000000,-33.2980000000,30.6110000000,-14.2900000000,569,569,510,615,492,"seq=33055,t_ms=828546,who=0x70,ax=0.696,ay=0.290,az=-0.025,gx=-33.298,gy=30.611,gz=-14.290,expected=-,pred=5,pred_conf=100.0,flex0_raw=569,flex0_norm=0.139,flex1_raw=569,flex1_norm=0.139,flex2_raw=510,flex2_norm=0.125,flex3_raw=615,flex3_norm=0.150,flex4_raw=492,flex4_norm=0.120",true
word-sequence-v1,session_20261005T212737_676Z,word_please_0013,55,33056,828571,1791235956545,please,words-draft,signer_03,neutral,0x70,0.824000000000,0.348000000000,-0.00900000000000,-41.9240000000,55.8630000000,-21.2140000000,570,571,511,613,493,"seq=33056,t_ms=828571,who=0x70,ax=0.824,ay=0.348,az=-0.009,gx=-41.924,gy=55.863,gz=-21.214,expected=-,pred=5,pred_conf=100.0,flex0_raw=570,flex0_norm=0.139,flex1_raw=571,flex1_norm=0.139,flex2_raw=511,flex2_norm=0.125,flex3_raw=613,flex3_norm=0.150,flex4_raw=493,flex4_norm=0.120",true
word-sequence-v1,session_20261005T212737_676Z,word_please_0013,56,33057,828596,1791235956573,please,words-draft,signer_03,neutral,0x70,0.924000000000,0.414000000000,0.0110000000000,-42.2520000000,74.4810000000,-4.68700000000,571,571,510,600,492,"seq=33057,t_ms=828596,who=0x70,ax=0.924,ay=0.414,az=0.011,gx=-42.252,gy=74.481,gz=-4.687,expected=-,pred=5,pred_conf=100.0,flex0_raw=571,flex0_norm=0.139,flex1_raw=571,flex1_norm=0.139,flex2_raw=510,flex2_norm=0.125,flex3_raw=600,flex3_norm=0.147,flex4_raw=492,flex4_norm=0.120",true
word-sequence-v1,session_20261005T212737_676Z,word_please_0013,57,33058,828621,1791235956598,please,words-draft,signer_03,neutral,0x70,1.01900000000,0.471000000000,0.0560000000000,-59.6410000000,119.878000000,19.3210000000,572,572,509,600,491,"seq=33058,t_ms=828621,who=0x70,ax=1.019,ay=0.471,az=0.056,gx=-59.641,gy=119.878,gz=19.321,expected=-,pred=5,pred_conf=100.0,flex0_raw=572,flex0_norm=0.140,flex1_raw=572,flex1_norm=0.140,flex2_raw=509,flex2_norm=0.124,flex3_raw=600,flex3_norm=0.147,flex4_raw=491,flex4_norm=0.120",true
word-sequence-v1,session_20261005T212737_676Z,word_please_0013,58,33059,828646,1791235956635,please,words-draft,signer_03,neutral,0x70,1.06700000000,0.392000000000,0.156000000000,-60.2600000000,130.947000000,22.8320000000,573,573,510,599,492,"seq=33059,t_ms=828646,who=0x70,ax=1.067,ay=0.392,az=0.156,gx=-60.260,gy=130.947,gz=22.832,expected=-,pred=5,pred_conf=100.0,flex0_raw=573,flex0_norm=0.140,flex1_raw=573,flex1_norm=0.140,flex2_raw=510,flex2_norm=0.125,flex3_raw=599,flex3_norm=0.146,flex4_raw=492,flex4_norm=0.120",true
word-sequence-v1,session_20261005T212737_676Z,word_please_0013,59,33060,828671,1791235956635,please,words-draft,signer_03,neutral,0x70,1.16900000000,0.400000000000,0.245000000000,-43.4200000000,104.267000000,8.90100000000,573,574,509,600,492,"seq=33060,t_ms=828671,who=0x70,ax=1.169,ay=0.400,az=0.245,gx=-43.420,gy=104.267,gz=8.901,expected=-,pred=5,pred_conf=100.0,flex0_raw=573,flex0_norm=0.140,flex1_raw=574,flex1_norm=0.140,flex2_raw=509,flex2_norm=0.124,flex3_raw=600,flex3_norm=0.147,flex4_raw=492,flex4_norm=0.120",true
word-sequence-v1,session_20261005T212737_676Z,word_please_0013,60,33061,828696,1791235956664,please,words-draft,signer_03,neutral,0x70,1.23600000000,0.327000000000,0.275000000000,-30.4500000000,77.0080000000,-3.16800000000,574,573,509,601,493,"seq=33061,t_ms=828696,who=0x70,ax=1.236,ay=0.327,az=0.275,gx=-30.450,gy=77.008,gz=-3.168,expected=-,pred=5,pred_conf=100.0,flex0_raw=574,flex0_norm=0.140,flex1_raw=573,flex1_norm=0.140,flex2_raw=509,flex2_norm=0.124,flex3_raw=601,flex3_norm=0.147,flex4_raw=493,flex4_norm=0.120",true
word-sequence-v1,session_20261005T212737_676Z,word_please_0013,61,33062,828721,1791235956699,please,words-draft,signer_03,neutral,0x70,1.34200000000,0.281000000000,0.375000000000,-7.20600000000,30.1220000000,7.48900000000,573,573,509,601,492,"seq=33062,t_ms=828721,who=0x70,ax=1.342,ay=0.281,az=0.375,gx=-7.206,gy=30.122,gz=7.489,expected=-,pred=5,pred_conf=100.0,flex0_raw=573,flex0_norm=0.140,flex1_raw=573,flex1_norm=0.140,flex2_raw=509,flex2_norm=0.124,flex3_raw=601,flex3_norm=0.147,flex4_raw=492,flex4_norm=0.120",true
word-sequence-v1,session_20261005T212737_676Z,word_please_0013,62,33063,828746,1791235956734,please,words-draft,signer_03,neutral,0x70,1.33900000000,0.262000000000,0.466000000000,5.35900000000,16.9540000000,12.2980000000,573,573,507,600,494,"seq=33063,t_ms=828746,who=0x70,ax=1.339,ay=0.262,az=0.466,gx=5.359,gy=16.954,gz=12.298,expected=-,pred=5,pred_conf=100.0,flex0_raw=573,flex0_norm=0.140,flex1_raw=573,flex1_norm=0.140,flex2_raw=507,flex2_norm=0.124,flex3_raw=600,flex3_norm=0.147,flex4_raw=494,flex4_norm=0.121",true
word-sequence-v1,session_20261005T212737_676Z,word_please_0013,63,33064,828771,1791235956766,please,words-draft,signer_03,neutral,0x70,1.35600000000,0.208000000000,0.533000000000,20.2900000000,0.359000000000,24.8630000000,573,573,507,623,492,"seq=33064,t_ms=828771,who=0x70,ax=1.356,ay=0.208,az=0.533,gx=20.290,gy=0.359,gz=24.863,expected=-,pred=5,pred_conf=100.0,flex0_raw=573,flex0_norm=0.140,flex1_raw=573,flex1_norm=0.140,flex2_raw=507,flex2_norm=0.124,flex3_raw=623,flex3_norm=0.152,flex4_raw=492,flex4_norm=0.120",true
word-sequence-v1,session_20261005T212737_676Z,word_please_0013,64,33065,828796,1791235956797,please,words-draft,signer_03,neutral,0x70,1.31300000000,0.0890000000000,0.540000000000,24.1070000000,-20.6950000000,26.3820000000,573,573,507,617,491,"seq=33065,t_ms=828796,who=0x70,ax=1.313,ay=0.089,az=0.540,gx=24.107,gy=-20.695,gz=26.382,expected=-,pred=5,pred_conf=100.0,flex0_raw=573,flex0_norm=0.140,flex1_raw=573,flex1_norm=0.140,flex2_raw=507,flex2_norm=0.124,flex3_raw=617,flex3_norm=0.151,flex4_raw=491,flex4_norm=0.120",true
word-sequence-v1,session_20261005T212737_676Z,word_please_0013,65,33066,828821,1791235956797,please,words-draft,signer_03,neutral,0x70,1.24700000000,-0.0100000000000,0.528000000000,18.2600000000,-31.9540000000,8.31300000000,574,574,506,599,493,"seq=33066,t_ms=828821,who=0x70,ax=1.247,ay=-0.010,az=0.528,gx=18.260,gy=-31.954,gz=8.313,expected=-,pred=5,pred_conf=100.0,flex0_raw=574,flex0_norm=0.140,flex1_raw=574,flex1_norm=0.140,flex2_raw=506,flex2_norm=0.124,flex3_raw=599,flex3_norm=0.146,flex4_raw=493,flex4_norm=0.120",true
word-sequence-v1,session_20261005T212737_676Z,word_please_0013,66,33067,828846,1791235956833,please,words-draft,signer_03,neutral,0x70,1.18900000000,-0.134000000000,0.475000000000,25.1370000000,-63.9240000000,12.2140000000,571,573,506,599,492,"seq=33067,t_ms=828846,who=0x70,ax=1.189,ay=-0.134,az=0.475,gx=25.137,gy=-63.924,gz=12.214,expected=-,pred=5,pred_conf=100.0,flex0_raw=571,flex0_norm=0.139,flex1_raw=573,flex1_norm=0.140,flex2_raw=506,flex2_norm=0.124,flex3_raw=599,flex3_norm=0.146,flex4_raw=492,flex4_norm=0.120",true
word-sequence-v1,session_20261005T212737_676Z,word_please_0013,67,33068,828871,1791235956838,please,words-draft,signer_03,neutral,0x70,1.10700000000,-0.180000000000,0.400000000000,25.6720000000,-85.0460000000,10.1530000000,573,573,507,599,493,"seq=33068,t_ms=828871,who=0x70,ax=1.107,ay=-0.180,az=0.400,gx=25.672,gy=-85.046,gz=10.153,expected=-,pred=5,pred_conf=100.0,flex0_raw=573,flex0_norm=0.140,flex1_raw=573,flex1_norm=0.140,flex2_raw=507,flex2_norm=0.124,flex3_raw=599,flex3_norm=0.146,flex4_raw=493,flex4_norm=0.120",true
word-sequence-v1,session_20261005T212737_676Z,word_please_0013,68,33069,828896,1791235956902,please,words-draft,signer_03,neutral,0x70,1.06500000000,-0.220000000000,0.324000000000,21.7790000000,-97.9620000000,-2.98500000000,573,573,505,598,492,"seq=33069,t_ms=828896,who=0x70,ax=1.065,ay=-0.220,az=0.324,gx=21.779,gy=-97.962,gz=-2.985,expected=-,pred=5,pred_conf=100.0,flex0_raw=573,flex0_norm=0.140,flex1_raw=573,flex1_norm=0.140,flex2_raw=505,flex2_norm=0.123,flex3_raw=598,flex3_norm=0.146,flex4_raw=492,flex4_norm=0.120",true
word-sequence-v1,session_20261005T212737_676Z,word_please_0013,69,33070,828921,1791235956903,please,words-draft,signer_03,neutral,0x70,1.00100000000,-0.186000000000,0.269000000000,16.5650000000,-112.046000000,-8.04600000000,573,573,505,599,493,"seq=33070,t_ms=828921,who=0x70,ax=1.001,ay=-0.186,az=0.269,gx=16.565,gy=-112.046,gz=-8.046,expected=-,pred=5,pred_conf=100.0,flex0_raw=573,flex0_norm=0.140,flex1_raw=573,flex1_norm=0.140,flex2_raw=505,flex2_norm=0.123,flex3_raw=599,flex3_norm=0.146,flex4_raw=493,flex4_norm=0.120",true
word-sequence-v1,session_20261005T212737_676Z,word_please_0013,70,33071,828946,1791235956904,please,words-draft,signer_03,neutral,0x70,0.934000000000,-0.133000000000,0.255000000000,12.6410000000,-101.275000000,-15.3820000000,572,573,504,599,493,"seq=33071,t_ms=828946,who=0x70,ax=0.934,ay=-0.133,az=0.255,gx=12.641,gy=-101.275,gz=-15.382,expected=-,pred=5,pred_conf=100.0,flex0_raw=572,flex0_norm=0.140,flex1_raw=573,flex1_norm=0.140,flex2_raw=504,flex2_norm=0.123,flex3_raw=599,flex3_norm=0.146,flex4_raw=493,flex4_norm=0.120",true
word-sequence-v1,session_20261005T212737_676Z,word_please_0013,71,33072,828971,1791235956933,please,words-draft,signer_03,neutral,0x70,0.887000000000,-0.102000000000,0.210000000000,10.1830000000,-78.7250000000,-23.3740000000,573,573,503,598,491,"seq=33072,t_ms=828971,who=0x70,ax=0.887,ay=-0.102,az=0.210,gx=10.183,gy=-78.725,gz=-23.374,expected=-,pred=5,pred_conf=100.0,flex0_raw=573,flex0_norm=0.140,flex1_raw=573,flex1_norm=0.140,flex2_raw=503,flex2_norm=0.123,flex3_raw=598,flex3_norm=0.146,flex4_raw=491,flex4_norm=0.120",true
word-sequence-v1,session_20261005T212737_676Z,word_please_0013,72,33073,828996,1791235956962,please,words-draft,signer_03,neutral,0x70,0.855000000000,-0.0430000000000,0.155000000000,7.22900000000,-65.2520000000,-24.5800000000,573,573,503,597,493,"seq=33073,t_ms=828996,who=0x70,ax=0.855,ay=-0.043,az=0.155,gx=7.229,gy=-65.252,gz=-24.580,expected=-,pred=5,pred_conf=100.0,flex0_raw=573,flex0_norm=0.140,flex1_raw=573,flex1_norm=0.140,flex2_raw=503,flex2_norm=0.123,flex3_raw=597,flex3_norm=0.146,flex4_raw=493,flex4_norm=0.120",true
word-sequence-v1,session_20261005T212737_676Z,word_please_0013,73,33074,829021,1791235957003,please,words-draft,signer_03,neutral,0x70,0.811000000000,0.0140000000000,0.0730000000000,3.87000000000,-67.2980000000,-16.2060000000,574,573,503,598,492,"seq=33074,t_ms=829021,who=0x70,ax=0.811,ay=0.014,az=0.073,gx=3.870,gy=-67.298,gz=-16.206,expected=-,pred=5,pred_conf=100.0,flex0_raw=574,flex0_norm=0.140,flex1_raw=573,flex1_norm=0.140,flex2_raw=503,flex2_norm=0.123,flex3_raw=598,flex3_norm=0.146,flex4_raw=492,flex4_norm=0.120",true
word-sequence-v1,session_20261005T212737_676Z,word_please_0013,74,33075,829046,1791235957025,please,words-draft,signer_03,neutral,0x70,0.754000000000,0.0420000000000,0.0210000000000,-1.94700000000,-55.2980000000,-11.3210000000,574,573,502,598,492,"seq=33075,t_ms=829046,who=0x70,ax=0.754,ay=0.042,az=0.021,gx=-1.947,gy=-55.298,gz=-11.321,expected=-,pred=5,pred_conf=100.0,flex0_raw=574,flex0_norm=0.140,flex1_raw=573,flex1_norm=0.140,flex2_raw=502,flex2_norm=0.123,flex3_raw=598,flex3_norm=0.146,flex4_raw=492,flex4_norm=0.120",true
word-sequence-v1,session_20261005T212737_676Z,word_please_0013,75,33076,829071,1791235957048,please,words-draft,signer_03,neutral,0x70,0.712000000000,0.123000000000,-0.0210000000000,-7.30500000000,-44.9540000000,-8.35100000000,573,573,503,598,492,"seq=33076,t_ms=829071,who=0x70,ax=0.712,ay=0.123,az=-0.021,gx=-7.305,gy=-44.954,gz=-8.351,expected=-,pred=5,pred_conf=100.0,flex0_raw=573,flex0_norm=0.140,flex1_raw=573,flex1_norm=0.140,flex2_raw=503,flex2_norm=0.123,flex3_raw=598,flex3_norm=0.146,flex4_raw=492,flex4_norm=0.120",true
word-sequence-v1,session_20261005T212737_676Z,word_please_0013,76,33077,829096,1791235957080,please,words-draft,signer_03,neutral,0x70,0.711000000000,0.159000000000,-0.0590000000000,-8.00800000000,-44.7330000000,3.97700000000,574,574,502,597,493,"seq=33077,t_ms=829096,who=0x70,ax=0.711,ay=0.159,az=-0.059,gx=-8.008,gy=-44.733,gz=3.977,expected=-,pred=5,pred_conf=100.0,flex0_raw=574,flex0_norm=0.140,flex1_raw=574,flex1_norm=0.140,flex2_raw=502,flex2_norm=0.123,flex3_raw=597,flex3_norm=0.146,flex4_raw=493,flex4_norm=0.120",true
word-sequence-v1,session_20261005T212737_676Z,word_please_0013,77,33078,829121,1791235957081,please,words-draft,signer_03,neutral,0x70,0.714000000000,0.198000000000,-0.0760000000000,-19.6950000000,-31.9920000000,15.0150000000,573,573,502,597,493,"seq=33078,t_ms=829121,who=0x70,ax=0.714,ay=0.198,az=-0.076,gx=-19.695,gy=-31.992,gz=15.015,expected=-,pred=5,pred_conf=100.0,flex0_raw=573,flex0_norm=0.140,flex1_raw=573,flex1_norm=0.140,flex2_raw=502,flex2_norm=0.123,flex3_raw=597,flex3_norm=0.146,flex4_raw=493,flex4_norm=0.120",true
word-sequence-v1,session_20261005T212737_676Z,word_please_0013,78,33079,829146,1791235957109,please,words-draft,signer_03,neutral,0x70,0.669000000000,0.270000000000,-0.102000000000,-34.0150000000,5.78600000000,-1.43500000000,572,572,502,597,492,"seq=33079,t_ms=829146,who=0x70,ax=0.669,ay=0.270,az=-0.102,gx=-34.015,gy=5.786,gz=-1.435,expected=-,pred=5,pred_conf=100.0,flex0_raw=572,flex0_norm=0.140,flex1_raw=572,flex1_norm=0.140,flex2_raw=502,flex2_norm=0.123,flex3_raw=597,flex3_norm=0.146,flex4_raw=492,flex4_norm=0.120",true
word-sequence-v1,session_20261005T212737_676Z,word_please_0013,79,33080,829171,1791235957139,please,words-draft,signer_03,neutral,0x70,0.718000000000,0.369000000000,-0.110000000000,-38.7710000000,25.6720000000,-10.1910000000,573,571,501,595,493,"seq=33080,t_ms=829171,who=0x70,ax=0.718,ay=0.369,az=-0.110,gx=-38.771,gy=25.672,gz=-10.191,expected=-,pred=5,pred_conf=100.0,flex0_raw=573,flex0_norm=0.140,flex1_raw=571,flex1_norm=0.139,flex2_raw=501,flex2_norm=0.122,flex3_raw=595,flex3_norm=0.145,flex4_raw=493,flex4_norm=0.120",true
word-sequence-v1,session_20261005T212737_676Z,word_please_0013,80,33081,829196,1791235957177,please,words-draft,signer_03,neutral,0x70,0.773000000000,0.349000000000,-0.0980000000000,-34.8700000000,30.4050000000,-3.83200000000,572,573,501,597,493,"seq=33081,t_ms=829196,who=0x70,ax=0.773,ay=0.349,az=-0.098,gx=-34.870,gy=30.405,gz=-3.832,expected=-,pred=5,pred_conf=100.0,flex0_raw=572,flex0_norm=0.140,flex1_raw=573,flex1_norm=0.140,flex2_raw=501,flex2_norm=0.122,flex3_raw=597,flex3_norm=0.146,flex4_raw=493,flex4_norm=0.120",true
word-sequence-v1,session_20261005T212737_676Z,word_please_0013,81,33082,829221,1791235957208,please,words-draft,signer_03,neutral,0x70,0.800000000000,0.336000000000,-0.0930000000000,-26.5880000000,37.3970000000,-3.71000000000,573,573,503,597,491,"seq=33082,t_ms=829221,who=0x70,ax=0.800,ay=0.336,az=-0.093,gx=-26.588,gy=37.397,gz=-3.710,expected=-,pred=5,pred_conf=100.0,flex0_raw=573,flex0_norm=0.140,flex1_raw=573,flex1_norm=0.140,flex2_raw=503,flex2_norm=0.123,flex3_raw=597,flex3_norm=0.146,flex4_raw=491,flex4_norm=0.120",true
word-sequence-v1,session_20261005T212737_676Z,word_please_0013,82,33083,829246,1791235957240,please,words-draft,signer_03,neutral,0x70,0.882000000000,0.393000000000,-0.0880000000000,-16.0380000000,37.6640000000,-1.42000000000,572,573,501,597,493,"seq=33083,t_ms=829246,who=0x70,ax=0.882,ay=0.393,az=-0.088,gx=-16.038,gy=37.664,gz=-1.420,expected=-,pred=5,pred_conf=100.0,flex0_raw=572,flex0_norm=0.140,flex1_raw=573,flex1_norm=0.140,flex2_raw=501,flex2_norm=0.122,flex3_raw=597,flex3_norm=0.146,flex4_raw=493,flex4_norm=0.120",true
word-sequence-v1,session_20261005T212737_676Z,word_please_0013,83,33084,829271,1791235957241,please,words-draft,signer_03,neutral,0x70,0.945000000000,0.344000000000,-0.0960000000000,-12.5800000000,48.7480000000,4.28200000000,575,579,502,597,493,"seq=33084,t_ms=829271,who=0x70,ax=0.945,ay=0.344,az=-0.096,gx=-12.580,gy=48.748,gz=4.282,expected=-,pred=5,pred_conf=100.0,flex0_raw=575,flex0_norm=0.140,flex1_raw=579,flex1_norm=0.141,flex2_raw=502,flex2_norm=0.123,flex3_raw=597,flex3_norm=0.146,flex4_raw=493,flex4_norm=0.120",true
word-sequence-v1,session_20261005T212737_676Z,word_please_0013,84,33085,829296,1791235957273,please,words-draft,signer_03,neutral,0x70,1.02600000000,0.324000000000,-0.104000000000,-8.35100000000,68.0920000000,9.34400000000,574,573,502,597,493,"seq=33085,t_ms=829296,who=0x70,ax=1.026,ay=0.324,az=-0.104,gx=-8.351,gy=68.092,gz=9.344,expected=-,pred=5,pred_conf=100.0,flex0_raw=574,flex0_norm=0.140,flex1_raw=573,flex1_norm=0.140,flex2_raw=502,flex2_norm=0.123,flex3_raw=597,flex3_norm=0.146,flex4_raw=493,flex4_norm=0.120",true
word-sequence-v1,session_20261005T212737_676Z,word_please_0013,85,33086,829321,1791235957308,please,words-draft,signer_03,neutral,0x70,1.06000000000,0.281000000000,-0.0630000000000,-0.374000000000,70.7330000000,10.6180000000,573,573,502,597,492,"seq=33086,t_ms=829321,who=0x70,ax=1.060,ay=0.281,az=-0.063,gx=-0.374,gy=70.733,gz=10.618,expected=-,pred=5,pred_conf=100.0,flex0_raw=573,flex0_norm=0.140,flex1_raw=573,flex1_norm=0.140,flex2_raw=502,flex2_norm=0.123,flex3_raw=597,flex3_norm=0.146,flex4_raw=492,flex4_norm=0.120",true
word-sequence-v1,session_20261005T212737_676Z,word_please_0013,86,33087,829346,1791235957341,please,words-draft,signer_03,neutral,0x70,1.11400000000,0.210000000000,0.00300000000000,1.80200000000,55.4430000000,-2.26000000000,573,575,502,597,493,"seq=33087,t_ms=829346,who=0x70,ax=1.114,ay=0.210,az=0.003,gx=1.802,gy=55.443,gz=-2.260,expected=-,pred=5,pred_conf=100.0,flex0_raw=573,flex0_norm=0.140,flex1_raw=575,flex1_norm=0.140,flex2_raw=502,flex2_norm=0.123,flex3_raw=597,flex3_norm=0.146,flex4_raw=493,flex4_norm=0.120",true
word-sequence-v1,session_20261005T212737_676Z,word_please_0013,87,33088,829371,1791235957348,please,words-draft,signer_03,neutral,0x70,1.25400000000,0.215000000000,0.107000000000,0.679000000000,32.9690000000,-13.4200000000,573,574,501,597,492,"seq=33088,t_ms=829371,who=0x70,ax=1.254,ay=0.215,az=0.107,gx=0.679,gy=32.969,gz=-13.420,expected=-,pred=5,pred_conf=100.0,flex0_raw=573,flex0_norm=0.140,flex1_raw=574,flex1_norm=0.140,flex2_raw=501,flex2_norm=0.122,flex3_raw=597,flex3_norm=0.146,flex4_raw=492,flex4_norm=0.120",true
word-sequence-v1,session_20261005T212737_676Z,word_please_0013,88,33089,829396,1791235957408,please,words-draft,signer_03,neutral,0x70,1.27900000000,0.0970000000000,0.151000000000,7.55700000000,0.573000000000,5.73300000000,573,574,502,597,495,"seq=33089,t_ms=829396,who=0x70,ax=1.279,ay=0.097,az=0.151,gx=7.557,gy=0.573,gz=5.733,expected=-,pred=5,pred_conf=100.0,flex0_raw=573,flex0_norm=0.140,flex1_raw=574,flex1_norm=0.140,flex2_raw=502,flex2_norm=0.123,flex3_raw=597,flex3_norm=0.146,flex4_raw=495,flex4_norm=0.121",true
word-sequence-v1,session_20261005T212737_676Z,word_please_0013,89,33090,829421,1791235957410,please,words-draft,signer_03,neutral,0x70,1.28300000000,0.123000000000,0.183000000000,17.7100000000,-12.9470000000,-0.595000000000,574,575,502,597,493,"seq=33090,t_ms=829421,who=0x70,ax=1.283,ay=0.123,az=0.183,gx=17.710,gy=-12.947,gz=-0.595,expected=-,pred=5,pred_conf=100.0,flex0_raw=574,flex0_norm=0.140,flex1_raw=575,flex1_norm=0.140,flex2_raw=502,flex2_norm=0.123,flex3_raw=597,flex3_norm=0.146,flex4_raw=493,flex4_norm=0.120",true
word-sequence-v1,session_20261005T212737_676Z,word_please_0013,90,33091,829446,1791235957412,please,words-draft,signer_03,neutral,0x70,1.25800000000,0.135000000000,0.222000000000,19.3890000000,-31.9770000000,-5.12200000000,575,575,502,597,493,"seq=33091,t_ms=829446,who=0x70,ax=1.258,ay=0.135,az=0.222,gx=19.389,gy=-31.977,gz=-5.122,expected=-,pred=5,pred_conf=100.0,flex0_raw=575,flex0_norm=0.140,flex1_raw=575,flex1_norm=0.140,flex2_raw=502,flex2_norm=0.123,flex3_raw=597,flex3_norm=0.146,flex4_raw=493,flex4_norm=0.120",true
word-sequence-v1,session_20261005T212737_676Z,word_please_0013,91,33092,829471,1791235957441,please,words-draft,signer_03,neutral,0x70,1.26900000000,0.0710000000000,0.203000000000,18.8470000000,-43.2060000000,0.977000000000,574,575,499,597,494,"seq=33092,t_ms=829471,who=0x70,ax=1.269,ay=0.071,az=0.203,gx=18.847,gy=-43.206,gz=0.977,expected=-,pred=5,pred_conf=100.0,flex0_raw=574,flex0_norm=0.140,flex1_raw=575,flex1_norm=0.140,flex2_raw=499,flex2_norm=0.122,flex3_raw=597,flex3_norm=0.146,flex4_raw=494,flex4_norm=0.121",true
word-sequence-v1,session_20261005T212737_676Z,word_please_0013,92,33093,829496,1791235957475,please,words-draft,signer_03,neutral,0x70,1.24000000000,0.0170000000000,0.203000000000,12.2600000000,-27.7630000000,1.89300000000,574,573,501,597,493,"seq=33093,t_ms=829496,who=0x70,ax=1.240,ay=0.017,az=0.203,gx=12.260,gy=-27.763,gz=1.893,expected=-,pred=5,pred_conf=100.0,flex0_raw=574,flex0_norm=0.140,flex1_raw=573,flex1_norm=0.140,flex2_raw=501,flex2_norm=0.122,flex3_raw=597,flex3_norm=0.146,flex4_raw=493,flex4_norm=0.120",true
word-sequence-v1,session_20261005T212737_676Z,word_please_0013,93,33094,829521,1791235957509,please,words-draft,signer_03,neutral,0x70,1.18700000000,-0.00000000000,0.203000000000,2.99200000000,-33.9080000000,0.786000000000,573,575,499,597,493,"seq=33094,t_ms=829521,who=0x70,ax=1.187,ay=-0.000,az=0.203,gx=2.992,gy=-33.908,gz=0.786,expected=-,pred=5,pred_conf=100.0,flex0_raw=573,flex0_norm=0.140,flex1_raw=575,flex1_norm=0.140,flex2_raw=499,flex2_norm=0.122,flex3_raw=597,flex3_norm=0.146,flex4_raw=493,flex4_norm=0.120",true
word-sequence-v1,session_20261005T212737_676Z,word_please_0013,94,33095,829546,1791235957536,please,words-draft,signer_03,neutral,0x70,1.10800000000,-0.00700000000000,0.197000000000,2.98500000000,-43.3510000000,-7.23700000000,574,575,499,597,495,"seq=33095,t_ms=829546,who=0x70,ax=1.108,ay=-0.007,az=0.197,gx=2.985,gy=-43.351,gz=-7.237,expected=-,pred=5,pred_conf=100.0,flex0_raw=574,flex0_norm=0.140,flex1_raw=575,flex1_norm=0.140,flex2_raw=499,flex2_norm=0.122,flex3_raw=597,flex3_norm=0.146,flex4_raw=495,flex4_norm=0.121",true
word-sequence-v1,session_20261005T212737_676Z,word_please_0013,95,33096,829571,1791235957536,please,words-draft,signer_03,neutral,0x70,1.02600000000,-0.0150000000000,0.141000000000,3.42000000000,-38.8170000000,-16.8090000000,573,574,498,597,494,"seq=33096,t_ms=829571,who=0x70,ax=1.026,ay=-0.015,az=0.141,gx=3.420,gy=-38.817,gz=-16.809,expected=-,pred=5,pred_conf=100.0,flex0_raw=573,flex0_norm=0.140,flex1_raw=574,flex1_norm=0.140,flex2_raw=498,flex2_norm=0.122,flex3_raw=597,flex3_norm=0.146,flex4_raw=494,flex4_norm=0.121",true
word-sequence-v1,session_20261005T212737_676Z,word_please_0013,96,33097,829596,1791235957558,please,words-draft,signer_03,neutral,0x70,0.985000000000,-0.00300000000000,0.112000000000,1.28200000000,-27.5340000000,-20.0610000000,573,574,500,597,494,"seq=33097,t_ms=829596,who=0x70,ax=0.985,ay=-0.003,az=0.112,gx=1.282,gy=-27.534,gz=-20.061,expected=-,pred=5,pred_conf=100.0,flex0_raw=573,flex0_norm=0.140,flex1_raw=574,flex1_norm=0.140,flex2_raw=500,flex2_norm=0.122,flex3_raw=597,flex3_norm=0.146,flex4_raw=494,flex4_norm=0.121",true
word-sequence-v1,session_20261005T212737_676Z,word_please_0013,97,33098,829621,1791235957621,please,words-draft,signer_03,neutral,0x70,0.893000000000,0.0560000000000,0.0720000000000,0.229000000000,-25.1070000000,-9.73300000000,575,574,496,597,494,"seq=33098,t_ms=829621,who=0x70,ax=0.893,ay=0.056,az=0.072,gx=0.229,gy=-25.107,gz=-9.733,expected=-,pred=5,pred_conf=100.0,flex0_raw=575,flex0_norm=0.140,flex1_raw=574,flex1_norm=0.140,flex2_raw=496,flex2_norm=0.121,flex3_raw=597,flex3_norm=0.146,flex4_raw=494,flex4_norm=0.121",true
word-sequence-v1,session_20261005T212737_676Z,word_please_0013,98,33099,829646,1791235957621,please,words-draft,signer_03,neutral,0x70,0.800000000000,0.0760000000000,0.0100000000000,-2.91600000000,-27.7100000000,-7.37400000000,573,573,496,596,494,"seq=33099,t_ms=829646,who=0x70,ax=0.800,ay=0.076,az=0.010,gx=-2.916,gy=-27.710,gz=-7.374,expected=-,pred=5,pred_conf=100.0,flex0_raw=573,flex0_norm=0.140,flex1_raw=573,flex1_norm=0.140,flex2_raw=496,flex2_norm=0.121,flex3_raw=596,flex3_norm=0.146,flex4_raw=494,flex4_norm=0.121",true
word-sequence-v1,session_20261005T212737_676Z,word_please_0013,99,33100,829671,1791235957649,please,words-draft,signer_03,neutral,0x70,0.776000000000,0.0570000000000,-0.0650000000000,-7.04600000000,-21.3590000000,-15.7560000000,573,575,496,597,493,"seq=33100,t_ms=829671,who=0x70,ax=0.776,ay=0.057,az=-0.065,gx=-7.046,gy=-21.359,gz=-15.756,expected=-,pred=5,pred_conf=100.0,flex0_raw=573,flex0_norm=0.140,flex1_raw=575,flex1_norm=0.140,flex2_raw=496,flex2_norm=0.121,flex3_raw=597,flex3_norm=0.146,flex4_raw=493,flex4_norm=0.120",true
word-sequence-v1,session_20261005T212737_676Z,word_please_0013,100,33101,829696,1791235957683,please,words-draft,signer_03,neutral,0x70,0.740000000000,0.171000000000,-0.103000000000,-16.6180000000,-29.0310000000,-25.0230000000,572,572,499,595,495,"seq=33101,t_ms=829696,who=0x70,ax=0.740,ay=0.171,az=-0.103,gx=-16.618,gy=-29.031,gz=-25.023,expected=-,pred=5,pred_conf=100.0,flex0_raw=572,flex0_norm=0.140,flex1_raw=572,flex1_norm=0.140,flex2_raw=499,flex2_norm=0.122,flex3_raw=595,flex3_norm=0.145,flex4_raw=495,flex4_norm=0.121",true
word-sequence-v1,session_20261005T212737_676Z,word_please_0013,101,33102,829721,1791235957684,please,words-draft,signer_03,neutral,0x70,0.770000000000,0.241000000000,-0.152000000000,-18.8020000000,-36.0920000000,-26.3130000000,573,573,496,595,495,"seq=33102,t_ms=829721,who=0x70,ax=0.770,ay=0.241,az=-0.152,gx=-18.802,gy=-36.092,gz=-26.313,expected=-,pred=5,pred_conf=100.0,flex0_raw=573,flex0_norm=0.140,flex1_raw=573,flex1_norm=0.140,flex2_raw=496,flex2_norm=0.121,flex3_raw=595,flex3_norm=0.145,flex4_raw=495,flex4_norm=0.121",true
word-sequence-v1,session_20261005T212737_676Z,word_please_0013,102,33103,829746,1791235957714,please,words-draft,signer_03,neutral,0x70,0.790000000000,0.276000000000,-0.176000000000,-30.5730000000,-31.7710000000,-23.1910000000,573,573,499,595,494,"seq=33103,t_ms=829746,who=0x70,ax=0.790,ay=0.276,az=-0.176,gx=-30.573,gy=-31.771,gz=-23.191,expected=-,pred=5,pred_conf=100.0,flex0_raw=573,flex0_norm=0.140,flex1_raw=573,flex1_norm=0.140,flex2_raw=499,flex2_norm=0.122,flex3_raw=595,flex3_norm=0.145,flex4_raw=494,flex4_norm=0.121",true
word-sequence-v1,session_20261005T212737_676Z,word_please_0013,103,33104,829771,1791235957755,please,words-draft,signer_03,neutral,0x70,0.844000000000,0.329000000000,-0.156000000000,-46.0460000000,-5.57300000000,-26.8400000000,573,573,495,596,495,"seq=33104,t_ms=829771,who=0x70,ax=0.844,ay=0.329,az=-0.156,gx=-46.046,gy=-5.573,gz=-26.840,expected=-,pred=5,pred_conf=100.0,flex0_raw=573,flex0_norm=0.140,flex1_raw=573,flex1_norm=0.140,flex2_raw=495,flex2_norm=0.121,flex3_raw=596,flex3_norm=0.146,flex4_raw=495,flex4_norm=0.121",true
word-sequence-v1,session_20261005T212737_676Z,word_please_0013,104,33105,829796,1791235957779,please,words-draft,signer_03,neutral,0x70,0.947000000000,0.372000000000,-0.0940000000000,-44.8930000000,2.61100000000,-11.3280000000,573,573,493,595,493,"seq=33105,t_ms=829796,who=0x70,ax=0.947,ay=0.372,az=-0.094,gx=-44.893,gy=2.611,gz=-11.328,expected=-,pred=5,pred_conf=100.0,flex0_raw=573,flex0_norm=0.140,flex1_raw=573,flex1_norm=0.140,flex2_raw=493,flex2_norm=0.120,flex3_raw=595,flex3_norm=0.145,flex4_raw=493,flex4_norm=0.120",true
word-sequence-v1,session_20261005T212737_676Z,word_please_0013,105,33106,829821,1791235957800,please,words-draft,signer_03,neutral,0x70,0.968000000000,0.358000000000,-0.0390000000000,-33.2290000000,16.2670000000,4.24400000000,573,573,492,595,494,"seq=33106,t_ms=829821,who=0x70,ax=0.968,ay=0.358,az=-0.039,gx=-33.229,gy=16.267,gz=4.244,expected=-,pred=5,pred_conf=100.0,flex0_raw=573,flex0_norm=0.140,flex1_raw=573,flex1_norm=0.140,flex2_raw=492,flex2_norm=0.120,flex3_raw=595,flex3_norm=0.145,flex4_raw=494,flex4_norm=0.121",true
word-sequence-v1,session_20261005T212737_676Z,word_please_0013,106,33107,829846,1791235957828,please,words-draft,signer_03,neutral,0x70,0.984000000000,0.347000000000,-0.0270000000000,-20.0080000000,29.4430000000,9.84700000000,572,573,492,595,495,"seq=33107,t_ms=829846,who=0x70,ax=0.984,ay=0.347,az=-0.027,gx=-20.008,gy=29.443,gz=9.847,expected=-,pred=5,pred_conf=100.0,flex0_raw=572,flex0_norm=0.140,flex1_raw=573,flex1_norm=0.140,flex2_raw=492,flex2_norm=0.120,flex3_raw=595,flex3_norm=0.145,flex4_raw=495,flex4_norm=0.121",true
word-sequence-v1,session_20261005T212737_676Z,word_please_0013,107,33108,829871,1791235957830,please,words-draft,signer_03,neutral,0x70,0.988000000000,0.296000000000,-0.0480000000000,-14.7860000000,23.2750000000,11.6870000000,571,573,491,595,495,"seq=33108,t_ms=829871,who=0x70,ax=0.988,ay=0.296,az=-0.048,gx=-14.786,gy=23.275,gz=11.687,expected=-,pred=5,pred_conf=100.0,flex0_raw=571,flex0_norm=0.139,flex1_raw=573,flex1_norm=0.140,flex2_raw=491,flex2_norm=0.120,flex3_raw=595,flex3_norm=0.145,flex4_raw=495,flex4_norm=0.121",true
word-sequence-v1,session_20261005T212737_676Z,word_please_0013,108,33109,829896,1791235957864,please,words-draft,signer_03,neutral,0x70,1.00300000000,0.247000000000,-0.0650000000000,-5.93100000000,16.4810000000,13.2980000000,572,572,491,595,495,"seq=33109,t_ms=829896,who=0x70,ax=1.003,ay=0.247,az=-0.065,gx=-5.931,gy=16.481,gz=13.298,expected=-,pred=5,pred_conf=100.0,flex0_raw=572,flex0_norm=0.140,flex1_raw=572,flex1_norm=0.140,flex2_raw=491,flex2_norm=0.120,flex3_raw=595,flex3_norm=0.145,flex4_raw=495,flex4_norm=0.121",true
word-sequence-v1,session_20261005T212737_676Z,word_please_0013,109,33110,829921,1791235957891,please,words-draft,signer_03,neutral,0x70,1.00000000000,0.232000000000,-0.0730000000000,-0.573000000000,7.29800000000,13.7250000000,571,571,491,595,495,"seq=33110,t_ms=829921,who=0x70,ax=1.000,ay=0.232,az=-0.073,gx=-0.573,gy=7.298,gz=13.725,expected=-,pred=5,pred_conf=100.0,flex0_raw=571,flex0_norm=0.139,flex1_raw=571,flex1_norm=0.139,flex2_raw=491,flex2_norm=0.120,flex3_raw=595,flex3_norm=0.145,flex4_raw=495,flex4_norm=0.121",true
word-sequence-v1,session_20261005T212737_676Z,word_please_0013,110,33111,829946,1791235957931,please,words-draft,signer_03,neutral,0x70,1.01800000000,0.214000000000,-0.0790000000000,-1.03800000000,13.8700000000,6.03100000000,573,571,491,595,495,"seq=33111,t_ms=829946,who=0x70,ax=1.018,ay=0.214,az=-0.079,gx=-1.038,gy=13.870,gz=6.031,expected=-,pred=5,pred_conf=100.0,flex0_raw=573,flex0_norm=0.140,flex1_raw=571,flex1_norm=0.139,flex2_raw=491,flex2_norm=0.120,flex3_raw=595,flex3_norm=0.145,flex4_raw=495,flex4_norm=0.121",true
word-sequence-v1,session_20261005T212737_676Z,word_please_0013,111,33112,829971,1791235957960,please,words-draft,signer_03,neutral,0x70,1.01700000000,0.226000000000,-0.0660000000000,-7.19100000000,17.4660000000,1.84700000000,573,572,491,595,495,"seq=33112,t_ms=829971,who=0x70,ax=1.017,ay=0.226,az=-0.066,gx=-7.191,gy=17.466,gz=1.847,expected=-,pred=5,pred_conf=100.0,flex0_raw=573,flex0_norm=0.140,flex1_raw=572,flex1_norm=0.140,flex2_raw=491,flex2_norm=0.120,flex3_raw=595,flex3_norm=0.145,flex4_raw=495,flex4_norm=0.121",true
word-sequence-v1,session_20261005T212737_676Z,word_please_0013,112,33113,829996,1791235957995,please,words-draft,signer_03,neutral,0x70,1.00900000000,0.235000000000,-0.0410000000000,-5.51900000000,12.9240000000,5.04600000000,573,573,491,595,495,"seq=33113,t_ms=829996,who=0x70,ax=1.009,ay=0.235,az=-0.041,gx=-5.519,gy=12.924,gz=5.046,expected=-,pred=5,pred_conf=100.0,flex0_raw=573,flex0_norm=0.140,flex1_raw=573,flex1_norm=0.140,flex2_raw=491,flex2_norm=0.120,flex3_raw=595,flex3_norm=0.145,flex4_raw=495,flex4_norm=0.121",true
word-sequence-v1,session_20261005T212737_676Z,word_please_0013,113,33114,830021,1791235957995,please,words-draft,signer_03,neutral,0x70,1.02600000000,0.235000000000,-0.0110000000000,-1.81700000000,7.84700000000,10.9240000000,572,573,490,595,495,"seq=33114,t_ms=830021,who=0x70,ax=1.026,ay=0.235,az=-0.011,gx=-1.817,gy=7.847,gz=10.924,expected=-,pred=5,pred_conf=100.0,flex0_raw=572,flex0_norm=0.140,flex1_raw=573,flex1_norm=0.140,flex2_raw=490,flex2_norm=0.120,flex3_raw=595,flex3_norm=0.145,flex4_raw=495,flex4_norm=0.121",true
word-sequence-v1,session_20261005T212737_676Z,word_please_0013,114,33115,830046,1791235958023,please,words-draft,signer_03,neutral,0x70,1.02000000000,0.198000000000,-0.00500000000000,-3.88500000000,10.0000000000,13.0230000000,572,572,491,595,496,"seq=33115,t_ms=830046,who=0x70,ax=1.020,ay=0.198,az=-0.005,gx=-3.885,gy=10.000,gz=13.023,expected=-,pred=5,pred_conf=100.0,flex0_raw=572,flex0_norm=0.140,flex1_raw=572,flex1_norm=0.140,flex2_raw=491,flex2_norm=0.120,flex3_raw=595,flex3_norm=0.145,flex4_raw=496,flex4_norm=0.121",true
word-sequence-v1,session_20261005T212737_676Z,word_please_0013,115,33116,830071,1791235958043,please,words-draft,signer_03,neutral,0x70,1.01000000000,0.169000000000,-0.00300000000000,-7.63400000000,7.54200000000,11.9690000000,573,572,491,595,494,"seq=33116,t_ms=830071,who=0x70,ax=1.010,ay=0.169,az=-0.003,gx=-7.634,gy=7.542,gz=11.969,expected=-,pred=5,pred_conf=100.0,flex0_raw=573,flex0_norm=0.140,flex1_raw=572,flex1_norm=0.140,flex2_raw=491,flex2_norm=0.120,flex3_raw=595,flex3_norm=0.145,flex4_raw=494,flex4_norm=0.121",true
word-sequence-v1,session_20261005T212737_676Z,word_please_0013,116,33117,830096,1791235958068,please,words-draft,signer_03,neutral,0x70,1.01400000000,0.177000000000,-0.0130000000000,-9.26700000000,-5.00000000000,11.5190000000,573,572,491,595,495,"seq=33117,t_ms=830096,who=0x70,ax=1.014,ay=0.177,az=-0.013,gx=-9.267,gy=-5.000,gz=11.519,expected=-,pred=5,pred_conf=100.0,flex0_raw=573,flex0_norm=0.140,flex1_raw=572,flex1_norm=0.140,flex2_raw=491,flex2_norm=0.120,flex3_raw=595,flex3_norm=0.145,flex4_raw=495,flex4_norm=0.121",true
word-sequence-v1,session_20261005T212737_676Z,word_please_0013,117,33118,830121,1791235958104,please,words-draft,signer_03,neutral,0x70,1.01500000000,0.172000000000,-0.0120000000000,-8.25200000000,-15.6490000000,15.5270000000,574,573,491,595,493,"seq=33118,t_ms=830121,who=0x70,ax=1.015,ay=0.172,az=-0.012,gx=-8.252,gy=-15.649,gz=15.527,expected=-,pred=5,pred_conf=100.0,flex0_raw=574,flex0_norm=0.140,flex1_raw=573,flex1_norm=0.140,flex2_raw=491,flex2_norm=0.120,flex3_raw=595,flex3_norm=0.145,flex4_raw=493,flex4_norm=0.120",true
word-sequence-v1,session_20261005T212737_676Z,word_please_0013,118,33119,830146,1791235958137,please,words-draft,signer_03,neutral,0x70,1.01900000000,0.183000000000,-0.0290000000000,-6.68700000000,-12.4120000000,17.6180000000,574,574,491,595,496,"seq=33119,t_ms=830146,who=0x70,ax=1.019,ay=0.183,az=-0.029,gx=-6.687,gy=-12.412,gz=17.618,expected=-,pred=5,pred_conf=100.0,flex0_raw=574,flex0_norm=0.140,flex1_raw=574,flex1_norm=0.140,flex2_raw=491,flex2_norm=0.120,flex3_raw=595,flex3_norm=0.145,flex4_raw=496,flex4_norm=0.121",true
word-sequence-v1,session_20261005T212737_676Z,word_please_0013,119,33120,830171,1791235958137,please,words-draft,signer_03,neutral,0x70,0.999000000000,0.198000000000,-0.0220000000000,-5.31300000000,-3.69500000000,17.1680000000,573,574,499,595,496,"seq=33120,t_ms=830171,who=0x70,ax=0.999,ay=0.198,az=-0.022,gx=-5.313,gy=-3.695,gz=17.168,expected=-,pred=5,pred_conf=100.0,flex0_raw=573,flex0_norm=0.140,flex1_raw=574,flex1_norm=0.140,flex2_raw=499,flex2_norm=0.122,flex3_raw=595,flex3_norm=0.145,flex4_raw=496,flex4_norm=0.121",true
word-sequence-v1,session_20261005T212737_676Z,word_please_0013,120,33121,830196,1791235958177,please,words-draft,signer_03,neutral,0x70,1.01200000000,0.189000000000,-0.0210000000000,-3.25200000000,-8.34400000000,22.3440000000,573,574,499,595,495,"seq=33121,t_ms=830196,who=0x70,ax=1.012,ay=0.189,az=-0.021,gx=-3.252,gy=-8.344,gz=22.344,expected=-,pred=5,pred_conf=100.0,flex0_raw=573,flex0_norm=0.140,flex1_raw=574,flex1_norm=0.140,flex2_raw=499,flex2_norm=0.122,flex3_raw=595,flex3_norm=0.145,flex4_raw=495,flex4_norm=0.121",true
word-sequence-v1,session_20261005T212737_676Z,word_please_0013,121,33122,830221,1791235958198,please,words-draft,signer_03,neutral,0x70,0.991000000000,0.145000000000,-0.0160000000000,-10.2520000000,-0.511000000000,15.9920000000,573,573,501,596,495,"seq=33122,t_ms=830221,who=0x70,ax=0.991,ay=0.145,az=-0.016,gx=-10.252,gy=-0.511,gz=15.992,expected=-,pred=5,pred_conf=100.0,flex0_raw=573,flex0_norm=0.140,flex1_raw=573,flex1_norm=0.140,flex2_raw=501,flex2_norm=0.122,flex3_raw=596,flex3_norm=0.146,flex4_raw=495,flex4_norm=0.121",true
word-sequence-v1,session_20261005T212737_676Z,word_please_0013,122,33123,830246,1791235958221,please,words-draft,signer_03,neutral,0x70,1.01800000000,0.159000000000,-0.00200000000000,-15.9010000000,3.12200000000,11.7790000000,573,573,503,595,496,"seq=33123,t_ms=830246,who=0x70,ax=1.018,ay=0.159,az=-0.002,gx=-15.901,gy=3.122,gz=11.779,expected=-,pred=5,pred_conf=100.0,flex0_raw=573,flex0_norm=0.140,flex1_raw=573,flex1_norm=0.140,flex2_raw=503,flex2_norm=0.123,flex3_raw=595,flex3_norm=0.145,flex4_raw=496,flex4_norm=0.121",true
word-sequence-v1,session_20261005T212737_676Z,word_please_0013,123,33124,830271,1791235958248,please,words-draft,signer_03,neutral,0x70,1.02100000000,0.147000000000,-0.0120000000000,-11.5950000000,-11.9690000000,14.8240000000,572,572,503,596,495,"seq=33124,t_ms=830271,who=0x70,ax=1.021,ay=0.147,az=-0.012,gx=-11.595,gy=-11.969,gz=14.824,expected=-,pred=5,pred_conf=100.0,flex0_raw=572,flex0_norm=0.140,flex1_raw=572,flex1_norm=0.140,flex2_raw=503,flex2_norm=0.123,flex3_raw=596,flex3_norm=0.146,flex4_raw=495,flex4_norm=0.121",true
word-sequence-v1,session_20261005T212737_676Z,word_please_0013,124,33125,830296,1791235958282,please,words-draft,signer_03,neutral,0x70,1.00300000000,0.140000000000,-0.0340000000000,-9.99200000000,-20.7480000000,15.9010000000,572,572,503,595,495,"seq=33125,t_ms=830296,who=0x70,ax=1.003,ay=0.140,az=-0.034,gx=-9.992,gy=-20.748,gz=15.901,expected=-,pred=5,pred_conf=100.0,flex0_raw=572,flex0_norm=0.140,flex1_raw=572,flex1_norm=0.140,flex2_raw=503,flex2_norm=0.123,flex3_raw=595,flex3_norm=0.145,flex4_raw=495,flex4_norm=0.121",true
word-sequence-v1,session_20261005T212737_676Z,word_please_0013,125,33126,830321,1791235958284,please,words-draft,signer_03,neutral,0x70,0.993000000000,0.100000000000,-0.0520000000000,-11.0460000000,-21.4200000000,14.7630000000,573,573,501,595,495,"seq=33126,t_ms=830321,who=0x70,ax=0.993,ay=0.100,az=-0.052,gx=-11.046,gy=-21.420,gz=14.763,expected=-,pred=5,pred_conf=100.0,flex0_raw=573,flex0_norm=0.140,flex1_raw=573,flex1_norm=0.140,flex2_raw=501,flex2_norm=0.122,flex3_raw=595,flex3_norm=0.145,flex4_raw=495,flex4_norm=0.121",true
word-sequence-v1,session_20261005T212737_676Z,word_please_0013,126,33127,830346,1791235958340,please,words-draft,signer_03,neutral,0x70,0.989000000000,0.121000000000,-0.0710000000000,-13.1830000000,-18.4200000000,6.22900000000,572,573,500,595,494,"seq=33127,t_ms=830346,who=0x70,ax=0.989,ay=0.121,az=-0.071,gx=-13.183,gy=-18.420,gz=6.229,expected=-,pred=5,pred_conf=100.0,flex0_raw=572,flex0_norm=0.140,flex1_raw=573,flex1_norm=0.140,flex2_raw=500,flex2_norm=0.122,flex3_raw=595,flex3_norm=0.145,flex4_raw=494,flex4_norm=0.121",true
word-sequence-v1,session_20261005T212737_676Z,word_please_0013,127,33128,830371,1791235958341,please,words-draft,signer_03,neutral,0x70,0.989000000000,0.106000000000,-0.0810000000000,-13.1450000000,-12.2820000000,4.39700000000,573,573,498,595,495,"seq=33128,t_ms=830371,who=0x70,ax=0.989,ay=0.106,az=-0.081,gx=-13.145,gy=-12.282,gz=4.397,expected=-,pred=5,pred_conf=100.0,flex0_raw=573,flex0_norm=0.140,flex1_raw=573,flex1_norm=0.140,flex2_raw=498,flex2_norm=0.122,flex3_raw=595,flex3_norm=0.145,flex4_raw=495,flex4_norm=0.121",true
word-sequence-v1,session_20261005T212737_676Z,word_please_0014,0,33776,846575,1791235974573,please,words-draft,signer_04,neutral,0x70,0.985000000000,0.0470000000000,-0.0920000000000,-5.35900000000,5.46600000000,-1.81700000000,533,533,505,589,494,"seq=33776,t_ms=846575,who=0x70,ax=0.985,ay=0.047,az=-0.092,gx=-5.359,gy=5.466,gz=-1.817,expected=-,pred=5,pred_conf=100.0,flex0_raw=533,flex0_norm=0.130,flex1_raw=533,flex1_norm=0.130,flex2_raw=505,flex2_norm=0.123,flex3_raw=589,flex3_norm=0.144,flex4_raw=494,flex4_norm=0.121",true
word-sequence-v1,session_20261005T212737_676Z,word_please_0014,1,33777,846600,1791235974575,please,words-draft,signer_04,neutral,0x70,1.00100000000,0.0490000000000,-0.0860000000000,-6.03800000000,7.15300000000,-1.90800000000,534,535,507,587,499,"seq=33777,t_ms=846600,who=0x70,ax=1.001,ay=0.049,az=-0.086,gx=-6.038,gy=7.153,gz=-1.908,expected=-,pred=5,pred_conf=100.0,flex0_raw=534,flex0_norm=0.130,flex1_raw=535,flex1_norm=0.131,flex2_raw=507,flex2_norm=0.124,flex3_raw=587,flex3_norm=0.143,flex4_raw=499,flex4_norm=0.122",true
word-sequence-v1,session_20261005T212737_676Z,word_please_0014,2,33778,846625,1791235974598,please,words-draft,signer_04,neutral,0x70,1.00000000000,0.0590000000000,-0.0860000000000,-7.00000000000,4.34400000000,-1.38200000000,533,533,505,589,495,"seq=33778,t_ms=846625,who=0x70,ax=1.000,ay=0.059,az=-0.086,gx=-7.000,gy=4.344,gz=-1.382,expected=-,pred=5,pred_conf=100.0,flex0_raw=533,flex0_norm=0.130,flex1_raw=533,flex1_norm=0.130,flex2_raw=505,flex2_norm=0.123,flex3_raw=589,flex3_norm=0.144,flex4_raw=495,flex4_norm=0.121",true
word-sequence-v1,session_20261005T212737_676Z,word_please_0014,3,33779,846650,1791235974633,please,words-draft,signer_04,neutral,0x70,1.01000000000,0.0650000000000,-0.0740000000000,-4.41200000000,3.86300000000,-1.32800000000,534,533,505,589,498,"seq=33779,t_ms=846650,who=0x70,ax=1.010,ay=0.065,az=-0.074,gx=-4.412,gy=3.863,gz=-1.328,expected=-,pred=5,pred_conf=100.0,flex0_raw=534,flex0_norm=0.130,flex1_raw=533,flex1_norm=0.130,flex2_raw=505,flex2_norm=0.123,flex3_raw=589,flex3_norm=0.144,flex4_raw=498,flex4_norm=0.122",true
word-sequence-v1,session_20261005T212737_676Z,word_please_0014,4,33780,846675,1791235974634,please,words-draft,signer_04,neutral,0x70,1.00600000000,0.0640000000000,-0.0790000000000,-4.19800000000,5.13000000000,-2.93900000000,533,533,505,588,495,"seq=33780,t_ms=846675,who=0x70,ax=1.006,ay=0.064,az=-0.079,gx=-4.198,gy=5.130,gz=-2.939,expected=-,pred=5,pred_conf=100.0,flex0_raw=533,flex0_norm=0.130,flex1_raw=533,flex1_norm=0.130,flex2_raw=505,flex2_norm=0.123,flex3_raw=588,flex3_norm=0.144,flex4_raw=495,flex4_norm=0.121",true
word-sequence-v1,session_20261005T212737_676Z,word_please_0014,5,33781,846700,1791235974664,please,words-draft,signer_04,neutral,0x70,1.01200000000,0.0490000000000,-0.101000000000,-4.18300000000,3.60300000000,-1.80900000000,533,533,505,587,497,"seq=33781,t_ms=846700,who=0x70,ax=1.012,ay=0.049,az=-0.101,gx=-4.183,gy=3.603,gz=-1.809,expected=-,pred=5,pred_conf=100.0,flex0_raw=533,flex0_norm=0.130,flex1_raw=533,flex1_norm=0.130,flex2_raw=505,flex2_norm=0.123,flex3_raw=587,flex3_norm=0.143,flex4_raw=497,flex4_norm=0.121",true
word-sequence-v1,session_20261005T212737_676Z,word_please_0014,6,33782,846725,1791235974701,please,words-draft,signer_04,neutral,0x70,1.00300000000,0.0640000000000,-0.112000000000,-4.05300000000,5.24400000000,-0.916000000000,533,534,505,589,495,"seq=33782,t_ms=846725,who=0x70,ax=1.003,ay=0.064,az=-0.112,gx=-4.053,gy=5.244,gz=-0.916,expected=-,pred=5,pred_conf=100.0,flex0_raw=533,flex0_norm=0.130,flex1_raw=534,flex1_norm=0.130,flex2_raw=505,flex2_norm=0.123,flex3_raw=589,flex3_norm=0.144,flex4_raw=495,flex4_norm=0.121",true
word-sequence-v1,session_20261005T212737_676Z,word_please_0014,7,33783,846750,1791235974729,please,words-draft,signer_04,neutral,0x70,1.00700000000,0.0760000000000,-0.0990000000000,-1.59500000000,7.17600000000,-0.702000000000,534,533,504,588,495,"seq=33783,t_ms=846750,who=0x70,ax=1.007,ay=0.076,az=-0.099,gx=-1.595,gy=7.176,gz=-0.702,expected=-,pred=5,pred_conf=100.0,flex0_raw=534,flex0_norm=0.130,flex1_raw=533,flex1_norm=0.130,flex2_raw=504,flex2_norm=0.123,flex3_raw=588,flex3_norm=0.144,flex4_raw=495,flex4_norm=0.121",true
word-sequence-v1,session_20261005T212737_676Z,word_please_0014,8,33784,846775,1791235974768,please,words-draft,signer_04,neutral,0x70,0.992000000000,0.0770000000000,-0.0790000000000,0.893000000000,11.0840000000,-1.55700000000,533,533,505,587,495,"seq=33784,t_ms=846775,who=0x70,ax=0.992,ay=0.077,az=-0.079,gx=0.893,gy=11.084,gz=-1.557,expected=-,pred=5,pred_conf=100.0,flex0_raw=533,flex0_norm=0.130,flex1_raw=533,flex1_norm=0.130,flex2_raw=505,flex2_norm=0.123,flex3_raw=587,flex3_norm=0.143,flex4_raw=495,flex4_norm=0.121",true
word-sequence-v1,session_20261005T212737_676Z,word_please_0014,9,33785,846800,1791235974800,please,words-draft,signer_04,neutral,0x70,1.01500000000,0.0830000000000,-0.0870000000000,3.86300000000,11.8780000000,-1.57300000000,533,535,504,587,497,"seq=33785,t_ms=846800,who=0x70,ax=1.015,ay=0.083,az=-0.087,gx=3.863,gy=11.878,gz=-1.573,expected=-,pred=5,pred_conf=100.0,flex0_raw=533,flex0_norm=0.130,flex1_raw=535,flex1_norm=0.131,flex2_raw=504,flex2_norm=0.123,flex3_raw=587,flex3_norm=0.143,flex4_raw=497,flex4_norm=0.121",true
word-sequence-v1,session_20261005T212737_676Z,word_please_0014,10,33786,846825,1791235974801,please,words-draft,signer_04,neutral,0x70,1.00400000000,0.0920000000000,-0.0850000000000,3.43500000000,10.0920000000,-1.53400000000,533,535,505,589,496,"seq=33786,t_ms=846825,who=0x70,ax=1.004,ay=0.092,az=-0.085,gx=3.435,gy=10.092,gz=-1.534,expected=-,pred=5,pred_conf=100.0,flex0_raw=533,flex0_norm=0.130,flex1_raw=535,flex1_norm=0.131,flex2_raw=505,flex2_norm=0.123,flex3_raw=589,flex3_norm=0.144,flex4_raw=496,flex4_norm=0.121",true
word-sequence-v1,session_20261005T212737_676Z,word_please_0014,11,33787,846850,1791235974831,please,words-draft,signer_04,neutral,0x70,1.01800000000,0.0900000000000,-0.0910000000000,2.00000000000,9.99200000000,-2.48900000000,535,534,505,588,499,"seq=33787,t_ms=846850,who=0x70,ax=1.018,ay=0.090,az=-0.091,gx=2.000,gy=9.992,gz=-2.489,expected=-,pred=5,pred_conf=100.0,flex0_raw=535,flex0_norm=0.131,flex1_raw=534,flex1_norm=0.130,flex2_raw=505,flex2_norm=0.123,flex3_raw=588,flex3_norm=0.144,flex4_raw=499,flex4_norm=0.122",true
word-sequence-v1,session_20261005T212737_676Z,word_please_0014,12,33788,846875,1791235974838,please,words-draft,signer_04,neutral,0x70,1.07000000000,0.0670000000000,-0.0890000000000,2.67900000000,16.2520000000,0.221000000000,534,533,505,588,496,"seq=33788,t_ms=846875,who=0x70,ax=1.070,ay=0.067,az=-0.089,gx=2.679,gy=16.252,gz=0.221,expected=-,pred=5,pred_conf=100.0,flex0_raw=534,flex0_norm=0.130,flex1_raw=533,flex1_norm=0.130,flex2_raw=505,flex2_norm=0.123,flex3_raw=588,flex3_norm=0.144,flex4_raw=496,flex4_norm=0.121",true
word-sequence-v1,session_20261005T212737_676Z,word_please_0014,13,33789,846900,1791235974868,please,words-draft,signer_04,neutral,0x70,1.11600000000,0.0150000000000,-0.0740000000000,1.24400000000,17.3890000000,2.45000000000,533,533,505,588,498,"seq=33789,t_ms=846900,who=0x70,ax=1.116,ay=0.015,az=-0.074,gx=1.244,gy=17.389,gz=2.450,expected=-,pred=5,pred_conf=100.0,flex0_raw=533,flex0_norm=0.130,flex1_raw=533,flex1_norm=0.130,flex2_raw=505,flex2_norm=0.123,flex3_raw=588,flex3_norm=0.144,flex4_raw=498,flex4_norm=0.122",true
word-sequence-v1,session_20261005T212737_676Z,word_please_0014,14,33790,846925,1791235974906,please,words-draft,signer_04,neutral,0x70,1.18600000000,-0.0540000000000,-0.0540000000000,2.15300000000,16.9770000000,5.16000000000,533,533,504,588,496,"seq=33790,t_ms=846925,who=0x70,ax=1.186,ay=-0.054,az=-0.054,gx=2.153,gy=16.977,gz=5.160,expected=-,pred=5,pred_conf=100.0,flex0_raw=533,flex0_norm=0.130,flex1_raw=533,flex1_norm=0.130,flex2_raw=504,flex2_norm=0.123,flex3_raw=588,flex3_norm=0.144,flex4_raw=496,flex4_norm=0.121",true
word-sequence-v1,session_20261005T212737_676Z,word_please_0014,15,33791,846950,1791235974947,please,words-draft,signer_04,neutral,0x70,1.30100000000,-0.188000000000,-0.0930000000000,5.15300000000,33.3970000000,14.6560000000,535,533,503,587,495,"seq=33791,t_ms=846950,who=0x70,ax=1.301,ay=-0.188,az=-0.093,gx=5.153,gy=33.397,gz=14.656,expected=-,pred=5,pred_conf=100.0,flex0_raw=535,flex0_norm=0.131,flex1_raw=533,flex1_norm=0.130,flex2_raw=503,flex2_norm=0.123,flex3_raw=587,flex3_norm=0.143,flex4_raw=495,flex4_norm=0.121",true
word-sequence-v1,session_20261005T212737_676Z,word_please_0014,16,33792,846975,1791235974948,please,words-draft,signer_04,neutral,0x70,1.23300000000,-0.310000000000,-0.0490000000000,14.4500000000,63.9160000000,17.1300000000,533,533,504,585,495,"seq=33792,t_ms=846975,who=0x70,ax=1.233,ay=-0.310,az=-0.049,gx=14.450,gy=63.916,gz=17.130,expected=-,pred=5,pred_conf=100.0,flex0_raw=533,flex0_norm=0.130,flex1_raw=533,flex1_norm=0.130,flex2_raw=504,flex2_norm=0.123,flex3_raw=585,flex3_norm=0.143,flex4_raw=495,flex4_norm=0.121",true
word-sequence-v1,session_20261005T212737_676Z,word_please_0014,17,33793,847000,1791235974971,please,words-draft,signer_04,neutral,0x70,1.12900000000,-0.314000000000,0.0760000000000,4.76300000000,50.4050000000,-6.02300000000,533,532,503,585,493,"seq=33793,t_ms=847000,who=0x70,ax=1.129,ay=-0.314,az=0.076,gx=4.763,gy=50.405,gz=-6.023,expected=-,pred=5,pred_conf=100.0,flex0_raw=533,flex0_norm=0.130,flex1_raw=532,flex1_norm=0.130,flex2_raw=503,flex2_norm=0.123,flex3_raw=585,flex3_norm=0.143,flex4_raw=493,flex4_norm=0.120",true
word-sequence-v1,session_20261005T212737_676Z,word_please_0014,18,33794,847025,1791235974992,please,words-draft,signer_04,neutral,0x70,1.01500000000,-0.148000000000,0.157000000000,-12.1530000000,-1.22900000000,-35.9160000000,533,532,504,582,491,"seq=33794,t_ms=847025,who=0x70,ax=1.015,ay=-0.148,az=0.157,gx=-12.153,gy=-1.229,gz=-35.916,expected=-,pred=5,pred_conf=100.0,flex0_raw=533,flex0_norm=0.130,flex1_raw=532,flex1_norm=0.130,flex2_raw=504,flex2_norm=0.123,flex3_raw=582,flex3_norm=0.142,flex4_raw=491,flex4_norm=0.120",true
word-sequence-v1,session_20261005T212737_676Z,word_please_0014,19,33795,847050,1791235975019,please,words-draft,signer_04,neutral,0x70,0.987000000000,-0.0610000000000,0.162000000000,-46.3740000000,-69.2520000000,-33.2210000000,532,533,505,583,492,"seq=33795,t_ms=847050,who=0x70,ax=0.987,ay=-0.061,az=0.162,gx=-46.374,gy=-69.252,gz=-33.221,expected=-,pred=5,pred_conf=100.0,flex0_raw=532,flex0_norm=0.130,flex1_raw=533,flex1_norm=0.130,flex2_raw=505,flex2_norm=0.123,flex3_raw=583,flex3_norm=0.142,flex4_raw=492,flex4_norm=0.120",true
word-sequence-v1,session_20261005T212737_676Z,word_please_0014,20,33796,847075,1791235975062,please,words-draft,signer_04,neutral,0x70,0.909000000000,-0.00300000000000,0.128000000000,-57.1830000000,-91.6410000000,-11.5270000000,533,532,503,583,491,"seq=33796,t_ms=847075,who=0x70,ax=0.909,ay=-0.003,az=0.128,gx=-57.183,gy=-91.641,gz=-11.527,expected=-,pred=5,pred_conf=100.0,flex0_raw=533,flex0_norm=0.130,flex1_raw=532,flex1_norm=0.130,flex2_raw=503,flex2_norm=0.123,flex3_raw=583,flex3_norm=0.142,flex4_raw=491,flex4_norm=0.120",true
word-sequence-v1,session_20261005T212737_676Z,word_please_0014,21,33797,847100,1791235975098,please,words-draft,signer_04,neutral,0x70,0.820000000000,0.0690000000000,0.0530000000000,-57.0760000000,-83.0230000000,-7.57300000000,533,531,504,585,493,"seq=33797,t_ms=847100,who=0x70,ax=0.820,ay=0.069,az=0.053,gx=-57.076,gy=-83.023,gz=-7.573,expected=-,pred=5,pred_conf=100.0,flex0_raw=533,flex0_norm=0.130,flex1_raw=531,flex1_norm=0.130,flex2_raw=504,flex2_norm=0.123,flex3_raw=585,flex3_norm=0.143,flex4_raw=493,flex4_norm=0.120",true
word-sequence-v1,session_20261005T212737_676Z,word_please_0014,22,33798,847125,1791235975098,please,words-draft,signer_04,neutral,0x70,0.745000000000,0.149000000000,0.0320000000000,-55.7560000000,-62.0610000000,3.22900000000,534,535,504,589,493,"seq=33798,t_ms=847125,who=0x70,ax=0.745,ay=0.149,az=0.032,gx=-55.756,gy=-62.061,gz=3.229,expected=-,pred=5,pred_conf=100.0,flex0_raw=534,flex0_norm=0.130,flex1_raw=535,flex1_norm=0.131,flex2_raw=504,flex2_norm=0.123,flex3_raw=589,flex3_norm=0.144,flex4_raw=493,flex4_norm=0.120",true
word-sequence-v1,session_20261005T212737_676Z,word_please_0014,23,33799,847150,1791235975132,please,words-draft,signer_04,neutral,0x70,0.673000000000,0.135000000000,-0.0400000000000,-50.7860000000,-25.9240000000,-5.34400000000,533,533,504,589,495,"seq=33799,t_ms=847150,who=0x70,ax=0.673,ay=0.135,az=-0.040,gx=-50.786,gy=-25.924,gz=-5.344,expected=-,pred=5,pred_conf=100.0,flex0_raw=533,flex0_norm=0.130,flex1_raw=533,flex1_norm=0.130,flex2_raw=504,flex2_norm=0.123,flex3_raw=589,flex3_norm=0.144,flex4_raw=495,flex4_norm=0.121",true
word-sequence-v1,session_20261005T212737_676Z,word_please_0014,24,33800,847175,1791235975138,please,words-draft,signer_04,neutral,0x70,0.677000000000,0.175000000000,-0.0820000000000,-40.1150000000,-15.9310000000,-2.56500000000,533,533,504,589,495,"seq=33800,t_ms=847175,who=0x70,ax=0.677,ay=0.175,az=-0.082,gx=-40.115,gy=-15.931,gz=-2.565,expected=-,pred=5,pred_conf=100.0,flex0_raw=533,flex0_norm=0.130,flex1_raw=533,flex1_norm=0.130,flex2_raw=504,flex2_norm=0.123,flex3_raw=589,flex3_norm=0.144,flex4_raw=495,flex4_norm=0.121",true
word-sequence-v1,session_20261005T212737_676Z,word_please_0014,25,33801,847200,1791235975168,please,words-draft,signer_04,neutral,0x70,0.693000000000,0.222000000000,-0.0760000000000,-29.0380000000,-15.1600000000,6.73300000000,534,534,504,589,495,"seq=33801,t_ms=847200,who=0x70,ax=0.693,ay=0.222,az=-0.076,gx=-29.038,gy=-15.160,gz=6.733,expected=-,pred=5,pred_conf=100.0,flex0_raw=534,flex0_norm=0.130,flex1_raw=534,flex1_norm=0.130,flex2_raw=504,flex2_norm=0.123,flex3_raw=589,flex3_norm=0.144,flex4_raw=495,flex4_norm=0.121",true
word-sequence-v1,session_20261005T212737_676Z,word_please_0014,26,33802,847225,1791235975257,please,words-draft,signer_04,neutral,0x70,0.714000000000,0.270000000000,-0.0750000000000,-27.8630000000,-3.52700000000,7.00800000000,534,534,506,591,495,"seq=33802,t_ms=847225,who=0x70,ax=0.714,ay=0.270,az=-0.075,gx=-27.863,gy=-3.527,gz=7.008,expected=-,pred=5,pred_conf=100.0,flex0_raw=534,flex0_norm=0.130,flex1_raw=534,flex1_norm=0.130,flex2_raw=506,flex2_norm=0.124,flex3_raw=591,flex3_norm=0.144,flex4_raw=495,flex4_norm=0.121",true
word-sequence-v1,session_20261005T212737_676Z,word_please_0014,27,33803,847250,1791235975260,please,words-draft,signer_04,neutral,0x70,0.762000000000,0.307000000000,-0.0870000000000,-28.4730000000,18.4890000000,6.60300000000,535,534,504,589,495,"seq=33803,t_ms=847250,who=0x70,ax=0.762,ay=0.307,az=-0.087,gx=-28.473,gy=18.489,gz=6.603,expected=-,pred=5,pred_conf=100.0,flex0_raw=535,flex0_norm=0.131,flex1_raw=534,flex1_norm=0.130,flex2_raw=504,flex2_norm=0.123,flex3_raw=589,flex3_norm=0.144,flex4_raw=495,flex4_norm=0.121",true
word-sequence-v1,session_20261005T212737_676Z,word_please_0014,28,33804,847275,1791235975261,please,words-draft,signer_04,neutral,0x70,0.837000000000,0.291000000000,-0.0950000000000,-22.9770000000,53.2290000000,4.46600000000,535,535,504,589,495,"seq=33804,t_ms=847275,who=0x70,ax=0.837,ay=0.291,az=-0.095,gx=-22.977,gy=53.229,gz=4.466,expected=-,pred=5,pred_conf=100.0,flex0_raw=535,flex0_norm=0.131,flex1_raw=535,flex1_norm=0.131,flex2_raw=504,flex2_norm=0.123,flex3_raw=589,flex3_norm=0.144,flex4_raw=495,flex4_norm=0.121",true
word-sequence-v1,session_20261005T212737_676Z,word_please_0014,29,33805,847300,1791235975290,please,words-draft,signer_04,neutral,0x70,0.956000000000,0.296000000000,-0.104000000000,-13.6340000000,72.8700000000,7.03800000000,535,533,505,591,495,"seq=33805,t_ms=847300,who=0x70,ax=0.956,ay=0.296,az=-0.104,gx=-13.634,gy=72.870,gz=7.038,expected=-,pred=5,pred_conf=100.0,flex0_raw=535,flex0_norm=0.131,flex1_raw=533,flex1_norm=0.130,flex2_raw=505,flex2_norm=0.123,flex3_raw=591,flex3_norm=0.144,flex4_raw=495,flex4_norm=0.121",true
word-sequence-v1,session_20261005T212737_676Z,word_please_0014,30,33806,847325,1791235975291,please,words-draft,signer_04,neutral,0x70,1.00900000000,0.325000000000,-0.0990000000000,-1.17600000000,69.8320000000,18.9470000000,535,534,504,589,496,"seq=33806,t_ms=847325,who=0x70,ax=1.009,ay=0.325,az=-0.099,gx=-1.176,gy=69.832,gz=18.947,expected=-,pred=5,pred_conf=100.0,flex0_raw=535,flex0_norm=0.131,flex1_raw=534,flex1_norm=0.130,flex2_raw=504,flex2_norm=0.123,flex3_raw=589,flex3_norm=0.144,flex4_raw=496,flex4_norm=0.121",true
word-sequence-v1,session_20261005T212737_676Z,word_please_0014,31,33807,847350,1791235975318,please,words-draft,signer_04,neutral,0x70,1.11000000000,0.324000000000,-0.0880000000000,6.29000000000,76.1070000000,22.9160000000,534,533,504,589,495,"seq=33807,t_ms=847350,who=0x70,ax=1.110,ay=0.324,az=-0.088,gx=6.290,gy=76.107,gz=22.916,expected=-,pred=5,pred_conf=100.0,flex0_raw=534,flex0_norm=0.130,flex1_raw=533,flex1_norm=0.130,flex2_raw=504,flex2_norm=0.123,flex3_raw=589,flex3_norm=0.144,flex4_raw=495,flex4_norm=0.121",true
word-sequence-v1,session_20261005T212737_676Z,word_please_0014,32,33808,847375,1791235975352,please,words-draft,signer_04,neutral,0x70,1.08000000000,0.262000000000,-0.0840000000000,4.06900000000,82.9690000000,19.6260000000,535,532,503,589,499,"seq=33808,t_ms=847375,who=0x70,ax=1.080,ay=0.262,az=-0.084,gx=4.069,gy=82.969,gz=19.626,expected=-,pred=5,pred_conf=100.0,flex0_raw=535,flex0_norm=0.131,flex1_raw=532,flex1_norm=0.130,flex2_raw=503,flex2_norm=0.123,flex3_raw=589,flex3_norm=0.144,flex4_raw=499,flex4_norm=0.122",true
word-sequence-v1,session_20261005T212737_676Z,word_please_0014,33,33809,847400,1791235975384,please,words-draft,signer_04,neutral,0x70,1.18800000000,0.208000000000,-0.0460000000000,2.37400000000,82.9470000000,6.67900000000,533,532,503,587,496,"seq=33809,t_ms=847400,who=0x70,ax=1.188,ay=0.208,az=-0.046,gx=2.374,gy=82.947,gz=6.679,expected=-,pred=5,pred_conf=100.0,flex0_raw=533,flex0_norm=0.130,flex1_raw=532,flex1_norm=0.130,flex2_raw=503,flex2_norm=0.123,flex3_raw=587,flex3_norm=0.143,flex4_raw=496,flex4_norm=0.121",true
word-sequence-v1,session_20261005T212737_676Z,word_please_0014,34,33810,847425,1791235975385,please,words-draft,signer_04,neutral,0x70,1.23000000000,0.113000000000,0.00500000000000,9.46600000000,63.4730000000,15.2820000000,531,531,501,582,495,"seq=33810,t_ms=847425,who=0x70,ax=1.230,ay=0.113,az=0.005,gx=9.466,gy=63.473,gz=15.282,expected=-,pred=5,pred_conf=100.0,flex0_raw=531,flex0_norm=0.130,flex1_raw=531,flex1_norm=0.130,flex2_raw=501,flex2_norm=0.122,flex3_raw=582,flex3_norm=0.142,flex4_raw=495,flex4_norm=0.121",true
word-sequence-v1,session_20261005T212737_676Z,word_please_0014,35,33811,847450,1791235975419,please,words-draft,signer_04,neutral,0x70,1.30700000000,0.0810000000000,0.0350000000000,10.2750000000,39.3890000000,13.1220000000,531,531,500,583,495,"seq=33811,t_ms=847450,who=0x70,ax=1.307,ay=0.081,az=0.035,gx=10.275,gy=39.389,gz=13.122,expected=-,pred=5,pred_conf=100.0,flex0_raw=531,flex0_norm=0.130,flex1_raw=531,flex1_norm=0.130,flex2_raw=500,flex2_norm=0.122,flex3_raw=583,flex3_norm=0.142,flex4_raw=495,flex4_norm=0.121",true
word-sequence-v1,session_20261005T212737_676Z,word_please_0014,36,33812,847475,1791235975451,please,words-draft,signer_04,neutral,0x70,1.38300000000,-0.00400000000000,0.0460000000000,19.1150000000,29.3360000000,21.8630000000,533,533,501,587,496,"seq=33812,t_ms=847475,who=0x70,ax=1.383,ay=-0.004,az=0.046,gx=19.115,gy=29.336,gz=21.863,expected=-,pred=5,pred_conf=100.0,flex0_raw=533,flex0_norm=0.130,flex1_raw=533,flex1_norm=0.130,flex2_raw=501,flex2_norm=0.122,flex3_raw=587,flex3_norm=0.143,flex4_raw=496,flex4_norm=0.121",true
word-sequence-v1,session_20261005T212737_676Z,word_please_0014,37,33813,847500,1791235975488,please,words-draft,signer_04,neutral,0x70,1.39800000000,-0.0610000000000,0.132000000000,20.4730000000,15.8400000000,18.8630000000,533,535,501,587,495,"seq=33813,t_ms=847500,who=0x70,ax=1.398,ay=-0.061,az=0.132,gx=20.473,gy=15.840,gz=18.863,expected=-,pred=5,pred_conf=100.0,flex0_raw=533,flex0_norm=0.130,flex1_raw=535,flex1_norm=0.131,flex2_raw=501,flex2_norm=0.122,flex3_raw=587,flex3_norm=0.143,flex4_raw=495,flex4_norm=0.121",true
word-sequence-v1,session_20261005T212737_676Z,word_please_0014,38,33814,847525,1791235975517,please,words-draft,signer_04,neutral,0x70,1.37900000000,-0.208000000000,0.205000000000,19.3740000000,-28.0310000000,13.9470000000,533,532,501,587,494,"seq=33814,t_ms=847525,who=0x70,ax=1.379,ay=-0.208,az=0.205,gx=19.374,gy=-28.031,gz=13.947,expected=-,pred=5,pred_conf=100.0,flex0_raw=533,flex0_norm=0.130,flex1_raw=532,flex1_norm=0.130,flex2_raw=501,flex2_norm=0.122,flex3_raw=587,flex3_norm=0.143,flex4_raw=494,flex4_norm=0.121",true
word-sequence-v1,session_20261005T212737_676Z,word_please_0014,39,33815,847550,1791235975550,please,words-draft,signer_04,neutral,0x70,1.33700000000,-0.269000000000,0.234000000000,10.8780000000,-60.0310000000,7.32800000000,533,533,501,586,494,"seq=33815,t_ms=847550,who=0x70,ax=1.337,ay=-0.269,az=0.234,gx=10.878,gy=-60.031,gz=7.328,expected=-,pred=5,pred_conf=100.0,flex0_raw=533,flex0_norm=0.130,flex1_raw=533,flex1_norm=0.130,flex2_raw=501,flex2_norm=0.122,flex3_raw=586,flex3_norm=0.143,flex4_raw=494,flex4_norm=0.121",true
word-sequence-v1,session_20261005T212737_676Z,word_please_0014,40,33816,847575,1791235975551,please,words-draft,signer_04,neutral,0x70,1.24000000000,-0.364000000000,0.199000000000,-0.626000000000,-77.8550000000,-2.52700000000,533,533,501,587,493,"seq=33816,t_ms=847575,who=0x70,ax=1.240,ay=-0.364,az=0.199,gx=-0.626,gy=-77.855,gz=-2.527,expected=-,pred=5,pred_conf=100.0,flex0_raw=533,flex0_norm=0.130,flex1_raw=533,flex1_norm=0.130,flex2_raw=501,flex2_norm=0.122,flex3_raw=587,flex3_norm=0.143,flex4_raw=493,flex4_norm=0.120",true
word-sequence-v1,session_20261005T212737_676Z,word_please_0014,41,33817,847600,1791235975558,please,words-draft,signer_04,neutral,0x70,1.12100000000,-0.411000000000,0.104000000000,-10.6410000000,-88.8170000000,-16.6640000000,533,533,501,589,494,"seq=33817,t_ms=847600,who=0x70,ax=1.121,ay=-0.411,az=0.104,gx=-10.641,gy=-88.817,gz=-16.664,expected=-,pred=5,pred_conf=100.0,flex0_raw=533,flex0_norm=0.130,flex1_raw=533,flex1_norm=0.130,flex2_raw=501,flex2_norm=0.122,flex3_raw=589,flex3_norm=0.144,flex4_raw=494,flex4_norm=0.121",true
word-sequence-v1,session_20261005T212737_676Z,word_please_0014,42,33818,847625,1791235975588,please,words-draft,signer_04,neutral,0x70,1.02900000000,-0.293000000000,0.0700000000000,-12.8240000000,-98.2210000000,-16.4960000000,535,534,501,589,495,"seq=33818,t_ms=847625,who=0x70,ax=1.029,ay=-0.293,az=0.070,gx=-12.824,gy=-98.221,gz=-16.496,expected=-,pred=5,pred_conf=100.0,flex0_raw=535,flex0_norm=0.131,flex1_raw=534,flex1_norm=0.130,flex2_raw=501,flex2_norm=0.122,flex3_raw=589,flex3_norm=0.144,flex4_raw=495,flex4_norm=0.121",true
word-sequence-v1,session_20261005T212737_676Z,word_please_0014,43,33819,847650,1791235975621,please,words-draft,signer_04,neutral,0x70,0.942000000000,-0.217000000000,0.0670000000000,-23.9620000000,-104.626000000,-15.0080000000,535,533,501,589,495,"seq=33819,t_ms=847650,who=0x70,ax=0.942,ay=-0.217,az=0.067,gx=-23.962,gy=-104.626,gz=-15.008,expected=-,pred=5,pred_conf=100.0,flex0_raw=535,flex0_norm=0.131,flex1_raw=533,flex1_norm=0.130,flex2_raw=501,flex2_norm=0.122,flex3_raw=589,flex3_norm=0.144,flex4_raw=495,flex4_norm=0.121",true
word-sequence-v1,session_20261005T212737_676Z,word_please_0014,44,33820,847675,1791235975648,please,words-draft,signer_04,neutral,0x70,0.804000000000,-0.177000000000,0.0560000000000,-23.6720000000,-77.9390000000,-21.4050000000,533,533,500,587,494,"seq=33820,t_ms=847675,who=0x70,ax=0.804,ay=-0.177,az=0.056,gx=-23.672,gy=-77.939,gz=-21.405,expected=-,pred=5,pred_conf=100.0,flex0_raw=533,flex0_norm=0.130,flex1_raw=533,flex1_norm=0.130,flex2_raw=500,flex2_norm=0.122,flex3_raw=587,flex3_norm=0.143,flex4_raw=494,flex4_norm=0.121",true
word-sequence-v1,session_20261005T212737_676Z,word_please_0014,45,33821,847700,1791235975686,please,words-draft,signer_04,neutral,0x70,0.760000000000,-0.103000000000,0.0510000000000,-25.8470000000,-48.1070000000,-26.5110000000,533,533,499,587,494,"seq=33821,t_ms=847700,who=0x70,ax=0.760,ay=-0.103,az=0.051,gx=-25.847,gy=-48.107,gz=-26.511,expected=-,pred=5,pred_conf=100.0,flex0_raw=533,flex0_norm=0.130,flex1_raw=533,flex1_norm=0.130,flex2_raw=499,flex2_norm=0.122,flex3_raw=587,flex3_norm=0.143,flex4_raw=494,flex4_norm=0.121",true
word-sequence-v1,session_20261005T212737_676Z,word_please_0014,46,33822,847725,1791235975687,please,words-draft,signer_04,neutral,0x70,0.683000000000,0.0120000000000,0.0310000000000,-28.8020000000,-42.1910000000,-23.0610000000,533,534,499,587,493,"seq=33822,t_ms=847725,who=0x70,ax=0.683,ay=0.012,az=0.031,gx=-28.802,gy=-42.191,gz=-23.061,expected=-,pred=5,pred_conf=100.0,flex0_raw=533,flex0_norm=0.130,flex1_raw=534,flex1_norm=0.130,flex2_raw=499,flex2_norm=0.122,flex3_raw=587,flex3_norm=0.143,flex4_raw=493,flex4_norm=0.120",true
word-sequence-v1,session_20261005T212737_676Z,word_please_0014,47,33823,847750,1791235975738,please,words-draft,signer_04,neutral,0x70,0.646000000000,0.0490000000000,-0.0200000000000,-30.0990000000,-50.3210000000,-10.1150000000,533,533,495,585,493,"seq=33823,t_ms=847750,who=0x70,ax=0.646,ay=0.049,az=-0.020,gx=-30.099,gy=-50.321,gz=-10.115,expected=-,pred=5,pred_conf=100.0,flex0_raw=533,flex0_norm=0.130,flex1_raw=533,flex1_norm=0.130,flex2_raw=495,flex2_norm=0.121,flex3_raw=585,flex3_norm=0.143,flex4_raw=493,flex4_norm=0.120",true
word-sequence-v1,session_20261005T212737_676Z,word_please_0014,48,33824,847775,1791235975740,please,words-draft,signer_04,neutral,0x70,0.614000000000,0.0870000000000,-0.0800000000000,-32.1300000000,-35.4580000000,-2.28200000000,533,532,499,587,495,"seq=33824,t_ms=847775,who=0x70,ax=0.614,ay=0.087,az=-0.080,gx=-32.130,gy=-35.458,gz=-2.282,expected=-,pred=5,pred_conf=100.0,flex0_raw=533,flex0_norm=0.130,flex1_raw=532,flex1_norm=0.130,flex2_raw=499,flex2_norm=0.122,flex3_raw=587,flex3_norm=0.143,flex4_raw=495,flex4_norm=0.121",true
word-sequence-v1,session_20261005T212737_676Z,word_please_0014,49,33825,847800,1791235975778,please,words-draft,signer_04,neutral,0x70,0.632000000000,0.112000000000,-0.140000000000,-37.1300000000,-8.17600000000,0.802000000000,533,532,499,587,495,"seq=33825,t_ms=847800,who=0x70,ax=0.632,ay=0.112,az=-0.140,gx=-37.130,gy=-8.176,gz=0.802,expected=-,pred=5,pred_conf=100.0,flex0_raw=533,flex0_norm=0.130,flex1_raw=532,flex1_norm=0.130,flex2_raw=499,flex2_norm=0.122,flex3_raw=587,flex3_norm=0.143,flex4_raw=495,flex4_norm=0.121",true
word-sequence-v1,session_20261005T212737_676Z,word_please_0014,50,33826,847825,1791235975802,please,words-draft,signer_04,neutral,0x70,0.628000000000,0.161000000000,-0.145000000000,-45.2670000000,18.0840000000,6.83200000000,533,532,499,585,493,"seq=33826,t_ms=847825,who=0x70,ax=0.628,ay=0.161,az=-0.145,gx=-45.267,gy=18.084,gz=6.832,expected=-,pred=5,pred_conf=100.0,flex0_raw=533,flex0_norm=0.130,flex1_raw=532,flex1_norm=0.130,flex2_raw=499,flex2_norm=0.122,flex3_raw=585,flex3_norm=0.143,flex4_raw=493,flex4_norm=0.120",true
word-sequence-v1,session_20261005T212737_676Z,word_please_0014,51,33827,847850,1791235975828,please,words-draft,signer_04,neutral,0x70,0.657000000000,0.208000000000,-0.131000000000,-42.3130000000,44.5040000000,-2.54200000000,533,532,496,587,494,"seq=33827,t_ms=847850,who=0x70,ax=0.657,ay=0.208,az=-0.131,gx=-42.313,gy=44.504,gz=-2.542,expected=-,pred=5,pred_conf=100.0,flex0_raw=533,flex0_norm=0.130,flex1_raw=532,flex1_norm=0.130,flex2_raw=496,flex2_norm=0.121,flex3_raw=587,flex3_norm=0.143,flex4_raw=494,flex4_norm=0.121",true
word-sequence-v1,session_20261005T212737_676Z,word_please_0014,52,33828,847875,1791235975830,please,words-draft,signer_04,neutral,0x70,0.737000000000,0.274000000000,-0.134000000000,-34.0380000000,53.5650000000,-0.885000000000,533,533,494,585,494,"seq=33828,t_ms=847875,who=0x70,ax=0.737,ay=0.274,az=-0.134,gx=-34.038,gy=53.565,gz=-0.885,expected=-,pred=5,pred_conf=100.0,flex0_raw=533,flex0_norm=0.130,flex1_raw=533,flex1_norm=0.130,flex2_raw=494,flex2_norm=0.121,flex3_raw=585,flex3_norm=0.143,flex4_raw=494,flex4_norm=0.121",true
word-sequence-v1,session_20261005T212737_676Z,word_please_0014,53,33829,847900,1791235975863,please,words-draft,signer_04,neutral,0x70,0.844000000000,0.368000000000,-0.170000000000,-29.6110000000,64.7560000000,7.00000000000,533,533,495,586,495,"seq=33829,t_ms=847900,who=0x70,ax=0.844,ay=0.368,az=-0.170,gx=-29.611,gy=64.756,gz=7.000,expected=-,pred=5,pred_conf=100.0,flex0_raw=533,flex0_norm=0.130,flex1_raw=533,flex1_norm=0.130,flex2_raw=495,flex2_norm=0.121,flex3_raw=586,flex3_norm=0.143,flex4_raw=495,flex4_norm=0.121",true
word-sequence-v1,session_20261005T212737_676Z,word_please_0014,54,33830,847925,1791235975892,please,words-draft,signer_04,neutral,0x70,0.938000000000,0.357000000000,-0.212000000000,-28.5340000000,86.3740000000,7.96900000000,533,533,493,585,495,"seq=33830,t_ms=847925,who=0x70,ax=0.938,ay=0.357,az=-0.212,gx=-28.534,gy=86.374,gz=7.969,expected=-,pred=5,pred_conf=100.0,flex0_raw=533,flex0_norm=0.130,flex1_raw=533,flex1_norm=0.130,flex2_raw=493,flex2_norm=0.120,flex3_raw=585,flex3_norm=0.143,flex4_raw=495,flex4_norm=0.121",true
word-sequence-v1,session_20261005T212737_676Z,word_please_0014,55,33831,847950,1791235975929,please,words-draft,signer_04,neutral,0x70,1.07700000000,0.352000000000,-0.186000000000,-24.2290000000,88.7710000000,14.4810000000,532,531,493,585,495,"seq=33831,t_ms=847950,who=0x70,ax=1.077,ay=0.352,az=-0.186,gx=-24.229,gy=88.771,gz=14.481,expected=-,pred=5,pred_conf=100.0,flex0_raw=532,flex0_norm=0.130,flex1_raw=531,flex1_norm=0.130,flex2_raw=493,flex2_norm=0.120,flex3_raw=585,flex3_norm=0.143,flex4_raw=495,flex4_norm=0.121",true
word-sequence-v1,session_20261005T212737_676Z,word_please_0014,56,33832,847975,1791235975959,please,words-draft,signer_04,neutral,0x70,1.16200000000,0.357000000000,-0.154000000000,-22.2140000000,81.1910000000,12.0920000000,533,532,493,585,494,"seq=33832,t_ms=847975,who=0x70,ax=1.162,ay=0.357,az=-0.154,gx=-22.214,gy=81.191,gz=12.092,expected=-,pred=5,pred_conf=100.0,flex0_raw=533,flex0_norm=0.130,flex1_raw=532,flex1_norm=0.130,flex2_raw=493,flex2_norm=0.120,flex3_raw=585,flex3_norm=0.143,flex4_raw=494,flex4_norm=0.121",true
word-sequence-v1,session_20261005T212737_676Z,word_please_0014,57,33833,848000,1791235975998,please,words-draft,signer_04,neutral,0x70,1.25800000000,0.314000000000,-0.133000000000,-11.4890000000,75.0760000000,8.79400000000,533,533,492,587,495,"seq=33833,t_ms=848000,who=0x70,ax=1.258,ay=0.314,az=-0.133,gx=-11.489,gy=75.076,gz=8.794,expected=-,pred=5,pred_conf=100.0,flex0_raw=533,flex0_norm=0.130,flex1_raw=533,flex1_norm=0.130,flex2_raw=492,flex2_norm=0.120,flex3_raw=587,flex3_norm=0.143,flex4_raw=495,flex4_norm=0.121",true
word-sequence-v1,session_20261005T212737_676Z,word_please_0014,58,33834,848025,1791235975998,please,words-draft,signer_04,neutral,0x70,1.31600000000,0.337000000000,-0.0290000000000,3.49600000000,75.8320000000,3.55700000000,535,534,492,589,495,"seq=33834,t_ms=848025,who=0x70,ax=1.316,ay=0.337,az=-0.029,gx=3.496,gy=75.832,gz=3.557,expected=-,pred=5,pred_conf=100.0,flex0_raw=535,flex0_norm=0.131,flex1_raw=534,flex1_norm=0.130,flex2_raw=492,flex2_norm=0.120,flex3_raw=589,flex3_norm=0.144,flex4_raw=495,flex4_norm=0.121",true
word-sequence-v1,session_20261005T212737_676Z,word_please_0014,59,33835,848050,1791235976024,please,words-draft,signer_04,neutral,0x70,1.38200000000,0.298000000000,0.102000000000,9.84000000000,65.5340000000,1.10700000000,534,535,490,588,498,"seq=33835,t_ms=848050,who=0x70,ax=1.382,ay=0.298,az=0.102,gx=9.840,gy=65.534,gz=1.107,expected=-,pred=5,pred_conf=100.0,flex0_raw=534,flex0_norm=0.130,flex1_raw=535,flex1_norm=0.131,flex2_raw=490,flex2_norm=0.120,flex3_raw=588,flex3_norm=0.144,flex4_raw=498,flex4_norm=0.122",true
word-sequence-v1,session_20261005T212737_676Z,word_please_0014,60,33836,848075,1791235976062,please,words-draft,signer_04,neutral,0x70,1.35600000000,0.0880000000000,0.176000000000,20.5730000000,51.6720000000,12.9310000000,535,534,491,589,498,"seq=33836,t_ms=848075,who=0x70,ax=1.356,ay=0.088,az=0.176,gx=20.573,gy=51.672,gz=12.931,expected=-,pred=5,pred_conf=100.0,flex0_raw=535,flex0_norm=0.131,flex1_raw=534,flex1_norm=0.130,flex2_raw=491,flex2_norm=0.120,flex3_raw=589,flex3_norm=0.144,flex4_raw=498,flex4_norm=0.122",true
word-sequence-v1,session_20261005T212737_676Z,word_please_0014,61,33837,848100,1791235976068,please,words-draft,signer_04,neutral,0x70,1.34500000000,-0.00700000000000,0.230000000000,28.2670000000,40.5110000000,13.7480000000,534,533,491,588,495,"seq=33837,t_ms=848100,who=0x70,ax=1.345,ay=-0.007,az=0.230,gx=28.267,gy=40.511,gz=13.748,expected=-,pred=5,pred_conf=100.0,flex0_raw=534,flex0_norm=0.130,flex1_raw=533,flex1_norm=0.130,flex2_raw=491,flex2_norm=0.120,flex3_raw=588,flex3_norm=0.144,flex4_raw=495,flex4_norm=0.121",true
word-sequence-v1,session_20261005T212737_676Z,word_please_0014,62,33838,848125,1791235976099,please,words-draft,signer_04,neutral,0x70,1.33200000000,-0.210000000000,0.217000000000,28.2750000000,-0.0610000000000,21.7330000000,533,532,490,586,495,"seq=33838,t_ms=848125,who=0x70,ax=1.332,ay=-0.210,az=0.217,gx=28.275,gy=-0.061,gz=21.733,expected=-,pred=5,pred_conf=100.0,flex0_raw=533,flex0_norm=0.130,flex1_raw=532,flex1_norm=0.130,flex2_raw=490,flex2_norm=0.120,flex3_raw=586,flex3_norm=0.143,flex4_raw=495,flex4_norm=0.121",true
word-sequence-v1,session_20261005T212737_676Z,word_please_0014,63,33839,848150,1791235976128,please,words-draft,signer_04,neutral,0x70,1.28200000000,-0.368000000000,0.208000000000,20.3440000000,-18.2600000000,9.23700000000,533,531,491,585,494,"seq=33839,t_ms=848150,who=0x70,ax=1.282,ay=-0.368,az=0.208,gx=20.344,gy=-18.260,gz=9.237,expected=-,pred=5,pred_conf=100.0,flex0_raw=533,flex0_norm=0.130,flex1_raw=531,flex1_norm=0.130,flex2_raw=491,flex2_norm=0.120,flex3_raw=585,flex3_norm=0.143,flex4_raw=494,flex4_norm=0.121",true
word-sequence-v1,session_20261005T212737_676Z,word_please_0014,64,33840,848175,1791235976130,please,words-draft,signer_04,neutral,0x70,1.23500000000,-0.412000000000,0.202000000000,5.89300000000,-35.4270000000,-10.0460000000,533,532,489,585,519,"seq=33840,t_ms=848175,who=0x70,ax=1.235,ay=-0.412,az=0.202,gx=5.893,gy=-35.427,gz=-10.046,expected=-,pred=5,pred_conf=100.0,flex0_raw=533,flex0_norm=0.130,flex1_raw=532,flex1_norm=0.130,flex2_raw=489,flex2_norm=0.119,flex3_raw=585,flex3_norm=0.143,flex4_raw=519,flex4_norm=0.127",true
word-sequence-v1,session_20261005T212737_676Z,word_please_0014,65,33841,848200,1791235976158,please,words-draft,signer_04,neutral,0x70,1.14900000000,-0.361000000000,0.190000000000,-2.75600000000,-59.7400000000,-22.1910000000,532,531,490,585,525,"seq=33841,t_ms=848200,who=0x70,ax=1.149,ay=-0.361,az=0.190,gx=-2.756,gy=-59.740,gz=-22.191,expected=-,pred=5,pred_conf=100.0,flex0_raw=532,flex0_norm=0.130,flex1_raw=531,flex1_norm=0.130,flex2_raw=490,flex2_norm=0.120,flex3_raw=585,flex3_norm=0.143,flex4_raw=525,flex4_norm=0.128",true
word-sequence-v1,session_20261005T212737_676Z,word_please_0014,66,33842,848225,1791235976193,please,words-draft,signer_04,neutral,0x70,1.08200000000,-0.285000000000,0.187000000000,-9.69500000000,-69.4890000000,-23.2670000000,532,532,491,585,529,"seq=33842,t_ms=848225,who=0x70,ax=1.082,ay=-0.285,az=0.187,gx=-9.695,gy=-69.489,gz=-23.267,expected=-,pred=5,pred_conf=100.0,flex0_raw=532,flex0_norm=0.130,flex1_raw=532,flex1_norm=0.130,flex2_raw=491,flex2_norm=0.120,flex3_raw=585,flex3_norm=0.143,flex4_raw=529,flex4_norm=0.129",true
word-sequence-v1,session_20261005T212737_676Z,word_please_0014,67,33843,848250,1791235976230,please,words-draft,signer_04,neutral,0x70,0.994000000000,-0.193000000000,0.209000000000,-11.9010000000,-69.4350000000,-14.9770000000,535,533,489,589,536,"seq=33843,t_ms=848250,who=0x70,ax=0.994,ay=-0.193,az=0.209,gx=-11.901,gy=-69.435,gz=-14.977,expected=-,pred=5,pred_conf=100.0,flex0_raw=535,flex0_norm=0.131,flex1_raw=533,flex1_norm=0.130,flex2_raw=489,flex2_norm=0.119,flex3_raw=589,flex3_norm=0.144,flex4_raw=536,flex4_norm=0.131",true
word-sequence-v1,session_20261005T212737_676Z,word_please_0014,68,33844,848275,1791235976258,please,words-draft,signer_04,neutral,0x70,0.918000000000,-0.0950000000000,0.205000000000,-10.8090000000,-64.4960000000,-11.2520000000,533,533,489,588,537,"seq=33844,t_ms=848275,who=0x70,ax=0.918,ay=-0.095,az=0.205,gx=-10.809,gy=-64.496,gz=-11.252,expected=-,pred=5,pred_conf=100.0,flex0_raw=533,flex0_norm=0.130,flex1_raw=533,flex1_norm=0.130,flex2_raw=489,flex2_norm=0.119,flex3_raw=588,flex3_norm=0.144,flex4_raw=537,flex4_norm=0.131",true
word-sequence-v1,session_20261005T212737_676Z,word_please_0014,69,33845,848300,1791235976294,please,words-draft,signer_04,neutral,0x70,0.817000000000,-0.0310000000000,0.173000000000,-11.6410000000,-60.0080000000,-4.20600000000,535,533,491,589,537,"seq=33845,t_ms=848300,who=0x70,ax=0.817,ay=-0.031,az=0.173,gx=-11.641,gy=-60.008,gz=-4.206,expected=-,pred=5,pred_conf=100.0,flex0_raw=535,flex0_norm=0.131,flex1_raw=533,flex1_norm=0.130,flex2_raw=491,flex2_norm=0.120,flex3_raw=589,flex3_norm=0.144,flex4_raw=537,flex4_norm=0.131",true
word-sequence-v1,session_20261005T212737_676Z,word_please_0014,70,33846,848325,1791235976295,please,words-draft,signer_04,neutral,0x70,0.768000000000,0.0390000000000,0.102000000000,-13.4660000000,-54.6180000000,-0.588000000000,535,534,490,589,537,"seq=33846,t_ms=848325,who=0x70,ax=0.768,ay=0.039,az=0.102,gx=-13.466,gy=-54.618,gz=-0.588,expected=-,pred=5,pred_conf=100.0,flex0_raw=535,flex0_norm=0.131,flex1_raw=534,flex1_norm=0.130,flex2_raw=490,flex2_norm=0.120,flex3_raw=589,flex3_norm=0.144,flex4_raw=537,flex4_norm=0.131",true
word-sequence-v1,session_20261005T212737_676Z,word_please_0014,71,33847,848350,1791235976323,please,words-draft,signer_04,neutral,0x70,0.690000000000,0.0980000000000,0.0410000000000,-15.4500000000,-43.1830000000,6.37400000000,533,533,491,589,538,"seq=33847,t_ms=848350,who=0x70,ax=0.690,ay=0.098,az=0.041,gx=-15.450,gy=-43.183,gz=6.374,expected=-,pred=5,pred_conf=100.0,flex0_raw=533,flex0_norm=0.130,flex1_raw=533,flex1_norm=0.130,flex2_raw=491,flex2_norm=0.120,flex3_raw=589,flex3_norm=0.144,flex4_raw=538,flex4_norm=0.131",true
word-sequence-v1,session_20261005T212737_676Z,word_please_0014,72,33848,848375,1791235976363,please,words-draft,signer_04,neutral,0x70,0.665000000000,0.140000000000,-0.0180000000000,-16.2140000000,-31.4580000000,8.03100000000,534,533,490,588,537,"seq=33848,t_ms=848375,who=0x70,ax=0.665,ay=0.140,az=-0.018,gx=-16.214,gy=-31.458,gz=8.031,expected=-,pred=5,pred_conf=100.0,flex0_raw=534,flex0_norm=0.130,flex1_raw=533,flex1_norm=0.130,flex2_raw=490,flex2_norm=0.120,flex3_raw=588,flex3_norm=0.144,flex4_raw=537,flex4_norm=0.131",true
word-sequence-v1,session_20261005T212737_676Z,word_please_0014,73,33849,848400,1791235976368,please,words-draft,signer_04,neutral,0x70,0.629000000000,0.162000000000,-0.101000000000,-15.6340000000,-14.8400000000,11.0690000000,534,534,491,590,537,"seq=33849,t_ms=848400,who=0x70,ax=0.629,ay=0.162,az=-0.101,gx=-15.634,gy=-14.840,gz=11.069,expected=-,pred=5,pred_conf=100.0,flex0_raw=534,flex0_norm=0.130,flex1_raw=534,flex1_norm=0.130,flex2_raw=491,flex2_norm=0.120,flex3_raw=590,flex3_norm=0.144,flex4_raw=537,flex4_norm=0.131",true
word-sequence-v1,session_20261005T212737_676Z,word_please_0014,74,33850,848425,1791235976400,please,words-draft,signer_04,neutral,0x70,0.618000000000,0.239000000000,-0.143000000000,-16.8020000000,0.847000000000,10.7940000000,535,533,490,589,538,"seq=33850,t_ms=848425,who=0x70,ax=0.618,ay=0.239,az=-0.143,gx=-16.802,gy=0.847,gz=10.794,expected=-,pred=5,pred_conf=100.0,flex0_raw=535,flex0_norm=0.131,flex1_raw=533,flex1_norm=0.130,flex2_raw=490,flex2_norm=0.120,flex3_raw=589,flex3_norm=0.144,flex4_raw=538,flex4_norm=0.131",true
word-sequence-v1,session_20261005T212737_676Z,word_please_0014,75,33851,848450,1791235976429,please,words-draft,signer_04,neutral,0x70,0.636000000000,0.273000000000,-0.162000000000,-25.6870000000,-1.32100000000,1.75600000000,535,534,491,589,539,"seq=33851,t_ms=848450,who=0x70,ax=0.636,ay=0.273,az=-0.162,gx=-25.687,gy=-1.321,gz=1.756,expected=-,pred=5,pred_conf=100.0,flex0_raw=535,flex0_norm=0.131,flex1_raw=534,flex1_norm=0.130,flex2_raw=491,flex2_norm=0.120,flex3_raw=589,flex3_norm=0.144,flex4_raw=539,flex4_norm=0.132",true
word-sequence-v1,session_20261005T212737_676Z,word_please_0014,76,33852,848475,1791235976430,please,words-draft,signer_04,neutral,0x70,0.693000000000,0.284000000000,-0.167000000000,-30.1300000000,10.8090000000,-3.84000000000,533,535,489,588,538,"seq=33852,t_ms=848475,who=0x70,ax=0.693,ay=0.284,az=-0.167,gx=-30.130,gy=10.809,gz=-3.840,expected=-,pred=5,pred_conf=100.0,flex0_raw=533,flex0_norm=0.130,flex1_raw=535,flex1_norm=0.131,flex2_raw=489,flex2_norm=0.119,flex3_raw=588,flex3_norm=0.144,flex4_raw=538,flex4_norm=0.131",true
word-sequence-v1,session_20261005T212737_676Z,word_please_0014,77,33853,848500,1791235976458,please,words-draft,signer_04,neutral,0x70,0.829000000000,0.301000000000,-0.168000000000,-22.2440000000,28.4890000000,-3.47300000000,535,534,491,589,535,"seq=33853,t_ms=848500,who=0x70,ax=0.829,ay=0.301,az=-0.168,gx=-22.244,gy=28.489,gz=-3.473,expected=-,pred=5,pred_conf=100.0,flex0_raw=535,flex0_norm=0.131,flex1_raw=534,flex1_norm=0.130,flex2_raw=491,flex2_norm=0.120,flex3_raw=589,flex3_norm=0.144,flex4_raw=535,flex4_norm=0.131",true
word-sequence-v1,session_20261005T212737_676Z,word_please_0014,78,33854,848525,1791235976494,please,words-draft,signer_04,neutral,0x70,0.954000000000,0.319000000000,-0.186000000000,-10.5800000000,47.8470000000,4.93900000000,535,533,491,588,535,"seq=33854,t_ms=848525,who=0x70,ax=0.954,ay=0.319,az=-0.186,gx=-10.580,gy=47.847,gz=4.939,expected=-,pred=5,pred_conf=100.0,flex0_raw=535,flex0_norm=0.131,flex1_raw=533,flex1_norm=0.130,flex2_raw=491,flex2_norm=0.120,flex3_raw=588,flex3_norm=0.144,flex4_raw=535,flex4_norm=0.131",true
word-sequence-v1,session_20261005T212737_676Z,word_please_0014,79,33855,848550,1791235976522,please,words-draft,signer_04,neutral,0x70,1.09900000000,0.341000000000,-0.193000000000,-4.07600000000,65.9390000000,16.2520000000,534,534,490,587,533,"seq=33855,t_ms=848550,who=0x70,ax=1.099,ay=0.341,az=-0.193,gx=-4.076,gy=65.939,gz=16.252,expected=-,pred=5,pred_conf=100.0,flex0_raw=534,flex0_norm=0.130,flex1_raw=534,flex1_norm=0.130,flex2_raw=490,flex2_norm=0.120,flex3_raw=587,flex3_norm=0.143,flex4_raw=533,flex4_norm=0.130",true
word-sequence-v1,session_20261005T212737_676Z,word_please_0014,80,33856,848575,1791235976559,please,words-draft,signer_04,neutral,0x70,1.11300000000,0.315000000000,-0.156000000000,2.01500000000,79.5730000000,16.8630000000,533,533,490,586,533,"seq=33856,t_ms=848575,who=0x70,ax=1.113,ay=0.315,az=-0.156,gx=2.015,gy=79.573,gz=16.863,expected=-,pred=5,pred_conf=100.0,flex0_raw=533,flex0_norm=0.130,flex1_raw=533,flex1_norm=0.130,flex2_raw=490,flex2_norm=0.120,flex3_raw=586,flex3_norm=0.143,flex4_raw=533,flex4_norm=0.130",true
word-sequence-v1,session_20261005T212737_676Z,word_please_0014,81,33857,848600,1791235976589,please,words-draft,signer_04,neutral,0x70,1.19100000000,0.273000000000,-0.117000000000,6.60300000000,86.4660000000,16.3890000000,532,533,489,585,532,"seq=33857,t_ms=848600,who=0x70,ax=1.191,ay=0.273,az=-0.117,gx=6.603,gy=86.466,gz=16.389,expected=-,pred=5,pred_conf=100.0,flex0_raw=532,flex0_norm=0.130,flex1_raw=533,flex1_norm=0.130,flex2_raw=489,flex2_norm=0.119,flex3_raw=585,flex3_norm=0.143,flex4_raw=532,flex4_norm=0.130",true
word-sequence-v1,session_20261005T212737_676Z,word_please_0014,82,33858,848625,1791235976589,please,words-draft,signer_04,neutral,0x70,1.19800000000,0.162000000000,-0.0360000000000,10.6560000000,80.2600000000,16.0460000000,531,530,489,583,530,"seq=33858,t_ms=848625,who=0x70,ax=1.198,ay=0.162,az=-0.036,gx=10.656,gy=80.260,gz=16.046,expected=-,pred=5,pred_conf=100.0,flex0_raw=531,flex0_norm=0.130,flex1_raw=530,flex1_norm=0.129,flex2_raw=489,flex2_norm=0.119,flex3_raw=583,flex3_norm=0.142,flex4_raw=530,flex4_norm=0.129",true
word-sequence-v1,session_20261005T212737_676Z,word_please_0014,83,33859,848650,1791235976629,please,words-draft,signer_04,neutral,0x70,1.23300000000,0.135000000000,0.0820000000000,6.75600000000,64.7710000000,-2.95400000000,533,533,489,585,535,"seq=33859,t_ms=848650,who=0x70,ax=1.233,ay=0.135,az=0.082,gx=6.756,gy=64.771,gz=-2.954,expected=-,pred=5,pred_conf=100.0,flex0_raw=533,flex0_norm=0.130,flex1_raw=533,flex1_norm=0.130,flex2_raw=489,flex2_norm=0.119,flex3_raw=585,flex3_norm=0.143,flex4_raw=535,flex4_norm=0.131",true
word-sequence-v1,session_20261005T212737_676Z,word_please_0014,84,33860,848675,1791235976654,please,words-draft,signer_04,neutral,0x70,1.47400000000,0.0710000000000,0.145000000000,8.93900000000,12.5110000000,-12.0840000000,534,533,489,587,537,"seq=33860,t_ms=848675,who=0x70,ax=1.474,ay=0.071,az=0.145,gx=8.939,gy=12.511,gz=-12.084,expected=-,pred=5,pred_conf=100.0,flex0_raw=534,flex0_norm=0.130,flex1_raw=533,flex1_norm=0.130,flex2_raw=489,flex2_norm=0.119,flex3_raw=587,flex3_norm=0.143,flex4_raw=537,flex4_norm=0.131",true
word-sequence-v1,session_20261005T212737_676Z,word_please_0014,85,33861,848700,1791235976674,please,words-draft,signer_04,neutral,0x70,1.47100000000,-0.137000000000,0.151000000000,15.2900000000,-49.2370000000,8.12200000000,533,533,489,586,537,"seq=33861,t_ms=848700,who=0x70,ax=1.471,ay=-0.137,az=0.151,gx=15.290,gy=-49.237,gz=8.122,expected=-,pred=5,pred_conf=100.0,flex0_raw=533,flex0_norm=0.130,flex1_raw=533,flex1_norm=0.130,flex2_raw=489,flex2_norm=0.119,flex3_raw=586,flex3_norm=0.143,flex4_raw=537,flex4_norm=0.131",true
word-sequence-v1,session_20261005T212737_676Z,word_please_0014,86,33862,848725,1791235976700,please,words-draft,signer_04,neutral,0x70,1.47900000000,-0.236000000000,0.126000000000,14.0380000000,-44.7790000000,1.56500000000,534,533,489,588,539,"seq=33862,t_ms=848725,who=0x70,ax=1.479,ay=-0.236,az=0.126,gx=14.038,gy=-44.779,gz=1.565,expected=-,pred=5,pred_conf=100.0,flex0_raw=534,flex0_norm=0.130,flex1_raw=533,flex1_norm=0.130,flex2_raw=489,flex2_norm=0.119,flex3_raw=588,flex3_norm=0.144,flex4_raw=539,flex4_norm=0.132",true
word-sequence-v1,session_20261005T212737_676Z,word_please_0014,87,33863,848750,1791235976736,please,words-draft,signer_04,neutral,0x70,1.37300000000,-0.262000000000,0.146000000000,5.13000000000,-31.7480000000,1.88500000000,533,534,489,588,540,"seq=33863,t_ms=848750,who=0x70,ax=1.373,ay=-0.262,az=0.146,gx=5.130,gy=-31.748,gz=1.885,expected=-,pred=5,pred_conf=100.0,flex0_raw=533,flex0_norm=0.130,flex1_raw=534,flex1_norm=0.130,flex2_raw=489,flex2_norm=0.119,flex3_raw=588,flex3_norm=0.144,flex4_raw=540,flex4_norm=0.132",true
word-sequence-v1,session_20261005T212737_676Z,word_please_0014,88,33864,848775,1791235976736,please,words-draft,signer_04,neutral,0x70,1.18600000000,-0.293000000000,0.151000000000,-2.80200000000,-25.5420000000,-11.4810000000,535,533,489,588,540,"seq=33864,t_ms=848775,who=0x70,ax=1.186,ay=-0.293,az=0.151,gx=-2.802,gy=-25.542,gz=-11.481,expected=-,pred=5,pred_conf=100.0,flex0_raw=535,flex0_norm=0.131,flex1_raw=533,flex1_norm=0.130,flex2_raw=489,flex2_norm=0.119,flex3_raw=588,flex3_norm=0.144,flex4_raw=540,flex4_norm=0.132",true
word-sequence-v1,session_20261005T212737_676Z,word_please_0014,89,33865,848800,1791235976770,please,words-draft,signer_04,neutral,0x70,1.07000000000,-0.289000000000,0.146000000000,-2.37400000000,-23.1150000000,-22.8550000000,535,535,489,589,541,"seq=33865,t_ms=848800,who=0x70,ax=1.070,ay=-0.289,az=0.146,gx=-2.374,gy=-23.115,gz=-22.855,expected=-,pred=5,pred_conf=100.0,flex0_raw=535,flex0_norm=0.131,flex1_raw=535,flex1_norm=0.131,flex2_raw=489,flex2_norm=0.119,flex3_raw=589,flex3_norm=0.144,flex4_raw=541,flex4_norm=0.132",true
word-sequence-v1,session_20261005T212737_676Z,word_please_0014,90,33866,848825,1791235976801,please,words-draft,signer_04,neutral,0x70,0.946000000000,-0.265000000000,0.148000000000,-2.31300000000,-37.7180000000,-25.4580000000,535,533,488,589,541,"seq=33866,t_ms=848825,who=0x70,ax=0.946,ay=-0.265,az=0.148,gx=-2.313,gy=-37.718,gz=-25.458,expected=-,pred=5,pred_conf=100.0,flex0_raw=535,flex0_norm=0.131,flex1_raw=533,flex1_norm=0.130,flex2_raw=488,flex2_norm=0.119,flex3_raw=589,flex3_norm=0.144,flex4_raw=541,flex4_norm=0.132",true
word-sequence-v1,session_20261005T212737_676Z,word_please_0014,91,33867,848850,1791235976836,please,words-draft,signer_04,neutral,0x70,0.879000000000,-0.157000000000,0.157000000000,1.87000000000,-51.7790000000,-25.9470000000,535,533,487,585,537,"seq=33867,t_ms=848850,who=0x70,ax=0.879,ay=-0.157,az=0.157,gx=1.870,gy=-51.779,gz=-25.947,expected=-,pred=5,pred_conf=100.0,flex0_raw=535,flex0_norm=0.131,flex1_raw=533,flex1_norm=0.130,flex2_raw=487,flex2_norm=0.119,flex3_raw=585,flex3_norm=0.143,flex4_raw=537,flex4_norm=0.131",true
word-sequence-v1,session_20261005T212737_676Z,word_please_0014,92,33868,848875,1791235976865,please,words-draft,signer_04,neutral,0x70,0.835000000000,-0.0610000000000,0.122000000000,5.29800000000,-71.6720000000,-13.4500000000,533,533,487,585,536,"seq=33868,t_ms=848875,who=0x70,ax=0.835,ay=-0.061,az=0.122,gx=5.298,gy=-71.672,gz=-13.450,expected=-,pred=5,pred_conf=100.0,flex0_raw=533,flex0_norm=0.130,flex1_raw=533,flex1_norm=0.130,flex2_raw=487,flex2_norm=0.119,flex3_raw=585,flex3_norm=0.143,flex4_raw=536,flex4_norm=0.131",true
word-sequence-v1,session_20261005T212737_676Z,word_please_0014,93,33869,848900,1791235976904,please,words-draft,signer_04,neutral,0x70,0.755000000000,-0.0370000000000,0.0670000000000,-4.22100000000,-60.4350000000,-19.7790000000,535,533,487,585,536,"seq=33869,t_ms=848900,who=0x70,ax=0.755,ay=-0.037,az=0.067,gx=-4.221,gy=-60.435,gz=-19.779,expected=-,pred=5,pred_conf=100.0,flex0_raw=535,flex0_norm=0.131,flex1_raw=533,flex1_norm=0.130,flex2_raw=487,flex2_norm=0.119,flex3_raw=585,flex3_norm=0.143,flex4_raw=536,flex4_norm=0.131",true
word-sequence-v1,session_20261005T212737_676Z,word_please_0014,94,33870,848925,1791235976906,please,words-draft,signer_04,neutral,0x70,0.780000000000,0.0570000000000,0.0250000000000,-7.55000000000,-40.2670000000,-29.8240000000,533,533,487,587,536,"seq=33870,t_ms=848925,who=0x70,ax=0.780,ay=0.057,az=0.025,gx=-7.550,gy=-40.267,gz=-29.824,expected=-,pred=5,pred_conf=100.0,flex0_raw=533,flex0_norm=0.130,flex1_raw=533,flex1_norm=0.130,flex2_raw=487,flex2_norm=0.119,flex3_raw=587,flex3_norm=0.143,flex4_raw=536,flex4_norm=0.131",true
word-sequence-v1,session_20261005T212737_676Z,word_please_0015,0,34258,858625,1791235986620,please,words-draft,signer_05,neutral,0x70,1.15400000000,-0.0720000000000,0.0540000000000,15.1980000000,-34.9620000000,5.79400000000,535,535,488,585,499,"seq=34258,t_ms=858625,who=0x70,ax=1.154,ay=-0.072,az=0.054,gx=15.198,gy=-34.962,gz=5.794,expected=-,pred=5,pred_conf=100.0,flex0_raw=535,flex0_norm=0.131,flex1_raw=535,flex1_norm=0.131,flex2_raw=488,flex2_norm=0.119,flex3_raw=585,flex3_norm=0.143,flex4_raw=499,flex4_norm=0.122",true
word-sequence-v1,session_20261005T212737_676Z,word_please_0015,1,34259,858650,1791235986629,please,words-draft,signer_05,neutral,0x70,1.12100000000,-0.107000000000,0.0200000000000,12.3130000000,-68.1830000000,4.49600000000,537,534,488,586,501,"seq=34259,t_ms=858650,who=0x70,ax=1.121,ay=-0.107,az=0.020,gx=12.313,gy=-68.183,gz=4.496,expected=-,pred=5,pred_conf=100.0,flex0_raw=537,flex0_norm=0.131,flex1_raw=534,flex1_norm=0.130,flex2_raw=488,flex2_norm=0.119,flex3_raw=586,flex3_norm=0.143,flex4_raw=501,flex4_norm=0.122",true
word-sequence-v1,session_20261005T212737_676Z,word_please_0015,2,34260,858675,1791235986630,please,words-draft,signer_05,neutral,0x70,1.08600000000,-0.0830000000000,0.0110000000000,4.67200000000,-62.2520000000,-2.18300000000,537,536,487,587,500,"seq=34260,t_ms=858675,who=0x70,ax=1.086,ay=-0.083,az=0.011,gx=4.672,gy=-62.252,gz=-2.183,expected=-,pred=5,pred_conf=100.0,flex0_raw=537,flex0_norm=0.131,flex1_raw=536,flex1_norm=0.131,flex2_raw=487,flex2_norm=0.119,flex3_raw=587,flex3_norm=0.143,flex4_raw=500,flex4_norm=0.122",true
word-sequence-v1,session_20261005T212737_676Z,word_please_0015,3,34261,858700,1791235986658,please,words-draft,signer_05,neutral,0x70,1.02800000000,-0.0840000000000,0.00700000000000,-2.65600000000,-47.8630000000,-9.30500000000,537,536,487,586,500,"seq=34261,t_ms=858700,who=0x70,ax=1.028,ay=-0.084,az=0.007,gx=-2.656,gy=-47.863,gz=-9.305,expected=-,pred=5,pred_conf=100.0,flex0_raw=537,flex0_norm=0.131,flex1_raw=536,flex1_norm=0.131,flex2_raw=487,flex2_norm=0.119,flex3_raw=586,flex3_norm=0.143,flex4_raw=500,flex4_norm=0.122",true
word-sequence-v1,session_20261005T212737_676Z,word_please_0015,4,34262,858725,1791235986688,please,words-draft,signer_05,neutral,0x70,0.967000000000,-0.102000000000,-0.0350000000000,-8.65600000000,-40.8020000000,-9.93100000000,536,536,487,585,501,"seq=34262,t_ms=858725,who=0x70,ax=0.967,ay=-0.102,az=-0.035,gx=-8.656,gy=-40.802,gz=-9.931,expected=-,pred=5,pred_conf=100.0,flex0_raw=536,flex0_norm=0.131,flex1_raw=536,flex1_norm=0.131,flex2_raw=487,flex2_norm=0.119,flex3_raw=585,flex3_norm=0.143,flex4_raw=501,flex4_norm=0.122",true
word-sequence-v1,session_20261005T212737_676Z,word_please_0015,5,34263,858750,1791235986724,please,words-draft,signer_05,neutral,0x70,0.921000000000,-0.106000000000,-0.0770000000000,-16.7790000000,-38.0920000000,-10.4050000000,537,536,488,587,500,"seq=34263,t_ms=858750,who=0x70,ax=0.921,ay=-0.106,az=-0.077,gx=-16.779,gy=-38.092,gz=-10.405,expected=-,pred=5,pred_conf=100.0,flex0_raw=537,flex0_norm=0.131,flex1_raw=536,flex1_norm=0.131,flex2_raw=488,flex2_norm=0.119,flex3_raw=587,flex3_norm=0.143,flex4_raw=500,flex4_norm=0.122",true
word-sequence-v1,session_20261005T212737_676Z,word_please_0015,6,34264,858775,1791235986751,please,words-draft,signer_05,neutral,0x70,0.877000000000,-0.113000000000,-0.0940000000000,-21.5420000000,-42.6720000000,-3.40500000000,536,535,488,585,501,"seq=34264,t_ms=858775,who=0x70,ax=0.877,ay=-0.113,az=-0.094,gx=-21.542,gy=-42.672,gz=-3.405,expected=-,pred=5,pred_conf=100.0,flex0_raw=536,flex0_norm=0.131,flex1_raw=535,flex1_norm=0.131,flex2_raw=488,flex2_norm=0.119,flex3_raw=585,flex3_norm=0.143,flex4_raw=501,flex4_norm=0.122",true
word-sequence-v1,session_20261005T212737_676Z,word_please_0015,7,34265,858800,1791235986778,please,words-draft,signer_05,neutral,0x70,0.843000000000,-0.0770000000000,-0.125000000000,-27.4960000000,-48.7480000000,-0.282000000000,536,536,488,587,500,"seq=34265,t_ms=858800,who=0x70,ax=0.843,ay=-0.077,az=-0.125,gx=-27.496,gy=-48.748,gz=-0.282,expected=-,pred=5,pred_conf=100.0,flex0_raw=536,flex0_norm=0.131,flex1_raw=536,flex1_norm=0.131,flex2_raw=488,flex2_norm=0.119,flex3_raw=587,flex3_norm=0.143,flex4_raw=500,flex4_norm=0.122",true
word-sequence-v1,session_20261005T212737_676Z,word_please_0015,8,34266,858825,1791235986780,please,words-draft,signer_05,neutral,0x70,0.812000000000,-0.0440000000000,-0.153000000000,-31.7790000000,-44.2140000000,-1.84000000000,536,535,488,587,501,"seq=34266,t_ms=858825,who=0x70,ax=0.812,ay=-0.044,az=-0.153,gx=-31.779,gy=-44.214,gz=-1.840,expected=-,pred=5,pred_conf=100.0,flex0_raw=536,flex0_norm=0.131,flex1_raw=535,flex1_norm=0.131,flex2_raw=488,flex2_norm=0.119,flex3_raw=587,flex3_norm=0.143,flex4_raw=501,flex4_norm=0.122",true
word-sequence-v1,session_20261005T212737_676Z,word_please_0015,9,34267,858850,1791235986811,please,words-draft,signer_05,neutral,0x70,0.757000000000,-0.0630000000000,-0.155000000000,-38.7020000000,-16.9390000000,-6.03100000000,535,535,487,588,499,"seq=34267,t_ms=858850,who=0x70,ax=0.757,ay=-0.063,az=-0.155,gx=-38.702,gy=-16.939,gz=-6.031,expected=-,pred=5,pred_conf=100.0,flex0_raw=535,flex0_norm=0.131,flex1_raw=535,flex1_norm=0.131,flex2_raw=487,flex2_norm=0.119,flex3_raw=588,flex3_norm=0.144,flex4_raw=499,flex4_norm=0.122",true
word-sequence-v1,session_20261005T212737_676Z,word_please_0015,10,34268,858875,1791235986845,please,words-draft,signer_05,neutral,0x70,0.748000000000,0.00300000000000,-0.139000000000,-43.2210000000,6.62600000000,-8.41200000000,536,535,487,587,500,"seq=34268,t_ms=858875,who=0x70,ax=0.748,ay=0.003,az=-0.139,gx=-43.221,gy=6.626,gz=-8.412,expected=-,pred=5,pred_conf=100.0,flex0_raw=536,flex0_norm=0.131,flex1_raw=535,flex1_norm=0.131,flex2_raw=487,flex2_norm=0.119,flex3_raw=587,flex3_norm=0.143,flex4_raw=500,flex4_norm=0.122",true
word-sequence-v1,session_20261005T212737_676Z,word_please_0015,11,34269,858900,1791235986873,please,words-draft,signer_05,neutral,0x70,0.738000000000,0.0490000000000,-0.131000000000,-44.7100000000,14.0000000000,8.58800000000,535,535,487,587,501,"seq=34269,t_ms=858900,who=0x70,ax=0.738,ay=0.049,az=-0.131,gx=-44.710,gy=14.000,gz=8.588,expected=-,pred=5,pred_conf=100.0,flex0_raw=535,flex0_norm=0.131,flex1_raw=535,flex1_norm=0.131,flex2_raw=487,flex2_norm=0.119,flex3_raw=587,flex3_norm=0.143,flex4_raw=501,flex4_norm=0.122",true
word-sequence-v1,session_20261005T212737_676Z,word_please_0015,12,34270,858925,1791235986898,please,words-draft,signer_05,neutral,0x70,0.728000000000,0.0960000000000,-0.109000000000,-39.0690000000,26.9470000000,3.67200000000,535,535,485,585,499,"seq=34270,t_ms=858925,who=0x70,ax=0.728,ay=0.096,az=-0.109,gx=-39.069,gy=26.947,gz=3.672,expected=-,pred=5,pred_conf=100.0,flex0_raw=535,flex0_norm=0.131,flex1_raw=535,flex1_norm=0.131,flex2_raw=485,flex2_norm=0.118,flex3_raw=585,flex3_norm=0.143,flex4_raw=499,flex4_norm=0.122",true
word-sequence-v1,session_20261005T212737_676Z,word_please_0015,13,34271,858950,1791235986933,please,words-draft,signer_05,neutral,0x70,0.777000000000,0.177000000000,-0.122000000000,-32.2750000000,18.3890000000,-5.05300000000,535,535,484,585,500,"seq=34271,t_ms=858950,who=0x70,ax=0.777,ay=0.177,az=-0.122,gx=-32.275,gy=18.389,gz=-5.053,expected=-,pred=5,pred_conf=100.0,flex0_raw=535,flex0_norm=0.131,flex1_raw=535,flex1_norm=0.131,flex2_raw=484,flex2_norm=0.118,flex3_raw=585,flex3_norm=0.143,flex4_raw=500,flex4_norm=0.122",true
word-sequence-v1,session_20261005T212737_676Z,word_please_0015,14,34272,858975,1791235986934,please,words-draft,signer_05,neutral,0x70,0.830000000000,0.241000000000,-0.142000000000,-29.2370000000,8.52700000000,-4.10700000000,535,535,483,585,500,"seq=34272,t_ms=858975,who=0x70,ax=0.830,ay=0.241,az=-0.142,gx=-29.237,gy=8.527,gz=-4.107,expected=-,pred=5,pred_conf=100.0,flex0_raw=535,flex0_norm=0.131,flex1_raw=535,flex1_norm=0.131,flex2_raw=483,flex2_norm=0.118,flex3_raw=585,flex3_norm=0.143,flex4_raw=500,flex4_norm=0.122",true
word-sequence-v1,session_20261005T212737_676Z,word_please_0015,15,34273,859000,1791235986963,please,words-draft,signer_05,neutral,0x70,0.875000000000,0.309000000000,-0.156000000000,-33.6410000000,21.1910000000,4.02300000000,535,535,477,585,499,"seq=34273,t_ms=859000,who=0x70,ax=0.875,ay=0.309,az=-0.156,gx=-33.641,gy=21.191,gz=4.023,expected=-,pred=5,pred_conf=100.0,flex0_raw=535,flex0_norm=0.131,flex1_raw=535,flex1_norm=0.131,flex2_raw=477,flex2_norm=0.116,flex3_raw=585,flex3_norm=0.143,flex4_raw=499,flex4_norm=0.122",true
word-sequence-v1,session_20261005T212737_676Z,word_please_0015,16,34274,859025,1791235987001,please,words-draft,signer_05,neutral,0x70,0.987000000000,0.385000000000,-0.202000000000,-30.8400000000,44.3820000000,12.8320000000,535,535,477,585,501,"seq=34274,t_ms=859025,who=0x70,ax=0.987,ay=0.385,az=-0.202,gx=-30.840,gy=44.382,gz=12.832,expected=-,pred=5,pred_conf=100.0,flex0_raw=535,flex0_norm=0.131,flex1_raw=535,flex1_norm=0.131,flex2_raw=477,flex2_norm=0.116,flex3_raw=585,flex3_norm=0.143,flex4_raw=501,flex4_norm=0.122",true
word-sequence-v1,session_20261005T212737_676Z,word_please_0015,17,34275,859050,1791235987032,please,words-draft,signer_05,neutral,0x70,1.07000000000,0.391000000000,-0.236000000000,-24.1450000000,65.2440000000,26.6870000000,535,534,477,585,502,"seq=34275,t_ms=859050,who=0x70,ax=1.070,ay=0.391,az=-0.236,gx=-24.145,gy=65.244,gz=26.687,expected=-,pred=5,pred_conf=100.0,flex0_raw=535,flex0_norm=0.131,flex1_raw=534,flex1_norm=0.130,flex2_raw=477,flex2_norm=0.116,flex3_raw=585,flex3_norm=0.143,flex4_raw=502,flex4_norm=0.123",true
word-sequence-v1,session_20261005T212737_676Z,word_please_0015,18,34276,859075,1791235987069,please,words-draft,signer_05,neutral,0x70,1.09300000000,0.350000000000,-0.254000000000,-21.1450000000,79.8320000000,15.3590000000,535,533,476,584,501,"seq=34276,t_ms=859075,who=0x70,ax=1.093,ay=0.350,az=-0.254,gx=-21.145,gy=79.832,gz=15.359,expected=-,pred=5,pred_conf=100.0,flex0_raw=535,flex0_norm=0.131,flex1_raw=533,flex1_norm=0.130,flex2_raw=476,flex2_norm=0.116,flex3_raw=584,flex3_norm=0.143,flex4_raw=501,flex4_norm=0.122",true
word-sequence-v1,session_20261005T212737_676Z,word_please_0015,19,34277,859100,1791235987095,please,words-draft,signer_05,neutral,0x70,1.23100000000,0.416000000000,-0.223000000000,-14.6490000000,101.076000000,6.69500000000,533,535,475,583,502,"seq=34277,t_ms=859100,who=0x70,ax=1.231,ay=0.416,az=-0.223,gx=-14.649,gy=101.076,gz=6.695,expected=-,pred=5,pred_conf=100.0,flex0_raw=533,flex0_norm=0.130,flex1_raw=535,flex1_norm=0.131,flex2_raw=475,flex2_norm=0.116,flex3_raw=583,flex3_norm=0.142,flex4_raw=502,flex4_norm=0.123",true
word-sequence-v1,session_20261005T212737_676Z,word_please_0015,20,34278,859125,1791235987095,please,words-draft,signer_05,neutral,0x70,1.28400000000,0.278000000000,-0.136000000000,-1.55700000000,92.0760000000,14.4350000000,535,534,475,583,501,"seq=34278,t_ms=859125,who=0x70,ax=1.284,ay=0.278,az=-0.136,gx=-1.557,gy=92.076,gz=14.435,expected=-,pred=5,pred_conf=100.0,flex0_raw=535,flex0_norm=0.131,flex1_raw=534,flex1_norm=0.130,flex2_raw=475,flex2_norm=0.116,flex3_raw=583,flex3_norm=0.142,flex4_raw=501,flex4_norm=0.122",true
word-sequence-v1,session_20261005T212737_676Z,word_please_0015,21,34279,859150,1791235987150,please,words-draft,signer_05,neutral,0x70,1.31600000000,0.158000000000,-0.0590000000000,6.30500000000,78.3050000000,18.5950000000,535,533,475,584,501,"seq=34279,t_ms=859150,who=0x70,ax=1.316,ay=0.158,az=-0.059,gx=6.305,gy=78.305,gz=18.595,expected=-,pred=5,pred_conf=100.0,flex0_raw=535,flex0_norm=0.131,flex1_raw=533,flex1_norm=0.130,flex2_raw=475,flex2_norm=0.116,flex3_raw=584,flex3_norm=0.143,flex4_raw=501,flex4_norm=0.122",true
word-sequence-v1,session_20261005T212737_676Z,word_please_0015,22,34280,859175,1791235987152,please,words-draft,signer_05,neutral,0x70,1.33700000000,0.0940000000000,0.0450000000000,13.2210000000,65.3820000000,13.6030000000,535,533,475,584,502,"seq=34280,t_ms=859175,who=0x70,ax=1.337,ay=0.094,az=0.045,gx=13.221,gy=65.382,gz=13.603,expected=-,pred=5,pred_conf=100.0,flex0_raw=535,flex0_norm=0.131,flex1_raw=533,flex1_norm=0.130,flex2_raw=475,flex2_norm=0.116,flex3_raw=584,flex3_norm=0.143,flex4_raw=502,flex4_norm=0.123",true
word-sequence-v1,session_20261005T212737_676Z,word_please_0015,23,34281,859200,1791235987190,please,words-draft,signer_05,neutral,0x70,1.34900000000,-0.0370000000000,0.126000000000,18.6490000000,22.1530000000,11.3820000000,535,535,477,584,502,"seq=34281,t_ms=859200,who=0x70,ax=1.349,ay=-0.037,az=0.126,gx=18.649,gy=22.153,gz=11.382,expected=-,pred=5,pred_conf=100.0,flex0_raw=535,flex0_norm=0.131,flex1_raw=535,flex1_norm=0.131,flex2_raw=477,flex2_norm=0.116,flex3_raw=584,flex3_norm=0.143,flex4_raw=502,flex4_norm=0.123",true
word-sequence-v1,session_20261005T212737_676Z,word_please_0015,24,34282,859225,1791235987216,please,words-draft,signer_05,neutral,0x70,1.31600000000,-0.213000000000,0.145000000000,27.3210000000,-0.916000000000,7.09200000000,535,535,476,586,501,"seq=34282,t_ms=859225,who=0x70,ax=1.316,ay=-0.213,az=0.145,gx=27.321,gy=-0.916,gz=7.092,expected=-,pred=5,pred_conf=100.0,flex0_raw=535,flex0_norm=0.131,flex1_raw=535,flex1_norm=0.131,flex2_raw=476,flex2_norm=0.116,flex3_raw=586,flex3_norm=0.143,flex4_raw=501,flex4_norm=0.122",true
word-sequence-v1,session_20261005T212737_676Z,word_please_0015,25,34283,859250,1791235987236,please,words-draft,signer_05,neutral,0x70,1.33400000000,-0.220000000000,0.175000000000,20.3360000000,-36.0760000000,-10.4500000000,535,534,476,586,501,"seq=34283,t_ms=859250,who=0x70,ax=1.334,ay=-0.220,az=0.175,gx=20.336,gy=-36.076,gz=-10.450,expected=-,pred=5,pred_conf=100.0,flex0_raw=535,flex0_norm=0.131,flex1_raw=534,flex1_norm=0.130,flex2_raw=476,flex2_norm=0.116,flex3_raw=586,flex3_norm=0.143,flex4_raw=501,flex4_norm=0.122",true
word-sequence-v1,session_20261005T212737_676Z,word_please_0015,26,34284,859275,1791235987237,please,words-draft,signer_05,neutral,0x70,1.20100000000,-0.278000000000,0.164000000000,14.5340000000,-84.3890000000,-5.34400000000,535,535,478,585,501,"seq=34284,t_ms=859275,who=0x70,ax=1.201,ay=-0.278,az=0.164,gx=14.534,gy=-84.389,gz=-5.344,expected=-,pred=5,pred_conf=100.0,flex0_raw=535,flex0_norm=0.131,flex1_raw=535,flex1_norm=0.131,flex2_raw=478,flex2_norm=0.117,flex3_raw=585,flex3_norm=0.143,flex4_raw=501,flex4_norm=0.122",true
word-sequence-v1,session_20261005T212737_676Z,word_please_0015,27,34285,859300,1791235987262,please,words-draft,signer_05,neutral,0x70,1.07200000000,-0.260000000000,0.107000000000,7.98500000000,-94.7330000000,-11.4430000000,535,534,477,585,501,"seq=34285,t_ms=859300,who=0x70,ax=1.072,ay=-0.260,az=0.107,gx=7.985,gy=-94.733,gz=-11.443,expected=-,pred=5,pred_conf=100.0,flex0_raw=535,flex0_norm=0.131,flex1_raw=534,flex1_norm=0.130,flex2_raw=477,flex2_norm=0.116,flex3_raw=585,flex3_norm=0.143,flex4_raw=501,flex4_norm=0.122",true
word-sequence-v1,session_20261005T212737_676Z,word_please_0015,28,34286,859325,1791235987294,please,words-draft,signer_05,neutral,0x70,0.973000000000,-0.242000000000,0.0840000000000,0.260000000000,-88.1980000000,-16.0610000000,535,535,479,585,500,"seq=34286,t_ms=859325,who=0x70,ax=0.973,ay=-0.242,az=0.084,gx=0.260,gy=-88.198,gz=-16.061,expected=-,pred=5,pred_conf=100.0,flex0_raw=535,flex0_norm=0.131,flex1_raw=535,flex1_norm=0.131,flex2_raw=479,flex2_norm=0.117,flex3_raw=585,flex3_norm=0.143,flex4_raw=500,flex4_norm=0.122",true
word-sequence-v1,session_20261005T212737_676Z,word_please_0015,29,34287,859350,1791235987339,please,words-draft,signer_05,neutral,0x70,0.936000000000,-0.130000000000,0.0700000000000,-7.69500000000,-69.7710000000,-19.1370000000,535,536,479,587,501,"seq=34287,t_ms=859350,who=0x70,ax=0.936,ay=-0.130,az=0.070,gx=-7.695,gy=-69.771,gz=-19.137,expected=-,pred=5,pred_conf=100.0,flex0_raw=535,flex0_norm=0.131,flex1_raw=536,flex1_norm=0.131,flex2_raw=479,flex2_norm=0.117,flex3_raw=587,flex3_norm=0.143,flex4_raw=501,flex4_norm=0.122",true
word-sequence-v1,session_20261005T212737_676Z,word_please_0015,30,34288,859375,1791235987349,please,words-draft,signer_05,neutral,0x70,0.888000000000,-0.0710000000000,0.0520000000000,-4.72500000000,-70.8090000000,-9.15300000000,535,534,483,585,501,"seq=34288,t_ms=859375,who=0x70,ax=0.888,ay=-0.071,az=0.052,gx=-4.725,gy=-70.809,gz=-9.153,expected=-,pred=5,pred_conf=100.0,flex0_raw=535,flex0_norm=0.131,flex1_raw=534,flex1_norm=0.130,flex2_raw=483,flex2_norm=0.118,flex3_raw=585,flex3_norm=0.143,flex4_raw=501,flex4_norm=0.122",true
word-sequence-v1,session_20261005T212737_676Z,word_please_0015,31,34289,859400,1791235987379,please,words-draft,signer_05,neutral,0x70,0.816000000000,-0.0550000000000,0.00900000000000,-4.32800000000,-70.2820000000,-5.30500000000,535,535,483,587,501,"seq=34289,t_ms=859400,who=0x70,ax=0.816,ay=-0.055,az=0.009,gx=-4.328,gy=-70.282,gz=-5.305,expected=-,pred=5,pred_conf=100.0,flex0_raw=535,flex0_norm=0.131,flex1_raw=535,flex1_norm=0.131,flex2_raw=483,flex2_norm=0.118,flex3_raw=587,flex3_norm=0.143,flex4_raw=501,flex4_norm=0.122",true
word-sequence-v1,session_20261005T212737_676Z,word_please_0015,32,34290,859425,1791235987380,please,words-draft,signer_05,neutral,0x70,0.777000000000,-0.0350000000000,-0.0340000000000,-10.4050000000,-59.9920000000,-10.2440000000,535,535,483,587,501,"seq=34290,t_ms=859425,who=0x70,ax=0.777,ay=-0.035,az=-0.034,gx=-10.405,gy=-59.992,gz=-10.244,expected=-,pred=5,pred_conf=100.0,flex0_raw=535,flex0_norm=0.131,flex1_raw=535,flex1_norm=0.131,flex2_raw=483,flex2_norm=0.118,flex3_raw=587,flex3_norm=0.143,flex4_raw=501,flex4_norm=0.122",true
word-sequence-v1,session_20261005T212737_676Z,word_please_0015,33,34291,859450,1791235987408,please,words-draft,signer_05,neutral,0x70,0.761000000000,0.0230000000000,-0.0590000000000,-14.7330000000,-52.2060000000,-2.56500000000,536,535,483,587,501,"seq=34291,t_ms=859450,who=0x70,ax=0.761,ay=0.023,az=-0.059,gx=-14.733,gy=-52.206,gz=-2.565,expected=-,pred=5,pred_conf=100.0,flex0_raw=536,flex0_norm=0.131,flex1_raw=535,flex1_norm=0.131,flex2_raw=483,flex2_norm=0.118,flex3_raw=587,flex3_norm=0.143,flex4_raw=501,flex4_norm=0.122",true
word-sequence-v1,session_20261005T212737_676Z,word_please_0015,34,34292,859475,1791235987443,please,words-draft,signer_05,neutral,0x70,0.720000000000,0.0340000000000,-0.121000000000,-19.7560000000,-26.2980000000,-0.779000000000,535,535,483,587,501,"seq=34292,t_ms=859475,who=0x70,ax=0.720,ay=0.034,az=-0.121,gx=-19.756,gy=-26.298,gz=-0.779,expected=-,pred=5,pred_conf=100.0,flex0_raw=535,flex0_norm=0.131,flex1_raw=535,flex1_norm=0.131,flex2_raw=483,flex2_norm=0.118,flex3_raw=587,flex3_norm=0.143,flex4_raw=501,flex4_norm=0.122",true
word-sequence-v1,session_20261005T212737_676Z,word_please_0015,35,34293,859500,1791235987472,please,words-draft,signer_05,neutral,0x70,0.717000000000,0.0570000000000,-0.168000000000,-21.6490000000,6.42700000000,0.832000000000,535,534,483,587,501,"seq=34293,t_ms=859500,who=0x70,ax=0.717,ay=0.057,az=-0.168,gx=-21.649,gy=6.427,gz=0.832,expected=-,pred=5,pred_conf=100.0,flex0_raw=535,flex0_norm=0.131,flex1_raw=534,flex1_norm=0.130,flex2_raw=483,flex2_norm=0.118,flex3_raw=587,flex3_norm=0.143,flex4_raw=501,flex4_norm=0.122",true
word-sequence-v1,session_20261005T212737_676Z,word_please_0015,36,34294,859525,1791235987515,please,words-draft,signer_05,neutral,0x70,0.714000000000,0.124000000000,-0.209000000000,-17.1220000000,34.8630000000,4.37400000000,535,535,483,585,501,"seq=34294,t_ms=859525,who=0x70,ax=0.714,ay=0.124,az=-0.209,gx=-17.122,gy=34.863,gz=4.374,expected=-,pred=5,pred_conf=100.0,flex0_raw=535,flex0_norm=0.131,flex1_raw=535,flex1_norm=0.131,flex2_raw=483,flex2_norm=0.118,flex3_raw=585,flex3_norm=0.143,flex4_raw=501,flex4_norm=0.122",true
word-sequence-v1,session_20261005T212737_676Z,word_please_0015,37,34295,859550,1791235987537,please,words-draft,signer_05,neutral,0x70,0.733000000000,0.251000000000,-0.235000000000,-14.8400000000,47.2980000000,11.3740000000,535,534,483,585,501,"seq=34295,t_ms=859550,who=0x70,ax=0.733,ay=0.251,az=-0.235,gx=-14.840,gy=47.298,gz=11.374,expected=-,pred=5,pred_conf=100.0,flex0_raw=535,flex0_norm=0.131,flex1_raw=534,flex1_norm=0.130,flex2_raw=483,flex2_norm=0.118,flex3_raw=585,flex3_norm=0.143,flex4_raw=501,flex4_norm=0.122",true
word-sequence-v1,session_20261005T212737_676Z,word_please_0015,38,34296,859575,1791235987537,please,words-draft,signer_05,neutral,0x70,0.723000000000,0.263000000000,-0.226000000000,-16.8850000000,59.4890000000,9.90100000000,534,533,483,585,501,"seq=34296,t_ms=859575,who=0x70,ax=0.723,ay=0.263,az=-0.226,gx=-16.885,gy=59.489,gz=9.901,expected=-,pred=5,pred_conf=100.0,flex0_raw=534,flex0_norm=0.130,flex1_raw=533,flex1_norm=0.130,flex2_raw=483,flex2_norm=0.118,flex3_raw=585,flex3_norm=0.143,flex4_raw=501,flex4_norm=0.122",true
word-sequence-v1,session_20261005T212737_676Z,word_please_0015,39,34297,859600,1791235987558,please,words-draft,signer_05,neutral,0x70,0.782000000000,0.237000000000,-0.205000000000,-19.5420000000,63.1150000000,9.08400000000,534,535,483,584,500,"seq=34297,t_ms=859600,who=0x70,ax=0.782,ay=0.237,az=-0.205,gx=-19.542,gy=63.115,gz=9.084,expected=-,pred=5,pred_conf=100.0,flex0_raw=534,flex0_norm=0.130,flex1_raw=535,flex1_norm=0.131,flex2_raw=483,flex2_norm=0.118,flex3_raw=584,flex3_norm=0.143,flex4_raw=500,flex4_norm=0.122",true
word-sequence-v1,session_20261005T212737_676Z,word_please_0015,40,34298,859625,1791235987621,please,words-draft,signer_05,neutral,0x70,0.834000000000,0.230000000000,-0.212000000000,-17.0990000000,52.2370000000,7.25200000000,533,533,482,583,500,"seq=34298,t_ms=859625,who=0x70,ax=0.834,ay=0.230,az=-0.212,gx=-17.099,gy=52.237,gz=7.252,expected=-,pred=5,pred_conf=100.0,flex0_raw=533,flex0_norm=0.130,flex1_raw=533,flex1_norm=0.130,flex2_raw=482,flex2_norm=0.118,flex3_raw=583,flex3_norm=0.142,flex4_raw=500,flex4_norm=0.122",true
word-sequence-v1,session_20261005T212737_676Z,word_please_0015,41,34299,859650,1791235987622,please,words-draft,signer_05,neutral,0x70,0.947000000000,0.236000000000,-0.214000000000,-13.7100000000,43.5650000000,5.48100000000,533,533,479,583,500,"seq=34299,t_ms=859650,who=0x70,ax=0.947,ay=0.236,az=-0.214,gx=-13.710,gy=43.565,gz=5.481,expected=-,pred=5,pred_conf=100.0,flex0_raw=533,flex0_norm=0.130,flex1_raw=533,flex1_norm=0.130,flex2_raw=479,flex2_norm=0.117,flex3_raw=583,flex3_norm=0.142,flex4_raw=500,flex4_norm=0.122",true
word-sequence-v1,session_20261005T212737_676Z,word_please_0015,42,34300,859675,1791235987651,please,words-draft,signer_05,neutral,0x70,0.979000000000,0.265000000000,-0.229000000000,-9.08400000000,36.1150000000,8.18300000000,537,535,478,579,501,"seq=34300,t_ms=859675,who=0x70,ax=0.979,ay=0.265,az=-0.229,gx=-9.084,gy=36.115,gz=8.183,expected=-,pred=5,pred_conf=100.0,flex0_raw=537,flex0_norm=0.131,flex1_raw=535,flex1_norm=0.131,flex2_raw=478,flex2_norm=0.117,flex3_raw=579,flex3_norm=0.141,flex4_raw=501,flex4_norm=0.122",true
word-sequence-v1,session_20261005T212737_676Z,word_please_0015,43,34301,859700,1791235987685,please,words-draft,signer_05,neutral,0x70,1.01900000000,0.237000000000,-0.216000000000,-8.41200000000,46.9160000000,-0.0920000000000,534,534,476,584,501,"seq=34301,t_ms=859700,who=0x70,ax=1.019,ay=0.237,az=-0.216,gx=-8.412,gy=46.916,gz=-0.092,expected=-,pred=5,pred_conf=100.0,flex0_raw=534,flex0_norm=0.130,flex1_raw=534,flex1_norm=0.130,flex2_raw=476,flex2_norm=0.116,flex3_raw=584,flex3_norm=0.143,flex4_raw=501,flex4_norm=0.122",true
word-sequence-v1,session_20261005T212737_676Z,word_please_0015,44,34302,859725,1791235987685,please,words-draft,signer_05,neutral,0x70,1.14600000000,0.189000000000,-0.168000000000,-4.36600000000,73.7790000000,0.115000000000,534,535,473,584,501,"seq=34302,t_ms=859725,who=0x70,ax=1.146,ay=0.189,az=-0.168,gx=-4.366,gy=73.779,gz=0.115,expected=-,pred=5,pred_conf=100.0,flex0_raw=534,flex0_norm=0.130,flex1_raw=535,flex1_norm=0.131,flex2_raw=473,flex2_norm=0.116,flex3_raw=584,flex3_norm=0.143,flex4_raw=501,flex4_norm=0.122",true
word-sequence-v1,session_20261005T212737_676Z,word_please_0015,45,34303,859750,1791235987716,please,words-draft,signer_05,neutral,0x70,1.20300000000,0.149000000000,-0.0520000000000,1.85500000000,87.1680000000,-2.32100000000,533,533,470,583,499,"seq=34303,t_ms=859750,who=0x70,ax=1.203,ay=0.149,az=-0.052,gx=1.855,gy=87.168,gz=-2.321,expected=-,pred=5,pred_conf=100.0,flex0_raw=533,flex0_norm=0.130,flex1_raw=533,flex1_norm=0.130,flex2_raw=470,flex2_norm=0.115,flex3_raw=583,flex3_norm=0.142,flex4_raw=499,flex4_norm=0.122",true
word-sequence-v1,session_20261005T212737_676Z,word_please_0015,46,34304,859775,1791235987756,please,words-draft,signer_05,neutral,0x70,1.25600000000,0.149000000000,0.0410000000000,4.03100000000,71.1760000000,-10.2600000000,535,533,470,583,496,"seq=34304,t_ms=859775,who=0x70,ax=1.256,ay=0.149,az=0.041,gx=4.031,gy=71.176,gz=-10.260,expected=-,pred=5,pred_conf=100.0,flex0_raw=535,flex0_norm=0.131,flex1_raw=533,flex1_norm=0.130,flex2_raw=470,flex2_norm=0.115,flex3_raw=583,flex3_norm=0.142,flex4_raw=496,flex4_norm=0.121",true
word-sequence-v1,session_20261005T212737_676Z,word_please_0015,47,34305,859800,1791235987780,please,words-draft,signer_05,neutral,0x70,1.29100000000,0.0970000000000,0.105000000000,4.17600000000,58.5110000000,-13.0920000000,535,533,469,582,500,"seq=34305,t_ms=859800,who=0x70,ax=1.291,ay=0.097,az=0.105,gx=4.176,gy=58.511,gz=-13.092,expected=-,pred=5,pred_conf=100.0,flex0_raw=535,flex0_norm=0.131,flex1_raw=533,flex1_norm=0.130,flex2_raw=469,flex2_norm=0.115,flex3_raw=582,flex3_norm=0.142,flex4_raw=500,flex4_norm=0.122",true
word-sequence-v1,session_20261005T212737_676Z,word_please_0015,48,34306,859825,1791235987802,please,words-draft,signer_05,neutral,0x70,1.37600000000,0.00000000000,0.182000000000,6.25200000000,43.0920000000,-14.7180000000,534,533,469,581,499,"seq=34306,t_ms=859825,who=0x70,ax=1.376,ay=0.000,az=0.182,gx=6.252,gy=43.092,gz=-14.718,expected=-,pred=5,pred_conf=100.0,flex0_raw=534,flex0_norm=0.130,flex1_raw=533,flex1_norm=0.130,flex2_raw=469,flex2_norm=0.115,flex3_raw=581,flex3_norm=0.142,flex4_raw=499,flex4_norm=0.122",true
word-sequence-v1,session_20261005T212737_676Z,word_please_0015,49,34307,859850,1791235987828,please,words-draft,signer_05,neutral,0x70,1.41900000000,-0.0730000000000,0.218000000000,6.48900000000,-4.97700000000,-17.6790000000,533,534,468,581,500,"seq=34307,t_ms=859850,who=0x70,ax=1.419,ay=-0.073,az=0.218,gx=6.489,gy=-4.977,gz=-17.679,expected=-,pred=5,pred_conf=100.0,flex0_raw=533,flex0_norm=0.130,flex1_raw=534,flex1_norm=0.130,flex2_raw=468,flex2_norm=0.114,flex3_raw=581,flex3_norm=0.142,flex4_raw=500,flex4_norm=0.122",true
word-sequence-v1,session_20261005T212737_676Z,word_please_0015,50,34308,859875,1791235987830,please,words-draft,signer_05,neutral,0x70,1.38700000000,-0.147000000000,0.220000000000,3.51100000000,-55.3820000000,-10.1680000000,534,533,468,581,499,"seq=34308,t_ms=859875,who=0x70,ax=1.387,ay=-0.147,az=0.220,gx=3.511,gy=-55.382,gz=-10.168,expected=-,pred=5,pred_conf=100.0,flex0_raw=534,flex0_norm=0.130,flex1_raw=533,flex1_norm=0.130,flex2_raw=468,flex2_norm=0.114,flex3_raw=581,flex3_norm=0.142,flex4_raw=499,flex4_norm=0.122",true
word-sequence-v1,session_20261005T212737_676Z,word_please_0015,51,34309,859900,1791235987861,please,words-draft,signer_05,neutral,0x70,1.27300000000,-0.148000000000,0.202000000000,2.17600000000,-56.3970000000,-12.9770000000,534,533,467,583,495,"seq=34309,t_ms=859900,who=0x70,ax=1.273,ay=-0.148,az=0.202,gx=2.176,gy=-56.397,gz=-12.977,expected=-,pred=5,pred_conf=100.0,flex0_raw=534,flex0_norm=0.130,flex1_raw=533,flex1_norm=0.130,flex2_raw=467,flex2_norm=0.114,flex3_raw=583,flex3_norm=0.142,flex4_raw=495,flex4_norm=0.121",true
word-sequence-v1,session_20261005T212737_676Z,word_please_0015,52,34310,859925,1791235987898,please,words-draft,signer_05,neutral,0x70,1.14700000000,-0.121000000000,0.168000000000,-3.23700000000,-53.2210000000,-11.1070000000,535,534,468,583,500,"seq=34310,t_ms=859925,who=0x70,ax=1.147,ay=-0.121,az=0.168,gx=-3.237,gy=-53.221,gz=-11.107,expected=-,pred=5,pred_conf=100.0,flex0_raw=535,flex0_norm=0.131,flex1_raw=534,flex1_norm=0.130,flex2_raw=468,flex2_norm=0.114,flex3_raw=583,flex3_norm=0.142,flex4_raw=500,flex4_norm=0.122",true
word-sequence-v1,session_20261005T212737_676Z,word_please_0015,53,34311,859950,1791235987929,please,words-draft,signer_05,neutral,0x70,1.06200000000,-0.0800000000000,0.146000000000,-5.87800000000,-57.0530000000,2.43500000000,535,533,468,583,499,"seq=34311,t_ms=859950,who=0x70,ax=1.062,ay=-0.080,az=0.146,gx=-5.878,gy=-57.053,gz=2.435,expected=-,pred=5,pred_conf=100.0,flex0_raw=535,flex0_norm=0.131,flex1_raw=533,flex1_norm=0.130,flex2_raw=468,flex2_norm=0.114,flex3_raw=583,flex3_norm=0.142,flex4_raw=499,flex4_norm=0.122",true
word-sequence-v1,session_20261005T212737_676Z,word_please_0015,54,34312,859975,1791235987964,please,words-draft,signer_05,neutral,0x70,0.982000000000,-0.108000000000,0.117000000000,-8.96200000000,-53.3130000000,-2.33600000000,533,534,467,583,498,"seq=34312,t_ms=859975,who=0x70,ax=0.982,ay=-0.108,az=0.117,gx=-8.962,gy=-53.313,gz=-2.336,expected=-,pred=5,pred_conf=100.0,flex0_raw=533,flex0_norm=0.130,flex1_raw=534,flex1_norm=0.130,flex2_raw=467,flex2_norm=0.114,flex3_raw=583,flex3_norm=0.142,flex4_raw=498,flex4_norm=0.122",true
word-sequence-v1,session_20261005T212737_676Z,word_please_0015,55,34313,860000,1791235987993,please,words-draft,signer_05,neutral,0x70,0.907000000000,-0.0840000000000,0.0810000000000,-10.4200000000,-59.8930000000,-7.13000000000,535,535,467,583,499,"seq=34313,t_ms=860000,who=0x70,ax=0.907,ay=-0.084,az=0.081,gx=-10.420,gy=-59.893,gz=-7.130,expected=-,pred=5,pred_conf=100.0,flex0_raw=535,flex0_norm=0.131,flex1_raw=535,flex1_norm=0.131,flex2_raw=467,flex2_norm=0.114,flex3_raw=583,flex3_norm=0.142,flex4_raw=499,flex4_norm=0.122",true
word-sequence-v1,session_20261005T212737_676Z,word_please_0015,56,34314,860025,1791235987994,please,words-draft,signer_05,neutral,0x70,0.884000000000,-0.0420000000000,0.0200000000000,-10.2600000000,-72.4350000000,-7.84700000000,535,535,469,583,499,"seq=34314,t_ms=860025,who=0x70,ax=0.884,ay=-0.042,az=0.020,gx=-10.260,gy=-72.435,gz=-7.847,expected=-,pred=5,pred_conf=100.0,flex0_raw=535,flex0_norm=0.131,flex1_raw=535,flex1_norm=0.131,flex2_raw=469,flex2_norm=0.115,flex3_raw=583,flex3_norm=0.142,flex4_raw=499,flex4_norm=0.122",true
word-sequence-v1,session_20261005T212737_676Z,word_please_0015,57,34315,860050,1791235988026,please,words-draft,signer_05,neutral,0x70,0.853000000000,-0.00200000000000,-0.0300000000000,-8.61800000000,-64.8470000000,-8.97700000000,535,535,468,584,499,"seq=34315,t_ms=860050,who=0x70,ax=0.853,ay=-0.002,az=-0.030,gx=-8.618,gy=-64.847,gz=-8.977,expected=-,pred=5,pred_conf=100.0,flex0_raw=535,flex0_norm=0.131,flex1_raw=535,flex1_norm=0.131,flex2_raw=468,flex2_norm=0.114,flex3_raw=584,flex3_norm=0.143,flex4_raw=499,flex4_norm=0.122",true
word-sequence-v1,session_20261005T212737_676Z,word_please_0015,58,34316,860075,1791235988062,please,words-draft,signer_05,neutral,0x70,0.786000000000,0.0380000000000,-0.0750000000000,-9.57300000000,-45.7100000000,-8.72500000000,536,534,469,584,499,"seq=34316,t_ms=860075,who=0x70,ax=0.786,ay=0.038,az=-0.075,gx=-9.573,gy=-45.710,gz=-8.725,expected=-,pred=5,pred_conf=100.0,flex0_raw=536,flex0_norm=0.131,flex1_raw=534,flex1_norm=0.130,flex2_raw=469,flex2_norm=0.115,flex3_raw=584,flex3_norm=0.143,flex4_raw=499,flex4_norm=0.122",true
word-sequence-v1,session_20261005T212737_676Z,word_please_0015,59,34317,860100,1791235988068,please,words-draft,signer_05,neutral,0x70,0.742000000000,0.0790000000000,-0.101000000000,-11.6720000000,-35.3360000000,-5.68700000000,535,535,469,585,499,"seq=34317,t_ms=860100,who=0x70,ax=0.742,ay=0.079,az=-0.101,gx=-11.672,gy=-35.336,gz=-5.687,expected=-,pred=5,pred_conf=100.0,flex0_raw=535,flex0_norm=0.131,flex1_raw=535,flex1_norm=0.131,flex2_raw=469,flex2_norm=0.115,flex3_raw=585,flex3_norm=0.143,flex4_raw=499,flex4_norm=0.122",true
word-sequence-v1,session_20261005T212737_676Z,word_please_0015,60,34318,860125,1791235988098,please,words-draft,signer_05,neutral,0x70,0.737000000000,0.138000000000,-0.146000000000,-11.8930000000,-20.3050000000,-0.351000000000,536,535,468,584,500,"seq=34318,t_ms=860125,who=0x70,ax=0.737,ay=0.138,az=-0.146,gx=-11.893,gy=-20.305,gz=-0.351,expected=-,pred=5,pred_conf=100.0,flex0_raw=536,flex0_norm=0.131,flex1_raw=535,flex1_norm=0.131,flex2_raw=468,flex2_norm=0.114,flex3_raw=584,flex3_norm=0.143,flex4_raw=500,flex4_norm=0.122",true
word-sequence-v1,session_20261005T212737_676Z,word_please_0015,61,34319,860150,1791235988128,please,words-draft,signer_05,neutral,0x70,0.729000000000,0.147000000000,-0.209000000000,-11.3590000000,-6.67900000000,9.71800000000,535,534,469,583,499,"seq=34319,t_ms=860150,who=0x70,ax=0.729,ay=0.147,az=-0.209,gx=-11.359,gy=-6.679,gz=9.718,expected=-,pred=5,pred_conf=100.0,flex0_raw=535,flex0_norm=0.131,flex1_raw=534,flex1_norm=0.130,flex2_raw=469,flex2_norm=0.115,flex3_raw=583,flex3_norm=0.142,flex4_raw=499,flex4_norm=0.122",true
word-sequence-v1,session_20261005T212737_676Z,word_please_0015,62,34320,860175,1791235988131,please,words-draft,signer_05,neutral,0x70,0.761000000000,0.173000000000,-0.211000000000,-19.1220000000,3.80200000000,18.3590000000,535,535,469,584,500,"seq=34320,t_ms=860175,who=0x70,ax=0.761,ay=0.173,az=-0.211,gx=-19.122,gy=3.802,gz=18.359,expected=-,pred=5,pred_conf=100.0,flex0_raw=535,flex0_norm=0.131,flex1_raw=535,flex1_norm=0.131,flex2_raw=469,flex2_norm=0.115,flex3_raw=584,flex3_norm=0.143,flex4_raw=500,flex4_norm=0.122",true
word-sequence-v1,session_20261005T212737_676Z,word_please_0015,63,34321,860200,1791235988158,please,words-draft,signer_05,neutral,0x70,0.737000000000,0.209000000000,-0.229000000000,-24.2440000000,20.0000000000,23.2210000000,535,533,468,583,499,"seq=34321,t_ms=860200,who=0x70,ax=0.737,ay=0.209,az=-0.229,gx=-24.244,gy=20.000,gz=23.221,expected=-,pred=5,pred_conf=100.0,flex0_raw=535,flex0_norm=0.131,flex1_raw=533,flex1_norm=0.130,flex2_raw=468,flex2_norm=0.114,flex3_raw=583,flex3_norm=0.142,flex4_raw=499,flex4_norm=0.122",true
word-sequence-v1,session_20261005T212737_676Z,word_please_0015,64,34322,860225,1791235988200,please,words-draft,signer_05,neutral,0x70,0.815000000000,0.314000000000,-0.202000000000,-26.0760000000,32.8700000000,14.2370000000,536,533,469,582,495,"seq=34322,t_ms=860225,who=0x70,ax=0.815,ay=0.314,az=-0.202,gx=-26.076,gy=32.870,gz=14.237,expected=-,pred=5,pred_conf=100.0,flex0_raw=536,flex0_norm=0.131,flex1_raw=533,flex1_norm=0.130,flex2_raw=469,flex2_norm=0.115,flex3_raw=582,flex3_norm=0.142,flex4_raw=495,flex4_norm=0.121",true
word-sequence-v1,session_20261005T212737_676Z,word_please_0015,65,34323,860250,1791235988223,please,words-draft,signer_05,neutral,0x70,0.830000000000,0.263000000000,-0.215000000000,-17.3970000000,31.9770000000,13.2820000000,533,533,469,581,499,"seq=34323,t_ms=860250,who=0x70,ax=0.830,ay=0.263,az=-0.215,gx=-17.397,gy=31.977,gz=13.282,expected=-,pred=5,pred_conf=100.0,flex0_raw=533,flex0_norm=0.130,flex1_raw=533,flex1_norm=0.130,flex2_raw=469,flex2_norm=0.115,flex3_raw=581,flex3_norm=0.142,flex4_raw=499,flex4_norm=0.122",true
word-sequence-v1,session_20261005T212737_676Z,word_please_0015,66,34324,860275,1791235988248,please,words-draft,signer_05,neutral,0x70,0.882000000000,0.302000000000,-0.223000000000,-10.8320000000,48.6030000000,12.2820000000,535,533,469,581,499,"seq=34324,t_ms=860275,who=0x70,ax=0.882,ay=0.302,az=-0.223,gx=-10.832,gy=48.603,gz=12.282,expected=-,pred=5,pred_conf=100.0,flex0_raw=535,flex0_norm=0.131,flex1_raw=533,flex1_norm=0.130,flex2_raw=469,flex2_norm=0.115,flex3_raw=581,flex3_norm=0.142,flex4_raw=499,flex4_norm=0.122",true
word-sequence-v1,session_20261005T212737_676Z,word_please_0015,67,34325,860300,1791235988283,please,words-draft,signer_05,neutral,0x70,0.892000000000,0.265000000000,-0.197000000000,-9.12200000000,60.4350000000,15.1760000000,534,535,469,581,499,"seq=34325,t_ms=860300,who=0x70,ax=0.892,ay=0.265,az=-0.197,gx=-9.122,gy=60.435,gz=15.176,expected=-,pred=5,pred_conf=100.0,flex0_raw=534,flex0_norm=0.130,flex1_raw=535,flex1_norm=0.131,flex2_raw=469,flex2_norm=0.115,flex3_raw=581,flex3_norm=0.142,flex4_raw=499,flex4_norm=0.122",true
word-sequence-v1,session_20261005T212737_676Z,word_please_0015,68,34326,860325,1791235988284,please,words-draft,signer_05,neutral,0x70,0.895000000000,0.202000000000,-0.172000000000,-6.19800000000,65.2060000000,9.05300000000,534,533,469,581,499,"seq=34326,t_ms=860325,who=0x70,ax=0.895,ay=0.202,az=-0.172,gx=-6.198,gy=65.206,gz=9.053,expected=-,pred=5,pred_conf=100.0,flex0_raw=534,flex0_norm=0.130,flex1_raw=533,flex1_norm=0.130,flex2_raw=469,flex2_norm=0.115,flex3_raw=581,flex3_norm=0.142,flex4_raw=499,flex4_norm=0.122",true
word-sequence-v1,session_20261005T212737_676Z,word_please_0015,69,34327,860350,1791235988312,please,words-draft,signer_05,neutral,0x70,0.921000000000,0.165000000000,-0.152000000000,1.77100000000,71.4580000000,-3.02300000000,535,533,469,579,496,"seq=34327,t_ms=860350,who=0x70,ax=0.921,ay=0.165,az=-0.152,gx=1.771,gy=71.458,gz=-3.023,expected=-,pred=5,pred_conf=100.0,flex0_raw=535,flex0_norm=0.131,flex1_raw=533,flex1_norm=0.130,flex2_raw=469,flex2_norm=0.115,flex3_raw=579,flex3_norm=0.141,flex4_raw=496,flex4_norm=0.121",true
word-sequence-v1,session_20261005T212737_676Z,word_please_0015,70,34328,860375,1791235988338,please,words-draft,signer_05,neutral,0x70,1.08700000000,0.147000000000,-0.127000000000,13.8850000000,50.4580000000,0.595000000000,533,532,469,573,495,"seq=34328,t_ms=860375,who=0x70,ax=1.087,ay=0.147,az=-0.127,gx=13.885,gy=50.458,gz=0.595,expected=-,pred=5,pred_conf=100.0,flex0_raw=533,flex0_norm=0.130,flex1_raw=532,flex1_norm=0.130,flex2_raw=469,flex2_norm=0.115,flex3_raw=573,flex3_norm=0.140,flex4_raw=495,flex4_norm=0.121",true
word-sequence-v1,session_20261005T212737_676Z,word_please_0015,71,34329,860400,1791235988373,please,words-draft,signer_05,neutral,0x70,1.18800000000,0.0560000000000,-0.0770000000000,9.41200000000,53.4500000000,2.26000000000,532,531,469,573,495,"seq=34329,t_ms=860400,who=0x70,ax=1.188,ay=0.056,az=-0.077,gx=9.412,gy=53.450,gz=2.260,expected=-,pred=5,pred_conf=100.0,flex0_raw=532,flex0_norm=0.130,flex1_raw=531,flex1_norm=0.130,flex2_raw=469,flex2_norm=0.115,flex3_raw=573,flex3_norm=0.140,flex4_raw=495,flex4_norm=0.121",true
word-sequence-v1,session_20261005T212737_676Z,word_please_0015,72,34330,860425,1791235988409,please,words-draft,signer_05,neutral,0x70,1.26800000000,0.0840000000000,-0.00300000000000,10.0080000000,45.8630000000,-14.2140000000,532,533,468,573,495,"seq=34330,t_ms=860425,who=0x70,ax=1.268,ay=0.084,az=-0.003,gx=10.008,gy=45.863,gz=-14.214,expected=-,pred=5,pred_conf=100.0,flex0_raw=532,flex0_norm=0.130,flex1_raw=533,flex1_norm=0.130,flex2_raw=468,flex2_norm=0.114,flex3_raw=573,flex3_norm=0.140,flex4_raw=495,flex4_norm=0.121",true
word-sequence-v1,session_20261005T212737_676Z,word_please_0015,73,34331,860450,1791235988434,please,words-draft,signer_05,neutral,0x70,1.35100000000,0.0620000000000,0.0150000000000,18.7180000000,-1.37400000000,-13.6560000000,532,532,468,572,495,"seq=34331,t_ms=860450,who=0x70,ax=1.351,ay=0.062,az=0.015,gx=18.718,gy=-1.374,gz=-13.656,expected=-,pred=5,pred_conf=100.0,flex0_raw=532,flex0_norm=0.130,flex1_raw=532,flex1_norm=0.130,flex2_raw=468,flex2_norm=0.114,flex3_raw=572,flex3_norm=0.140,flex4_raw=495,flex4_norm=0.121",true
word-sequence-v1,session_20261005T212737_676Z,word_please_0015,74,34332,860475,1791235988434,please,words-draft,signer_05,neutral,0x70,1.38500000000,0.00000000000,0.0380000000000,22.5500000000,-22.7560000000,-14.3970000000,533,531,467,571,497,"seq=34332,t_ms=860475,who=0x70,ax=1.385,ay=0.000,az=0.038,gx=22.550,gy=-22.756,gz=-14.397,expected=-,pred=5,pred_conf=100.0,flex0_raw=533,flex0_norm=0.130,flex1_raw=531,flex1_norm=0.130,flex2_raw=467,flex2_norm=0.114,flex3_raw=571,flex3_norm=0.139,flex4_raw=497,flex4_norm=0.121",true
word-sequence-v1,session_20261005T212737_676Z,word_please_0015,75,34333,860500,1791235988458,please,words-draft,signer_05,neutral,0x70,1.31700000000,0.0180000000000,0.104000000000,9.94700000000,-11.1220000000,-16.2750000000,533,531,467,573,495,"seq=34333,t_ms=860500,who=0x70,ax=1.317,ay=0.018,az=0.104,gx=9.947,gy=-11.122,gz=-16.275,expected=-,pred=5,pred_conf=100.0,flex0_raw=533,flex0_norm=0.130,flex1_raw=531,flex1_norm=0.130,flex2_raw=467,flex2_norm=0.114,flex3_raw=573,flex3_norm=0.140,flex4_raw=495,flex4_norm=0.121",true
word-sequence-v1,session_20261005T212737_676Z,word_please_0015,76,34334,860525,1791235988495,please,words-draft,signer_05,neutral,0x70,1.30100000000,0.0220000000000,0.111000000000,-1.57300000000,2.17600000000,-13.4350000000,533,533,464,580,498,"seq=34334,t_ms=860525,who=0x70,ax=1.301,ay=0.022,az=0.111,gx=-1.573,gy=2.176,gz=-13.435,expected=-,pred=5,pred_conf=100.0,flex0_raw=533,flex0_norm=0.130,flex1_raw=533,flex1_norm=0.130,flex2_raw=464,flex2_norm=0.113,flex3_raw=580,flex3_norm=0.142,flex4_raw=498,flex4_norm=0.122",true
word-sequence-v1,session_20261005T212737_676Z,word_please_0015,77,34335,860550,1791235988528,please,words-draft,signer_05,neutral,0x70,1.22200000000,-0.0290000000000,0.123000000000,1.28200000000,-12.7860000000,2.01500000000,535,533,467,581,499,"seq=34335,t_ms=860550,who=0x70,ax=1.222,ay=-0.029,az=0.123,gx=1.282,gy=-12.786,gz=2.015,expected=-,pred=5,pred_conf=100.0,flex0_raw=535,flex0_norm=0.131,flex1_raw=533,flex1_norm=0.130,flex2_raw=467,flex2_norm=0.114,flex3_raw=581,flex3_norm=0.142,flex4_raw=499,flex4_norm=0.122",true
word-sequence-v1,session_20261005T212737_676Z,word_please_0015,78,34336,860575,1791235988560,please,words-draft,signer_05,neutral,0x70,1.06700000000,-0.109000000000,0.121000000000,-2.47300000000,-43.1450000000,0.992000000000,535,533,466,581,498,"seq=34336,t_ms=860575,who=0x70,ax=1.067,ay=-0.109,az=0.121,gx=-2.473,gy=-43.145,gz=0.992,expected=-,pred=5,pred_conf=100.0,flex0_raw=535,flex0_norm=0.131,flex1_raw=533,flex1_norm=0.130,flex2_raw=466,flex2_norm=0.114,flex3_raw=581,flex3_norm=0.142,flex4_raw=498,flex4_norm=0.122",true
word-sequence-v1,session_20261005T212737_676Z,word_please_0015,79,34337,860600,1791235988590,please,words-draft,signer_05,neutral,0x70,1.03700000000,-0.137000000000,0.102000000000,-5.02300000000,-57.6030000000,-6.35100000000,533,535,467,581,499,"seq=34337,t_ms=860600,who=0x70,ax=1.037,ay=-0.137,az=0.102,gx=-5.023,gy=-57.603,gz=-6.351,expected=-,pred=5,pred_conf=100.0,flex0_raw=533,flex0_norm=0.130,flex1_raw=535,flex1_norm=0.131,flex2_raw=467,flex2_norm=0.114,flex3_raw=581,flex3_norm=0.142,flex4_raw=499,flex4_norm=0.122",true
word-sequence-v1,session_20261005T212737_676Z,word_please_0015,80,34338,860625,1791235988590,please,words-draft,signer_05,neutral,0x70,1.02600000000,-0.115000000000,0.101000000000,-2.77900000000,-51.3820000000,-5.51100000000,535,534,467,581,499,"seq=34338,t_ms=860625,who=0x70,ax=1.026,ay=-0.115,az=0.101,gx=-2.779,gy=-51.382,gz=-5.511,expected=-,pred=5,pred_conf=100.0,flex0_raw=535,flex0_norm=0.131,flex1_raw=534,flex1_norm=0.130,flex2_raw=467,flex2_norm=0.114,flex3_raw=581,flex3_norm=0.142,flex4_raw=499,flex4_norm=0.122",true
word-sequence-v1,session_20261005T212737_676Z,word_please_0015,81,34339,860650,1791235988633,please,words-draft,signer_05,neutral,0x70,0.973000000000,-0.0940000000000,0.0870000000000,-6.63400000000,-39.9770000000,-9.73300000000,535,535,467,581,498,"seq=34339,t_ms=860650,who=0x70,ax=0.973,ay=-0.094,az=0.087,gx=-6.634,gy=-39.977,gz=-9.733,expected=-,pred=5,pred_conf=100.0,flex0_raw=535,flex0_norm=0.131,flex1_raw=535,flex1_norm=0.131,flex2_raw=467,flex2_norm=0.114,flex3_raw=581,flex3_norm=0.142,flex4_raw=498,flex4_norm=0.122",true
word-sequence-v1,session_20261005T212737_676Z,word_please_0015,82,34340,860675,1791235988653,please,words-draft,signer_05,neutral,0x70,0.940000000000,-0.0680000000000,0.0510000000000,-12.7330000000,-45.5730000000,-16.0990000000,534,533,467,581,499,"seq=34340,t_ms=860675,who=0x70,ax=0.940,ay=-0.068,az=0.051,gx=-12.733,gy=-45.573,gz=-16.099,expected=-,pred=5,pred_conf=100.0,flex0_raw=534,flex0_norm=0.130,flex1_raw=533,flex1_norm=0.130,flex2_raw=467,flex2_norm=0.114,flex3_raw=581,flex3_norm=0.142,flex4_raw=499,flex4_norm=0.122",true
word-sequence-v1,session_20261005T212737_676Z,word_please_0015,83,34341,860700,1791235988677,please,words-draft,signer_05,neutral,0x70,0.880000000000,-0.0160000000000,0.00200000000000,-18.2140000000,-59.9920000000,-20.1070000000,535,535,467,582,500,"seq=34341,t_ms=860700,who=0x70,ax=0.880,ay=-0.016,az=0.002,gx=-18.214,gy=-59.992,gz=-20.107,expected=-,pred=5,pred_conf=100.0,flex0_raw=535,flex0_norm=0.131,flex1_raw=535,flex1_norm=0.131,flex2_raw=467,flex2_norm=0.114,flex3_raw=582,flex3_norm=0.142,flex4_raw=500,flex4_norm=0.122",true
word-sequence-v1,session_20261005T212737_676Z,word_please_0015,84,34342,860725,1791235988698,please,words-draft,signer_05,neutral,0x70,0.827000000000,0.0530000000000,-0.0460000000000,-23.7710000000,-73.4430000000,-16.8020000000,535,535,467,582,499,"seq=34342,t_ms=860725,who=0x70,ax=0.827,ay=0.053,az=-0.046,gx=-23.771,gy=-73.443,gz=-16.802,expected=-,pred=5,pred_conf=100.0,flex0_raw=535,flex0_norm=0.131,flex1_raw=535,flex1_norm=0.131,flex2_raw=467,flex2_norm=0.114,flex3_raw=582,flex3_norm=0.142,flex4_raw=499,flex4_norm=0.122",true
word-sequence-v1,session_20261005T212737_676Z,word_please_0015,85,34343,860750,1791235988728,please,words-draft,signer_05,neutral,0x70,0.777000000000,0.0720000000000,-0.0870000000000,-22.5190000000,-64.3280000000,-2.14500000000,534,533,467,583,499,"seq=34343,t_ms=860750,who=0x70,ax=0.777,ay=0.072,az=-0.087,gx=-22.519,gy=-64.328,gz=-2.145,expected=-,pred=5,pred_conf=100.0,flex0_raw=534,flex0_norm=0.130,flex1_raw=533,flex1_norm=0.130,flex2_raw=467,flex2_norm=0.114,flex3_raw=583,flex3_norm=0.142,flex4_raw=499,flex4_norm=0.122",true
word-sequence-v1,session_20261005T212737_676Z,word_please_0015,86,34344,860775,1791235988730,please,words-draft,signer_05,neutral,0x70,0.698000000000,0.140000000000,-0.140000000000,-22.9620000000,-49.6260000000,0.794000000000,535,535,467,583,500,"seq=34344,t_ms=860775,who=0x70,ax=0.698,ay=0.140,az=-0.140,gx=-22.962,gy=-49.626,gz=0.794,expected=-,pred=5,pred_conf=100.0,flex0_raw=535,flex0_norm=0.131,flex1_raw=535,flex1_norm=0.131,flex2_raw=467,flex2_norm=0.114,flex3_raw=583,flex3_norm=0.142,flex4_raw=500,flex4_norm=0.122",true
word-sequence-v1,session_20261005T212737_676Z,word_please_0015,87,34345,860800,1791235988758,please,words-draft,signer_05,neutral,0x70,0.667000000000,0.191000000000,-0.164000000000,-22.5800000000,-36.6260000000,12.0920000000,533,535,467,582,499,"seq=34345,t_ms=860800,who=0x70,ax=0.667,ay=0.191,az=-0.164,gx=-22.580,gy=-36.626,gz=12.092,expected=-,pred=5,pred_conf=100.0,flex0_raw=533,flex0_norm=0.130,flex1_raw=535,flex1_norm=0.131,flex2_raw=467,flex2_norm=0.114,flex3_raw=582,flex3_norm=0.142,flex4_raw=499,flex4_norm=0.122",true
word-sequence-v1,session_20261005T212737_676Z,word_please_0015,88,34346,860825,1791235988792,please,words-draft,signer_05,neutral,0x70,0.681000000000,0.223000000000,-0.236000000000,-36.1450000000,-3.57300000000,4.01500000000,535,534,467,583,501,"seq=34346,t_ms=860825,who=0x70,ax=0.681,ay=0.223,az=-0.236,gx=-36.145,gy=-3.573,gz=4.015,expected=-,pred=5,pred_conf=100.0,flex0_raw=535,flex0_norm=0.131,flex1_raw=534,flex1_norm=0.130,flex2_raw=467,flex2_norm=0.114,flex3_raw=583,flex3_norm=0.142,flex4_raw=501,flex4_norm=0.122",true
word-sequence-v1,session_20261005T212737_676Z,word_please_0015,89,34347,860850,1791235988825,please,words-draft,signer_05,neutral,0x70,0.722000000000,0.304000000000,-0.250000000000,-27.7560000000,32.4500000000,-2.19100000000,535,535,469,584,500,"seq=34347,t_ms=860850,who=0x70,ax=0.722,ay=0.304,az=-0.250,gx=-27.756,gy=32.450,gz=-2.191,expected=-,pred=5,pred_conf=100.0,flex0_raw=535,flex0_norm=0.131,flex1_raw=535,flex1_norm=0.131,flex2_raw=469,flex2_norm=0.115,flex3_raw=584,flex3_norm=0.143,flex4_raw=500,flex4_norm=0.122",true
word-sequence-v1,session_20261005T212737_676Z,word_please_0015,90,34348,860875,1791235988860,please,words-draft,signer_05,neutral,0x70,0.734000000000,0.359000000000,-0.251000000000,-22.7630000000,53.5800000000,4.35900000000,535,536,469,584,500,"seq=34348,t_ms=860875,who=0x70,ax=0.734,ay=0.359,az=-0.251,gx=-22.763,gy=53.580,gz=4.359,expected=-,pred=5,pred_conf=100.0,flex0_raw=535,flex0_norm=0.131,flex1_raw=536,flex1_norm=0.131,flex2_raw=469,flex2_norm=0.115,flex3_raw=584,flex3_norm=0.143,flex4_raw=500,flex4_norm=0.122",true
word-sequence-v1,session_20261005T212737_676Z,word_please_0015,91,34349,860900,1791235988888,please,words-draft,signer_05,neutral,0x70,0.796000000000,0.350000000000,-0.245000000000,-15.1150000000,61.7790000000,7.80200000000,535,534,469,583,500,"seq=34349,t_ms=860900,who=0x70,ax=0.796,ay=0.350,az=-0.245,gx=-15.115,gy=61.779,gz=7.802,expected=-,pred=5,pred_conf=100.0,flex0_raw=535,flex0_norm=0.131,flex1_raw=534,flex1_norm=0.130,flex2_raw=469,flex2_norm=0.115,flex3_raw=583,flex3_norm=0.142,flex4_raw=500,flex4_norm=0.122",true
word-sequence-v1,session_20261005T212737_676Z,word_please_0015,92,34350,860925,1791235988888,please,words-draft,signer_05,neutral,0x70,0.862000000000,0.301000000000,-0.268000000000,-6.14500000000,69.6870000000,-0.718000000000,535,534,467,584,500,"seq=34350,t_ms=860925,who=0x70,ax=0.862,ay=0.301,az=-0.268,gx=-6.145,gy=69.687,gz=-0.718,expected=-,pred=5,pred_conf=100.0,flex0_raw=535,flex0_norm=0.131,flex1_raw=534,flex1_norm=0.130,flex2_raw=467,flex2_norm=0.114,flex3_raw=584,flex3_norm=0.143,flex4_raw=500,flex4_norm=0.122",true
word-sequence-v1,session_20261005T212737_676Z,word_please_0015,93,34351,860950,1791235988908,please,words-draft,signer_05,neutral,0x70,0.983000000000,0.303000000000,-0.229000000000,-3.03100000000,83.2820000000,-3.71800000000,535,535,469,583,500,"seq=34351,t_ms=860950,who=0x70,ax=0.983,ay=0.303,az=-0.229,gx=-3.031,gy=83.282,gz=-3.718,expected=-,pred=5,pred_conf=100.0,flex0_raw=535,flex0_norm=0.131,flex1_raw=535,flex1_norm=0.131,flex2_raw=469,flex2_norm=0.115,flex3_raw=583,flex3_norm=0.142,flex4_raw=500,flex4_norm=0.122",true
word-sequence-v1,session_20261005T212737_676Z,word_please_0015,94,34352,860975,1791235988946,please,words-draft,signer_05,neutral,0x70,1.15800000000,0.358000000000,-0.162000000000,-1.64100000000,90.1910000000,4.67900000000,536,534,468,581,500,"seq=34352,t_ms=860975,who=0x70,ax=1.158,ay=0.358,az=-0.162,gx=-1.641,gy=90.191,gz=4.679,expected=-,pred=5,pred_conf=100.0,flex0_raw=536,flex0_norm=0.131,flex1_raw=534,flex1_norm=0.130,flex2_raw=468,flex2_norm=0.114,flex3_raw=581,flex3_norm=0.142,flex4_raw=500,flex4_norm=0.122",true
word-sequence-v1,session_20261005T212737_676Z,word_please_0015,95,34353,861000,1791235988980,please,words-draft,signer_05,neutral,0x70,1.11700000000,0.292000000000,-0.110000000000,3.62600000000,80.5570000000,14.2600000000,535,534,469,582,500,"seq=34353,t_ms=861000,who=0x70,ax=1.117,ay=0.292,az=-0.110,gx=3.626,gy=80.557,gz=14.260,expected=-,pred=5,pred_conf=100.0,flex0_raw=535,flex0_norm=0.131,flex1_raw=534,flex1_norm=0.130,flex2_raw=469,flex2_norm=0.115,flex3_raw=582,flex3_norm=0.142,flex4_raw=500,flex4_norm=0.122",true
word-sequence-v1,session_20261005T212737_676Z,word_please_0015,96,34354,861025,1791235989014,please,words-draft,signer_05,neutral,0x70,1.13200000000,0.268000000000,-0.0630000000000,3.09900000000,59.5270000000,-4.65600000000,535,534,469,582,499,"seq=34354,t_ms=861025,who=0x70,ax=1.132,ay=0.268,az=-0.063,gx=3.099,gy=59.527,gz=-4.656,expected=-,pred=5,pred_conf=100.0,flex0_raw=535,flex0_norm=0.131,flex1_raw=534,flex1_norm=0.130,flex2_raw=469,flex2_norm=0.115,flex3_raw=582,flex3_norm=0.142,flex4_raw=499,flex4_norm=0.122",true
word-sequence-v1,session_20261005T212737_676Z,word_please_0015,97,34355,861050,1791235989045,please,words-draft,signer_05,neutral,0x70,1.13700000000,0.167000000000,-0.0720000000000,5.63400000000,43.2750000000,-4.69500000000,537,535,467,584,500,"seq=34355,t_ms=861050,who=0x70,ax=1.137,ay=0.167,az=-0.072,gx=5.634,gy=43.275,gz=-4.695,expected=-,pred=5,pred_conf=100.0,flex0_raw=537,flex0_norm=0.131,flex1_raw=535,flex1_norm=0.131,flex2_raw=467,flex2_norm=0.114,flex3_raw=584,flex3_norm=0.143,flex4_raw=500,flex4_norm=0.122",true
word-sequence-v1,session_20261005T212737_676Z,word_please_0015,98,34356,861075,1791235989085,please,words-draft,signer_05,neutral,0x70,1.19300000000,0.0980000000000,-0.0490000000000,9.93900000000,24.2210000000,-4.96900000000,536,536,468,584,500,"seq=34356,t_ms=861075,who=0x70,ax=1.193,ay=0.098,az=-0.049,gx=9.939,gy=24.221,gz=-4.969,expected=-,pred=5,pred_conf=100.0,flex0_raw=536,flex0_norm=0.131,flex1_raw=536,flex1_norm=0.131,flex2_raw=468,flex2_norm=0.114,flex3_raw=584,flex3_norm=0.143,flex4_raw=500,flex4_norm=0.122",true
word-sequence-v1,session_20261005T212737_676Z,word_please_0015,99,34357,861100,1791235989086,please,words-draft,signer_05,neutral,0x70,1.23300000000,0.0160000000000,0.00200000000000,14.1680000000,-3.99200000000,1.12200000000,536,535,468,585,499,"seq=34357,t_ms=861100,who=0x70,ax=1.233,ay=0.016,az=0.002,gx=14.168,gy=-3.992,gz=1.122,expected=-,pred=5,pred_conf=100.0,flex0_raw=536,flex0_norm=0.131,flex1_raw=535,flex1_norm=0.131,flex2_raw=468,flex2_norm=0.114,flex3_raw=585,flex3_norm=0.143,flex4_raw=499,flex4_norm=0.122",true
