flex_thumb,flex_index,flex_middle,flex_ring,flex_pinky,accel_x,accel_y,accel_z,gyro_x,gyro_y,gyro_z,label
1501,457,447,3204,3125,0.6039,6.8063,6.3015,0.0491,-0.0028,0.029,P
3098,2866,2889,3016,3238,0.707,9.7917,0.4419,0.0107,0.03,-0.0937,M
2901,445,377,3107,3192,-0.0659,9.5484,0.6036,-0.0,-0.0255,-0.0018,U
2259,599,3153,3284,3174,5.033,7.4905,1.6872,0.0102,0.0219,0.026,G
2921,2999,3008,2993,3302,0.5416,9.1707,1.2603,-0.1371,0.1076,-0.0144,M
3217,540,814,333,637,0.1138,9.7862,0.4863,-0.0212,-0.0285,0.0165,B
2987,500,561,571,501,0.1917,9.6564,0.4578,-0.0245,0.0285,0.0177,4
2803,2910,3003,2980,3173,0.0052,9.1783,1.4023,0.0014,0.0321,0.0003,M
2434,3505,3407,3371,3414,0.179,9.6246,0.9411,-0.0397,0.1188,-0.0504,S
2498,2430,438,458,357,0.299,8.9553,1.6038,0.0309,0.0393,0.0294,F
3072,3192,3096,3142,244,1.8517,8.5113,2.9592,0.099,0.0287,0.0265,J
1415,489,444,3131,3031,0.4419,9.1258,0.9495,-0.0256,-0.0103,-0.0075,K
518,512,3245,3179,3336,0.1296,8.8822,0.9574,-0.104,0.0337,0.0276,L
2042,2062,1937,1979,2098,0.6278,9.4195,1.444,0.0587,0.0561,0.0325,O
2478,3469,3473,3484,3348,0.9818,9.4794,1.1266,0.0001,-0.007,0.0139,S
567,371,3248,3066,3204,0.5615,9.4931,1.6604,-0.0004,-0.0981,0.0268,L
2157,1821,3092,3317,2949,0.4483,10.0587,1.4279,0.0245,-0.0596,0.0665,9
2917,2848,2837,2830,2785,0.9492,9.648,0.7095,0.0124,0.0376,-0.0294,E
2507,2481,551,463,637,0.2131,9.7761,0.9705,-0.0898,0.0119,-0.0127,F
2018,1991,1836,1950,2015,0.4712,9.5909,1.7271,-0.012,-0.0481,0.0774,O
3002,3080,2963,3173,3284,-0.4394,9.6039,0.68,0.068,-0.0264,0.0258,N
2868,451,565,3141,3230,0.5257,8.8051,1.0605,0.0652,-0.0154,0.0173,U
1436,565,439,3219,3226,0.2554,6.9281,5.796,-0.0009,-0.0481,-0.0112,P
2977,3232,3036,3004,3186,-0.0654,9.7692,0.7763,-0.0039,0.0047,0.0111,M
541,590,506,466,510,0.1477,9.0643,0.7471,-0.1181,-0.0182,-0.025,5
2860,3066,2932,2988,3302,0.8338,9.0899,0.8091,0.0136,-0.0754,0.0401,M
2743,509,2818,2724,2769,0.2383,10.0817,0.1758,0.0603,-0.0468,-0.0686,D
3053,533,519,529,451,0.2925,9.6446,0.9923,-0.0795,0.0106,0.0531,4
2868,403,400,370,3228,0.565,9.2433,0.9659,0.1207,-0.013,0.0694,W
1592,474,510,3140,3048,0.7704,9.9007,0.8946,0.0331,-0.0195,0.0144,K
2823,547,3396,3245,3160,0.2795,9.2003,0.6636,-0.0275,-0.0445,-0.0433,1
1881,2008,1939,1790,1993,0.6553,9.7533,2.0271,0.0325,0.0467,-0.0642,O
532,592,3169,3183,3108,0.5022,9.628,1.7375,0.0273,-0.0309,-0.0325,L
1491,562,508,3050,3207,0.5007,8.8424,1.5832,0.0156,0.0336,-0.0583,K
2170,1869,3233,3266,3173,0.5387,9.3689,1.3993,0.013,-0.0191,-0.128,9
3001,2969,2908,3048,3126,0.4553,10.1783,1.094,0.0696,-0.036,0.0381,M
2562,2651,500,534,421,1.2406,9.299,1.1075,-0.0173,-0.0322,-0.0365,F
2819,3608,3445,3259,3460,0.6143,9.8869,1.202,-0.0069,-0.0612,-0.0105,A
2909,2987,2940,3326,3193,0.2069,9.8244,1.4469,0.0203,-0.0189,0.0348,N
2920,557,3261,3160,3178,0.2222,9.7824,0.4746,-0.0203,-0.0408,-0.0358,1
2254,3342,3292,3411,3224,0.5644,9.6968,0.5102,0.0095,0.0258,0.047,S
2720,1114,885,3138,3140,-0.085,9.5249,0.0902,0.0246,-0.0278,-0.0205,R
2818,556,413,524,3083,0.8183,9.2286,1.1508,0.0432,0.0386,0.0237,W
2803,386,555,3128,3187,0.4891,9.3107,0.6415,0.0563,-0.1035,0.0709,U
1526,487,349,3276,3054,0.11,6.8642,5.4139,-0.055,0.0122,-0.0173,P
2755,458,3263,3217,3130,2.9041,7.2891,4.6059,0.0009,0.0496,0.0397,Z
2804,619,479,3122,3162,0.673,9.1059,1.2934,0.0561,0.0704,0.0196,V
2066,1766,2035,2012,1849,0.6219,9.5773,0.9439,-0.0593,0.1032,-0.0093,O
3037,3170,2969,3082,3254,0.8231,9.7588,1.3174,0.0397,0.0353,-0.0259,N
2803,497,512,3265,3256,-0.0118,9.3976,1.0773,-0.0391,0.0246,0.042,U
2431,2354,417,695,548,1.1752,9.6487,0.9774,-0.0191,0.0294,0.0219,F
375,553,343,3231,3190,1.0229,9.5098,1.2544,0.0256,-0.0052,0.0557,3
524,576,583,481,534,0.3398,9.864,0.9603,0.006,-0.0013,0.0231,5
3089,2998,3002,3075,3120,0.3686,9.727,0.6363,0.0326,0.0239,-0.0051,M
2941,481,531,492,592,-0.0924,9.1641,1.1288,0.0309,0.0045,-0.0167,4
1657,1724,1838,1937,1792,1.0983,9.2857,1.2567,0.0183,-0.037,0.0432,C
550,3236,3111,3169,555,1.1851,9.8433,1.3596,-0.033,0.0865,0.03,Y
2907,3052,2886,2841,3258,0.7303,9.5239,0.636,0.0855,-0.0097,-0.0033,M
1403,606,580,3090,3309,0.3075,9.2665,1.3238,-0.0026,0.095,-0.0426,K
2871,402,3266,3307,3207,0.5741,9.7421,0.6714,0.0747,-0.0777,-0.0383,1
1775,1858,1747,1632,1786,0.9203,8.88,1.4656,0.0132,-0.0075,-0.0632,C
3057,427,3306,3131,3242,2.2202,7.8463,4.1416,0.012,-0.1003,-0.0206,Z
2974,3241,3171,3232,611,-0.3231,9.8392,0.3383,0.0614,-0.0319,-0.0609,I
2908,310,2964,2663,2749,0.2877,9.5561,1.1019,-0.0529,0.013,-0.0289,D
1859,1947,2115,2019,2057,0.4638,8.8339,1.4614,0.0521,-0.0593,0.0374,O
2624,510,586,599,3291,0.591,9.5242,0.9982,0.0423,-0.0334,0.034,W
1841,1933,1752,1673,1865,0.5858,8.8692,1.4227,-0.0035,0.0345,-0.0342,C
1473,574,496,3370,3210,0.2078,9.626,1.0972,0.0569,0.0224,0.1238,K
2099,501,566,3212,3223,5.3425,6.7783,1.934,0.0817,-0.0098,-0.0634,H
2670,358,3252,3125,3103,3.0165,7.6278,4.1355,0.1207,-0.0184,-0.0972,Z
2341,479,2974,3183,3210,4.2149,7.4002,1.7859,0.0164,-0.0113,-0.0644,G
2990,3187,3274,3237,505,0.2892,9.7036,0.6595,0.0411,-0.0538,-0.0206,I
2780,1219,1073,3062,3128,0.5724,9.6292,0.8636,0.0356,-0.0445,0.0528,R
1538,620,395,3227,3148,0.529,9.6294,0.7039,-0.0451,0.0256,0.0012,K
2931,3308,3176,3169,668,0.4568,9.8776,1.2065,-0.0325,0.0625,-0.0251,I
3099,612,563,620,551,0.3822,9.6154,0.7049,-0.0003,-0.052,-0.0042,4
2241,518,1825,431,379,0.0883,9.2442,0.3877,0.0238,-0.0645,-0.0672,8
2411,2365,499,578,546,0.617,9.5437,1.1918,-0.0715,-0.071,-0.0102,F
2160,431,1811,503,540,0.8166,9.3779,1.2797,0.0071,0.0512,0.0616,8
2896,458,510,625,3231,0.4736,9.8385,1.0589,-0.0848,-0.039,0.0568,W
2672,613,368,3329,3121,-0.0684,9.5834,0.5947,0.0049,-0.0439,-0.0157,U
2817,3469,3439,3412,3429,1.221,9.4827,1.0603,0.0525,0.0553,0.0594,A
2858,519,3242,3215,3345,0.282,9.9494,1.1256,0.0327,-0.0142,-0.0367,1
2901,3203,3300,3339,474,1.502,8.7521,2.9172,0.0472,0.0141,-0.0442,J
2993,517,467,369,647,0.459,9.3895,0.9053,-0.0565,0.019,0.0371,4
2449,3422,3493,3411,3389,0.1914,9.6122,1.0956,-0.0362,0.0513,0.0853,S
3116,3013,2946,3068,3245,0.0535,9.4955,0.7006,0.0614,0.0102,0.0363,M
3032,3124,2935,2926,3284,0.5983,9.242,0.6406,0.0845,0.0206,0.0394,M
2829,668,3049,3174,3055,3.0943,8.023,3.6723,0.1087,-0.018,-0.1103,Z
1498,345,619,3201,3273,0.3303,7.0572,6.3387,0.0066,0.0084,-0.0397,P
519,563,548,3209,3171,0.3426,9.7614,0.8465,-0.027,0.0206,-0.0491,3
3161,523,537,515,524,0.71,10.0215,0.5572,0.0471,-0.0516,0.0199,B
2034,1730,2053,1902,1973,0.7236,8.9392,1.8268,-0.0062,0.0727,-0.0451,O
401,649,503,431,504,0.4505,9.7123,0.4336,-0.0348,0.0241,0.0389,5
2705,545,3277,3214,3213,2.8464,7.9033,3.9677,-0.0213,0.0444,-0.0436,Z
2892,593,2834,2813,2608,0.0963,9.4558,0.2375,-0.0579,-0.099,-0.0019,D
2752,372,491,3225,3236,0.7808,9.8447,0.2565,-0.0618,0.0203,-0.0227,U
2146,423,424,1753,596,0.3923,9.782,1.247,0.0801,0.0401,0.0106,7
2960,3385,3336,3289,3341,0.4901,10.0384,0.8447,0.0112,-0.0008,0.0594,A
2871,700,3209,3257,3242,-0.483,9.8475,0.6325,-0.0624,-0.0894,0.0214,1
2948,533,3242,3204,3138,3.365,7.5751,3.707,-0.0389,0.0126,-0.0008,Z
2206,567,1713,462,454,0.7102,10.0182,1.9568,0.0431,0.0562,-0.0865,8
2981,567,382,458,555,0.9202,9.5574,1.0486,0.0668,0.0477,0.0374,4
2477,2528,507,479,433,0.2745,9.0593,1.3216,-0.026,-0.1289,0.0222,F
1984,2002,1929,2010,1907,0.2749,9.6292,1.3699,0.0459,-0.0077,-0.0684,O
2534,2527,572,453,463,0.8376,9.4757,0.9281,0.0653,-0.0849,0.0392,F
2666,428,569,3160,3233,0.4252,9.8669,0.606,-0.1276,0.0198,-0.0785,U
3122,2833,2947,2843,2884,0.3029,9.5043,1.2733,0.0806,0.0365,-0.0042,E
1677,376,461,621,1788,0.0707,9.8445,1.298,-0.0173,0.0243,0.0006,6
3023,2921,3090,3083,3249,0.3133,9.8812,0.7172,-0.0362,0.0595,0.0159,M
2150,497,3121,3227,3108,0.7233,6.7795,6.7845,0.0954,0.0001,0.0656,Q
530,466,487,480,470,0.7497,10.2129,0.8462,-0.0229,-0.0045,-0.0688,5
1936,3104,3135,3210,3193,0.8182,9.3899,0.7333,0.0329,-0.049,-0.0395,T
1859,1826,1982,1731,1841,0.8412,8.7392,1.4967,0.0069,0.1459,-0.0092,C
2305,1766,3183,3383,3116,0.7222,8.9298,0.9402,0.0369,-0.0707,0.0438,9
2014,3171,3105,3317,3131,0.2479,9.5327,0.5583,-0.0774,-0.0216,0.0413,T
3019,3116,3143,3228,305,0.7927,9.6131,0.4121,-0.0509,0.0496,0.0301,I
1844,1752,1652,1765,1882,0.8989,8.7461,1.7777,-0.0165,-0.0255,0.0075,C
2216,606,472,3266,3085,4.5669,6.8552,2.4314,0.0034,0.0145,0.0139,H
361,506,445,3277,3165,0.9074,9.2834,1.0431,-0.0992,-0.0027,0.0036,3
512,369,3097,3168,3264,-0.123,9.6365,1.392,-0.0112,0.0127,0.0135,L
2876,457,3408,3148,3264,2.6167,7.857,3.8232,-0.0684,-0.0287,0.018,Z
546,488,488,440,450,0.8371,9.3925,1.8292,-0.058,0.0184,0.0113,5
413,3378,3132,3276,547,0.2584,9.439,1.2478,0.0035,0.0412,-0.0279,Y
2661,543,572,3285,3092,1.088,9.9001,0.628,0.0082,-0.0849,-0.0308,2
1869,477,398,449,1782,0.826,9.1592,0.9103,-0.0241,-0.0061,0.0337,6
2839,579,3222,3200,3168,2.9629,7.598,4.0534,0.0526,-0.0436,0.0009,Z
2433,2350,627,442,519,0.7812,9.8536,1.1538,-0.027,0.0087,0.0642,F
2836,3445,3435,3451,3506,0.559,9.7127,0.9731,0.072,-0.0338,0.09,A
2938,2897,3031,3159,3038,-0.061,9.5299,0.7383,-0.0122,-0.0191,-0.0738,N
2792,1210,929,3187,3166,0.0883,9.6404,0.909,0.0125,-0.0051,0.0206,R
1527,367,513,3232,3113,0.362,6.1297,5.8998,-0.0218,0.0701,-0.0302,P
1507,470,512,3166,3145,0.4598,9.5167,1.3192,-0.0207,-0.099,-0.0182,K
2797,3490,3395,3258,3500,0.2283,9.3039,0.8213,0.0687,-0.1068,0.1569,A
2321,497,534,1855,375,0.2437,9.8414,0.3857,0.0559,-0.0294,0.1028,7
2763,319,463,3038,3192,0.4589,9.5439,1.4515,-0.0103,0.0865,0.0148,2
2720,634,456,3262,3118,0.4649,9.6508,0.8075,0.0087,0.0208,-0.0113,U
2763,500,615,3325,3158,0.5556,9.2729,1.8346,0.0025,0.0117,0.0553,V
2844,462,362,3261,3136,0.5941,9.8044,1.619,-0.0405,-0.0595,0.0483,V
1836,1784,1791,1782,1877,1.1256,9.0662,1.1187,-0.0189,0.0449,0.0019,C
2650,685,3260,3160,3234,3.1341,7.901,4.1182,0.0203,0.0546,0.0035,Z
2793,1089,955,3158,3121,0.6302,9.9054,1.1942,-0.0094,-0.0217,0.0402,R
2992,2998,2965,3059,3058,0.0761,9.7617,0.8867,-0.0008,-0.0442,0.0171,N
2331,1818,3133,3399,3337,0.5571,8.9913,1.3862,-0.0295,0.0437,0.0115,9
3128,3312,3157,3342,499,1.0768,9.6434,0.9729,0.07,0.0639,0.0255,I
2171,288,507,1900,412,0.2066,9.8976,1.1669,-0.0164,0.0148,-0.0313,7
2180,536,3221,3179,3075,4.8596,6.656,1.7999,0.0017,0.0179,0.089,G
2332,475,1744,509,591,0.2228,10.0826,0.9785,0.0256,0.0081,-0.0198,8
3079,3104,2877,3143,3246,0.3445,9.688,0.6919,0.0775,0.1304,0.0052,N
1742,456,401,462,1874,0.7709,9.3472,1.1505,-0.0517,0.0198,-0.0692,6
2721,501,536,445,3229,0.4911,9.3868,0.9967,0.0499,-0.0473,0.014,W
2870,3452,3273,3518,3510,0.3123,9.6187,1.1482,0.013,-0.0275,-0.0336,A
2227,455,1807,512,515,0.847,9.1526,1.062,-0.02,-0.0623,-0.0629,8
3025,3236,3221,3194,447,2.1548,8.959,2.8496,-0.051,-0.0568,-0.0433,J
2867,525,3294,3254,3162,3.1744,7.6041,3.3948,-0.0306,0.004,-0.0406,Z
2181,593,562,1857,466,0.6129,9.651,0.6351,-0.0123,-0.0086,0.0748,7
2085,1752,3231,3100,3152,0.0677,9.833,1.1751,-0.0726,-0.045,-0.0323,9
2531,3439,3487,3444,3484,0.3608,9.7313,0.6996,-0.003,-0.0916,0.0016,S
2827,2817,2827,2810,2562,0.0203,9.2756,1.0875,0.0145,-0.0085,0.0318,E
3062,2795,2730,2726,2681,0.2469,9.8308,1.0533,-0.0265,0.0402,-0.0416,E
3020,3431,3359,3397,3258,0.2916,9.3772,0.8428,0.0076,-0.0411,0.0561,A
2181,466,1821,467,466,0.0841,9.6517,0.9873,-0.024,-0.0519,0.1168,8
3037,2896,2898,3031,3261,0.1813,9.8461,0.9211,-0.0501,-0.006,-0.0227,N
3036,3004,3102,3266,3114,0.1162,9.2972,1.6084,0.0318,-0.0298,-0.0338,N
1870,1800,1831,1723,1752,0.8624,9.257,2.0032,-0.0403,0.0538,-0.1085,C
2723,1257,933,3288,3192,0.5323,9.72,1.1178,-0.0468,0.0453,-0.0931,R
1927,1754,1736,1803,1834,0.8818,9.1613,1.5919,-0.0499,0.0259,0.0432,C
2231,391,1829,592,394,0.5588,9.8931,1.4119,-0.0937,0.0544,-0.0157,8
575,487,428,3234,3177,0.759,9.5062,0.3573,-0.1175,-0.0355,0.0226,3
2030,3151,3028,3100,3300,0.6637,9.4726,1.0487,-0.0514,0.0645,-0.036,T
1485,384,459,3267,3138,-0.0446,6.7745,5.84,-0.0541,0.0109,-0.004,P
1516,541,529,3186,3167,0.7367,6.6113,6.4462,-0.0138,-0.0657,-0.0273,P
2440,3303,3402,3400,3352,0.17,9.6675,1.1365,0.0938,0.069,-0.0597,S
2686,1713,3174,3233,3337,0.0842,9.1997,0.5647,0.0287,0.0062,-0.0482,X
3163,3032,2976,3391,3266,0.1636,9.6253,0.9906,-0.0075,0.0067,-0.0409,N
2153,403,694,3157,3249,5.5818,7.237,1.9099,-0.0034,-0.0416,0.0441,H
2144,521,580,3123,3153,4.7806,6.2736,2.0425,0.0467,0.0508,-0.0435,H
1983,2111,2078,2085,1965,0.5977,9.0605,1.3753,-0.0561,-0.0436,-0.0363,0
3047,3179,3325,3144,538,1.8534,8.4155,2.8764,0.0369,0.0459,0.0279,J
2082,519,486,3289,3282,5.3956,6.6646,1.7648,0.0557,-0.0296,-0.0761,H
1541,589,532,3224,3293,0.6006,9.563,1.0617,0.0269,-0.0336,-0.0357,K
2080,3136,3240,3123,3375,0.8679,10.1221,1.6572,-0.0317,-0.0442,0.1013,T
3108,3445,3490,3476,3452,0.4054,9.7277,0.7682,-0.0118,-0.0243,0.0041,A
1447,552,568,3255,3260,0.5395,7.352,5.3185,0.0427,0.0988,-0.0311,P
2879,429,2807,2893,2874,0.3103,9.4913,1.0843,0.0337,-0.0309,-0.0397,D
2806,501,582,3290,3146,0.3797,9.2998,1.2507,0.0133,0.0497,-0.0182,2
2134,373,3160,3159,3305,0.7597,6.7788,6.9194,0.0063,0.053,0.0664,Q
2205,339,3264,3172,3103,0.5998,6.889,6.8784,-0.0446,0.1111,0.0427,Q
2198,598,594,1696,482,0.2202,9.8539,0.9777,0.0074,0.0241,-0.0607,7
1981,3232,3288,3160,3158,0.2771,9.312,1.3597,-0.0382,-0.0294,0.0156,T
502,462,3223,3261,3185,0.3618,9.2972,0.8106,0.0142,-0.0605,0.0315,L
2751,349,560,3296,3144,0.7514,9.1562,1.4345,-0.041,-0.055,0.0684,V
2890,487,3227,3228,3273,3.2216,7.8578,4.3477,-0.0495,-0.0592,-0.0146,Z
2917,496,538,3190,3265,0.3727,9.8917,-0.0611,0.005,0.0131,0.0152,2
2784,567,2733,2760,2639,-0.0972,10.1423,1.2924,0.0033,0.0831,-0.008,D
511,3097,3053,3079,599,0.4022,9.5353,1.4224,-0.0789,0.0433,-0.0444,Y
2260,455,3190,3170,3180,0.879,6.5946,6.013,0.006,-0.0248,0.018,Q
2207,513,600,3231,3188,4.7151,7.4497,2.2787,-0.0623,0.0019,0.0072,H
3348,491,400,667,627,0.4037,9.4563,0.4853,-0.008,0.0165,0.0726,B
2926,3199,3251,3185,441,1.6723,8.7563,3.2708,-0.0104,0.0383,-0.1483,J
437,3293,3183,3063,443,0.6151,9.0567,1.8483,0.0543,0.0334,0.0515,Y
2225,494,1811,383,352,0.3835,9.3891,0.8352,-0.0103,0.03,0.0441,8
3005,2963,2915,3023,3243,0.3364,9.4311,0.9785,-0.0095,-0.0595,0.0518,M
1522,448,466,3225,3173,0.401,7.242,5.8446,-0.0666,-0.0763,0.0719,P
1960,1882,1932,1982,1970,1.1164,9.0054,1.4865,-0.1032,0.0165,-0.0671,O
414,477,3185,3153,3171,0.352,9.1053,1.7569,-0.0091,0.0101,0.0082,L
1841,444,416,407,1725,0.2915,9.7471,1.321,-0.0639,-0.0206,-0.0015,6
2817,384,576,506,3124,0.3745,9.3606,0.7858,0.0335,0.0483,0.0059,W
2768,1775,3287,3223,3121,0.7927,9.2678,0.6618,-0.0438,0.0153,0.0486,X
3237,425,544,426,466,0.1115,9.9927,0.7755,-0.0623,0.0027,-0.0355,B
2732,1732,3168,3164,3151,0.2888,9.5275,0.7308,0.042,0.0706,-0.0972,X
1805,1859,1708,1806,1818,0.7846,8.8236,1.5692,-0.0567,0.0175,-0.0448,C
2777,478,489,3199,3263,0.2967,9.607,1.0396,0.0004,0.0328,-0.0223,2
2137,3144,3242,3191,3201,0.5104,8.8748,1.3956,-0.0049,-0.0252,0.0234,T
2874,499,486,3184,3185,1.3007,9.4394,1.5781,-0.0131,0.0864,0.0421,V
2471,2518,603,493,517,0.5711,9.7712,1.1227,0.0642,-0.0052,-0.043,F
2614,463,530,467,3162,0.5462,9.2562,1.1199,-0.0663,-0.0259,0.0942,W
3113,438,582,452,572,0.7098,9.5795,0.7044,-0.0577,0.0377,0.01,B
2780,481,351,3125,3070,0.644,10.18,0.4757,-0.0102,-0.0124,0.0342,2
2131,425,1823,535,466,0.1483,10.1455,0.8677,-0.0297,-0.0787,0.0259,8
2654,459,489,3166,3057,0.5325,9.3879,0.9468,-0.034,-0.0249,0.0217,U
3135,571,449,520,565,0.1899,9.8364,0.3451,-0.0098,-0.0103,-0.0373,B
1576,531,509,3154,3328,0.626,7.1809,6.36,-0.0509,0.0642,-0.0132,P
2980,3246,3130,3211,404,0.3248,9.561,0.5587,0.0083,0.0079,0.0588,I
2424,3537,3316,3430,3524,0.041,9.6785,0.7022,0.1164,-0.0946,-0.0759,S
2802,488,527,339,3240,0.5086,9.5485,0.7113,-0.0617,-0.0937,0.0073,W
2244,471,3125,3310,3152,0.2517,6.9763,6.3475,0.1107,0.053,-0.0295,Q
2846,493,514,3234,3211,0.5778,9.6137,0.6514,0.0131,-0.0118,0.0726,2
2215,556,3248,3324,3122,0.4302,6.7344,6.8832,-0.0251,0.0578,0.0726,Q
2248,381,471,3355,3289,4.5387,6.9833,2.1089,-0.0381,-0.1155,0.0049,H
2790,648,3131,3151,3257,2.524,7.9878,4.0425,0.0217,0.0174,0.0994,Z
3000,3207,3087,3077,504,-0.1211,9.0994,0.6665,-0.0244,-0.0439,-0.0352,I
1530,539,437,3160,3178,0.2857,7.2064,5.6075,-0.0575,-0.0149,-0.0683,P
2857,1170,1028,3132,3205,0.2813,10.0213,0.9481,-0.0385,-0.038,-0.0167,R
2770,1917,3174,3208,3141,0.3955,9.748,1.1468,0.0709,-0.0605,-0.0378,X
2529,2469,534,496,505,0.3265,9.697,0.8532,-0.0554,0.0184,0.0801,F
2453,2379,763,488,473,0.634,9.3272,1.2368,0.0643,-0.0062,-0.0581,F
2879,2912,2965,2941,3197,-0.0279,9.4836,0.7856,0.0324,0.0622,-0.0131,M
2109,1951,1945,2102,1954,0.5648,9.2225,0.9962,0.0099,0.0558,-0.0031,O
2999,3008,3011,3241,3149,0.5462,9.757,0.5964,0.0403,-0.0082,0.0438,M
2828,394,458,479,3194,0.4717,9.2985,1.2657,0.0752,0.0107,0.0314,W
1536,550,455,3080,3282,0.064,9.5814,0.9604,0.0081,0.0826,0.1519,K
2788,3409,3441,3456,3310,0.0398,9.8833,1.0997,-0.0374,0.0776,0.0058,A
2892,2947,2895,2783,2767,0.7089,10.0947,1.2861,0.1086,-0.0461,-0.041,E
2565,2634,499,434,509,0.4348,9.215,1.33,-0.0802,-0.0722,0.001,F
3221,602,305,309,460,0.5292,9.2303,-0.4023,0.0286,0.0122,-0.0545,B
1698,482,471,552,1788,0.5266,9.4981,1.0608,-0.0498,0.1107,-0.0039,6
2758,427,779,3219,3086,0.0695,9.6321,0.3911,0.0934,0.0395,0.0157,2
2873,591,500,579,463,0.6444,9.115,1.0916,-0.0039,-0.0693,-0.1411,4
1851,1712,1900,1812,1851,1.0246,8.4743,1.2418,0.0336,0.0083,0.059,C
1933,2021,2174,1955,2154,0.5989,9.3967,1.5783,-0.0848,0.0227,-0.1216,0
2881,1807,3256,3240,3141,0.1061,9.2854,0.9757,0.0796,-0.0024,0.0187,X
2014,3388,3238,3176,3191,0.0484,9.8693,1.0945,0.0166,-0.0532,0.039,T
2636,3404,3511,3513,3388,0.1934,9.3462,1.1245,-0.0575,-0.0227,0.0599,S
2254,486,1841,615,541,0.0353,9.3108,1.232,-0.0034,-0.0273,-0.0545,8
437,473,659,3161,3263,0.8148,9.7561,1.1113,-0.0554,-0.0325,-0.0583,3
3268,511,373,435,494,0.1773,10.2918,0.0842,0.0253,0.0745,0.1136,B
3235,433,511,529,500,-0.4259,9.7481,1.1638,-0.018,-0.0364,0.0187,B
2465,3365,3446,3398,3486,0.4844,9.3487,0.7555,-0.0302,0.008,-0.0186,S
2751,1839,3196,3152,3293,0.2008,9.7268,1.0204,-0.0086,-0.0278,-0.0493,X
2471,2383,483,481,583,0.6928,9.8837,1.5592,-0.0228,-0.0898,0.0693,F
2988,3210,3361,3104,595,0.6213,9.8563,1.1875,0.014,-0.0291,0.0547,I
2766,508,3287,3123,3320,0.3078,9.8235,0.6638,-0.0038,-0.0405,0.0047,1
2830,454,458,3211,3153,0.0308,9.1,1.823,0.0036,0.0039,-0.0382,V
2730,328,687,3197,3242,0.1494,9.7577,1.0321,0.0468,-0.0041,0.0508,2
2455,3219,3458,3398,3512,0.3498,9.5729,0.9195,-0.0437,-0.0203,-0.0602,S
605,430,3200,3322,3145,0.8162,9.9924,1.5513,-0.0264,-0.0386,0.0652,L
2079,2121,2008,1938,1940,0.4214,9.7243,1.14,-0.0919,0.0181,0.0291,O
2484,3399,3523,3484,3497,1.1756,9.6642,1.0977,0.0679,0.0994,-0.0306,S
2757,468,2710,2830,2996,0.5344,9.3407,1.1407,-0.0158,0.0687,0.0403,D
410,576,3240,3230,3255,0.3922,9.4456,1.503,-0.0006,-0.0336,-0.0621,L
2723,518,560,3041,3257,0.2879,9.4313,0.4018,-0.0537,0.0882,0.0425,2
688,486,570,474,435,0.1145,9.6061,1.3884,-0.0163,0.0711,0.0915,5
2904,3159,3235,3203,493,0.8812,9.8193,1.0557,-0.0083,0.011,-0.0216,I
2152,1838,3356,3245,3257,0.4677,9.5579,0.5556,-0.0361,0.0352,0.0361,9
2713,442,416,3238,3272,-0.0932,9.6616,0.5406,0.0874,0.0281,-0.0176,2
2597,3405,3457,3421,3354,0.344,9.8539,1.215,-0.0309,-0.0694,0.0103,S
2806,3387,3493,3420,3427,0.3764,9.3537,0.8702,0.0197,-0.021,0.0145,A
2071,1851,3248,3150,3219,0.3637,9.252,0.77,0.0022,-0.0258,0.0189,9
3314,586,395,549,606,0.316,10.0273,1.1037,0.0512,0.0125,0.0523,B
2772,433,2871,2874,2813,0.5029,9.5887,0.8702,0.0582,0.0313,-0.0085,D
2015,3035,3311,3263,3215,0.4493,9.702,1.6979,0.044,0.0148,-0.0614,T
2759,506,3156,3152,3110,2.3993,7.7848,4.1543,-0.0823,0.0253,0.116,Z
2728,544,2741,2775,2669,0.3561,9.5867,0.5813,-0.0095,0.009,-0.0407,D
2639,395,3188,3323,3321,0.5938,9.2383,0.5902,-0.043,-0.0034,0.0477,1
1951,2192,1964,1942,2056,0.5586,9.1545,2.1588,0.0488,0.0002,0.1201,O
3023,2829,2778,2902,2648,0.2737,9.6344,1.1372,0.0676,0.0599,-0.0143,E
2753,1883,3294,3302,3247,0.5923,9.1155,1.4199,0.0626,-0.069,0.0234,X
3036,329,578,614,649,0.7422,10.3238,0.869,0.0403,-0.0126,0.0331,4
586,497,428,647,532,0.7644,9.6298,0.9351,-0.0435,-0.0091,0.0082,5
2894,526,3256,3120,3212,3.5617,8.4432,4.2416,0.0476,0.1217,0.0393,Z
2016,3096,3118,3278,3112,0.0574,9.6741,0.6668,0.0509,0.0322,-0.0389,T
550,386,453,3194,3122,0.5414,9.4156,1.1461,0.0144,-0.0927,0.0736,3
2805,507,3243,3230,3232,2.8831,8.4708,3.5614,-0.0343,-0.0276,-0.036,Z
2642,3402,3382,3325,3441,0.2462,9.4313,0.8925,0.036,0.0381,-0.0445,S
2757,628,3220,3355,3318,3.3393,8.4363,4.348,0.0852,0.0272,0.0343,Z
2931,505,645,3250,3191,0.9722,8.7812,0.8837,0.013,0.0007,0.0967,V
2078,548,3348,3182,3179,5.1831,6.9012,2.5455,0.0096,-0.016,-0.027,G
2677,496,3188,3034,3227,3.2858,7.8731,3.9124,-0.0279,0.0193,-0.0125,Z
2723,587,572,521,3088,0.484,9.3088,1.4491,-0.0451,0.0578,0.0484,W
598,3252,3103,3098,399,0.444,9.36,1.6248,-0.0507,-0.0089,-0.0028,Y
2797,309,3155,3228,3204,3.3121,7.9994,4.5526,-0.053,0.0259,-0.0514,Z
2921,329,2860,2732,2909,0.3426,9.3981,0.9989,0.0447,0.0321,-0.0515,D
1401,637,612,3186,3128,0.2723,9.4113,1.1151,0.052,-0.0518,0.0505,K
2879,491,474,3246,3211,-0.0515,9.469,0.6275,-0.0075,-0.0238,-0.0403,2
3220,428,467,420,552,0.4575,9.6296,0.5115,-0.0724,-0.015,-0.0025,B
2888,3409,3412,3370,3395,0.5923,8.9869,0.5955,0.0372,0.0085,-0.0092,A
1463,499,338,3015,3204,-0.4308,6.9421,5.8869,0.0271,-0.0336,0.0785,P
502,378,420,3304,3229,0.3081,9.3881,0.7414,-0.0262,0.0512,-0.0091,3
2660,631,3251,3149,3255,2.9518,7.9127,3.712,0.0009,-0.0316,-0.0486,Z
2869,1771,3166,3284,3245,0.2308,9.3763,1.0256,0.0165,0.0622,0.0266,X
2215,680,3212,3155,3413,5.1241,7.297,2.1776,0.0312,0.0268,-0.0551,G
1808,1880,1841,1802,1775,0.9757,8.0489,1.5632,-0.0244,0.0796,0.001,C
434,3181,3191,3279,467,0.321,9.5662,1.709,-0.0122,0.03,-0.0131,Y
2834,436,461,3187,3320,1.0199,8.896,1.4829,-0.0736,0.0296,-0.0353,V
2516,3473,3471,3364,3356,-0.047,9.6941,0.8831,-0.0151,0.0864,0.0299,S
3126,571,582,352,425,-0.249,9.505,0.475,-0.0725,-0.0461,-0.0502,B
1366,582,418,3138,3357,-0.0979,9.1231,0.8621,-0.012,-0.0447,-0.0579,K
2724,541,500,3284,3210,-0.1312,9.451,0.4528,0.0282,0.0542,-0.0772,U
569,482,3209,3140,3127,0.9498,8.868,1.1837,0.074,0.032,-0.0163,L
1491,492,451,3206,3218,0.4844,9.5202,0.8171,-0.0441,-0.0188,0.0571,K
2444,2504,613,521,371,0.7516,9.0511,1.622,-0.0411,0.1485,0.0734,F
2359,619,469,1799,494,0.3371,9.7923,0.8346,0.0726,0.0069,-0.0583,7
350,453,483,534,557,0.0806,9.1362,1.4094,0.0159,0.0177,0.0132,5
3025,2828,3055,3106,3198,0.1022,9.4344,1.3082,0.016,0.0452,0.0075,N
2300,440,546,1902,576,0.3771,9.6366,0.9013,-0.0384,0.0725,-0.0217,7
1440,377,560,3228,3230,0.2202,6.9563,6.2373,0.0491,-0.0589,-0.0317,P
2064,439,1757,430,684,0.344,9.8984,1.1708,-0.0104,-0.0239,0.0676,8
2220,452,529,1717,461,0.8772,9.6918,1.0008,0.0225,-0.0403,0.0141,7
2726,552,501,3344,3158,0.5773,9.159,0.8226,0.0408,-0.0263,0.056,2
2833,591,3342,3218,3111,3.3754,8.4534,3.982,0.0659,0.0167,-0.083,Z
455,538,3109,3236,3211,0.6137,9.3108,2.1252,-0.0451,0.0486,-0.0516,L
2739,1103,1067,3206,3182,0.4122,9.6494,0.8264,-0.0662,-0.0513,0.0374,R
2273,601,533,3318,3230,4.9343,6.998,1.9928,-0.026,0.0816,0.0148,H
2854,496,522,3285,3200,0.0564,9.4191,1.0728,-0.0406,-0.0784,-0.0152,U
2806,486,528,3232,3226,0.4267,9.2831,0.3995,-0.0281,0.0568,0.1172,2
2951,491,350,505,380,0.134,9.5853,0.618,-0.0082,0.0187,-0.0019,4
2122,3321,3195,3161,3197,0.7376,9.8196,0.2214,0.0153,-0.1184,-0.001,T
2310,465,3285,3193,3299,0.703,7.1828,6.7936,0.0417,0.0532,0.1066,Q
552,527,447,3276,3256,0.4034,9.6617,0.6003,0.0246,-0.0729,0.0064,3
678,3187,3192,3176,399,0.8979,9.3291,1.6881,0.0808,-0.0066,-0.0046,Y
2850,538,526,484,3097,0.4892,9.7195,1.0374,0.0301,-0.0202,0.0401,W
1990,3192,3219,3261,3330,0.9528,10.0,1.2007,-0.0171,0.0113,0.0328,T
484,542,3261,3324,3241,0.5831,9.2661,1.3015,0.0485,0.0476,-0.0539,L
2178,380,3168,3192,3149,5.206,7.2758,1.9765,0.0115,-0.1081,-0.0211,G
2685,622,3194,3151,3125,2.7178,8.5276,4.2695,-0.0744,-0.0724,0.0061,Z
2847,526,3106,3145,3268,0.498,9.2738,0.9198,-0.043,0.0179,0.1367,1
1773,1692,1777,1840,1842,0.4301,8.9615,1.085,0.0451,0.0392,-0.0449,C
446,518,3200,3280,2989,0.2244,9.5685,1.5151,0.0376,0.0131,-0.0067,L
509,3204,3073,3018,422,0.5176,9.319,1.6364,0.0182,-0.025,-0.051,Y
451,477,3333,3375,3227,0.5028,9.295,1.7474,0.1094,0.0893,0.0569,L
2788,459,613,563,3198,0.8401,10.1561,0.9803,0.0236,-0.0205,-0.0467,W
2200,484,3227,3146,3232,0.3741,7.7609,6.1598,-0.0179,-0.0158,-0.0676,Q
1926,1981,1962,1922,1945,0.7383,9.5631,1.1501,-0.044,0.0108,-0.0082,0
2322,422,3043,3236,3191,4.787,7.1956,2.2518,-0.1104,-0.0326,0.1159,G
2780,1388,1124,3299,3256,0.4376,9.7157,0.2585,-0.0526,-0.0111,0.0064,R
2799,585,3173,3162,3152,0.1081,9.6223,0.2858,-0.1424,-0.0092,-0.0485,1
2737,595,495,3268,3138,-0.2901,9.1054,1.5509,-0.0299,0.0548,-0.0649,U
2149,1866,3302,3224,3234,0.5356,9.5919,1.7619,0.0006,0.0082,-0.0889,9
1749,1777,1717,1783,1797,1.1979,9.3271,1.2756,-0.0984,-0.0011,0.0147,C
3015,448,435,466,480,-0.1981,9.2291,0.4189,-0.0656,0.0319,-0.0167,4
564,453,521,555,435,1.0437,9.4868,0.7988,0.05,0.0775,-0.1033,5
2796,453,574,366,3215,0.1363,8.7454,1.1647,0.0417,0.0107,0.0047,W
3185,471,594,449,503,0.2154,9.5495,0.0883,0.0161,-0.0031,0.025,B
477,2969,3164,3130,431,1.4363,8.8833,1.6188,-0.0398,-0.0456,-0.0673,Y
2820,3437,3486,3407,3424,0.3825,9.5807,0.897,0.0311,-0.0185,0.0189,A
2531,2433,585,501,503,0.2392,9.103,0.9525,0.0023,0.0039,0.0772,F
2935,599,621,3275,3131,0.3901,9.2816,1.0927,-0.0272,-0.0856,0.0057,2
1875,2070,1921,1985,2016,0.5453,8.9916,1.5182,0.0074,0.0436,0.1222,0
2146,582,3246,3189,3162,0.7366,6.4061,6.7377,0.0045,-0.0244,0.0251,Q
2273,415,557,3292,2935,4.9546,6.1373,1.9645,-0.0004,-0.1241,0.0962,H
1406,506,361,3250,3175,0.3754,7.1282,6.0617,-0.0271,0.0517,0.0398,P
2255,496,3281,3104,3113,0.1578,7.1265,6.6519,-0.0236,-0.0116,0.0634,Q
2873,3404,3348,3455,3431,0.7686,9.6906,1.3149,-0.0268,0.0659,0.0099,A
2786,591,542,3203,3235,0.4564,9.7107,0.6275,-0.0478,-0.0112,-0.0397,U
502,418,601,496,523,0.4823,9.9456,0.6014,0.073,0.0373,0.0039,5
1910,330,678,478,1703,0.7723,9.5535,1.336,0.0465,0.0018,-0.0146,6
2118,442,499,3298,3234,4.768,7.1945,1.8839,0.0445,0.1264,-0.0179,H
2155,390,604,1628,610,-0.0598,9.816,0.7662,-0.0977,-0.0226,0.0282,7
656,583,492,3233,3237,0.2119,9.8715,0.9713,-0.0384,0.0271,-0.0561,3
2285,472,3019,3184,3187,4.9325,6.8118,2.0652,0.0033,-0.0012,0.0206,G
2707,571,603,3208,3120,0.5855,9.4888,1.1594,-0.0291,0.0256,-0.0326,V
2868,460,2822,2877,2893,0.2824,9.5337,0.8573,-0.0575,-0.0097,0.0372,D
2768,1221,1089,3291,3150,0.2163,9.4425,0.5294,0.0736,0.0031,-0.0037,R
2786,1277,1125,3288,3240,0.5947,9.2454,0.5859,0.0262,-0.0059,0.0169,R
1726,409,396,577,1862,0.6563,9.0685,1.1127,0.0163,0.063,0.0181,6
2123,408,3270,3384,3129,0.4294,6.792,6.5664,-0.0304,0.0141,0.0333,Q
2000,1963,2163,1974,2013,0.6257,9.7725,1.0504,0.1122,0.076,0.0199,0
2910,3445,3447,3468,3460,0.5844,9.5313,0.9812,-0.0377,-0.014,-0.0846,A
2877,523,501,3261,3187,0.8371,9.5054,0.9701,-0.0353,-0.0787,0.0179,2
2946,565,498,495,547,0.599,9.3904,0.7689,-0.006,-0.0484,0.015,4
2987,3137,3129,3262,413,0.2043,9.9046,0.6942,0.0414,-0.0296,-0.0526,I
2032,3038,3163,3177,3116,0.3081,9.5013,1.3808,-0.052,0.0179,0.0278,T
2475,3411,3391,3377,3354,0.5032,9.0908,1.2406,-0.0293,0.1034,-0.0158,S
1892,3301,3202,3259,3215,0.324,9.5205,1.4522,-0.0449,-0.1275,-0.0393,T
2979,3309,3365,3191,456,1.6047,8.4073,3.0246,0.1015,-0.0647,0.003,J
2058,1899,2031,1958,1968,0.5396,9.4498,1.9686,0.0056,-0.036,-0.072,0
513,395,469,467,558,0.0334,9.3477,1.0641,-0.014,0.0045,0.0074,5
3136,3298,3173,3265,739,0.3315,9.4102,0.8517,0.0123,-0.0262,0.0221,I
1968,1702,3052,3133,3178,1.2665,9.702,1.3069,0.0222,0.0238,-0.0876,9
2240,512,3225,3294,3297,5.4005,7.0124,2.1665,0.0672,-0.0312,-0.0159,G
1917,2114,1980,2009,1996,0.6958,9.5018,1.485,0.0724,-0.1602,0.0621,O
2874,2999,3152,3053,3093,0.5258,9.4073,0.9836,-0.0419,0.0071,0.0872,N
2192,538,578,1860,474,0.2445,10.0191,1.008,-0.0567,-0.0293,-0.0981,7
2964,2848,2803,2787,2983,-0.0324,9.8867,1.1969,-0.024,0.0815,-0.0924,E
1831,674,519,427,1879,0.7907,9.792,0.6118,-0.0351,-0.0454,0.0764,6
3055,3179,3163,3055,3245,0.6245,9.4248,0.6291,0.0337,-0.0428,0.0296,M
2271,457,3286,3263,3167,0.4202,7.2933,5.9434,-0.0221,0.031,-0.0154,Q
2960,3277,3116,3221,503,0.2992,9.4445,0.626,-0.0539,0.0241,-0.0334,I
2391,3538,3434,3483,3336,0.8467,9.4196,0.9064,0.0241,-0.0196,-0.076,S
557,520,3230,3210,3112,1.2104,9.2489,1.6302,-0.0323,-0.1138,-0.0462,L
2326,1860,3265,3164,3185,0.5942,9.0278,1.537,-0.0067,0.0097,-0.0759,9
2233,634,580,3387,3147,5.5029,6.7628,2.1061,0.0366,-0.0255,0.0044,H
2132,512,514,3250,3220,4.6098,7.4341,2.3816,-0.0629,0.0166,-0.0298,H
404,450,506,3148,3197,0.5599,9.0577,1.0823,-0.0311,-0.0534,-0.1001,3
658,593,530,530,605,0.4392,9.253,1.637,0.0288,0.0727,0.0906,5
2024,1914,3102,3236,3243,0.5378,8.7599,1.0911,-0.0785,0.0227,-0.0443,9
2762,405,2837,2942,2780,-0.4137,9.801,1.0956,-0.0793,0.0088,0.0226,D
2951,3073,3200,3289,3197,0.6779,10.1139,0.3823,0.0612,0.0385,0.0594,N
3034,3244,3271,3227,513,2.5562,8.0427,3.5087,-0.0145,0.0285,-0.0163,J
2972,513,442,487,563,0.5063,9.7859,0.6197,-0.043,0.0194,0.0385,4
1953,2131,1994,1951,1938,0.1415,10.2501,1.9263,-0.0328,0.0866,0.0267,O
2848,534,555,3207,3238,0.3024,9.5316,0.7714,-0.0204,0.0234,0.0149,2
431,480,503,644,614,0.2837,10.1028,1.2853,0.0236,-0.0141,-0.0289,5
2843,1699,3288,3263,3191,0.7708,9.7777,1.0471,-0.0384,0.0207,0.0204,X
2891,482,3316,3217,3116,3.1628,8.1253,3.9679,-0.0374,0.043,-0.0483,Z
1764,1903,1801,1701,1900,1.2193,9.1615,1.7147,0.1197,0.1093,-0.0343,C
3045,3263,3140,3150,560,0.0697,10.0337,0.7029,0.0251,0.105,-0.0353,I
534,439,3171,3248,3244,0.2958,8.9927,1.6866,0.0276,-0.0142,0.0221,L
2059,1844,2055,1955,1967,0.8667,9.5197,1.4704,0.0344,-0.0182,-0.0395,0
2956,3250,3200,3116,591,2.5053,8.432,3.0328,-0.0754,-0.0207,0.0255,J
511,493,581,3120,3213,0.9599,9.7697,1.1798,-0.0155,0.0076,-0.0056,3
2182,388,443,1691,493,0.1487,10.1224,1.1149,-0.0813,-0.0373,0.0351,7
3019,2714,2854,2768,2600,0.598,9.1649,0.6857,0.0344,-0.0174,0.0459,E
3009,540,579,583,562,-0.2724,9.5876,0.9995,0.0342,-0.0355,-0.0511,4
2954,489,3247,3269,3249,0.2048,9.2089,1.2173,-0.0299,0.1335,-0.0235,1
2440,2432,445,454,565,0.2456,9.2132,0.6633,0.0504,0.0636,-0.0164,F
567,3227,3356,3199,412,-0.2466,9.0185,1.6132,0.0316,-0.0303,-0.0215,Y
3045,540,565,481,400,0.3057,9.8142,0.5422,-0.0703,-0.0363,0.0668,4
1897,3243,3218,3187,3202,0.7583,9.1873,0.4209,0.0355,-0.0195,-0.0509,T
3059,2935,2856,3087,3164,-0.0206,9.3735,1.315,-0.0329,-0.0062,-0.0223,M
393,3230,3208,3178,509,1.2649,8.7242,1.4605,0.0406,-0.0623,0.0186,Y
2174,461,2026,512,434,-0.3719,9.0078,0.9121,0.0848,0.1143,-0.0119,8
2114,3321,3057,3202,3156,0.3219,9.2552,0.7176,0.0451,-0.0584,0.0047,T
3057,450,475,525,529,-0.2721,9.2501,0.2501,-0.0834,-0.0559,-0.0111,4
1422,423,479,3219,3238,0.4372,9.2474,0.8728,0.0367,-0.0573,-0.0233,K
2863,498,2658,3039,2939,0.5168,9.374,0.7659,-0.0272,0.0632,0.0131,D
396,593,470,464,532,-0.2152,9.605,0.917,0.0707,0.0136,-0.0497,5
2169,489,486,3214,3196,5.2304,7.3699,1.7558,-0.0155,0.0451,-0.0711,H
2263,552,406,1776,675,0.3976,9.5705,1.1635,-0.0279,0.0383,0.0189,7
2315,522,566,1814,544,0.2573,10.0489,0.8555,-0.0474,0.008,0.0937,7
483,528,463,537,613,0.523,9.4643,1.3931,-0.0203,-0.0191,-0.0332,5
2934,532,3290,3380,3124,2.514,8.0561,4.2862,-0.0332,0.0018,0.0609,Z
2153,464,1756,412,476,0.4169,9.198,1.0996,-0.0612,-0.022,0.0182,8
542,465,3186,3219,3269,0.2623,8.4938,1.7039,0.0464,0.01,0.0134,L
2217,608,1856,429,723,0.645,9.2475,0.3863,-0.0102,-0.0982,-0.0515,8
2468,2502,533,418,549,1.0911,9.3482,0.8613,-0.0033,-0.1112,0.0168,F
2467,3531,3504,3413,3350,-0.6344,9.0699,0.4443,-0.0723,0.0939,-0.0648,S
2008,2062,1991,2100,2069,0.4815,9.4129,0.9475,0.0605,-0.0165,-0.02,O
596,415,3259,3204,3213,0.6877,9.1731,2.2762,0.0666,-0.0266,-0.0545,L
3157,597,429,636,360,0.3304,9.8426,0.2613,0.0212,0.064,-0.1108,B
2737,536,598,3287,3220,0.6232,9.0933,1.2472,-0.0016,-0.0412,0.0339,V
2884,492,522,422,496,0.3282,9.5494,0.5337,-0.0377,-0.016,0.0192,4
2213,364,1758,554,533,0.221,9.7686,1.1578,-0.0244,0.0761,0.0244,8
2634,3372,3370,3287,3337,0.1668,10.0257,1.2807,0.0636,0.0361,-0.0565,A
3023,2803,2874,2747,2753,0.3964,9.308,1.1524,-0.0357,0.0113,-0.005,E
2872,3371,3145,3179,465,1.6781,9.0775,3.2367,0.0608,-0.0612,0.009,J
2074,2074,2066,1909,2040,0.1845,9.8983,1.7093,-0.0312,0.0188,-0.0505,0
2011,1988,1998,2010,2038,0.8507,8.7203,1.8341,-0.0855,0.0154,0.1178,O
3001,1883,3228,3222,3324,0.3141,9.7388,1.6582,-0.0055,-0.1007,-0.043,X
2968,2934,2870,3112,3160,0.2616,9.5597,1.1287,0.0967,0.008,-0.0079,M
1655,538,557,3058,3262,0.2931,9.1032,0.7139,-0.0632,-0.0641,0.003,K
431,533,539,3194,3237,0.5949,9.3025,0.9526,-0.0624,-0.0748,0.0127,3
2820,3389,3464,3463,3260,0.8913,9.0013,1.3098,0.0563,-0.0545,-0.0205,A
2871,1820,3210,3108,3149,0.5249,9.3965,1.1405,0.0515,-0.009,-0.0216,X
2772,1330,937,3260,3059,0.0669,9.3551,0.4688,0.0142,-0.0055,-0.1139,R
1902,3224,3219,3123,3151,0.6079,9.1584,1.7391,0.0278,-0.0029,-0.0126,T
2795,1183,1055,3297,3297,0.1854,9.6915,1.2465,0.0763,-0.0438,0.0296,R
2453,3385,3283,3483,3392,0.4164,9.2501,0.9168,0.0061,-0.0307,-0.0108,S
2181,519,365,1757,387,0.0911,9.6018,0.9852,-0.0548,-0.0034,-0.0181,7
2726,1925,3236,3212,3067,0.3293,8.8782,1.0112,-0.0623,0.0279,0.0081,X
2765,536,3163,3136,3115,3.0258,7.7774,4.4134,0.0813,0.0237,0.0122,Z
2156,479,517,1798,449,0.7472,8.9902,1.172,0.0093,-0.0003,0.0315,7
1855,1764,1811,1796,1725,0.9659,8.9569,1.4505,0.0016,0.0038,-0.0216,C
2859,436,455,3085,3189,-0.2838,9.5103,0.8239,-0.0878,-0.0504,-0.003,U
2951,3281,3340,3173,611,0.2052,9.3102,1.3238,0.026,0.0002,0.0344,I
1816,1787,2000,1715,1771,0.6303,9.2857,2.0068,0.0835,0.0612,-0.0099,C
2889,1232,821,3211,3216,-0.0261,9.0631,0.9385,-0.0625,0.1031,0.0132,R
2083,3153,3073,3164,3215,0.5777,9.3438,0.3894,-0.0638,0.018,0.0995,T
2926,413,359,3247,3300,0.2461,8.9207,0.3527,0.0218,-0.0005,0.0642,U
432,405,491,3282,3233,0.669,9.1747,0.6482,0.0089,0.0623,0.0422,3
2890,3447,3164,3452,3415,0.4944,9.3834,1.3372,0.0474,-0.0386,0.0204,A
2737,462,2889,2928,2922,0.5271,9.5242,-0.1725,0.0149,-0.0001,0.007,D
2727,543,473,410,3093,1.1903,9.6216,0.9432,0.0606,-0.0576,-0.0069,W
2851,478,2817,2734,2856,0.2767,9.5172,0.6915,-0.0031,-0.0224,0.0329,D
2104,503,511,3357,3116,5.0118,6.6822,1.8522,0.0842,-0.0568,0.0294,H
2049,1944,1837,1954,1829,0.4289,9.8406,1.2284,-0.1053,0.075,-0.0238,O
2059,1848,3158,3114,3164,0.0205,9.3127,1.237,0.0036,0.023,-0.0284,9
2964,2860,2930,3253,3175,0.4127,8.9909,0.9361,0.0548,-0.0888,0.0186,N
2164,466,444,1742,361,-0.0656,9.4422,1.1369,-0.0838,0.0091,0.0642,7
2819,3419,3359,3362,3418,0.0656,9.0778,0.7845,-0.0107,0.0155,0.0738,A
2793,1275,1248,3238,3110,0.7467,9.6558,1.4333,-0.0253,0.0641,-0.0,R
2473,2539,618,556,564,0.6882,8.9491,0.8866,0.0227,-0.0005,0.022,F
2982,3205,3257,3233,487,2.0167,8.63,3.2002,-0.0759,-0.0539,0.0554,J
2246,374,512,3164,3297,4.8821,7.3322,1.8457,0.05,0.103,-0.0534,H
2295,579,1815,594,558,0.268,8.9555,0.4453,0.0631,-0.0014,-0.0185,8
2877,3434,3348,3542,3304,0.7757,9.8002,0.7988,0.0696,-0.0125,0.0144,A
518,528,600,3129,3272,0.52,9.2648,1.1391,0.0042,-0.0403,-0.0535,3
2801,547,308,531,3159,0.743,9.3994,1.1,-0.0089,0.0167,0.0454,W
347,3251,3178,3168,514,0.0267,9.8312,0.9538,0.0888,-0.0007,-0.0193,Y
2295,515,3227,3294,3192,5.2263,7.2052,1.6141,0.0736,-0.071,0.0459,G
2048,3197,3295,3206,3187,0.3794,9.5495,0.7248,-0.0937,0.0141,0.0417,T
2518,3404,3478,3190,3255,0.8138,9.4613,0.872,-0.0669,0.0097,0.0159,S
2696,409,3300,3137,3055,-0.0129,9.3911,0.4789,0.018,-0.0677,0.015,1
2289,577,381,3224,3211,5.099,6.7738,1.6649,-0.0238,-0.0049,0.0592,H
2738,495,2678,2850,2941,1.1377,9.6274,1.0365,-0.089,0.0751,0.0388,D
2740,488,482,3054,3071,0.1643,8.8338,1.7973,-0.0135,-0.0476,-0.0959,V
2396,616,673,3204,3244,4.8622,7.2649,1.6353,-0.1272,-0.0395,-0.0728,H
1921,1975,2121,2080,1821,0.3042,9.274,1.8769,0.0122,-0.1269,-0.0586,0
2133,536,583,3200,3017,5.0742,7.2284,1.7158,-0.0127,-0.0578,-0.1285,H
3086,3120,3114,3243,525,1.7689,8.1726,3.4314,0.0179,-0.0682,-0.0647,J
2766,442,398,3090,3088,0.3943,9.7813,0.5407,-0.0571,-0.0106,0.0049,U
2219,703,1835,550,580,0.1983,9.6225,0.7099,-0.0659,0.0546,-0.0425,8
2803,607,512,3273,3436,1.0425,9.5452,0.8881,-0.0527,0.0399,0.0195,U
2279,467,1704,633,482,-0.1757,9.3734,1.1349,-0.0041,-0.0065,-0.0176,8
2769,1268,965,3190,3097,0.4678,9.5198,1.2737,0.0352,0.0042,0.0613,R
3095,3109,3024,3093,3119,0.0996,9.8297,0.8888,-0.0074,-0.1251,-0.0218,M
2472,2700,501,422,449,-0.077,9.8821,1.6784,-0.0508,-0.0114,0.0048,F
1967,1994,2003,1904,1910,0.5696,9.2001,1.9023,-0.0096,0.0359,0.0221,O
2827,427,3216,3059,3218,2.9834,8.1322,3.9963,0.0418,-0.0382,0.0378,Z
1536,502,691,3097,3153,0.6902,9.5428,1.2274,0.0085,0.0687,-0.0504,K
1856,1842,1813,1689,1761,1.2525,8.6846,0.7405,-0.0114,-0.0071,0.0068,C
1852,1914,1766,1860,1646,1.1978,8.7588,1.5922,-0.0124,0.066,-0.0437,C
2721,556,531,3312,3162,0.8012,9.6637,0.7774,-0.0427,0.0198,-0.0238,2
2068,3057,3103,3243,3250,-0.0391,9.7623,0.9958,0.0374,-0.0426,-0.0695,T
2956,3077,3023,3080,3232,0.0483,9.4433,1.0915,0.0383,0.0547,-0.0012,N
3137,3081,2896,3263,3154,0.5744,9.4512,0.691,-0.0144,-0.0329,0.07,N
3002,3357,3360,3483,3454,1.054,9.6752,0.8922,0.0295,0.0554,0.041,A
2852,3052,3039,3146,3171,0.4394,9.8748,0.2752,0.0314,-0.0229,0.0563,N
2010,562,477,614,1792,0.8634,9.5744,1.0984,0.0249,0.0269,0.04,6
3106,3080,3205,3188,3162,0.5581,9.5242,0.8036,-0.0493,0.0303,-0.0736,N
496,498,580,740,486,0.5705,9.246,0.7734,-0.051,0.067,0.0352,5
2729,1765,3229,3208,3100,0.8041,9.2771,1.1323,-0.0474,0.1241,0.0663,X
1760,547,592,413,1875,0.5536,10.0115,1.1208,0.0147,-0.0078,0.0331,6
2879,458,495,3213,3158,0.1395,9.4279,0.7617,0.0874,-0.0046,0.0244,U
1991,2081,2017,2106,1971,1.0074,9.1667,1.8953,-0.1133,-0.055,0.0149,O
2100,493,506,3200,3254,4.9354,7.1689,1.9566,0.0912,0.004,0.117,H
380,485,546,3176,3189,0.5651,9.3872,1.1072,0.0021,-0.0098,-0.0485,3
502,561,397,3121,3072,0.751,9.2417,1.3005,-0.0231,0.0002,-0.0086,3
2946,3273,3173,3320,458,0.8936,9.8358,1.3393,-0.0232,0.0203,-0.0485,I
1901,1721,1670,1830,1734,1.0964,8.2789,1.9177,0.0336,-0.075,-0.0739,C
565,448,428,523,573,0.4459,9.7899,0.6172,0.0237,-0.0641,0.1334,5
3042,2738,2803,2691,2854,0.3213,9.3693,0.9901,0.002,0.0447,0.0296,E
516,499,3210,3338,3249,0.7768,9.4572,1.0153,-0.0907,0.1041,-0.0266,L
601,388,3118,3199,3202,0.4843,9.3068,1.4022,0.0192,0.0567,-0.024,L
2498,3471,3425,3443,3427,0.6539,9.4399,1.0495,0.0014,-0.0219,0.0506,S
2791,599,3299,3238,3221,2.9687,8.8095,3.7946,-0.0224,0.0151,-0.0453,Z
2185,539,475,3110,3195,4.7305,6.9188,2.4028,-0.0135,0.0885,0.0716,H
657,3076,3187,3220,576,0.9281,8.9913,1.3377,0.0685,-0.0837,-0.0538,Y
1971,1850,2055,1943,2011,0.4055,9.2663,1.4647,-0.002,0.0588,0.076,O
590,381,584,3096,3266,0.9361,10.0601,0.8812,0.0353,0.0505,0.0235,3
2825,490,508,473,3330,0.7382,9.2958,1.2181,0.1458,0.0136,0.0726,W
2060,1817,3247,3224,3094,0.6794,9.3696,1.4948,0.0239,0.0156,-0.0141,9
1625,387,553,502,1639,0.3098,9.2822,1.0545,0.0466,0.0628,-0.1119,6
2854,563,632,3209,3189,0.8692,9.8502,0.5886,0.0522,0.0757,-0.115,2
3039,3043,2978,3054,3126,-0.4362,9.8121,0.8497,-0.0305,-0.0736,-0.1018,M
2334,1830,3036,3307,3279,0.443,9.8187,1.0084,-0.0065,0.1172,0.026,9
539,502,3144,3305,3102,0.3915,9.2483,1.6845,0.0024,-0.0054,-0.0922,L
2688,544,561,3168,3202,0.6651,9.6292,1.4391,-0.0249,0.0483,-0.0387,V
3003,3177,3178,3229,544,0.107,9.3702,0.6173,-0.0701,-0.0795,0.0149,I
2894,1868,3357,3163,3212,0.47,9.4019,1.121,0.0239,0.0239,-0.0163,X
2777,553,459,3125,3180,0.9503,9.3367,1.2561,0.09,-0.0069,-0.1131,V
2822,1297,957,3063,3398,0.5015,9.4826,1.1567,0.0467,0.0246,-0.0239,R
1730,531,440,531,1841,0.6138,9.7537,1.0842,-0.0252,-0.0043,-0.1415,6
2795,1990,3218,3163,3353,0.5212,9.9884,0.9883,-0.1507,-0.0779,0.0541,X
2671,410,2808,2665,2866,0.5615,9.6982,0.4637,0.069,0.1019,0.0074,D
2864,3429,3547,3382,3372,0.4942,9.409,1.24,-0.0808,-0.0527,-0.0534,A
2935,3238,3094,3189,534,1.9446,8.6617,2.792,-0.1122,0.0491,0.0488,J
2623,3353,3488,3498,3452,0.5163,9.606,0.5554,-0.0785,0.0392,-0.055,S
1753,486,532,385,1835,0.0763,9.0179,1.3962,-0.0422,-0.0496,-0.0148,6
2919,577,388,551,568,0.5191,9.592,0.4724,-0.0773,-0.059,-0.0587,4
2113,2118,1980,1999,1960,0.4084,9.039,1.7333,-0.1025,-0.0349,-0.0023,O
2478,3404,3367,3216,3387,0.3858,10.0693,1.008,0.0468,-0.0213,0.0649,S
2125,449,3171,3160,3147,5.6297,6.691,2.044,0.0296,0.0315,-0.0029,G
2040,2025,1929,2047,2037,1.3283,9.3263,2.0086,0.0696,0.0025,0.0619,0
3044,2919,2988,2937,3214,0.0656,9.6223,0.7183,-0.0076,0.1025,-0.018,M
1810,425,572,477,1687,0.2346,9.6051,1.4148,-0.1341,-0.0046,-0.0646,6
1966,3264,3366,3225,3313,0.6555,9.4117,1.0592,0.0263,-0.0372,-0.1305,T
2987,3155,3189,3201,428,0.4892,9.4889,0.5474,-0.0176,0.0121,0.0042,I
3177,3216,3211,3173,425,2.4126,9.0621,2.732,-0.0041,-0.0225,-0.021,J
1561,510,463,3111,3226,0.1382,7.3624,6.3733,0.0821,0.014,-0.0202,P
1933,1741,1733,1618,1771,0.9317,9.2146,1.0803,-0.076,0.0225,0.0503,C
2963,2890,3076,3193,3079,0.4611,9.5328,0.1821,-0.0687,-0.035,0.0105,N
2250,497,497,3206,3184,4.494,6.7695,2.0734,-0.0125,-0.0078,-0.0162,H
2500,2393,668,335,435,0.605,9.2905,0.8688,-0.0479,-0.0495,-0.0143,F
1508,523,586,3345,3272,0.5321,9.7029,0.9496,-0.0731,0.0021,0.0183,K
1921,3128,3091,3029,3023,1.1383,9.481,1.4574,-0.0089,-0.0072,0.0153,T
2562,2567,477,605,267,0.2332,9.1253,0.9541,0.0168,0.0145,0.0197,F
2846,1252,961,3314,3170,0.219,9.5892,0.7271,0.0639,-0.0521,-0.0377,R
3036,411,408,483,488,0.0772,9.5209,1.2,-0.0018,-0.0575,0.0012,4
3022,3141,3155,3232,408,-0.0793,9.6745,0.7919,0.0084,0.0164,0.0029,I
2841,444,3220,3156,3076,0.2413,10.0488,0.4808,-0.0147,-0.0154,0.1121,1
3076,502,3431,3189,3115,0.2048,10.0302,0.6858,0.0154,-0.0031,0.0065,1
1861,1990,1866,1892,1759,0.6922,9.0187,1.5322,-0.0539,-0.0088,0.02,C
2089,373,423,2014,587,0.2174,9.1007,0.7524,0.0761,0.1017,-0.0406,7
537,690,471,504,533,0.4349,9.2716,1.4456,-0.023,0.0234,-0.0108,5
3065,3184,3119,3200,555,2.4061,8.9424,2.9116,-0.0494,-0.0159,-0.0591,J
2867,3029,3018,2840,3129,-0.249,9.3821,0.9648,0.0098,0.0085,-0.052,M
2964,2919,3006,3228,3232,0.3193,9.8779,0.8088,-0.0205,-0.0463,-0.0774,N
2196,437,3123,3222,3132,4.7568,6.7183,1.9766,0.0472,0.0753,-0.0363,G
1709,1821,1634,1792,1801,1.2384,9.2921,1.3489,-0.0075,-0.0383,-0.0564,C
1388,516,570,3177,3146,0.2994,7.6919,6.3576,0.0365,0.016,-0.0006,P
1837,3295,3189,3233,3130,0.7787,9.605,0.9461,0.0143,-0.0871,0.0187,T
2353,376,1849,577,546,0.8601,9.7945,1.2013,0.0519,0.0496,-0.0175,8
3270,452,509,656,459,-0.1177,10.1445,1.0888,0.0002,0.0506,0.0671,B
1458,556,469,3173,3148,0.1513,7.1063,6.1451,0.0114,-0.0308,-0.0101,P
2180,498,3111,3057,3247,0.2586,7.3746,6.5025,-0.0237,-0.1208,0.0611,Q
484,421,3242,3151,3177,0.7903,9.5871,1.5047,0.0085,0.0006,-0.0216,L
2266,559,489,3262,3274,4.5854,7.5249,1.5324,-0.0568,-0.0131,0.0962,H
2955,529,452,3239,3134,0.6726,9.3895,0.7421,-0.0419,0.0091,0.0109,U
2934,2707,2839,2850,2832,-0.2042,9.2399,0.9911,0.0244,0.0384,0.0072,E
2268,599,3205,3189,3250,0.4602,6.9849,6.639,-0.0256,0.011,0.004,Q
2280,634,473,3090,3228,5.5651,6.8569,2.2061,0.0348,0.0096,0.0003,H
3091,394,538,543,543,0.1235,9.6624,0.5984,0.0043,-0.111,-0.0115,B
2466,2493,411,465,542,0.495,8.8984,1.0582,-0.0535,0.0134,0.0159,F
2794,3332,3278,3364,3468,0.5642,9.1263,1.052,0.0193,-0.0442,0.0077,A
2275,529,3333,3129,3161,5.0637,7.2642,2.0538,0.0643,-0.0331,-0.057,G
598,3193,3213,3132,512,0.2052,9.6991,1.3969,0.0178,-0.1141,-0.0134,Y
1972,388,550,3202,3325,5.4636,7.1299,2.094,0.0033,-0.1328,-0.0697,H
2788,1837,3239,3249,3300,0.9117,9.427,0.7594,0.0327,0.0467,0.0068,X
1527,481,578,3267,2998,0.3992,9.3816,1.119,-0.0097,-0.0043,-0.0432,K
2283,527,3232,3098,3293,4.1539,7.2502,2.2803,-0.0216,0.0636,-0.0032,G
1528,346,526,3259,3249,0.341,7.2746,5.6181,-0.0045,-0.0097,0.0518,P
2145,543,350,1768,523,0.2131,9.3713,1.2974,-0.0028,0.0597,0.0819,7
521,3037,3373,3225,581,0.0867,9.3515,1.4462,-0.0529,0.0643,0.0073,Y
2867,519,3142,3252,3104,-0.0311,9.8839,0.13,-0.0383,-0.0489,0.0085,1
2026,1937,2116,2001,2010,0.8662,9.1183,1.9342,0.0289,-0.0321,-0.0216,0
1520,527,408,3232,3252,0.7331,7.189,5.962,-0.0085,-0.0036,0.0054,P
1985,1994,1936,2109,1927,0.3307,8.5583,1.8332,-0.0165,-0.0164,-0.0107,0
530,3190,3062,3297,502,0.3437,8.8435,1.6563,0.0076,0.0303,0.0278,Y
3060,2965,3059,3029,3191,0.0146,9.8271,0.5221,-0.0011,-0.0027,-0.0104,M
1627,1835,1748,1932,1849,1.072,9.1459,1.2005,0.0812,0.0996,0.0196,C
2623,482,2819,2709,2712,0.4684,9.7689,0.7587,0.039,-0.0587,-0.0178,D
2806,1237,1133,3284,3227,0.4515,9.5103,0.7522,0.0246,0.0044,0.0397,R
2816,3262,3257,3243,514,0.4652,9.8605,0.5822,0.015,-0.0092,-0.0547,I
596,379,477,3316,3326,0.2497,9.2943,0.4901,-0.1062,-0.0194,-0.0323,3
566,451,498,435,473,-0.1129,9.4047,0.8782,-0.0847,0.0212,0.0287,5
1783,613,650,615,1768,0.6042,9.5754,1.8711,0.021,0.0232,-0.0507,6
2892,1785,3353,3111,3300,0.2721,9.6222,0.6095,-0.0919,0.074,-0.0219,X
2853,1214,985,3150,3172,0.3709,9.3101,0.7079,0.0008,-0.077,-0.0526,R
2797,3493,3443,3370,3461,-0.3546,9.8446,0.4781,-0.0181,-0.056,-0.0647,A
2009,1954,1998,1866,2123,0.3126,8.7244,1.4686,0.0177,0.0662,0.0122,0
570,544,344,3252,3082,0.3096,9.3905,0.8592,-0.0325,-0.0519,0.0256,3
2716,1746,3136,3163,3178,0.332,9.5696,0.8617,0.0524,-0.0969,-0.1113,X
2269,451,452,3129,3244,4.7,7.325,2.3969,-0.044,-0.0093,0.0008,H
2363,2453,743,422,591,0.4242,9.5527,1.3963,0.0564,-0.01,0.0994,F
2826,3415,3456,3365,3441,0.4221,9.7216,1.1846,-0.0468,0.0543,-0.0268,A
3031,2712,2790,2710,2851,-0.0054,9.41,0.6987,0.0063,-0.0183,0.0088,E
1371,545,389,3171,3114,0.9707,9.0982,0.9634,-0.0863,0.08,0.0201,K
1608,493,424,3193,3367,0.6997,9.6652,1.2888,0.077,-0.0576,-0.0196,K
2335,336,616,3196,3280,5.1092,7.1038,2.1663,0.0405,-0.0164,0.0517,H
2073,1853,2074,2084,2044,0.0323,9.6048,1.8022,-0.0286,0.0221,-0.0177,O
1722,1855,1888,1868,1820,0.9306,8.8271,1.9413,-0.035,-0.0519,0.0333,C
3041,3186,3173,3183,500,0.0683,9.1837,1.1416,-0.0193,0.0084,0.0143,I
3093,3187,3241,3232,551,-0.167,9.4244,0.7027,-0.0416,0.0215,0.0593,I
2207,578,3249,3171,3271,5.0274,6.9682,1.8571,0.0083,0.0498,0.0444,G
1690,561,560,496,1731,0.161,9.2913,1.4106,0.1119,-0.0012,0.0144,6
1769,1908,1903,1933,1824,1.1762,9.4243,1.6342,-0.0251,-0.0224,0.0119,C
2824,1042,1015,3206,2986,0.3873,9.1047,0.5824,0.0497,0.0079,-0.0224,R
2449,2700,644,619,473,1.3279,9.5105,1.4932,0.009,-0.0025,-0.0126,F
2191,429,464,1796,394,0.5712,9.2869,0.7989,0.0253,-0.0226,-0.0108,7
1739,1775,1811,1743,1935,1.0433,8.189,1.6018,-0.0174,-0.0037,-0.0184,C
2236,440,3233,3245,3279,4.9619,7.2929,1.3885,-0.0528,0.0082,0.0165,G
2114,443,3286,3128,3147,0.2115,7.0766,6.7231,0.0852,0.12,0.0325,Q
494,422,488,3196,3106,0.4669,9.4815,0.8438,0.0176,0.0295,-0.0332,3
2893,3414,3296,3431,3347,0.3414,9.6759,1.3715,0.0011,0.0154,0.0851,A
2290,453,3131,3197,3110,-0.0691,7.0228,6.6603,0.0608,0.0303,0.0983,Q
2750,418,3231,3158,3153,3.2111,8.5009,3.9737,-0.0787,0.002,0.0096,Z
2843,2926,3012,2949,3143,0.1233,9.5782,1.0354,-0.0,0.0031,-0.0112,M
480,636,3146,3307,3293,1.0313,9.4522,1.2634,0.1038,-0.0167,-0.0407,L
641,538,3154,3177,3284,0.2791,8.9554,1.0775,-0.0864,-0.0649,-0.059,L
586,3170,3231,3237,441,0.6331,8.7917,1.7754,0.0785,0.0453,0.0749,Y
2209,486,399,1868,484,0.6191,9.3787,1.1089,-0.024,0.0035,0.0399,7
3071,554,435,428,626,0.4124,9.3561,0.7877,0.0543,-0.0447,-0.0457,4
2790,2008,3280,3210,2968,0.357,10.0557,1.024,0.0411,0.0196,-0.0243,X
2838,467,379,3143,3293,0.3906,9.4738,0.3575,0.0619,-0.0104,0.0544,2
2420,2456,522,536,555,0.7381,9.4021,1.0091,0.0201,0.0927,0.051,F
2189,519,574,1830,436,0.2532,9.1827,1.2146,-0.0173,-0.0224,0.0101,7
2373,2428,626,303,488,0.9517,9.372,1.0785,0.0065,-0.0177,0.0015,F
2587,2471,594,584,580,0.6282,9.1995,0.7816,-0.002,0.0767,-0.0155,F
1618,358,463,3226,3167,0.3869,6.3565,6.2743,-0.0938,-0.0786,-0.0507,P
2971,3538,3434,3403,3409,0.6841,9.1932,0.9228,-0.0834,0.02,0.0324,A
2226,534,3375,3161,3333,0.2419,7.1466,6.5534,-0.0063,-0.0003,-0.0311,Q
2258,527,555,3107,3314,4.8719,6.67,1.8682,0.1242,-0.0194,-0.0163,H
2268,495,1909,339,394,0.943,9.3807,1.0889,0.0627,0.0172,0.0457,8
2924,2890,2802,2923,2757,0.2696,9.7447,0.5131,-0.0607,0.0549,-0.0586,E
604,504,526,3298,3279,-0.1213,9.3763,1.1538,0.0108,-0.0496,-0.0854,3
2551,2556,571,533,509,0.7987,9.2362,0.7757,0.0361,0.0619,-0.0559,F
2700,430,580,3163,3041,0.7599,9.5477,0.9121,-0.0025,0.056,-0.0549,2
449,515,549,3332,3193,0.7213,10.098,0.9159,0.0032,-0.0553,-0.0528,3
2766,635,3332,3084,3225,2.8614,8.0756,4.176,-0.0639,-0.0487,-0.0425,Z
3032,3176,3201,3033,475,2.3345,8.9228,3.2157,-0.0668,0.063,0.0362,J
1688,1896,1814,1867,1791,0.7473,9.2253,1.6963,0.0486,-0.0007,-0.03,C
1461,389,436,3188,3228,0.4784,9.8234,1.191,0.0287,0.0101,0.0643,K
2523,3241,3400,3350,3521,0.1068,9.535,0.8714,-0.0279,0.0189,-0.0209,S
2727,400,305,3163,3087,0.8291,9.1472,1.1743,-0.1052,-0.0175,-0.0876,V
2761,598,3025,3223,3328,3.0298,7.9429,3.9414,0.0734,-0.0796,-0.0196,Z
502,490,447,541,499,0.1749,9.4625,0.8252,0.0002,0.0714,0.0074,5
3041,489,442,468,486,0.4834,9.5485,0.4784,0.0832,0.0156,0.0681,4
2994,610,538,368,537,0.3123,9.4101,0.6688,0.0249,-0.0786,-0.0323,4
1507,598,509,3313,3121,0.3617,6.822,6.1166,-0.0139,-0.0115,-0.0352,P
2743,553,3276,3312,3157,0.1911,9.9641,0.7525,-0.0255,-0.0336,-0.0217,1
2525,2609,522,564,587,0.9709,9.961,1.0502,-0.0359,0.0392,0.0354,F
2953,493,627,589,571,0.3808,9.4116,0.6454,0.0118,0.0219,-0.0484,4
3006,2979,2978,3062,3107,0.1791,8.672,0.9922,-0.0686,0.0343,0.0299,N
2803,501,580,544,3222,0.3507,9.8807,1.2999,0.0374,0.004,-0.0347,W
3136,499,482,470,441,0.2959,10.1961,0.542,0.0498,-0.0695,0.0079,B
1727,1655,1778,1796,1809,1.0186,8.7217,1.4429,-0.0749,0.0682,-0.0152,C
2812,1272,955,3295,3060,0.7631,9.9715,0.534,-0.0439,-0.0747,0.0461,R
2324,324,3236,3158,3340,5.4639,7.0099,2.4607,0.0892,0.0037,0.1236,G
2484,2529,420,422,518,0.8036,8.8375,1.3566,-0.0272,-0.0096,-0.067,F
2001,2001,1989,1951,2033,0.4145,9.5841,1.5332,-0.0193,0.0782,-0.0051,O
2753,495,599,3177,3084,0.5484,9.8361,1.2767,0.0432,-0.0136,0.013,2
3030,2787,2857,2807,2758,0.23,9.7433,0.8039,0.0458,0.0611,-0.0834,E
1810,1769,1694,1826,1778,0.9529,8.637,1.9774,0.0438,0.0482,-0.0153,C
2988,3241,3134,3212,411,-0.2343,9.6151,1.1787,0.0463,-0.0041,0.0873,I
2813,504,3051,3156,3275,3.146,7.7911,4.1857,0.0878,-0.0212,0.0371,Z
2904,2835,2814,2787,2864,0.7697,9.0423,0.8209,0.041,-0.0234,-0.0399,E
2888,549,3091,3266,3209,0.8991,9.2682,0.1604,0.0363,0.0756,-0.006,1
3194,505,505,487,595,0.1749,9.3641,0.3819,0.0089,0.0615,0.0302,B
1976,3291,3153,3264,3094,-0.5597,9.46,0.817,-0.0441,-0.0499,-0.0354,T
2099,382,1853,457,703,0.2579,9.7018,1.0165,-0.0913,-0.0673,-0.0755,8
1785,455,433,695,1714,-0.0484,9.2273,1.3554,0.0054,-0.0375,0.0096,6
2862,1775,3179,3135,3287,0.7629,9.0985,0.4838,-0.0159,-0.0098,0.0129,X
2759,582,520,428,3275,0.6803,9.6687,1.1454,0.0301,0.096,0.0086,W
1425,437,505,3217,3086,0.5189,9.3854,1.2161,0.039,-0.0272,0.0307,K
2882,3278,3361,3501,3343,0.6331,9.7324,0.7219,-0.003,-0.1621,-0.0512,A
2374,2410,595,640,437,0.4618,9.0493,0.6565,0.0359,0.0112,0.0005,F
2899,3146,3260,3059,572,-0.3036,9.0806,0.6503,0.0143,0.0663,0.0029,I
2710,589,3240,3038,3175,3.112,7.9666,3.003,0.0032,0.0379,-0.0041,Z
1789,440,448,486,1718,0.0843,8.9937,1.0785,-0.0792,0.1095,0.0467,6
2947,479,414,424,579,0.4005,9.6863,0.5848,0.0599,-0.0116,0.0066,4
3169,3279,3159,3143,620,-0.1428,9.6573,0.7607,-0.0172,0.0177,0.0095,I
3048,2738,2725,2853,2780,-0.1778,10.0362,0.8698,0.0748,0.0639,-0.0501,E
1540,506,456,3274,3022,0.3807,8.971,0.7263,0.0262,-0.0637,-0.0712,K
2027,3183,2909,3053,3180,0.6566,9.2286,1.2199,-0.0748,0.0128,0.0131,T
1799,1664,1710,1853,1848,0.8824,8.6947,1.1918,-0.0187,0.0322,0.0464,C
1972,2025,1830,2075,2017,0.668,9.6469,1.7814,0.0304,0.014,-0.0005,0
2281,1786,3261,3161,3228,0.1738,9.7004,1.108,0.0625,-0.0026,0.0048,9
2964,2944,3117,3043,3251,0.1825,9.5442,0.7254,0.0169,0.0321,-0.0015,M
2452,2604,315,598,456,0.5766,9.2418,1.6629,-0.0615,0.0006,0.0264,F
2152,578,3226,3169,3113,0.4287,6.9031,6.7607,-0.0116,-0.0961,0.0323,Q
397,444,484,612,477,0.3876,9.2948,1.2352,0.0338,-0.0272,-0.0522,5
3100,3334,3126,3275,378,2.1275,8.4786,3.3729,0.0586,0.0285,0.0149,J
2899,503,557,3233,3146,0.5252,9.6178,0.6976,-0.0334,-0.0698,0.053,V
2783,474,3315,3060,3127,3.2194,8.6165,3.7408,0.0506,-0.0575,-0.0195,Z
2930,499,3126,3115,3103,0.4114,9.204,0.4466,0.0287,-0.0293,-0.0506,1
2252,527,453,1921,560,0.5262,10.157,0.7077,0.0013,0.0281,-0.0534,7
1978,3167,3231,3380,3219,0.3034,9.5566,0.6061,-0.0094,0.0852,0.0331,T
2848,372,3156,3167,3142,0.3193,9.5278,0.3462,0.0077,-0.077,-0.1076,1
3118,3002,2999,3053,3297,-0.1048,9.2646,0.706,0.1579,-0.0131,-0.0061,M
2973,3080,3064,3145,3225,0.5111,9.4168,1.3083,-0.0418,0.0072,-0.0625,N
1621,466,363,3027,3219,0.5968,9.5189,0.9787,-0.0402,0.0327,0.0839,K
431,429,3047,3321,3216,0.2941,9.4665,1.2494,-0.1336,0.1478,0.0095,L
2092,2014,1981,2004,2061,0.477,9.1002,1.107,-0.054,-0.0172,0.0537,0
3082,545,484,581,455,0.3895,9.3811,0.8689,0.0747,0.0386,0.0461,4
2154,441,3133,3315,3211,1.0917,6.9991,6.1484,-0.0404,0.0512,-0.0567,Q
2982,2993,2866,2976,3337,0.2494,9.288,0.949,-0.0334,-0.0033,-0.0634,M
2035,1851,2094,1969,1983,0.2982,9.4587,1.5548,-0.0323,-0.0254,0.0051,O
2210,560,393,3347,3224,5.1399,6.9708,2.0058,-0.0074,0.0509,-0.0004,H
1305,551,593,3231,3195,0.3481,9.4306,0.6472,-0.0344,-0.0208,0.0057,K
2811,655,514,3213,3203,-0.3735,9.623,0.7855,-0.0072,-0.0417,0.0283,2
2261,343,3023,3039,3028,0.9071,7.236,6.1404,-0.0053,0.0733,0.025,Q
2939,3154,3310,3360,627,1.603,8.074,2.6428,0.0067,-0.1404,-0.0294,J
2911,3090,3028,3333,3037,0.5732,9.5217,0.6939,-0.0382,0.045,0.0307,N
2726,430,518,3180,3257,0.293,9.1594,0.3734,-0.0381,0.0363,-0.026,2
2754,1904,3093,3161,3220,1.1257,10.0865,0.9864,0.0175,0.0301,-0.0506,X
3148,506,501,538,478,-0.3509,9.5702,0.7381,-0.0149,-0.0123,0.0493,B
1349,514,688,3301,3289,0.4737,9.6079,0.2729,0.0381,-0.029,-0.0351,K
527,3210,3222,3278,543,0.616,9.1219,1.8118,-0.0289,0.0484,-0.0196,Y
1797,308,553,577,1773,0.1528,9.8565,1.1562,-0.0172,0.0224,0.1368,6
2847,3272,3436,3561,3290,0.5569,9.3014,1.1278,0.001,-0.0321,0.0244,A
1972,3163,3270,3206,3113,0.219,9.726,1.0599,0.0598,0.0423,-0.0195,T
1929,1929,1963,1893,1958,0.954,9.3906,1.2701,0.0958,-0.0465,-0.0481,O
3082,2903,2824,2823,2817,0.5467,9.5166,0.9998,0.0598,0.0758,-0.0754,E
2160,608,454,1777,556,1.1096,8.9191,1.2597,0.0236,-0.0227,0.018,7
534,3275,3091,3176,533,0.9958,9.0742,1.1141,0.0095,-0.0337,0.0853,Y
2774,1793,3296,3211,3151,0.6426,9.2868,0.93,0.0115,-0.0404,-0.0893,X
529,320,493,433,407,0.8434,9.8359,0.8932,0.1189,0.0497,-0.0079,5
2475,2567,514,548,481,0.4974,9.054,1.089,-0.1661,-0.0295,-0.0041,F
3016,3028,3235,3251,356,1.7062,8.5239,2.957,0.026,-0.0071,0.0632,J
2235,366,3223,2986,3128,0.6389,6.9968,5.9696,-0.056,-0.1304,-0.0671,Q
2143,404,3183,3157,3247,4.9846,7.1883,1.9127,-0.0333,-0.0292,0.1022,G
2554,3380,3456,3344,3265,-0.0362,9.3492,0.5162,0.0775,-0.0041,0.046,S
1442,466,339,3257,3190,0.3183,9.4194,1.0042,0.0327,-0.0026,-0.0681,K
2776,468,516,528,3101,0.867,9.3607,1.3259,0.0049,-0.0205,0.0456,W
2101,457,568,3248,3196,4.6587,6.7952,1.845,0.0138,0.0852,-0.0343,H
531,582,3238,3215,3275,0.2321,9.2511,1.6607,-0.1035,0.0708,0.0152,L
649,578,3156,3202,3096,0.2093,9.4448,1.3517,-0.0522,0.0245,-0.0041,L
2861,397,397,466,3350,0.346,9.2865,1.2863,0.0449,0.0626,-0.056,W
572,467,3279,3303,3251,0.2564,9.0248,1.0698,0.0551,-0.0067,-0.03,L
3001,405,350,3247,3278,0.4173,8.9176,1.6033,0.0857,-0.0438,0.0044,V
2773,691,3129,3257,3201,0.4029,9.8013,0.1753,-0.0671,-0.0639,-0.0223,1
2502,3289,3362,3467,3372,0.1605,9.0459,0.8732,-0.0351,-0.0043,0.0238,S
2700,453,3359,2957,3146,2.645,8.0213,4.1815,0.0553,-0.0205,-0.0461,Z
3001,2962,2980,3192,3084,0.109,9.6195,0.3947,-0.031,0.1192,-0.0565,N
2194,587,529,1955,611,0.0883,9.6779,1.0459,0.0594,0.0262,-0.025,7
2939,2910,3074,3148,3230,-0.0455,9.6211,0.6092,-0.0158,-0.0398,0.0513,N
3055,3165,3013,3104,3205,0.3725,9.9802,0.741,-0.0205,-0.0686,0.0274,N
1570,425,531,3186,3191,1.1312,7.3702,6.3065,0.0265,-0.0346,0.0131,P
451,3156,3174,3228,436,0.6012,8.8859,2.1018,0.0536,-0.0137,0.0167,Y
1457,572,665,3304,3302,0.1451,6.7536,5.6029,-0.0333,0.0457,0.0812,P
2561,2573,509,627,517,0.175,9.5096,1.2735,-0.0302,0.0287,-0.0834,F
2760,664,500,3033,3089,0.9675,8.7668,1.6494,-0.039,0.0589,0.0084,V
2765,539,3292,3242,3050,0.8227,9.95,0.446,-0.0265,-0.0223,0.0431,1
1567,677,500,3164,3112,0.2896,6.6689,5.4611,0.0982,0.0024,0.1296,P
1848,2199,2033,2043,1988,0.8213,9.2097,1.4514,0.0702,0.0549,-0.0005,0
1815,1788,1877,1819,1831,1.7477,8.9175,1.4047,0.0058,0.0536,-0.0753,C
490,497,593,319,589,0.4442,9.4793,0.9887,0.032,0.0513,-0.0118,5
2102,2033,1886,1882,1982,0.7823,9.6922,1.2992,-0.1106,0.0216,0.0021,0
2000,1964,1971,1938,2034,0.5785,9.4796,1.8065,-0.0525,-0.0418,0.0346,0
2911,581,3246,3232,3174,0.7257,9.8288,0.2587,-0.0075,-0.0338,-0.0069,1
2016,2013,1877,2005,1976,0.5539,9.2569,1.3233,0.0038,0.0433,-0.0119,0
2854,3165,3224,3241,547,2.1192,8.6741,3.0137,-0.0524,-0.0926,-0.0273,J
3049,348,612,434,521,0.7587,9.7962,1.1121,0.0555,-0.0246,-0.0518,4
2288,451,555,3133,3358,4.7599,6.7353,2.1649,0.004,0.0163,0.0114,H
2088,1976,1887,1831,1921,0.5718,9.5265,1.3505,0.0463,-0.0568,-0.1464,O
3018,3127,2997,3275,3040,0.6371,9.1434,1.1028,0.0195,-0.0048,-0.005,N
2005,3335,3296,3234,3198,0.621,9.6108,1.4268,-0.0067,0.0501,-0.0163,T
2808,554,3167,3124,3129,0.1856,9.854,0.4106,-0.0396,-0.0476,0.0633,1
2759,1848,3269,3312,3118,0.6008,9.9014,0.8948,0.0697,-0.0363,0.0035,X
499,524,400,3254,3113,1.0139,9.4231,0.8758,0.0446,-0.0026,0.0359,3
546,438,576,504,478,0.5634,9.4137,0.7795,-0.0807,-0.0309,0.1247,5
2803,1223,851,3088,3123,-0.091,9.6252,0.8728,-0.0532,0.0062,-0.0212,R
2072,541,3286,3329,3224,4.7701,6.4909,2.3125,-0.0898,-0.017,-0.0112,G
412,583,580,3331,3138,0.5809,10.113,0.7974,-0.0505,0.015,0.0583,3
2650,3445,3383,3392,3342,0.2355,9.7732,0.8518,-0.0309,-0.0296,-0.0365,S
1915,1861,2032,1925,1997,0.4455,9.1175,1.0431,0.1267,-0.0024,0.0912,O
1745,457,482,522,1804,0.618,9.6156,1.1601,-0.0518,-0.0801,-0.0381,6
1791,1849,1797,1782,1804,0.8188,8.897,0.8743,0.0487,0.0149,-0.0387,C
2886,526,2600,2760,2895,0.0577,9.533,0.4865,0.0892,0.0841,-0.0442,D
536,3150,3089,3230,525,0.7944,9.2216,1.7576,0.0011,0.0173,0.0214,Y
2756,415,3104,3148,3170,0.2106,9.7777,0.7119,-0.0505,-0.0437,0.0832,1
2997,2825,2817,2889,2854,0.4579,9.9555,1.1261,0.0652,0.0303,-0.0921,E
2546,3390,3333,3403,3376,-0.1227,9.5265,1.174,-0.0275,0.0131,0.0054,S
1768,1842,1807,1731,1800,0.5405,9.3451,1.4384,0.0559,-0.0263,-0.0262,C
2850,503,3238,3281,3115,2.6038,8.1826,3.954,0.0432,0.0544,-0.0925,Z
2577,2557,338,605,507,0.7176,9.1405,1.5826,-0.0593,0.0416,0.041,F
3400,352,497,551,509,0.1661,9.3102,0.5698,-0.0378,-0.1095,0.0597,B
2388,3233,3361,3429,3436,0.6552,9.3826,1.0322,0.0423,0.0232,-0.0292,S
2152,443,581,1895,481,-0.1878,9.1824,0.9723,-0.0709,0.0364,-0.0386,7
2309,479,475,3252,3189,5.0254,6.2439,2.005,-0.0914,-0.061,-0.0668,H
1888,3164,3182,3165,3316,0.5271,9.6189,0.8853,-0.0696,-0.0002,0.0904,T
2279,467,434,1905,228,0.5438,9.2122,1.6762,0.1365,0.0015,-0.0183,7
2692,477,527,3263,3181,0.1892,10.0257,0.8544,-0.0085,-0.0909,0.0096,2
2326,1845,3223,3281,3271,-0.0877,8.8885,1.157,-0.0537,0.083,-0.0495,9
2732,1197,1073,3201,3244,0.3155,9.283,0.8357,0.0564,0.0157,0.0812,R
254,3277,3307,3110,366,0.8984,9.1148,1.9035,-0.0896,0.0703,0.0537,Y
3276,504,518,585,517,0.4712,9.6108,0.8936,0.016,0.0097,-0.0635,B
511,482,443,456,673,0.9413,9.7781,0.9798,0.0283,-0.0712,0.0498,5
2893,390,520,524,3191,0.4854,8.9043,0.9395,0.0469,-0.1021,-0.0043,W
1738,1763,1619,1826,1778,1.2911,8.6705,1.3143,-0.0753,-0.0502,-0.0591,C
2785,493,479,3326,3163,0.127,9.3428,0.6894,0.0098,0.0319,-0.0377,U
3001,3142,3205,3169,513,0.5635,9.8518,1.1865,0.0419,0.0119,-0.0217,I
3020,498,541,439,608,0.662,9.2514,0.6103,0.0338,0.0123,-0.0009,4
3007,362,2855,2893,2871,0.2387,9.5129,0.9332,0.0408,0.0301,0.052,D
2164,1904,3166,3142,3262,0.3395,9.3495,0.868,-0.0203,-0.0017,-0.0632,9
3063,3214,3079,3179,473,-0.0399,9.1542,0.9478,0.0162,-0.0584,-0.0373,I
571,3131,3244,3286,534,0.3293,9.3557,1.2797,-0.0106,-0.0262,-0.0381,Y
2808,1823,3318,3302,3236,0.6428,9.5786,1.3539,0.0182,-0.0276,-0.0376,X
1960,2010,1941,2021,1950,0.8,9.8688,1.4108,0.046,-0.0106,-0.0468,O
2862,424,501,3147,3290,0.148,9.7986,1.1045,0.0771,-0.0677,-0.0699,U
2981,3204,3193,3307,473,1.7204,8.2391,3.1965,-0.0702,-0.0101,0.0664,J
2825,474,512,772,3225,0.6077,9.6464,1.2542,-0.0549,-0.0823,-0.0015,W
2940,459,576,496,426,0.0126,9.7969,0.7606,-0.0073,-0.069,0.0239,4
2351,346,497,3174,3275,5.1064,7.1771,2.1035,-0.0466,0.0606,0.0399,H
1610,608,545,3128,3122,0.7984,7.3818,5.9809,0.1171,0.0229,-0.0554,P
2832,1280,931,3236,3240,-0.1634,10.052,0.4519,-0.0649,-0.1424,0.0237,R
1377,471,576,3327,3134,0.8135,6.595,6.3445,-0.0141,0.0781,-0.0232,P
2270,628,365,3174,3178,4.5798,6.8545,2.1283,-0.0139,-0.0772,0.1437,H
2003,3206,3195,3145,3103,0.4427,9.3502,1.1575,0.0036,0.0007,0.0492,T
2892,486,2741,2876,2894,-0.0494,9.2388,0.8676,0.0315,-0.015,0.034,D
2796,3285,3410,3345,3467,0.3042,9.3661,0.4331,-0.0226,-0.1212,-0.0792,A
2634,512,2793,2890,2828,0.7003,9.3908,1.1414,-0.0264,0.0389,-0.0729,D
2393,2438,472,579,496,0.5442,9.0254,1.4356,-0.0326,-0.005,0.074,F
2728,1866,3260,3374,3214,0.371,9.6402,0.9136,-0.0443,0.0044,0.0229,X
2264,440,491,3202,3184,5.7389,6.908,2.1761,-0.0965,0.0216,0.0571,H
2751,599,497,390,3238,0.2596,9.2869,1.5398,-0.0645,-0.0225,-0.0542,W
2797,562,497,3225,3321,0.5688,9.3963,0.6784,0.007,0.1061,-0.0667,2
2952,2826,2735,2717,2634,0.7665,9.3801,1.0471,-0.0001,-0.0534,-0.063,E
1778,1623,1640,1802,1849,1.1126,9.0503,1.8487,-0.027,0.0447,-0.0816,C
2592,1812,3317,3099,3116,0.5065,9.6449,1.3367,0.0821,0.0118,-0.0463,X
1977,3218,3258,3272,3234,0.2213,9.6108,1.0721,0.003,0.0267,-0.0638,T
2848,645,593,3211,3191,0.0988,10.1453,0.4804,-0.0934,0.045,0.0043,2
2146,490,3212,3160,3057,0.9277,7.2518,6.4608,-0.0447,0.0043,0.018,Q
2171,506,505,1913,424,0.3569,9.9522,0.9166,0.0993,-0.0117,-0.0347,7
2124,621,1765,488,471,0.716,9.795,0.7774,0.0058,0.0184,0.0488,8
3184,3194,3249,3044,431,1.6739,8.2137,3.1247,0.0518,0.0172,-0.0113,J
2090,569,1808,622,565,0.2799,9.1576,1.5602,-0.0849,-0.0171,-0.0163,8
2961,3400,3384,3371,3385,0.9119,8.8364,1.46,-0.0712,-0.0133,-0.0215,A
2902,3176,2915,3070,3138,0.3407,9.3293,0.4282,0.0261,0.0203,0.0572,M
2477,3414,3437,3301,3550,0.1776,9.655,0.6592,0.0055,0.0073,0.083,S
3044,3187,3251,2996,432,2.1668,8.4073,3.2536,-0.0902,0.0366,-0.032,J
2763,3365,3375,3417,3361,0.8767,9.2316,0.9439,-0.022,0.0723,0.0098,A
2692,380,3308,3134,3180,0.657,9.6191,0.7632,-0.0444,0.0778,0.0114,1
1476,467,484,3191,3158,0.3363,9.2439,1.4572,-0.04,-0.0185,-0.0362,K
499,539,3189,3233,3133,0.3188,9.1797,1.3305,0.0644,0.0363,-0.0538,L
2179,620,3376,3210,3279,5.013,6.6887,2.443,-0.0311,0.0768,0.0649,G
3025,3106,3065,3152,531,0.0816,9.4935,1.4382,-0.0923,-0.0378,0.0948,I
2082,3068,3007,3204,3272,0.5503,9.2829,0.5542,0.0465,0.0929,-0.0335,T
2718,548,538,3179,3178,0.2686,9.0672,1.6667,-0.0337,0.0812,0.0603,V
1572,451,431,3187,3279,0.4928,7.0847,6.1057,0.0234,-0.0057,0.0316,P
2834,475,656,601,3168,0.3859,8.9626,1.5674,0.0123,0.0412,-0.1067,W
2712,504,633,3168,3083,0.3412,9.4678,1.1783,-0.0942,-0.0496,0.038,2
2836,586,515,520,566,0.0715,9.3245,0.9648,0.0579,0.0266,0.0801,4
2172,1980,1948,1987,2085,0.8155,9.2623,1.6835,0.0125,-0.0071,-0.015,0
2935,3328,3343,3038,543,0.5576,9.7629,0.6026,-0.0122,-0.0374,-0.021,I
2157,299,496,3201,3257,5.6033,6.886,1.7431,-0.0583,0.0099,0.024,H
3000,3182,3099,3196,289,0.2511,9.619,0.8726,-0.0782,0.0112,-0.0521,I
3095,3306,3209,3220,404,0.5987,9.714,0.9702,0.0844,-0.0303,-0.0063,I
2882,532,615,363,3195,0.4694,9.3343,1.3492,0.0107,0.0412,-0.0592,W
520,3193,3183,3090,412,0.3157,8.9974,1.328,-0.0038,0.0044,0.0281,Y
441,497,497,539,506,0.2834,9.5388,0.9465,0.0847,-0.0288,0.0278,5
1873,431,444,577,1855,0.166,9.2629,1.1538,-0.0018,-0.0036,0.045,6
2866,1817,3134,3117,3167,0.3638,9.5582,0.8288,0.0853,0.0268,0.0437,X
2981,3009,2959,3028,3225,0.8694,9.4856,0.7448,0.0119,0.0482,-0.0546,M
361,578,399,566,441,0.3333,9.6674,1.4583,0.0435,-0.0059,-0.0017,5
2193,537,3245,3294,3097,5.006,6.6796,1.9847,-0.0113,-0.0023,-0.04,G
2828,405,364,3150,3264,0.6457,9.6544,0.824,-0.0166,-0.0011,0.0608,U
388,3090,3093,3257,557,0.4512,9.1105,1.9145,0.0347,-0.0589,0.0175,Y
489,681,353,424,475,0.7133,9.3489,1.2903,-0.0861,0.0574,0.0447,5
1911,540,436,553,1766,0.6634,9.4942,0.4307,0.0054,-0.0083,-0.037,6
2833,3136,3283,3195,593,0.114,9.8121,0.5848,-0.0483,-0.0054,-0.0332,I
2187,536,2953,3150,3213,0.4767,6.8643,6.6767,-0.0354,-0.0611,0.0592,Q
2792,454,542,3136,3212,0.3292,9.7156,1.0824,0.0202,0.0347,-0.097,U
2796,568,3215,3297,3201,0.5323,9.8097,0.4125,-0.0217,0.0639,0.0312,1
3010,366,379,644,512,0.7261,9.43,0.5323,-0.0043,0.0393,0.0696,4
2254,527,572,1922,401,0.5451,9.4225,0.8661,0.1236,-0.0785,-0.0091,7
3021,3053,3017,3155,3250,0.3063,9.4657,1.0071,0.0326,0.0107,0.0859,N
2702,531,3461,3328,3137,2.4598,8.0157,4.325,-0.0019,0.0945,-0.039,Z
1891,1952,1932,2059,2105,0.4479,9.4689,1.6286,0.0902,-0.0887,0.0372,O
2788,674,3080,3185,3084,-0.176,9.6652,0.3649,-0.0506,0.0419,0.0649,1
1478,493,452,3257,3040,0.741,6.9964,6.3905,-0.1374,-0.1218,-0.0146,P
1492,650,425,3013,3225,0.7603,7.066,6.1507,0.0376,0.0055,0.0278,P
3152,613,639,578,506,-0.0425,9.4509,0.6568,0.0209,0.0701,0.0325,B
3011,3038,3036,3373,549,2.0363,8.6091,3.0439,0.0499,-0.0316,0.0093,J
2040,1953,1972,2016,2134,0.2863,9.376,1.1765,-0.0361,-0.0544,0.0122,O
1372,428,602,3165,3028,0.8358,7.3231,6.2133,0.0047,0.083,0.0629,P
2959,646,2730,2844,2859,0.1208,9.1513,0.7963,-0.0086,-0.0218,0.0221,D
1532,367,411,3274,3333,0.4664,6.9082,6.1488,-0.1299,0.0115,-0.0523,P
2808,3397,3383,3389,3249,0.3354,9.5279,1.048,-0.0514,0.0633,-0.0433,A
2197,465,501,1788,507,-0.1995,9.7401,0.832,0.0453,0.1098,-0.0726,7
2234,435,578,1914,548,0.2662,9.9315,0.7213,0.0536,-0.1204,0.0059,7
2239,354,3191,3104,3202,0.2827,6.8032,6.1,0.0558,-0.0339,-0.0312,Q
1669,1961,1900,1737,1821,1.1252,9.3573,1.2544,0.0546,-0.0274,-0.0668,C
2739,1165,968,3148,3030,0.3576,9.5206,0.5911,0.0699,-0.0121,0.0029,R
1822,513,530,452,1721,0.2716,9.2365,1.3682,-0.0189,0.0309,-0.0631,6
3023,3120,3188,3341,552,1.5893,8.1175,3.0455,-0.0688,-0.1001,0.0266,J
2203,516,3294,3076,3241,4.9965,7.1698,1.855,-0.0409,0.007,0.0825,G
2840,543,3112,3388,3205,3.0263,7.4729,4.0386,0.0086,-0.0575,-0.052,Z
376,510,3243,3212,3191,0.4008,10.14,1.1452,0.0436,0.0008,-0.0427,L
2112,1975,2037,2050,2072,0.6112,9.214,1.2675,0.0243,-0.0949,0.0154,0
2732,1715,3206,3315,3152,0.6595,9.7254,0.3339,-0.0276,-0.0188,0.0191,X
503,498,587,533,539,0.7327,9.8635,0.715,0.0368,0.0217,0.0656,5
3143,443,491,428,567,0.0892,8.8279,0.3876,-0.0519,-0.0816,-0.0619,B
1910,1881,1770,1868,1827,1.4501,9.0224,1.8077,0.1321,0.0299,0.0025,C
2940,3129,3273,3064,538,0.5393,9.5344,0.8157,0.0582,-0.0352,-0.0301,I
3075,2992,2995,3021,3309,0.6203,9.808,0.4764,-0.0137,-0.0111,0.0709,M
2829,561,3200,3219,3058,3.3078,7.9126,3.8709,0.0968,-0.1354,0.0048,Z
2461,3402,3282,3434,3296,0.0738,9.1594,0.5078,0.0634,0.0261,0.0461,S
2050,1872,3224,3248,3165,0.5463,9.7572,1.2017,-0.0574,0.0361,-0.0174,9
2904,3081,3054,3080,3244,0.3218,9.6273,0.901,-0.0175,0.0035,0.0121,N
487,3350,3365,3236,533,0.6677,9.545,1.5371,0.0584,0.025,0.0693,Y
2882,514,560,3119,3233,0.56,10.1563,1.0093,-0.0294,-0.0315,0.0381,2
2285,1849,3128,3141,3221,0.7603,9.5014,0.8891,-0.0123,-0.0694,0.0294,9
2826,521,469,479,3133,0.6516,8.9926,1.2251,-0.0317,0.0879,0.0263,W
2942,3084,3262,3154,551,0.417,9.7435,0.8101,0.0192,-0.006,-0.0318,I
1949,2068,2090,2110,2046,0.4932,8.799,2.0815,0.0801,-0.0383,0.0095,0
1795,1715,1600,1816,1848,1.0786,8.4151,1.3947,-0.1109,0.0685,-0.0543,C
2825,1802,3248,3155,3203,0.8195,9.4118,1.1824,0.0316,-0.0379,0.0344,X
2174,430,2954,3132,3256,0.0814,6.6436,6.0695,0.0104,-0.0447,0.061,Q
2636,482,2693,2667,2877,0.4634,9.7348,1.0763,-0.024,-0.0216,0.1093,D
2822,588,493,3211,3194,0.4796,9.1894,0.6184,-0.1116,-0.0221,0.0248,2
2215,616,3183,3210,3180,4.3058,7.0062,2.0905,-0.0256,-0.0577,-0.044,G
2223,719,505,3204,3263,5.0123,6.4878,2.3397,-0.1001,-0.0208,0.0604,H
369,437,417,3215,3329,0.5746,9.9758,1.32,-0.1333,0.045,-0.029,3
2876,3321,3440,3357,3336,0.4679,9.1894,0.8339,-0.0599,0.0982,0.0018,A
2785,319,416,492,3297,0.6611,9.4271,1.087,-0.0125,0.0653,-0.0553,W
2692,1833,3210,3071,3147,0.4925,9.5339,1.363,-0.0576,-0.0004,-0.0501,X
659,621,496,427,548,0.3788,9.4402,1.5702,0.0693,0.0318,-0.0048,5
1884,3178,3150,3198,3241,1.0795,9.3646,0.3369,-0.0119,0.0175,-0.0485,T
2277,451,3040,3175,3231,0.7892,6.7921,6.6626,0.0568,0.0376,-0.0395,Q
1937,1831,2028,1941,2008,0.5988,9.4426,0.9873,0.0013,0.0222,-0.07,O
500,420,524,3219,3305,0.1408,9.2853,1.5831,0.0096,0.0126,0.0483,3
2026,1965,1916,1953,1997,0.9219,9.3421,1.4125,0.0337,0.0738,0.0157,0
2460,2505,695,524,451,0.3503,9.2525,1.8532,-0.02,0.0453,-0.0188,F
2942,3229,3205,3093,531,0.857,9.6097,0.3217,0.0015,-0.0607,0.0432,I
2865,588,2833,2722,2645,-0.2271,9.2193,0.5333,-0.008,-0.0507,0.0169,D
2174,518,439,3318,3081,5.1335,7.1926,1.7721,-0.0512,0.0509,-0.0495,H
2763,403,3219,3239,3174,0.0057,9.9287,0.8554,0.0477,0.0795,-0.0326,1
2841,350,396,3189,3242,0.3312,9.4492,0.5047,0.0457,0.005,0.084,2
2413,2435,518,397,440,0.799,10.1807,1.3433,-0.0459,-0.0184,0.0016,F
2420,3399,3452,3423,3414,0.6175,9.5585,1.0042,0.0368,0.0068,-0.0118,S
2255,617,3272,3287,3146,5.2412,7.5905,1.7934,0.09,-0.0275,-0.0426,G
2872,570,527,3188,3389,0.8102,9.2739,1.3477,0.1106,0.036,-0.0517,V
2241,532,643,3131,3203,4.7901,6.5373,2.2657,0.0232,0.0142,0.0213,H
2138,479,3237,3137,3101,0.356,6.9852,6.909,-0.058,0.0113,-0.0139,Q
2029,3108,3188,3047,3180,0.8335,9.0482,0.8948,-0.1062,0.0004,0.0233,T
2755,448,3147,3123,3200,2.7746,8.3395,4.3365,0.0301,0.0243,-0.0776,Z
2809,570,613,445,3261,0.3127,9.4657,1.5209,-0.0137,-0.0476,-0.023,W
464,488,471,440,476,0.6505,9.7181,0.4917,0.0858,0.0424,0.0114,5
2780,558,2800,2652,2636,0.1263,9.9168,1.0365,0.0457,-0.0494,0.0808,D
2812,572,627,3197,3300,1.3483,9.2669,1.3309,0.1094,0.0561,0.0006,V
2073,482,1805,501,703,0.3266,9.3268,1.0489,-0.0071,-0.0375,-0.0881,8
2802,1806,3179,3191,3201,0.4369,9.4848,0.5329,0.0271,-0.0062,-0.1659,X
2955,3089,2998,3170,3243,0.0615,10.0779,0.8022,-0.0201,0.0293,0.047,N
2258,1797,3160,3175,3279,0.6157,9.7659,1.4444,0.072,0.0317,-0.0569,9
2803,549,561,3194,3136,0.8598,9.09,1.6115,-0.0082,0.0515,-0.0571,V
2201,614,396,1938,499,0.6678,9.8086,1.5987,0.0291,-0.0436,0.0506,7
2777,471,490,358,3264,0.8571,8.8286,1.7274,0.0809,-0.1535,-0.1087,W
469,546,538,513,444,0.096,9.2608,0.9464,-0.021,-0.0575,-0.0103,5
2954,3366,3157,3235,511,2.1058,8.6287,3.2644,0.0133,0.0112,0.0029,J
2058,453,546,1617,528,0.6614,9.3748,1.8218,-0.1122,-0.0856,-0.0152,7
2706,462,500,419,3153,0.0798,9.222,1.3536,0.0433,-0.0385,0.0664,W
3101,3315,3171,3159,487,2.0116,8.9293,3.3498,0.0269,-0.0716,-0.0844,J
3085,2875,2794,2699,2720,0.4818,9.6027,0.6704,0.0022,0.0316,-0.0576,E
2247,462,3151,3296,3156,5.0835,7.0467,1.6788,0.0483,0.028,-0.0993,G
1865,1876,1897,1976,1771,1.0329,8.8751,1.5006,0.0766,-0.0673,-0.0431,C
2426,2478,493,367,568,-0.2302,10.2144,1.6506,-0.0131,0.0005,0.0151,F
3140,461,598,634,545,-0.0639,10.2961,0.3407,-0.0168,0.0171,0.0777,B
535,462,569,530,471,0.0968,9.9429,0.9741,0.087,-0.0616,-0.0126,5
3129,443,594,614,480,0.2138,9.4286,0.8518,0.0333,0.0971,-0.0439,B
462,3210,3100,3280,611,0.962,9.6377,1.4039,0.0447,0.073,0.0473,Y
476,542,3079,3112,3120,-0.0389,9.7255,0.9036,0.0172,0.0406,-0.0147,L
2759,642,3222,3161,3243,3.1868,7.594,4.1459,-0.0753,-0.0322,-0.0493,Z
534,3173,3117,3170,609,0.6124,8.8438,1.539,0.0637,0.0381,0.0643,Y
2879,3168,3567,3388,3488,0.188,9.6838,0.684,-0.0312,0.0957,-0.0095,A
2222,577,578,1689,573,0.3111,9.3235,1.1098,0.0394,-0.0617,0.0109,7
2018,2032,1973,2010,2048,0.2753,9.3552,2.1644,-0.0413,0.0515,-0.0048,0
1928,3202,3254,3194,3290,0.4782,9.8035,0.7838,-0.0614,-0.017,-0.0673,T
2994,545,544,556,629,0.3598,9.3008,0.5679,-0.0145,0.0106,0.0689,4
2156,471,423,3141,3199,4.7689,7.1631,2.2045,0.119,0.0563,0.0122,H
2295,516,554,3183,3109,5.3917,7.3027,1.9277,0.0137,0.062,0.0423,H
3123,591,437,523,437,0.4808,10.1788,0.6932,0.0395,0.0807,-0.0068,4
2338,1812,3222,3105,3280,0.8814,9.6293,0.8281,-0.0805,-0.012,0.004,9
3202,342,552,564,420,0.3261,9.4431,0.5293,-0.0632,-0.0897,-0.0191,B
1748,571,497,513,1702,0.8492,10.018,0.9905,0.0652,-0.0635,-0.0027,6
2738,451,2800,2715,2759,0.1452,10.2374,-0.0321,-0.009,0.0863,0.0061,D
2588,540,522,3332,3181,0.6886,9.0575,1.6067,-0.0354,-0.0564,-0.0369,V
2037,3119,3076,3258,3077,0.1687,9.9175,1.051,0.0184,0.0312,0.0295,T
2273,395,1747,677,556,0.4735,8.848,0.9646,-0.0582,-0.0039,-0.0095,8
501,435,3254,3119,3236,0.6447,9.2762,1.5953,0.0093,-0.002,0.0006,L
2472,2572,517,572,474,0.9977,9.3501,0.9086,0.1089,-0.0912,-0.0369,F
3137,3215,3215,3214,385,1.566,8.2576,3.3039,-0.0168,-0.0265,-0.0274,J
2746,368,573,3166,3146,0.3634,9.2337,0.9446,-0.0632,-0.0592,-0.0599,2
2237,540,3212,3109,3173,0.5507,7.0319,6.1931,0.0646,-0.1247,-0.0125,Q
2980,3190,3296,3192,619,2.1622,7.7942,3.3533,0.0456,0.0476,-0.0955,J
2124,581,435,1805,505,0.2661,9.2562,1.3626,0.0042,0.0841,-0.052,7
481,434,392,3214,3156,0.8652,9.69,0.9697,0.0314,0.0872,-0.058,3
2204,1888,3261,3204,3273,0.0472,9.2877,0.9082,-0.0278,-0.0284,-0.0631,9
2309,483,595,3188,3122,4.909,6.7096,1.8303,0.01,0.0256,-0.0795,H
2779,338,3104,3121,3121,2.1583,8.4708,3.3452,-0.0287,0.0329,0.0295,Z
2106,1907,1943,2050,2074,0.4099,9.1773,1.5236,0.0738,0.0021,-0.0632,O
2906,511,516,407,415,-0.1752,9.6136,0.6679,-0.0645,0.0609,0.02,4
2895,3278,3355,3430,3525,0.4803,9.3334,1.5643,-0.0724,-0.1099,0.022,A
2934,471,484,439,521,0.4453,10.1059,0.5717,0.0445,0.0712,0.0475,4
489,439,3151,3101,3167,0.4281,9.2703,1.5165,-0.0039,0.0115,0.0472,L
1964,1975,1987,1991,2082,0.4171,9.9917,1.6747,-0.0243,-0.0371,0.052,O
2714,1879,3155,3289,3363,0.3286,9.3146,0.6982,0.0379,-0.0301,-0.0201,X
446,683,337,3202,3208,0.4373,9.6577,0.9393,-0.0748,-0.0044,0.0082,3
2959,3213,3221,3302,560,1.548,8.4359,2.7214,0.0284,0.0462,0.0051,J
2750,1173,902,3274,3226,0.6293,9.6615,1.1309,-0.0374,0.0494,-0.0199,R
2772,488,388,403,3000,0.0963,9.205,1.0205,-0.0034,0.0381,-0.0344,W
2131,529,3154,3298,3104,0.4582,6.8995,6.5693,0.0463,0.0133,-0.0064,Q
363,393,3065,3220,3106,0.0955,9.4608,1.6355,0.002,-0.0081,0.0914,L
603,3206,3323,3315,424,0.5213,9.0833,1.4566,0.0829,-0.0321,-0.0593,Y
2018,2212,2065,1899,2036,0.4838,8.9975,1.0735,0.0227,0.0349,-0.0523,O
2293,508,1791,683,528,0.1471,9.2237,1.6838,-0.037,-0.0351,0.0013,8
566,630,468,3096,3234,0.2539,9.5002,1.0506,0.0929,0.0161,-0.0229,3
2819,492,488,3286,3142,-0.3504,9.5324,0.9135,-0.0208,-0.0263,-0.0182,U
2177,509,574,1699,391,0.1917,9.8093,1.2428,-0.0035,-0.0254,-0.0076,7
2240,599,1880,524,653,0.4232,9.3635,0.555,-0.0361,0.0601,-0.0017,8
2903,461,523,370,3053,0.177,9.7038,1.1848,0.055,0.0579,-0.0379,W
2498,2527,302,584,460,0.2005,9.6823,1.1929,0.0608,0.0219,-0.0001,F
2940,551,510,3210,3049,0.2709,9.7084,0.1227,0.009,-0.0406,0.0789,2
2114,622,536,1836,445,0.4582,9.3122,1.3646,0.062,-0.0077,-0.0293,7
475,3202,3177,3219,523,0.3427,9.6304,1.2489,0.0195,-0.017,-0.0434,Y
2917,3159,3186,3232,551,0.5679,9.8448,0.8759,0.0208,-0.0545,-0.0376,I
3157,3301,3336,3114,547,0.1705,9.101,1.2488,-0.0147,-0.0528,-0.0207,I
2272,443,633,3089,3355,5.3004,6.9731,1.8792,-0.0254,-0.0068,-0.0024,H
2751,441,3218,3290,3209,0.0106,10.028,0.2344,0.0864,-0.008,-0.0439,1
2763,499,505,3254,3213,0.1989,9.3255,0.6781,0.0302,0.0429,-0.0337,U
2819,510,3123,3249,3290,0.2591,9.9785,0.3785,-0.0031,0.1043,-0.0186,1
2532,3365,3479,3479,3387,0.1649,9.2816,1.4094,0.0475,-0.001,-0.01,S
2322,567,458,3151,3135,5.2847,6.6365,2.2031,-0.0541,0.0412,0.0009,H
3270,494,519,476,608,0.1399,9.7696,0.8438,-0.0389,0.0779,-0.0765,B
2060,3186,3282,3219,3255,0.1758,9.6019,1.1028,-0.0344,0.0501,-0.0948,T
2802,585,3180,3183,3094,3.2636,7.9731,4.3411,-0.0604,-0.0246,0.0473,Z
2981,461,444,446,529,0.282,9.9987,0.7339,-0.0138,0.002,0.0303,4
3035,2877,2983,3078,3100,0.3519,9.4106,0.6789,0.0828,-0.0825,0.0383,M
532,307,520,3201,3134,0.0832,9.6255,0.9259,0.0069,-0.0919,0.0238,3
501,620,543,3166,3127,0.1528,9.3663,1.1122,-0.1055,-0.0068,0.0401,3
2862,459,546,541,3198,0.2908,9.5197,0.9492,0.0525,-0.0361,0.0011,W
2228,507,387,1681,479,0.6175,9.1818,1.1222,-0.0894,0.0036,-0.0391,7
2854,639,556,3210,3225,0.0124,9.1635,1.4569,0.0219,-0.0013,0.0167,V
3001,2721,2850,2796,2720,1.0723,9.6429,0.954,0.0708,0.0921,-0.0073,E
2749,599,438,453,3308,0.8495,9.8764,0.6275,0.01,0.0045,-0.0281,W
2941,2981,2995,3171,3305,0.277,9.1144,0.6101,-0.0789,-0.0114,0.0336,N
2853,605,392,3140,3331,0.7243,9.3542,0.4356,0.0141,0.0165,-0.003,2
1987,2041,2038,2047,1858,0.9591,8.789,1.2747,0.0098,-0.0015,0.0709,0
2885,1676,3242,3163,3204,0.2878,9.7228,0.8941,0.0709,-0.0001,-0.0112,X
2496,2607,529,381,321,0.3842,9.2125,1.4829,-0.0004,0.0567,-0.0662,F
3092,3129,3213,3184,540,0.0432,9.627,0.8506,0.0115,0.004,0.0172,I
2879,600,3158,3178,3172,0.6093,9.7273,0.555,-0.0527,0.0412,0.0429,1
2917,2731,2778,2715,2761,0.042,8.95,1.3054,-0.0648,-0.0089,0.0376,E
3270,413,610,525,554,0.64,9.3665,0.4893,-0.0266,-0.0784,0.0173,B
3151,2985,3066,3154,3211,-0.1121,9.6273,0.6165,-0.0137,0.0992,-0.0611,M
2939,521,553,395,500,0.5229,9.7001,0.9872,0.0745,-0.1555,0.0109,4
2139,440,3236,3323,3230,0.7935,6.8422,6.8294,-0.021,0.012,-0.0183,Q
2807,1827,3321,3130,3233,0.2188,9.7298,1.2536,0.0839,-0.0213,0.0073,X
2899,570,336,3141,3164,0.3501,9.1814,1.0886,-0.0555,0.0121,0.096,V
2877,1258,1007,3157,3198,-0.2322,9.8471,0.7509,0.0758,0.0196,0.0116,R
2693,417,471,3073,3131,0.4404,9.2014,1.3512,0.006,0.0427,-0.0121,V
3099,482,475,694,534,-0.2133,9.5306,0.8064,0.1044,-0.0793,-0.094,B
2867,519,379,297,517,0.8756,9.3493,0.6582,0.0448,0.0581,0.0053,4
1946,3218,3230,3116,3348,-0.1632,9.5163,1.0588,-0.0873,0.0662,-0.037,T
2536,2634,484,532,431,0.4931,8.9424,1.1416,-0.0153,0.015,-0.0312,F
1985,2082,1994,2023,2162,1.0393,8.986,2.0233,0.0688,0.0747,-0.0313,0
2511,2451,550,429,438,-0.0063,9.451,1.1517,-0.0594,0.0097,0.0514,F
2804,477,564,3122,3282,0.5539,9.1746,1.7686,0.0252,-0.0626,0.0532,V
2850,392,3319,3156,3276,0.6598,10.6165,0.4084,-0.0139,-0.0165,0.0087,1
2870,584,3154,3209,3299,3.0868,8.1454,4.0262,-0.0326,0.0193,0.0932,Z
3049,3078,3013,3093,3104,0.0702,9.9487,0.8033,-0.0631,-0.0661,-0.0405,M
2236,462,3155,3168,3079,5.012,7.235,1.816,-0.0404,0.0758,-0.0713,G
2112,1799,3123,3031,3415,0.7406,9.6427,1.4727,0.0713,0.0081,0.0434,9
375,501,503,3241,3337,0.9068,9.7987,1.3559,0.009,0.0081,0.0769,3
2203,476,1768,476,440,0.2698,9.2836,0.6884,0.0868,0.0693,-0.0931,8
2345,611,568,3119,3167,5.063,6.8103,2.1732,0.036,0.0268,0.0513,H
2211,297,556,3219,3196,5.0063,7.148,1.9913,-0.0937,0.1098,0.06,H
2026,3008,3279,3093,3199,0.2676,9.3078,1.0141,0.0447,0.0016,0.0705,T
3347,485,553,507,603,-0.0156,9.9235,0.4416,-0.0032,0.0046,0.0126,B
2741,531,606,3123,3182,0.7302,9.1927,1.7406,0.0441,0.0203,0.0179,V
3031,3219,3283,3314,399,-0.0151,9.3659,0.3493,-0.0031,0.03,-0.0011,I
501,593,3195,3234,3195,0.6839,9.818,1.5413,0.0391,0.0728,0.0679,L
2927,2766,2822,2784,2875,-0.0589,9.0517,1.0543,-0.0246,-0.0314,-0.0884,E
2823,3342,3549,3437,3304,0.697,9.2076,1.2361,0.0579,-0.041,0.0482,A
1527,479,414,3190,3216,-0.0389,7.2764,5.8728,0.0431,-0.0005,0.0149,P
3109,3343,3168,3230,506,1.7055,9.2268,3.4088,0.0095,0.0791,0.0606,J
2268,530,3133,3185,3275,4.5851,6.372,2.4524,0.0256,0.0303,-0.0538,G
2757,3441,3407,3477,3343,0.4017,9.3824,0.5609,0.0148,0.0131,0.0003,A
2545,2478,527,325,495,0.0961,9.0375,1.1439,0.0638,0.0186,0.0009,F
2015,3178,3265,3353,3155,0.3737,9.2028,1.0466,-0.0078,0.0579,0.071,T
449,655,439,3252,3294,0.4953,9.7068,0.9118,0.0908,-0.0221,-0.0477,3
1542,451,555,3143,3136,0.3917,6.6349,6.1189,0.0439,0.0276,0.0322,P
1971,2032,1985,2020,1936,0.3445,9.4752,1.6165,-0.0215,0.0688,-0.0411,0
3014,568,433,338,511,0.438,9.6634,0.3626,-0.008,-0.0185,-0.0674,B
2311,451,1757,464,474,0.2622,9.5427,1.3758,-0.0402,-0.0296,0.0016,8
2198,398,1821,611,394,-0.1731,9.0367,0.9914,-0.0804,0.0163,0.0178,8
399,419,3175,3130,3338,0.4399,9.6669,1.6541,0.0132,0.002,0.0619,L
2458,2383,467,424,536,0.2456,9.3782,1.4514,-0.005,-0.0473,0.0587,F
650,523,3153,3123,3131,0.3172,9.7949,1.491,-0.0724,0.1155,-0.057,L
2949,431,2995,2834,2807,0.4429,10.359,0.5019,-0.056,-0.0377,0.0016,D
2048,1806,3178,3245,3251,0.1633,9.2442,0.9217,-0.0263,-0.0126,0.056,9
416,450,552,427,506,0.4942,9.4836,0.5153,0.0374,-0.0583,-0.0288,5
501,501,577,674,572,0.5103,9.5858,1.1092,-0.0502,0.0293,-0.0655,5
2227,621,3178,3238,3263,5.7029,7.0434,1.6867,0.0424,0.0933,-0.0161,G
1555,587,520,3199,3128,0.3351,9.3464,1.1716,-0.0425,0.0282,-0.0419,K
2228,477,3173,3241,3327,0.0819,6.5668,6.5799,-0.0166,0.0062,-0.0012,Q
2787,556,529,3235,3181,0.2284,9.4397,0.956,0.0325,-0.1314,-0.0366,2
3074,2912,3141,2875,3175,0.3164,10.1772,1.0738,-0.0232,-0.0472,0.0501,M
2704,1350,974,3138,3177,0.5547,9.7991,0.6274,-0.02,-0.0728,0.0069,R
3033,557,588,562,460,0.5639,8.9695,1.1817,-0.0445,-0.0455,0.1244,4
2769,3374,3502,3444,3311,0.574,9.6495,1.342,0.079,-0.0508,-0.0405,A
2682,444,522,3248,3223,0.3142,9.4692,1.2684,0.0386,0.0588,-0.0211,U
2951,3218,3267,3123,507,1.4569,8.9598,2.5923,-0.0257,0.0669,-0.0117,J
2831,1247,1056,3185,3082,0.3725,9.812,0.5064,-0.0045,0.0671,-0.0602,R
1787,516,725,471,1798,0.2406,8.8289,1.2797,0.0566,0.116,-0.0094,6
2746,277,355,3190,3173,0.1391,9.6451,1.1601,0.0227,0.0324,-0.054,U
1781,1767,1757,1823,1680,1.3843,8.8004,1.7166,-0.0635,0.0334,0.0336,C
2532,3286,3336,3300,3369,0.1272,9.8951,0.825,-0.1189,-0.0167,0.0404,S
2966,2927,3030,3213,3303,0.2838,9.7015,0.6327,-0.0552,0.0417,0.0622,N
2710,487,3239,3294,3128,2.4946,7.6979,4.1669,-0.0022,0.0496,0.0021,Z
2237,445,595,3206,3259,5.4587,7.3353,2.336,0.0096,0.0397,0.0107,H
2385,2427,536,585,520,0.84,9.6123,1.352,-0.0329,0.0087,-0.0424,F
486,535,583,3241,3100,0.351,9.6943,0.3535,0.0162,0.0134,0.1364,3
3010,3243,3278,3088,605,0.8086,9.723,0.4886,-0.0164,-0.0024,0.0135,I
2725,1940,3265,3022,3180,0.5248,10.0017,0.6692,0.0213,-0.02,-0.0598,X
2943,606,401,458,547,-0.1706,9.7165,1.1416,0.0838,-0.0195,-0.022,4
434,2926,3191,3185,513,0.9554,9.2854,1.7078,0.0189,-0.0692,-0.0645,Y
2721,643,2844,2725,2888,0.3602,9.6772,0.6967,-0.0375,0.0169,-0.0273,D
2231,646,484,1712,297,0.9807,10.0942,0.7027,0.0643,0.0516,0.0321,7
2774,543,491,3151,3168,1.1653,9.3951,0.9971,0.0755,0.0217,0.032,V
1462,603,497,3092,3067,0.7655,9.3881,0.6358,-0.113,-0.0198,0.0202,K
2801,582,3344,3211,3220,3.2864,8.431,4.0385,-0.0319,0.0433,0.0286,Z
2501,3399,3298,3460,3448,0.3686,10.0288,0.8688,-0.0865,0.0951,0.0506,S
2700,563,470,396,3216,0.2899,9.2285,1.0123,0.0057,-0.0195,0.0195,W
2707,1666,3165,3123,3341,0.2631,9.6367,0.8115,0.0891,-0.0097,-0.0622,X
2984,530,565,536,631,0.3119,9.6592,0.6184,-0.0947,0.0039,0.0432,4
2681,2575,376,620,595,0.5156,9.492,1.1955,0.0986,-0.0398,0.0073,F
1841,542,338,600,1755,0.2827,9.1915,1.5691,0.0737,0.0236,-0.0241,6
2464,3334,3337,3334,3405,0.557,9.6045,1.0557,0.0311,0.119,0.0068,S
2825,345,302,3163,3298,1.2155,9.0537,1.2877,0.0581,-0.0292,0.0942,2
2733,599,461,497,3177,0.2362,9.1407,1.1883,-0.0294,0.0063,-0.0419,W
2876,511,631,539,389,0.6811,9.8386,1.0999,0.0566,-0.0271,0.0529,4
2457,3367,3292,3321,3433,0.4096,9.5144,1.5224,-0.0836,0.1159,0.0589,S
2990,2892,3045,2947,3197,0.4333,10.1828,0.4047,0.0432,0.0434,-0.0319,M
2961,665,3204,3232,3267,2.7726,8.1703,4.3957,-0.0901,-0.072,0.0375,Z
2137,335,1817,459,501,0.329,8.8406,0.9124,-0.0551,-0.0254,-0.0289,8
1444,423,457,3140,3218,0.4235,9.5838,0.7478,-0.0035,-0.1028,0.0073,K
2984,2657,2612,2750,2784,0.7902,9.7603,1.0682,-0.0445,-0.048,0.0127,E
2146,579,460,1869,449,1.006,8.7972,1.3026,0.0125,-0.0765,-0.0112,7
2736,565,504,3116,3392,1.2977,10.033,1.3971,-0.0418,0.0403,0.0554,V
2342,677,3239,3162,3221,0.1327,6.7384,5.9952,-0.0314,-0.0616,0.0312,Q
761,610,444,641,546,0.8099,9.64,1.4311,0.0541,0.0276,-0.0219,5
624,408,566,453,526,0.5941,9.9591,1.1179,-0.0198,0.0033,0.0959,5
2005,1832,1857,1929,2102,1.259,9.1781,1.516,-0.1291,0.0326,0.0067,0
2811,476,3352,3171,3111,2.7983,8.2177,3.704,0.0415,-0.0427,-0.0038,Z
1675,429,525,480,1922,0.2608,9.2766,1.2487,-0.0019,0.0524,0.032,6
2074,1906,1999,2121,1927,1.1122,9.2029,1.4789,-0.0697,-0.0679,-0.0328,0
2811,1272,939,3092,3193,-0.1471,9.3904,0.8713,-0.0056,0.0167,0.03,R
2093,1874,3052,3325,3227,0.7044,9.4189,1.5535,0.0268,0.0652,0.0423,9
2851,1185,963,3170,3239,0.5322,9.4901,0.9033,0.017,0.0369,0.0493,R
2264,530,1882,483,600,0.0173,9.8934,1.3277,-0.0789,0.0234,-0.0063,8
2566,3386,3397,3481,3531,0.0226,10.256,0.6053,-0.0231,0.0037,0.0083,S
2858,467,398,3220,3345,1.2539,9.4974,1.294,-0.0775,-0.0411,0.0109,V
493,3132,3279,3217,556,0.6447,9.0294,1.897,-0.0113,-0.0181,0.0107,Y
3197,432,545,357,471,0.2903,9.7552,1.3079,0.0175,-0.0502,-0.0048,B
2059,3229,3176,3264,3175,0.1436,9.976,1.1466,-0.0392,0.0067,0.0014,T
2248,381,3317,3192,3282,0.725,7.3029,6.1857,-0.046,0.1124,-0.076,Q
3118,498,486,518,470,0.1606,9.9478,0.369,-0.0803,0.0875,0.0691,B
2066,3114,3192,3131,3246,0.94,9.8543,0.7937,0.0057,0.0761,0.0262,T
3090,552,467,355,579,0.1426,9.166,1.3615,-0.003,0.0244,0.0114,4
2897,372,460,473,3181,0.589,8.9955,1.5076,0.0443,0.0337,-0.0104,W
2245,502,3221,3152,3133,5.2278,6.9328,1.976,0.014,0.0133,-0.0715,G
3008,2799,2978,3085,3141,0.3531,9.4413,0.5422,0.0486,-0.0523,0.0146,M
2793,1127,1075,3182,3232,0.2972,9.6379,0.5339,-0.0587,-0.0077,-0.0483,R
572,525,579,513,506,-0.0418,9.5637,1.4524,-0.0818,-0.0656,-0.0164,5
2874,3003,3159,3212,3208,0.3062,9.4814,0.8943,0.0388,-0.0166,-0.1245,N
3040,3119,2961,3055,3134,0.399,9.8912,0.4127,-0.0263,0.0477,0.0308,M
2124,642,3202,3053,3185,5.2878,6.8905,1.5576,-0.0082,-0.0429,0.0246,G
2022,2016,2037,1960,1942,-0.0951,9.4915,1.2943,0.0992,0.0369,0.0475,0
2152,572,3251,3111,3254,5.0869,7.6999,2.1212,-0.0071,-0.0428,-0.0372,G
2694,515,3119,3127,3237,0.3536,9.7859,0.1232,0.0064,0.0174,-0.0338,1
2215,328,606,1805,448,0.6653,9.1897,0.9057,-0.0608,0.0372,0.0597,7
2895,490,3228,3153,3246,-0.5404,9.2122,0.6718,-0.0818,-0.0244,0.0702,1
3103,482,489,597,332,0.2571,9.1017,0.7912,-0.021,0.0301,0.0233,4
3195,527,571,500,549,0.6915,9.8144,0.5935,-0.0759,-0.1315,0.0194,B
2863,386,2952,2748,2778,0.0292,10.4095,0.8726,-0.0425,0.0432,0.0385,D
3234,517,602,423,445,-0.0318,9.9491,0.7701,0.0226,0.0592,-0.0589,B
626,3093,3238,3274,673,0.3346,9.0434,1.3718,-0.0294,-0.0942,0.0818,Y
2834,430,417,477,3272,0.1947,9.4453,1.0463,-0.0762,-0.0641,0.0455,W
2913,3474,3477,3498,3407,0.5592,9.3147,0.9052,0.0308,0.0602,-0.007,A
2581,651,3209,3146,3096,0.9604,9.8965,0.4615,0.061,0.0194,-0.0251,1
2203,510,3079,3155,3241,5.1332,7.3663,1.9638,-0.0694,0.0528,0.0718,G
277,3272,3153,3084,513,0.7657,9.6476,1.8377,-0.0429,0.0102,-0.0889,Y
2804,519,531,3243,3322,0.9399,9.2916,1.8029,0.0215,0.1478,0.0146,V
463,3235,3163,3324,550,0.2231,8.8213,1.7624,0.0421,0.0378,0.0843,Y
1858,1851,1820,1895,1678,1.1514,9.188,1.1281,-0.0751,-0.0373,-0.0331,C
3175,3404,3148,3014,547,0.3559,9.9183,0.8855,0.0029,0.0564,0.0634,I
3063,2987,2982,2980,3005,0.142,9.814,0.7933,-0.0643,0.0482,-0.0149,M
1975,3248,3039,2961,3221,0.7014,8.9867,1.1578,0.0595,-0.0002,0.0451,T
531,558,451,3115,3134,0.2749,9.4859,0.6448,0.0533,0.0258,-0.0432,3
3023,2882,3105,3216,3291,0.6663,10.0005,0.6055,-0.0104,-0.0306,0.0448,N
2848,600,544,3149,3184,0.3616,9.4884,1.3122,0.0612,0.03,0.0969,V
2323,613,463,1923,533,0.1814,9.4641,0.9421,-0.0368,-0.0317,0.0226,7
2695,472,2803,2653,2911,0.3427,9.7144,1.2097,-0.0315,0.0287,-0.0055,D
2747,1684,3175,3192,3082,0.4144,9.6176,0.7924,0.0202,0.0138,-0.0152,X
2260,569,547,3116,3164,5.0471,6.7452,2.4113,-0.1201,-0.0389,-0.0255,H
2909,479,658,555,530,-0.2018,9.4131,1.2298,-0.0135,0.1097,0.0224,4
2271,1770,3239,3115,3234,0.5071,9.3617,1.2093,-0.0146,0.0071,-0.0099,9
2125,365,3347,3242,3158,0.4902,6.4641,6.8472,-0.0975,0.0255,-0.0919,Q
2926,502,411,3286,3206,0.0152,9.7871,1.2236,0.0192,0.0712,-0.0242,2
2569,2486,714,451,639,0.5816,8.9036,1.3449,0.0157,-0.0526,-0.0461,F
1979,1922,1971,1892,1931,0.2188,8.9949,1.1535,0.0289,-0.0575,-0.0026,0
3171,393,466,520,422,-0.0871,9.8031,0.4854,0.0016,-0.0379,-0.0115,B
2891,600,349,3288,3212,0.6914,9.5796,0.9138,-0.0152,0.0496,-0.0336,2
1756,1830,1867,1745,1566,1.157,8.6339,0.8948,-0.1416,0.0407,0.0064,C
1683,1806,1883,1797,1862,0.6863,8.9921,1.3126,0.0373,0.0016,0.0345,C
2788,1796,3319,3111,3087,1.2998,9.5927,1.1646,0.0321,0.0386,0.0449,X
2145,537,482,3157,3182,5.6108,6.8749,1.6877,0.0292,-0.0072,-0.0708,H
1967,3142,3102,3149,3252,0.2698,9.5501,1.3351,0.03,-0.0638,0.0224,T
3066,441,577,502,403,0.3741,9.6003,0.8715,-0.0401,-0.0586,0.0307,4
1887,1855,1821,1720,1799,0.8401,8.8968,1.3876,-0.049,-0.0979,-0.0334,C
2211,584,670,3260,3223,4.8981,7.0546,2.4079,-0.0022,-0.0443,-0.081,H
2726,481,435,3289,3302,0.8875,9.7055,1.3596,-0.0346,0.0108,-0.053,U
2913,590,478,3266,3097,0.3558,9.2453,0.7671,-0.072,0.0547,-0.0197,U
2812,416,553,3265,3096,0.3666,9.3866,2.0822,0.0442,-0.0106,-0.0427,V
3071,3059,3114,3070,516,2.0558,9.0749,3.2741,0.0721,0.0144,-0.0488,J
3002,1725,3256,3236,3169,0.2058,9.9956,0.6933,-0.0705,-0.0281,-0.0891,X
2782,510,618,542,3180,0.5098,9.7111,1.5379,-0.0421,0.0181,-0.0004,W
2869,384,3317,3184,3348,0.3213,10.0963,0.5179,0.0134,0.0058,-0.011,1
1812,1884,2133,2026,1958,-0.0088,9.3831,1.7956,0.132,0.0946,-0.0443,O
2201,571,3273,3181,3079,5.0739,6.7245,1.553,-0.0632,0.0163,0.0681,G
2922,683,583,543,455,0.6717,9.8646,0.7681,0.0544,0.0523,0.0137,4
2821,498,489,3286,3281,0.3796,9.582,1.6549,0.0796,-0.0035,0.0568,V
3190,468,405,468,521,0.1865,9.7548,0.299,0.0586,-0.0588,0.0244,B
2092,1881,1993,2116,1982,0.4193,9.7278,1.7961,0.0468,-0.0131,0.0331,O
3224,595,399,558,547,0.1574,9.8016,0.8088,0.0436,-0.0572,0.041,B
2670,601,586,3261,3225,0.4408,9.5607,2.1615,0.0058,0.0068,-0.0551,V
2256,501,3318,3265,3219,0.3623,6.8352,6.3991,0.0228,0.0418,-0.0722,Q
2203,387,541,1784,528,0.5183,9.9138,1.1905,0.0146,0.0125,-0.0989,7
2172,455,1884,636,405,0.6723,9.7042,0.8353,-0.0376,-0.0382,-0.0189,8
2818,418,3115,3129,3187,0.7301,10.0525,0.3625,-0.0133,0.0296,0.0029,1
2102,584,539,1757,506,0.7094,9.8493,0.9777,0.1073,0.0684,0.0264,7
2002,2000,1952,1995,1948,0.9085,9.6151,1.4476,-0.0095,0.0046,-0.0003,O
2845,1826,3128,3149,3079,0.4199,9.3898,1.1598,0.0348,-0.0167,0.0141,X
2848,375,2713,2827,2849,0.4925,9.3639,0.5065,-0.0253,0.012,0.0743,D
2844,475,3235,3207,3089,0.279,9.8504,0.5338,0.0628,0.0156,-0.0121,1
491,524,3201,3196,3158,0.0276,9.0644,1.7155,-0.0153,-0.0332,-0.0703,L
2603,3489,3422,3447,3323,0.3767,9.6028,0.5252,0.0215,-0.048,-0.0425,S
1781,510,546,468,1920,0.521,9.4869,0.8051,-0.0322,0.0081,0.0434,6
2841,405,457,3216,3291,0.6857,9.6182,0.6472,-0.06,0.0979,-0.0145,U
1824,3201,3185,3279,3219,0.567,9.3514,1.2818,0.0617,-0.0813,-0.0648,T
3138,2924,3014,3287,3158,0.5029,9.5899,1.1571,-0.0641,-0.0552,0.014,N
489,586,3262,3235,3251,0.5541,9.4906,1.5663,-0.0,0.0377,0.0181,L
3156,456,566,411,517,0.5654,9.546,0.2846,-0.0115,0.059,0.0097,B
2849,401,422,633,484,0.2731,9.9304,0.9808,-0.0131,0.0573,-0.0342,4
2762,581,556,3248,3168,-0.1308,9.3864,0.4972,0.0291,0.0142,-0.0299,U
3034,3083,2918,3163,3205,0.1134,9.8182,0.6433,0.0649,-0.0466,0.1066,N
1481,458,540,3283,3299,0.2763,6.8464,5.8739,-0.0966,-0.0601,-0.0017,P
1466,477,536,3165,3209,-0.0558,9.2503,1.1968,-0.0615,0.0623,0.0487,K
1545,412,474,3287,3343,0.532,6.9492,5.8496,0.0455,0.0567,-0.0578,P
1821,1782,1705,1917,1750,0.4479,9.3984,1.3487,-0.0304,-0.0883,0.087,C
2843,3317,3384,3329,3289,0.7779,10.0728,0.5804,0.0281,-0.0325,-0.0244,A
2748,1831,3096,3119,3225,0.709,9.3569,1.1371,0.0102,0.0207,-0.0346,X
613,410,442,411,688,0.1006,9.8763,0.8023,0.0043,0.0635,0.0143,5
2432,3558,3401,3230,3443,0.0722,9.7955,1.1853,0.0736,0.0094,0.041,S
2165,700,1817,469,563,0.9057,9.552,0.8399,0.0046,0.0545,-0.0155,8
2939,3282,3385,3136,405,0.3527,9.8627,0.7726,-0.0527,-0.0054,0.0299,I
524,454,595,3249,3044,0.7514,9.5195,0.9901,0.0595,-0.0102,0.0447,3
1431,525,599,3173,3212,0.462,9.4146,1.2031,-0.034,0.0666,0.0313,K
3061,2886,2842,3106,3119,0.0852,9.8969,0.7084,-0.009,-0.0101,0.0174,M
2857,489,562,3098,3313,1.1893,8.8277,1.3482,-0.0199,-0.0719,-0.013,V
2376,1828,3135,3255,3206,0.8348,9.221,0.9555,-0.027,-0.0865,-0.0219,9
3031,2976,3065,2981,3421,0.8694,9.5054,0.6644,0.1566,-0.0539,-0.0028,M
1989,2010,2042,1881,1963,-0.425,9.0453,1.7146,0.0481,-0.0571,-0.0162,O
2259,522,3073,3313,3212,4.8812,6.8866,1.3954,0.0297,0.0131,-0.0097,G
1736,1723,1684,1761,1793,1.0729,9.2854,1.6581,-0.0095,-0.0099,0.0255,C
2150,523,526,3158,3262,4.5806,6.9267,2.1668,-0.0144,-0.0103,-0.0069,H
2946,2816,2810,2671,2654,0.4888,9.5406,0.8723,-0.0829,0.0236,0.0636,E
1705,1884,1752,1725,1785,0.7262,8.8748,1.6032,0.0174,-0.0449,-0.0244,C
2912,537,580,511,414,0.3539,9.3144,0.5789,-0.0184,-0.0399,-0.0565,4
2480,3293,3413,3298,3371,0.2954,9.731,1.0119,0.0353,-0.0598,-0.0054,S
1850,1777,1787,1785,1732,0.9958,8.9812,1.5724,0.0042,0.0399,0.0462,C
411,532,3123,3119,3228,0.5232,9.7435,1.3961,-0.0067,0.0106,-0.0431,L
2537,3397,3377,3412,3413,0.0689,9.6,1.554,-0.049,-0.0251,0.139,S
1614,1862,1798,1896,1712,0.047,9.0837,1.5875,-0.0845,-0.0489,0.1378,C
2811,502,3142,3143,3186,2.401,8.3038,4.0623,-0.0874,0.0513,0.034,Z
441,541,403,514,478,0.7218,9.7676,1.0273,0.014,0.0299,-0.0005,5
2935,3147,3181,3135,563,-0.1044,9.6298,0.8398,-0.0905,-0.0221,0.0128,I
1835,502,440,471,1695,0.0663,9.379,1.3663,-0.0428,0.0598,-0.028,6
2903,431,643,3194,3136,0.0766,9.2855,0.576,-0.0447,0.0452,0.1301,2
2927,3156,3321,3189,665,-0.2222,9.4434,0.3358,-0.0605,-0.0414,0.0158,I
416,3111,3128,3355,663,0.3356,9.8117,0.8139,0.0457,0.0682,0.0753,Y
3008,2928,2964,3048,3250,0.5005,9.3815,0.521,0.0098,0.0385,0.0002,M
2609,2448,588,522,573,0.6558,9.7889,1.2671,-0.0742,0.0726,-0.0474,F
2681,644,2749,2792,2880,1.3587,9.2267,0.9349,-0.0354,-0.0269,-0.036,D
2154,3183,3295,3246,3249,0.3356,9.0817,1.1035,0.0175,-0.0288,-0.0048,T
2206,432,3212,3131,3202,5.2251,6.9841,1.8827,0.0102,0.0349,-0.0554,G
3174,643,518,539,553,0.3265,9.9517,0.3148,-0.0279,-0.055,0.022,B
2830,588,368,3255,3116,0.1073,9.6363,0.9234,0.0265,-0.0473,0.0816,U
2922,412,506,443,568,0.1285,9.5023,0.8793,-0.0239,-0.0454,-0.0906,4
553,3172,3274,3224,557,0.812,9.2477,1.7894,0.0259,0.0667,-0.0184,Y
2966,3469,3373,3496,3367,-0.1114,9.1976,0.4388,-0.0176,0.0009,0.0838,A
2501,2526,634,395,538,1.0444,9.6277,1.4499,0.0294,0.0649,-0.0544,F
2993,3038,3051,3089,3177,0.6682,9.2052,0.8223,-0.0085,-0.0283,0.0795,N
2996,3143,3293,3204,472,0.3577,9.4026,0.4948,-0.0057,-0.0505,0.0005,I
3024,3079,3011,2873,3116,0.5075,9.4954,0.8354,0.0533,-0.0601,-0.0207,M
2915,1107,1038,3160,3232,0.315,9.515,0.9166,-0.0247,-0.0892,-0.0464,R
2786,489,3248,3043,3197,3.0556,7.8016,3.9667,-0.0332,0.0277,0.0182,Z
2874,578,426,3114,3391,0.5906,9.4136,1.9894,-0.0222,-0.018,0.0463,V
2906,435,598,594,433,0.561,9.4235,0.6008,0.0696,-0.0547,-0.0894,4
2169,373,1864,265,527,0.7398,8.9452,1.048,-0.0192,0.0097,0.0489,8
456,580,402,390,400,0.5039,9.2832,0.9666,0.0693,-0.0589,-0.0851,5
1488,405,537,3123,3202,0.5501,7.1758,6.2315,-0.0107,0.0243,-0.0243,P
2481,3420,3464,3480,3429,0.8583,9.315,1.342,0.0352,-0.0305,0.0116,S
2816,568,490,519,3287,0.5288,9.799,1.3057,-0.0366,-0.0177,0.0444,W
2825,384,496,3249,3272,0.5885,9.491,0.5455,0.0059,0.0401,0.0453,2
2819,445,3085,3273,3076,0.4439,9.4746,0.8653,-0.0263,-0.088,-0.002,1
1383,283,353,3287,3199,0.6507,6.8252,5.9705,0.0807,0.0776,0.0471,P
2948,441,514,502,437,0.5418,9.6046,0.8195,-0.0002,-0.0523,-0.0409,4
1927,2062,2125,1970,2047,1.0331,9.3979,1.7104,-0.0992,0.0783,-0.0149,0
1961,2001,2107,1962,1861,0.6322,9.1733,1.1144,0.0009,0.0486,-0.0287,O
2935,510,500,525,451,0.1049,9.412,0.6616,-0.0223,-0.1253,0.0044,4
2259,425,3182,3194,3288,0.509,7.0864,6.4974,-0.0246,-0.0567,-0.0143,Q
2810,423,2985,2687,2696,0.6943,9.814,0.4922,0.0304,0.0734,-0.0015,D
2265,405,412,3135,3332,4.9241,6.2675,2.363,-0.0153,-0.0925,-0.0158,H
553,536,450,446,407,0.477,9.7722,0.8226,-0.0533,0.0252,0.0789,5
2789,3404,3487,3264,3522,0.4526,9.3719,0.6964,-0.0827,0.0412,0.0037,A
2703,493,404,3227,3236,0.7572,9.5372,1.1097,0.0806,0.0037,0.1118,2
571,556,435,528,531,0.2578,9.5067,1.1535,-0.0228,-0.0443,0.0114,5
1779,1840,1748,1823,1780,0.8768,9.5457,1.8532,0.0068,-0.1152,-0.0181,C
2818,586,3295,3238,3287,0.6421,9.7989,0.3189,0.0249,-0.0374,-0.019,1
569,3139,3265,3163,531,0.7103,9.0651,1.7468,-0.033,-0.0351,0.0411,Y
1668,1800,1704,1778,1909,1.3598,8.9903,1.4739,0.094,0.026,-0.0164,C
2318,1868,3297,3096,3257,0.4893,9.2618,1.1152,-0.0135,-0.019,-0.0308,9
2919,2971,2968,2919,3273,0.1997,9.532,0.4017,0.1036,0.1214,-0.039,M
2861,466,2836,2678,2863,0.1335,9.6037,0.7721,-0.0636,-0.0577,0.0484,D
2484,3290,3252,3575,3518,0.2111,9.873,1.4175,-0.096,0.0425,-0.0246,S
2298,540,3194,3245,3255,0.3751,7.114,6.8146,0.0227,-0.0126,0.0148,Q
2766,620,2912,2862,2773,0.8956,9.1341,0.3789,-0.0042,0.1127,-0.0101,D
2852,3078,2944,3028,3045,-0.0596,9.7406,0.5897,-0.042,0.0698,0.1105,M
3009,509,446,370,514,0.032,9.5723,0.5755,-0.074,0.018,0.035,4
3222,433,448,434,414,0.8374,10.0994,1.0761,-0.0611,0.0036,-0.0647,B
2778,342,630,508,3315,-0.1696,9.8375,1.0544,0.063,0.0107,0.0227,W
3167,556,682,450,377,-0.364,9.9138,-0.0649,-0.0186,0.0219,0.0093,B
2790,516,3161,3279,3161,0.5101,9.303,1.0156,-0.106,-0.0532,0.1127,1
414,521,3066,3210,3248,0.1059,9.2751,1.5029,0.0117,-0.0139,-0.0586,L
548,510,488,594,466,0.0671,8.7417,1.0074,-0.0027,0.0635,-0.0434,5
2771,462,618,3213,3272,0.6132,9.0825,1.3904,0.0335,0.0025,0.0234,V
2135,437,1799,475,516,0.1361,9.4481,0.9707,0.0163,0.0735,0.0537,8
2821,1296,1032,3187,3190,0.3602,9.3504,0.8624,0.0342,0.0044,-0.0212,R
2443,3411,3367,3385,3474,0.3862,9.8948,0.8451,0.0371,-0.0221,-0.0919,S
3071,3263,3179,3135,559,2.1917,8.5652,3.5233,-0.0013,-0.0128,-0.02,J
3002,567,701,576,443,0.49,9.5849,0.6984,-0.0264,-0.0291,-0.0572,4
1845,320,471,509,1730,0.2659,9.5874,1.405,-0.0089,0.0201,0.0232,6
3038,2833,3167,3306,3251,0.0105,9.5796,1.0371,-0.0561,-0.009,0.0455,N
3147,2879,2790,2858,2767,0.6487,8.7827,0.6941,0.049,-0.0125,0.0104,E
536,459,481,3178,3165,0.1711,9.8037,1.411,0.0476,0.0471,-0.0208,3
2998,469,453,678,383,0.1701,9.3329,0.9553,-0.0207,-0.0249,0.0321,4
3023,3194,3197,3117,431,1.9414,8.5814,3.2844,0.0046,0.0676,0.0803,J
2917,1947,3172,3269,3188,-0.0848,9.6815,1.5494,-0.0191,-0.0454,0.0034,X
3032,2925,2990,3124,3162,0.5111,9.8968,0.8664,-0.0375,0.0191,0.0362,N
2724,484,537,3172,3068,0.9411,9.682,1.302,0.0831,0.0434,-0.0527,V
3144,634,347,604,482,0.4579,9.7239,0.8419,-0.0194,-0.0549,0.071,B
1425,635,513,3142,3288,0.5484,8.9684,0.8423,0.014,-0.108,0.0043,K
1559,409,461,3241,3033,0.9567,7.3136,5.5385,-0.1052,0.0015,-0.056,P
2391,653,652,1702,640,0.1862,9.9935,1.1316,-0.0496,0.0828,0.0807,7
3056,3356,3100,3192,570,0.3094,9.6495,0.6827,-0.0214,-0.0043,0.0021,I
2801,487,426,3132,3327,0.24,9.8996,1.0036,-0.0306,-0.0002,0.006,2
1998,2010,2013,2026,1923,0.2826,9.3889,1.4936,-0.0541,0.0541,0.0362,O
2641,643,599,3297,3249,0.4324,9.7133,0.6902,0.1059,-0.0069,-0.0238,2
1844,1890,1894,2085,1996,0.6106,9.194,1.1824,0.038,0.0326,-0.0352,0
2844,467,3152,3133,3099,0.5179,9.792,0.9432,0.0275,0.0121,-0.0991,1
1704,578,428,551,1759,0.2747,9.3009,1.7376,0.1519,-0.0183,-0.0229,6
2487,3360,3508,3505,3350,0.1704,10.0293,0.9692,0.0002,-0.0126,0.0661,S
3048,2908,2805,2861,2918,0.4736,9.4234,0.4886,-0.0042,0.0412,0.0473,E
1748,443,194,463,1716,0.6371,9.6198,0.7799,-0.0123,-0.064,0.0162,6
2049,1943,2070,2012,2030,0.9322,9.507,1.5214,-0.0041,-0.0067,0.0156,O
2144,523,3145,3287,3250,0.0803,6.9218,5.8763,0.045,0.1024,-0.109,Q
1419,551,406,3145,3171,0.6023,9.5528,1.006,0.0943,-0.0918,-0.0519,K
2258,394,3212,3301,3152,0.7497,7.0081,6.2976,-0.0048,-0.0263,-0.0444,Q
2215,470,3169,3041,3233,0.1753,6.665,6.0334,-0.0528,0.025,0.0226,Q
2230,491,503,3087,3153,5.0151,6.7792,2.258,-0.0329,0.0108,0.0058,H
2834,3495,3475,3281,3195,0.7803,9.0899,0.9326,-0.0585,-0.0901,0.0271,A
1857,1903,2007,1704,1855,0.8771,9.235,1.0589,-0.0631,-0.0388,0.0039,C
3047,3057,3181,3280,559,1.8006,8.0234,3.1528,0.0671,-0.0331,-0.0402,J
3100,2995,2886,3038,3131,0.4686,9.8645,1.1059,-0.008,-0.0207,-0.0313,M
3255,522,420,432,599,0.4338,9.6883,0.3746,-0.1013,-0.0535,0.0956,B
1806,2068,2024,2002,1900,0.8316,9.8049,1.3778,-0.0159,0.0011,-0.02,0
358,533,523,515,430,0.5868,9.1707,1.2381,0.0442,-0.0032,-0.0732,5
2963,2639,2747,2722,2849,0.198,9.7663,1.4195,0.0391,-0.0108,0.0071,E
3001,408,450,547,475,0.513,9.3015,0.7161,-0.0036,0.1113,-0.0364,4
1867,2016,1911,1919,2076,0.9601,9.2132,1.7193,-0.0537,0.0265,-0.0192,0
1715,1869,1705,1847,1849,0.4266,9.0279,1.3595,-0.0379,0.0675,-0.0327,C
2048,488,3341,3109,3206,5.661,7.1896,2.0378,0.0253,-0.02,0.065,G
2920,2762,2712,2764,2767,0.429,9.0156,0.5663,0.0181,-0.0399,0.0537,E
2739,568,541,3219,3284,0.379,9.6536,0.764,-0.0358,-0.0357,0.0074,U
2804,498,540,521,3321,0.5295,9.3808,1.4855,0.0766,0.0343,0.0506,W
1418,469,448,3114,3261,0.7698,7.0,6.0199,-0.0346,0.0534,0.0869,P
2215,576,402,3177,3190,4.8457,7.2699,1.7839,-0.0278,-0.0355,0.0546,H
416,490,3156,3239,3129,0.527,9.1575,1.3201,0.0149,0.0117,-0.0209,L
2540,2369,358,494,402,0.7946,9.4127,1.2496,-0.0353,0.0871,0.1421,F
2767,433,531,3227,3223,0.3343,9.702,1.0631,0.0155,0.0049,-0.0263,U
2983,3044,2900,3206,3168,0.0297,9.4847,0.1036,-0.0379,-0.055,-0.014,N
2966,3279,3295,3176,479,1.7884,8.5268,3.0608,0.0403,0.0399,-0.1151,J
1389,403,546,3215,3247,0.2928,9.7372,0.876,0.0558,0.0172,-0.0103,K
1817,473,530,428,1907,0.4377,9.6507,1.0478,0.0233,-0.0778,-0.1098,6
2847,549,3153,3186,3258,0.1409,9.4261,0.3075,-0.0304,0.0015,-0.0013,1
574,3301,3075,3255,559,0.7902,9.5541,1.6334,0.0202,0.0596,-0.0312,Y
3255,398,636,516,630,-0.0199,10.2454,0.7325,0.0277,0.0117,-0.0124,B
2328,521,402,1567,576,0.2709,9.4543,1.1224,0.123,0.0677,-0.0113,7
371,413,3164,3010,3161,0.4395,9.0117,1.1879,-0.011,0.0178,-0.0445,L
2845,3061,2935,3001,3280,0.7113,9.5913,0.9153,-0.0452,0.0842,-0.0083,M
1968,3085,3242,3228,3124,0.132,9.7819,0.4949,0.0279,-0.0157,0.028,T
2775,537,456,3244,3267,0.8359,9.1561,1.4299,-0.0632,0.0101,0.0311,V
596,533,736,601,480,-0.0755,9.2386,0.7187,-0.0261,-0.0063,0.0159,5
2810,1689,3235,3345,3043,0.1818,9.7511,1.8831,0.0294,-0.0365,-0.0074,X
2410,3322,3442,3483,3438,0.5459,9.2569,1.0279,-0.0165,-0.0097,-0.0056,S
3006,3038,3011,2910,3201,0.3392,9.828,0.4794,-0.102,0.0088,0.0177,M
2561,2463,540,473,557,0.6509,9.5446,0.9722,-0.0411,0.0473,-0.004,F
2263,1718,3174,3244,3176,0.8454,9.7591,1.0146,-0.0218,0.0022,-0.0333,9
2120,395,539,3289,3193,4.8628,7.0467,2.0166,0.0121,-0.1264,-0.0535,H
2669,381,439,444,3137,0.4417,9.2659,0.7939,-0.0513,0.0773,-0.0179,W
2805,1781,3159,3233,3271,-0.3614,9.5015,0.4036,0.0491,0.05,0.002,X
2831,373,456,3233,3176,0.7234,9.4806,0.8364,-0.006,-0.0764,0.0196,2
2588,3344,3494,3375,3514,0.2377,9.7206,1.0128,-0.0563,-0.0708,-0.0371,S
1901,1706,1742,2022,1716,0.5939,9.2203,0.8769,-0.0118,0.1073,-0.0772,C
2855,3547,3490,3378,3311,1.272,9.5178,1.0042,-0.0012,0.0099,-0.0072,A
2260,385,3208,3240,3247,0.5535,7.0496,6.5015,0.0067,-0.0612,-0.0118,Q
2931,505,2810,2984,2688,0.5389,10.0992,0.7025,0.043,-0.0491,-0.0343,D
2951,2977,3041,3008,3230,0.0545,9.2591,0.5342,-0.0266,-0.0115,0.0519,M
2658,1871,3111,3033,3306,0.2086,9.8644,0.7254,-0.0822,-0.0161,-0.0604,X
3083,508,529,505,630,0.055,9.5586,0.8564,-0.0498,0.0063,0.0015,4
2807,328,432,3167,3106,1.2028,9.1876,1.6381,0.0103,0.0353,0.0837,V
1731,429,444,519,1775,1.2747,9.5164,1.6712,0.0742,0.0212,-0.002,6
527,3381,3280,3083,598,0.2165,9.1039,1.1101,0.0911,0.0593,0.0615,Y
2116,451,547,3395,3172,5.1368,6.8332,1.7078,-0.0338,-0.1041,0.0677,H
2214,580,3200,3060,3171,4.94,7.2229,1.3789,0.0021,0.0257,-0.0331,G
1982,2005,1967,2055,1909,0.4818,9.5621,0.9079,0.0154,-0.0274,0.0808,0
2654,2447,395,360,586,0.4976,9.3239,1.1522,0.0506,-0.009,0.1172,F
2129,668,1862,498,636,0.1232,9.192,0.7251,0.0939,0.0434,-0.0408,8
2058,591,635,1800,537,0.2922,9.8509,1.084,-0.0261,0.0281,-0.0091,7
1970,2035,1936,1976,1937,0.246,9.7825,1.2855,-0.0174,0.0522,0.0375,O
3070,3165,3022,3197,412,2.0395,8.9653,3.2308,0.0768,-0.0281,-0.0072,J
2164,522,3092,3137,3143,0.5186,6.8823,6.5785,0.0439,-0.0355,0.0074,Q
3021,500,607,505,452,0.7443,9.4504,0.9252,0.0249,-0.0621,0.046,4
2558,3414,3544,3499,3416,0.3525,9.7421,0.7079,0.0238,0.0253,0.053,A
3086,3125,3104,3416,585,0.4768,9.6225,0.8821,-0.0741,0.0079,0.0036,I
2970,2922,3090,3221,3105,0.0898,9.3384,1.2218,0.0356,-0.0063,0.0854,N
1763,1938,1729,1861,1828,1.3785,8.7998,1.2801,0.0548,0.0213,-0.0772,C
2858,635,3191,3178,3231,2.8593,7.8078,4.0971,-0.0196,-0.0145,0.0303,Z
1810,1792,1773,1775,1676,1.0793,8.9879,1.7236,0.0047,-0.0081,-0.0436,C
2124,481,3102,3092,3323,5.0513,7.0401,1.4911,0.0179,0.0579,0.0575,G
1793,541,471,514,1827,0.4386,9.4711,0.9872,0.0251,0.0028,-0.0276,6
3041,3221,3107,3286,509,1.7135,7.9434,3.182,0.1225,-0.0508,0.0085,J
560,505,3269,3280,3141,0.5096,9.3961,1.4017,-0.0267,0.0592,0.0026,L
1934,2034,1994,1897,1942,0.2008,8.9361,1.2363,0.0053,-0.1194,0.0683,0
1637,517,535,3196,3261,0.8854,6.2575,6.3254,0.0774,0.0251,-0.0339,P
1818,1751,1718,1692,1834,0.7956,9.2903,1.7981,0.0687,-0.0426,0.0238,C
1890,2049,2065,1892,2046,0.7688,9.1151,1.4291,0.0093,0.0285,-0.0494,O
2845,1791,3296,3198,3265,0.0795,8.9613,1.1208,-0.0192,-0.0096,-0.1171,X
3033,3271,3304,3222,414,0.2193,9.2987,1.3091,0.0994,0.0325,0.0429,I
444,415,457,697,512,0.5199,9.4236,1.52,0.043,-0.052,0.0079,5
3108,3200,3204,3138,456,1.8775,8.9329,2.9784,-0.0661,0.0128,0.0413,J
2988,634,641,534,550,0.1622,10.1042,0.6088,0.0601,-0.0516,0.032,4
552,590,3081,3185,3114,0.6292,9.2925,1.461,-0.0206,0.036,0.0115,L
3061,3257,3263,3131,412,1.8834,8.4948,2.9274,-0.0938,0.0861,-0.0137,J
2860,3495,3456,3428,3485,0.492,9.2354,0.9511,-0.0372,-0.0338,-0.0072,A
2839,1806,3226,3224,3308,0.0178,9.1995,1.0225,-0.038,0.0105,-0.0557,X
2674,449,2816,2780,2918,-0.1447,9.3746,1.256,0.0066,0.0442,0.1026,D
1439,439,289,3136,3303,0.6496,6.9426,5.5766,0.0411,0.0655,0.0517,P
3024,2929,2975,3059,3225,0.2325,9.4051,0.8948,0.0854,-0.0451,0.0956,M
2871,3193,3139,3269,560,0.4524,9.3889,1.0656,-0.0765,-0.0868,-0.0638,I
1509,473,553,3277,3283,0.5532,9.5737,1.2383,-0.0981,0.0105,0.0026,K
559,570,513,398,661,0.5993,9.657,1.2621,-0.0857,-0.0251,0.0311,5
2950,3047,3247,3303,426,-0.1636,9.841,0.3061,0.061,-0.0452,-0.0552,I
1588,541,644,3214,3217,0.4965,9.4573,1.2544,0.0119,0.0394,0.0472,K
2758,1055,935,3285,3129,-0.2151,9.2834,0.7734,-0.038,-0.014,-0.0399,R
2754,582,393,3186,3276,0.0875,9.1399,1.3121,0.04,0.0415,-0.0045,U
1880,2062,2078,1974,1884,0.7148,9.6589,2.0316,0.0329,-0.0307,0.0347,0
1781,1790,1711,1865,1814,0.874,8.4286,1.9333,-0.0614,-0.0296,0.0179,C
2806,428,3233,3061,3133,0.3552,9.4242,0.3745,-0.0064,0.1061,-0.0653,1
2831,534,302,3154,3238,0.7298,9.4097,0.6755,-0.0119,-0.0067,0.0427,2
2846,485,2812,2768,2809,0.3454,9.4263,0.5311,-0.0224,0.0117,0.0299,D
2138,519,3280,3208,3219,0.8096,7.4612,6.4641,-0.0669,-0.0651,-0.0345,Q
2763,1214,997,3252,3261,0.5537,9.1967,1.5088,-0.0012,0.0606,-0.1257,R
1803,1876,1761,1796,1798,1.205,9.1772,1.434,0.0032,-0.0186,-0.0739,C
3022,386,483,503,475,0.2188,9.9829,0.9499,0.0352,-0.0186,0.0392,4
2913,461,499,660,3221,0.8375,9.8511,1.0344,0.0454,-0.0166,0.102,W
2194,502,3211,3006,3201,4.3311,7.2197,1.8335,-0.1079,-0.0407,-0.0285,G
2141,459,567,1737,516,0.2147,9.3587,0.6509,-0.0261,0.0254,-0.0483,7
2249,547,460,1829,524,0.2122,8.7451,0.6856,-0.0471,0.0251,-0.0739,7
2927,2718,2659,2764,2759,0.5578,9.5732,0.6421,-0.0196,-0.0186,-0.0888,E
1654,430,450,3258,3198,0.4111,7.0116,6.3343,-0.1162,0.0142,-0.0145,P
2171,620,534,3198,3128,4.9735,6.9389,1.6225,-0.0109,-0.0402,0.0293,H
2916,3145,3125,3095,609,1.3724,8.911,3.3738,0.025,-0.0557,-0.0791,J
3065,603,567,652,560,0.5997,9.3618,0.7925,0.0345,0.0144,-0.0457,4
1975,3239,3232,3170,3284,0.5682,9.972,0.9801,-0.0161,-0.0104,0.0589,T
2503,3352,3485,3301,3397,0.2294,9.7526,0.716,-0.0204,0.0022,0.0744,S
2724,372,557,3172,3249,0.3047,9.5502,0.7808,-0.0179,-0.0229,-0.0551,U
525,613,525,3178,3149,0.7149,9.4703,0.7743,0.0077,-0.0928,0.004,3
1590,529,617,3188,3182,0.4202,6.5972,5.8791,-0.0158,-0.0142,0.0134,P
2847,464,592,3166,3097,0.7803,9.6253,1.5308,-0.0586,-0.0202,0.0598,V
2897,2713,2818,2969,2733,0.3203,9.8232,0.9946,-0.0167,0.0283,0.0136,E
2778,1213,1009,3198,3226,-0.0749,9.622,1.2303,-0.0083,0.0247,0.0201,R
2945,3362,3166,3298,462,2.2667,8.7707,3.2858,0.0194,0.0689,0.0189,J
2287,395,1802,537,595,0.6137,9.5135,1.1421,-0.0364,0.0302,0.0239,8
2833,3465,3551,3380,3339,0.2331,9.2553,0.9769,0.0171,0.0138,0.0414,A
1722,482,582,477,1820,-0.1963,9.4245,1.6427,0.0049,0.0064,0.0143,6
3093,467,510,463,482,0.1726,9.6757,0.5157,-0.053,-0.0359,-0.0642,B
2670,600,546,532,3273,0.1445,9.5174,1.1144,0.0301,0.04,0.0488,W
2929,373,3000,3308,3136,3.0413,8.0403,4.098,-0.0237,-0.0476,-0.0516,Z
2551,2556,557,487,525,0.2744,9.7806,0.3651,-0.0044,0.057,-0.0682,F
2294,485,3138,3295,3130,0.7684,7.1403,6.3904,-0.0668,0.0621,0.025,Q
3191,3261,3205,3124,572,2.0631,8.6614,3.5189,-0.0412,-0.0462,-0.0118,J
452,604,3233,3162,3101,0.21,9.1281,1.5021,0.0096,-0.0074,-0.002,L
2085,725,3067,3200,3291,5.3109,7.2554,1.9048,0.0676,0.0457,0.0106,G
2991,3245,3239,3199,504,1.9755,8.1108,3.048,-0.0292,-0.0674,0.0185,J
2239,690,3280,3301,3184,4.8199,6.7658,1.8535,-0.1026,-0.0362,-0.028,G
1826,3192,3102,3173,3323,0.9375,9.6539,0.5216,-0.0603,0.008,-0.0403,T
2820,604,3212,3311,3059,-0.3553,9.7381,0.5981,-0.0267,-0.0005,0.0538,1
2977,3326,3159,3112,552,2.0518,7.8642,3.1987,0.1064,-0.13,-0.0618,J
2623,540,3293,3133,3264,0.116,9.295,0.3166,-0.0092,-0.066,0.0675,1
568,542,449,3339,3296,0.24,9.3968,0.9525,0.0408,-0.0405,-0.0335,3
2238,506,1703,476,433,0.2695,9.2337,1.1446,0.0406,0.0018,-0.0995,8
2515,2509,518,505,398,0.2047,8.7357,1.4453,0.0414,0.0422,0.0153,F
2114,361,3191,3250,3260,0.5462,6.5007,6.537,-0.0746,-0.0713,-0.0498,Q
2739,599,403,3123,3213,-0.4524,10.0629,0.8044,0.077,0.0902,-0.0077,U
2901,515,543,462,3221,0.8793,8.915,1.5408,-0.0105,-0.0703,-0.0134,W
2225,1858,3084,3120,3192,0.707,10.0515,1.166,0.0123,-0.0333,0.0329,9
2760,389,3266,3216,3293,0.5528,9.6216,0.6232,0.0211,0.0367,0.0733,1
2268,459,3092,3065,3305,4.7135,6.9023,2.3964,-0.0807,0.0746,-0.0127,G
2069,1991,1894,2138,2037,0.3837,9.4482,0.9973,0.0588,0.1062,0.0412,0
2943,3238,3283,3237,456,3.0834,8.8596,3.28,-0.0176,-0.0313,-0.014,J
2979,2934,2983,3376,3304,0.0387,9.6803,0.8288,-0.0071,-0.0501,0.0223,N
1656,522,670,3190,3179,0.3778,9.4723,0.7679,-0.0574,0.0251,0.0527,K
3065,2981,3162,3227,3165,0.4518,9.8917,0.8284,0.0197,0.0044,-0.033,N
3014,3280,3143,3247,502,2.6064,8.4351,3.2085,0.0008,-0.0694,-0.026,J
3313,492,428,579,477,0.4279,9.6125,0.4821,0.0247,0.0145,-0.0998,B
316,583,538,3094,3286,0.6996,9.5001,0.8949,-0.0061,0.0103,-0.0394,3
2624,2609,558,613,504,0.7884,9.1958,1.2877,0.0665,-0.0295,-0.0431,F
2750,1801,3171,3176,3289,0.3532,9.3809,0.9631,-0.0556,0.0081,0.0361,X
2692,468,3136,3300,3076,0.5028,9.7855,0.4313,-0.0379,0.0086,0.0113,1
2830,628,405,516,512,0.0658,9.9898,1.4173,-0.0374,0.0356,-0.0494,4
2768,1949,3220,3204,3194,0.3127,9.6595,0.8013,0.0275,0.0716,0.0056,X
2207,466,531,1631,471,0.1544,9.9881,1.5578,-0.0143,-0.0574,-0.0419,7
1404,578,438,3231,3324,-0.0976,7.2723,5.938,-0.009,0.0257,-0.0386,P
1509,483,657,3333,3269,0.224,9.7033,1.0795,0.0121,-0.0779,0.0531,K
2431,2577,502,469,490,0.7468,9.5321,1.1775,0.0546,0.0485,0.0207,F
1600,528,491,3114,3176,0.4639,7.0833,6.0732,0.048,0.0433,-0.0031,P
2948,2761,2841,2929,2758,0.0003,9.6894,1.2397,0.0003,-0.0279,0.0497,E
1591,464,398,3278,3193,0.5805,10.0463,0.7833,-0.0072,0.0785,0.0334,K
2759,538,2732,2824,2741,0.0307,9.4088,0.6874,-0.0024,0.0118,-0.1844,D
1656,1754,1752,1747,1744,0.804,8.884,1.3093,0.0104,0.018,-0.0455,C
2844,596,3223,3104,3152,0.1264,10.2102,0.7957,0.0607,-0.0354,-0.0637,1
2592,487,488,549,3115,0.7489,9.2472,1.1102,0.0264,-0.0595,0.0412,W
2003,3171,3261,3253,3189,0.4608,9.7229,1.1625,-0.0153,0.0583,0.0432,T
2786,548,2909,2828,2894,0.0106,9.4756,0.5827,0.0157,-0.0179,0.0365,D
2832,3455,3367,3417,3401,0.5293,9.2681,1.0074,0.0249,0.0726,0.048,A
1492,370,415,3291,3191,0.5301,6.6291,5.9838,-0.0068,-0.0398,-0.0026,P
2739,3286,3348,3313,3534,0.7645,9.4976,1.444,0.0039,-0.0431,0.0762,A
2748,1194,1010,3095,3226,0.3101,10.1002,1.1001,-0.0135,-0.0098,0.0507,R
2746,516,3279,3079,3160,3.2048,7.2236,3.6898,-0.0307,-0.0042,-0.0161,Z
3014,2651,2836,2791,2890,0.1984,9.439,1.3367,0.0692,-0.034,0.0091,E
1990,1988,2057,1948,1997,1.0513,9.5465,1.5315,-0.0729,-0.0687,0.0319,0
1747,506,575,415,1778,0.025,10.0035,1.3222,0.0298,-0.0754,0.0556,6
576,381,501,513,514,0.4694,9.1061,1.0482,0.0053,0.0274,-0.0083,5
3043,2985,2837,3135,3148,0.2175,9.59,0.9968,0.0137,0.058,-0.0156,N
2950,467,456,501,512,0.3691,9.8659,1.02,-0.0751,0.0075,-0.0306,4
2780,514,424,510,3060,0.387,9.8006,1.5076,-0.0348,-0.0763,-0.1092,W
2173,2005,2136,2095,1951,0.1095,9.4341,1.3252,0.079,-0.0123,-0.015,O
2131,2038,1951,2164,2046,0.4536,9.4172,1.5538,-0.0118,-0.0688,0.0813,O
2081,2169,2053,2045,1939,0.4529,9.1058,1.2347,-0.0121,0.0155,-0.0429,0
2995,3043,2863,3016,3089,0.0112,9.8199,0.7403,0.0349,-0.011,0.0553,M
3097,2988,2965,3289,3239,-0.2223,9.415,0.8966,-0.0467,0.1015,0.0056,N
2787,3447,3422,3350,3383,0.3521,9.3232,1.2549,0.0179,-0.0346,0.045,A
2510,3504,3376,3569,3324,0.0614,9.0815,0.6337,-0.0815,0.0107,0.0427,S
2849,3447,3375,3426,3299,0.7772,9.4445,0.8432,0.0525,-0.0352,-0.0704,A
2452,2498,309,411,449,0.9623,9.1559,1.2541,0.0113,0.0649,0.0631,F
1923,2090,1956,2027,2005,0.4837,9.7822,1.7315,-0.0571,-0.0138,0.0872,O
2117,441,3322,3226,3127,0.7326,7.2489,6.3856,0.048,0.0503,0.0426,Q
3024,3005,2732,3134,3078,0.4881,9.6285,0.4784,0.0152,-0.0712,-0.0522,N
2176,537,595,3177,3252,5.1696,7.2638,2.0118,-0.0456,-0.0231,0.0171,H
3177,563,527,545,577,0.1006,9.5163,0.1745,-0.0413,0.1475,0.0622,B
2974,3083,2800,2905,3176,-0.3092,9.7803,0.8939,-0.0495,-0.0008,0.0403,M
1905,3193,3170,3114,3271,0.3156,9.5163,1.1759,0.0144,0.0073,-0.0412,T
2454,3333,3369,3329,3496,0.1772,9.6519,1.3016,-0.0441,0.0188,-0.0447,S
2819,490,504,505,3294,0.0787,9.5404,1.6618,0.0716,0.0284,-0.0379,W
2117,422,3230,3216,3243,0.6559,6.9293,6.4272,-0.0485,-0.0351,-0.0028,Q
1371,434,545,3086,3342,0.7613,9.3516,0.7638,0.0101,-0.0724,-0.1001,K
695,656,3306,3249,3360,0.413,9.1502,1.3422,-0.0501,0.0061,0.015,L
2905,2912,2819,2875,2662,0.6033,9.4977,1.2556,0.0457,0.0033,-0.03,E
2880,1873,3299,3250,3200,0.3225,9.0194,1.0443,-0.0718,0.1233,-0.0516,X
406,587,3155,3213,3218,0.5593,9.6023,1.6174,0.0392,0.0232,-0.0632,L
362,443,3271,3155,3232,0.3191,9.5917,1.3945,-0.0616,-0.0134,0.0917,L
1479,358,603,3164,3324,0.4588,10.1076,1.1819,-0.0716,-0.0307,-0.0085,K
529,3188,3388,3197,311,0.7251,9.6483,1.716,0.0588,-0.088,0.0047,Y
2706,578,3134,3264,3121,2.9623,7.9793,3.7739,0.0038,-0.1058,-0.0044,Z
2230,484,397,1763,518,0.2277,9.3635,0.6633,-0.0372,-0.0733,0.0138,7
2796,1890,3196,3228,3147,0.05,9.7285,1.0585,0.0328,-0.0855,0.0916,X
2745,472,402,382,3308,0.8199,9.2891,1.519,-0.0653,-0.0087,0.0087,W
3074,426,469,470,335,0.3861,10.0215,1.0879,-0.0188,0.0527,-0.0867,4
2091,551,1739,439,505,0.1639,8.8636,0.7227,-0.0202,-0.0277,0.0351,8
2886,379,427,3128,3066,1.0588,9.3832,2.0427,-0.0498,-0.0886,0.0471,V
3036,3211,3233,3207,447,0.3012,9.3857,0.5659,-0.0168,-0.006,0.0018,I
2268,438,606,1735,548,-0.1279,9.8347,1.022,0.0646,-0.0358,0.0107,7
3185,376,460,477,479,0.1276,9.6815,0.6438,0.0437,-0.0325,-0.0602,B
1361,477,563,3125,3093,0.4687,9.0609,1.092,-0.017,0.0247,-0.0692,K
2745,1763,3412,3169,3148,0.0999,9.2692,0.5735,0.0111,0.0102,0.0169,X
2256,415,421,3276,3237,5.1131,7.2344,1.8724,-0.0189,0.0405,-0.0672,H
2880,3026,2859,3124,3159,0.4541,9.3898,0.8377,-0.0344,-0.0265,0.0625,N
1938,2225,1819,1930,2054,0.6872,9.3402,1.7147,-0.0421,0.042,-0.0065,0
2777,1318,1012,3157,3199,0.5478,9.5389,0.9793,0.0117,0.0159,0.0331,R
2122,604,1899,449,640,0.348,9.6702,0.8615,0.041,-0.0222,0.008,8
2907,3122,3181,3286,584,1.5054,8.292,2.784,-0.1266,0.0283,-0.0123,J
2814,521,448,468,3181,0.7623,9.7597,1.0637,-0.0012,-0.0118,0.0381,W
424,519,670,443,461,0.2511,9.1872,1.4973,-0.1152,-0.0611,0.0234,5
2234,1816,3217,3115,3275,0.7856,9.4722,0.8645,0.0545,-0.09,-0.0387,9
571,556,511,3202,3160,0.2796,9.3183,1.0938,-0.0103,-0.0746,-0.021,3
2287,1826,3112,3214,3234,0.3924,9.0138,0.8734,-0.0793,0.107,-0.0864,9
2171,535,496,1815,474,0.7967,9.4872,0.8121,0.053,0.0295,-0.0455,7
2078,3148,3159,3183,3167,0.0065,9.4482,1.2509,-0.0649,0.009,0.0074,T
2831,584,2825,2811,2661,0.2189,9.5918,1.3859,0.0343,0.0768,0.0299,D
1890,2058,1950,2020,1986,0.3509,9.3243,1.3749,0.0286,-0.0503,0.0236,0
2056,2005,2029,2037,2034,0.854,9.6572,1.9735,-0.0963,0.0234,-0.0605,0
3068,3181,3264,3119,487,0.279,9.9679,0.8623,0.0873,-0.0674,0.0065,I
3169,518,551,482,430,0.4644,9.9163,0.2251,0.0678,0.0585,0.0067,B
3245,611,392,390,488,0.3508,10.2389,0.7118,-0.0121,-0.0513,0.0615,B
2078,3044,3237,3100,3158,0.2624,9.8844,0.8496,-0.0039,-0.0219,-0.0491,T
2180,1751,3154,3098,3288,0.1906,9.0712,1.2115,0.0542,0.0424,-0.0325,9
2287,1788,3193,3052,3221,0.4204,9.3729,1.0556,-0.0474,-0.0437,-0.0338,9
597,540,3116,3235,3118,0.9819,9.6441,1.4787,0.0632,-0.0791,-0.0375,L
1890,3190,3189,3163,3204,0.2772,9.4669,0.7733,0.0721,-0.0554,0.0106,T
1561,631,623,3087,3281,0.9387,7.0088,5.5642,0.0414,0.0527,-0.007,P
2812,522,2919,2698,2892,1.0102,9.4867,0.4127,-0.0203,0.0007,0.0282,D
1461,580,628,3104,3249,0.2883,9.0598,1.0443,-0.0417,-0.0789,-0.0391,K
2861,1748,3164,3108,3250,0.5374,9.9365,1.1789,0.0206,0.0292,-0.0128,X
591,3302,3272,3235,554,0.5355,9.0132,1.3864,-0.0161,0.0146,-0.0882,Y
1537,626,337,3186,3237,0.6341,9.5957,1.5284,0.0014,0.0656,-0.0323,K
3344,482,432,447,412,-0.0354,9.5888,0.0783,0.0008,0.0451,-0.0454,B
2786,499,2721,2680,2858,0.5081,10.0753,0.563,0.0346,-0.0142,0.0595,D
2139,547,3257,3147,3189,4.7382,6.8355,2.0799,-0.0251,-0.0122,-0.0732,G
2538,2496,572,383,446,0.5637,9.8097,1.1861,0.0225,-0.0295,0.0243,F
2166,599,3069,3188,3250,0.6393,7.0211,6.6487,-0.0305,0.0966,-0.0805,Q
2924,2648,2787,2826,2887,-0.2745,9.1625,0.8258,-0.0002,-0.0073,-0.0061,E
3049,2790,2817,2721,2812,0.2728,9.2703,1.2202,-0.0769,0.0282,0.0342,E
1966,1907,1959,2130,1940,0.3619,9.1359,1.6671,0.0174,0.0353,0.1266,0
3094,3239,3141,3279,483,1.9008,8.7679,2.9734,0.0194,0.0331,-0.0391,J
3195,576,470,363,426,0.6689,9.6178,0.427,-0.015,0.0952,0.0813,B
2280,588,497,3223,3226,4.3184,6.5233,1.8185,-0.0281,-0.06,0.0375,H
2963,2785,2677,2664,2751,0.5568,9.3041,0.6944,-0.0407,-0.0228,-0.0177,E
441,524,477,3358,3342,0.4513,9.0377,0.9127,0.0524,-0.0443,0.0802,3
1800,484,547,386,1806,0.5052,9.5244,1.3437,-0.0204,0.0927,-0.0542,6
2651,464,3167,3267,3122,0.4247,9.375,0.6035,-0.0229,0.0179,-0.0182,1
2191,1789,3123,3285,3189,0.8657,9.0493,0.8761,-0.0553,0.0259,0.0874,9
2559,3396,3498,3325,3400,0.4334,9.8514,0.7101,0.0121,-0.0246,0.0055,S
3014,3138,3302,3216,576,1.6795,8.8116,3.3207,0.0145,-0.0403,-0.0023,J
2978,2995,3093,3129,587,0.5064,9.4338,1.0188,0.0444,-0.008,-0.0692,I
2283,543,3225,3130,3168,0.089,7.4093,7.1592,0.0278,0.0366,-0.0079,Q
2791,1134,982,3156,3290,-0.2052,9.8668,0.2767,0.0269,-0.0419,0.0283,R
2200,512,1784,508,475,0.1433,9.4209,1.099,-0.0364,0.021,0.0415,8
1898,1938,1998,1927,1973,1.3487,8.8478,1.9274,0.0171,-0.0612,0.0339,0
2149,560,1751,529,433,0.5803,9.1637,1.1782,0.1082,-0.0267,-0.0331,8
1934,3222,3212,3304,3224,0.0194,9.3364,1.2229,-0.0911,-0.0706,-0.0186,T
2248,367,3207,3394,3093,4.9744,7.5825,2.3313,-0.0257,0.0103,-0.0001,G
2070,1974,1953,1996,1892,0.4584,9.5086,1.761,0.0124,-0.0716,0.0676,O
618,487,471,436,592,0.6626,9.4561,0.7638,-0.0398,-0.0428,-0.0247,5
3140,3076,3107,3001,3265,0.3275,10.0409,0.7782,-0.0699,-0.0999,0.0834,M
2949,442,634,447,490,-0.0787,9.4592,0.9804,0.034,0.0492,-0.0499,4
3055,3071,2913,3293,3174,0.1166,9.7876,0.975,-0.0423,0.1028,0.0907,N
543,470,487,3379,3351,-0.2095,9.6096,1.0497,0.0178,-0.0279,0.0001,3
2779,597,3139,3168,3309,2.9449,7.8461,4.2571,0.0265,0.005,0.0462,Z
1342,542,523,3281,3197,-0.0809,6.9725,6.266,0.0238,-0.0073,-0.0832,P
3060,2934,2879,3006,3193,0.2997,9.3706,0.6125,0.0564,0.0221,-0.0478,M
678,3320,3108,3191,503,0.7057,8.8427,0.9858,-0.0609,0.0752,-0.0327,Y
2845,1828,3248,3189,3306,0.6971,9.4963,1.2468,-0.0132,0.0285,0.0413,X
445,3254,3217,2973,542,0.2416,9.3362,1.3128,-0.0346,-0.09,-0.018,Y
3182,498,444,516,561,-0.2848,9.7899,0.7797,-0.0208,0.035,0.1407,B
2871,511,3032,3189,3147,0.4216,9.3574,0.5787,-0.1109,-0.0693,-0.044,1
2759,398,3271,3162,2965,3.1068,8.1143,4.2799,0.0207,0.0069,-0.0243,Z
2349,630,584,1759,333,0.6497,9.2756,1.2363,0.0301,-0.022,-0.061,7
2819,612,484,3141,3283,0.1317,9.9857,0.9736,0.0732,-0.0488,0.0478,U
2189,530,3192,3020,3095,0.7925,6.9267,6.5569,-0.0002,-0.0413,-0.0234,Q
2229,707,1650,363,602,0.5598,9.8443,0.3877,-0.068,0.0489,-0.0084,8
2103,436,534,1719,512,0.2009,9.364,1.3227,-0.0583,-0.0017,0.0239,7
2992,3006,3004,3145,3120,0.0032,9.7105,1.0274,0.0403,-0.0189,0.0547,N
2448,2567,501,458,549,0.3818,9.5915,1.2638,-0.0298,0.0264,0.0273,F
2791,575,3273,3286,3230,2.804,7.7278,3.7898,-0.0033,-0.0013,0.0514,Z
2895,3387,3397,3325,3364,0.2346,9.4481,1.5135,-0.0686,-0.0807,0.0736,A
2902,1153,1050,3153,3112,0.5041,10.3043,0.963,-0.0207,-0.0175,0.0955,R
1960,1976,2013,1941,2041,0.8208,9.5177,1.7805,-0.0284,-0.0135,0.0123,0
2696,476,454,3290,3247,0.5527,9.2527,1.8988,0.0747,-0.0684,0.0658,V
1911,1934,2126,2127,2095,0.8278,9.6469,2.0888,0.0547,0.0126,0.0436,0
3025,527,342,449,377,0.2982,9.4707,0.6124,0.1584,-0.0526,-0.0008,4
2849,534,594,3142,3227,0.7656,9.3649,0.5927,0.0262,0.0691,-0.0067,2
2307,447,550,3195,3052,5.3386,6.1726,1.4048,0.0264,0.0264,-0.0319,H
2245,500,409,1904,553,0.5701,10.0098,1.2086,-0.0024,-0.0255,-0.0275,7
2690,362,480,3179,3205,0.4456,9.5679,2.0144,-0.0011,0.0158,-0.1058,V
1820,1656,1776,1819,1778,0.537,9.4783,1.5311,0.0716,-0.013,-0.044,C
2916,3526,3358,3366,3377,0.0967,9.2244,0.6988,-0.0384,-0.0017,0.0117,A
2233,309,3180,3196,3302,5.0143,6.506,2.129,-0.0402,-0.0608,-0.0417,G
2206,521,508,3151,3196,5.0821,7.0332,1.5567,-0.0672,0.0541,-0.0153,H
2948,1861,3220,3154,3213,0.6692,10.283,1.6576,-0.0764,-0.0104,0.0039,X
496,618,514,3218,3283,0.2968,9.8056,1.1698,-0.046,0.0979,-0.0229,3
650,475,423,3274,3039,0.379,9.2755,0.9741,0.0688,-0.1294,0.0155,3
593,3024,3163,3333,460,0.7786,9.4812,1.4782,0.0158,-0.0043,-0.1063,Y
2870,451,542,3152,3048,0.4372,10.2223,0.4412,0.009,0.0655,-0.0051,U
1925,3155,3210,3153,3136,0.385,9.803,1.2685,0.0354,0.0243,-0.0238,T
2714,3401,3512,3393,3436,0.1813,9.6285,0.9439,0.0493,0.0594,0.1295,A
1434,538,555,3217,3275,-0.0972,6.8601,6.5468,0.0642,0.0317,-0.0078,P
2204,488,294,3164,3343,5.0039,6.9078,2.0051,0.0177,0.0329,-0.0114,H
2975,442,507,499,468,0.3026,9.4254,0.4493,0.0981,-0.0248,0.0133,4
1788,1845,1930,1782,1805,1.0578,9.7176,0.8702,0.0342,-0.0057,0.0283,C
3109,3138,3332,3289,448,1.6784,8.4419,2.9686,0.0173,-0.0388,0.0373,J
1479,562,488,3104,3333,0.5307,9.4238,1.0494,0.0237,-0.0714,0.0079,K
1754,1868,1701,1916,1801,0.8211,8.9102,1.7427,-0.0292,-0.0375,-0.0111,C
2493,3315,3298,3343,3491,0.8671,9.4902,1.1747,-0.0282,-0.1033,-0.0447,S
2994,2778,2775,2842,2725,0.0772,9.163,1.6137,0.0265,0.0152,-0.0529,E
2771,538,562,3270,3184,0.437,9.4181,1.036,-0.0472,0.0111,0.0439,2
2683,513,404,3158,3192,0.6523,8.8797,1.9683,0.0015,0.0785,-0.0558,V
2783,544,3263,3264,3257,3.3958,8.2284,3.6537,-0.0227,-0.0848,0.0498,Z
1835,588,503,475,1871,1.0225,9.8262,0.9048,0.0386,-0.0035,0.0637,6
2651,2630,535,432,395,0.4838,9.626,1.748,0.0209,0.0584,-0.0123,F
2785,1089,1017,3218,3170,0.2603,8.646,1.1625,0.0451,-0.0669,-0.0338,R
2929,2734,2782,2822,2787,0.5301,10.0289,0.8477,-0.0858,0.0413,0.0842,E
2669,573,609,3097,3135,0.9507,9.5045,2.206,0.0445,0.12,0.001,V
2486,2423,376,402,569,0.5038,9.2177,0.9852,0.0043,-0.012,-0.0137,F
3088,2769,2900,2757,2717,0.2626,9.4715,0.8835,-0.0108,0.0167,-0.0086,E
580,487,3078,3182,3236,0.5732,9.2465,1.3244,-0.0494,-0.0197,-0.0428,L
1732,502,467,523,1895,0.5381,9.7001,0.8931,0.0717,-0.0506,-0.0627,6
2127,521,1824,714,441,0.1505,9.575,0.8489,0.0195,-0.0237,-0.0143,8
1442,590,648,3077,3123,0.1352,9.7804,1.4917,-0.054,0.0707,-0.0355,K
2241,451,3234,3143,3216,4.7238,7.4549,1.5289,0.0616,0.0019,-0.0245,G
2232,471,3120,3227,3216,5.6331,6.8126,2.432,0.0176,-0.0331,0.04,G
2671,1684,3114,3058,3163,0.7583,9.3002,1.3247,0.0015,-0.0092,-0.0833,X
2988,3336,3187,3137,502,2.5265,8.3492,2.6457,-0.025,0.0064,0.0344,J
2845,3081,3080,2841,3143,0.4307,9.7573,0.7986,0.0009,-0.0469,-0.12,M
435,303,694,299,456,0.6224,9.9403,1.5413,-0.005,0.0251,-0.0153,5
2131,593,1876,409,625,0.0551,9.9993,0.9367,-0.02,0.0745,-0.0082,8
2754,349,571,3247,3200,1.0221,9.4938,1.3903,-0.0392,-0.0858,-0.0089,V
557,507,564,411,581,0.4394,9.7279,0.8448,-0.1025,0.0333,-0.0072,5
3006,3226,3320,3124,633,1.9325,8.9574,2.9984,0.0169,-0.0017,-0.0266,J
2811,496,603,489,425,0.5477,9.642,0.8567,0.1079,-0.0754,-0.0318,4
487,592,3173,3148,3233,0.477,9.0383,2.0452,-0.0313,0.0464,0.0421,L
2462,2475,464,517,502,0.3831,8.7473,0.9021,-0.0275,-0.0124,-0.0565,F
2889,461,398,3121,3181,0.4445,9.8639,1.2946,0.037,-0.0441,-0.0102,U
1972,3218,3125,3269,3199,-0.0828,9.4316,0.8152,-0.1495,-0.0078,0.0518,T
3071,3266,3257,3158,572,-0.0484,9.9232,0.7217,0.0842,-0.0761,0.0882,I
3175,450,443,578,390,0.6826,9.9485,0.8273,-0.0231,-0.0075,-0.0717,B
1719,1633,1682,1690,1910,1.0347,9.1169,0.8339,-0.0599,0.0444,0.0143,C
2957,496,2899,2715,2886,0.6142,9.859,0.7953,-0.1477,-0.0321,-0.0313,D
2765,3391,3392,3370,3379,0.9796,9.6683,0.9114,0.0348,-0.0167,0.0587,A
2331,496,486,3142,3242,4.5355,7.2328,2.1764,0.0293,0.0069,0.0766,H
3073,3098,3302,3279,611,1.9525,8.3512,3.0252,-0.0042,-0.0326,-0.0277,J
2822,408,372,3176,3217,0.7136,9.8981,1.6212,-0.0487,-0.1135,0.0118,V
2878,1747,3278,3165,3103,0.5939,9.7834,1.1921,-0.0072,-0.0874,-0.0534,X
1781,1911,1850,1929,1688,0.9896,8.515,1.4312,-0.0124,0.0313,0.0023,C
1502,636,569,3164,3089,0.2755,9.624,1.1792,0.068,-0.0547,-0.022,K
2258,544,482,1753,618,0.4405,9.2303,0.7016,0.0156,-0.0174,0.0517,7
2975,3002,2781,2781,2736,0.4372,9.6845,1.3611,-0.0745,-0.0123,0.0223,E
2174,1939,3177,3138,3168,0.6737,8.7931,1.1305,-0.0174,-0.0054,-0.0348,9
2195,445,3287,3010,3157,5.2455,6.9118,1.7537,0.022,0.0453,0.0105,G
2040,2034,2031,2029,1922,1.0074,9.6869,1.6425,-0.0666,-0.0489,0.0329,O
348,492,449,463,533,0.2115,9.8963,0.841,-0.0511,0.0325,-0.0014,5
453,394,3336,3273,3273,0.6103,9.5797,1.1304,0.0056,-0.0464,-0.0694,L
2840,440,479,3250,3210,1.2628,9.1555,1.3296,0.0618,-0.0184,-0.0207,V
2206,516,527,1795,508,0.7887,9.7331,0.9483,-0.0236,0.0514,0.0166,7
653,468,541,479,517,0.7426,9.5345,0.8154,0.0803,-0.0302,0.0338,5
2851,3308,3530,3308,3424,0.2737,9.4808,1.0986,0.0161,0.0211,0.0807,A
2688,1819,3199,3126,3281,0.5593,9.6583,1.1452,0.0545,-0.0078,-0.0621,X
2171,540,1735,632,390,-0.3893,9.9089,0.6471,-0.0035,0.0779,-0.0203,8
2146,482,1803,572,477,0.4739,9.1604,0.9517,-0.0489,-0.0071,0.0064,8
2251,1765,3242,3121,3362,0.4643,9.2592,1.497,-0.0043,0.1583,0.0583,9
1614,649,425,3146,3291,0.5601,9.7029,1.269,-0.012,0.0165,0.0126,K
3002,2931,2907,3100,3131,0.4991,9.3961,0.42,0.0303,-0.0315,0.0213,M
2445,325,609,3168,3070,4.8419,7.0832,2.3112,0.0861,0.0711,-0.0483,H
2418,3409,3553,3363,3386,0.5469,9.3202,0.8549,0.0036,-0.0218,-0.0891,S
2802,293,460,3226,3183,0.1577,9.6469,1.0967,0.0269,-0.0378,-0.0729,U
2368,641,3313,3343,3313,0.4933,6.9625,6.5706,-0.0105,-0.052,0.0148,Q
2819,1207,1013,3294,3103,0.2044,9.7015,0.3252,0.0691,0.0127,0.0478,R
1401,522,595,3223,3225,0.3873,9.7217,0.9442,-0.0227,0.0553,-0.0265,K
2089,1860,2064,1967,2146,0.8021,9.472,1.2175,0.0903,0.1408,0.1006,0
2874,3286,3259,3277,3501,0.3344,10.2675,0.8307,0.0092,0.0771,0.1003,A
2865,3008,3011,3242,3153,-0.1022,9.3104,1.1167,-0.0333,-0.0221,-0.0156,N
2772,513,522,3085,3238,0.0187,9.2667,0.582,0.0407,-0.08,0.0325,U
2224,454,3131,3158,3164,4.7462,6.4775,2.342,0.0485,-0.0637,0.0068,G
1770,512,554,592,1796,0.6286,9.4099,1.1118,-0.0961,0.0103,-0.0455,6
410,3168,3499,3317,270,0.4893,9.1113,1.7959,-0.059,-0.0518,-0.0286,Y
2250,592,1858,509,461,0.4405,9.0554,0.9511,-0.059,0.0229,0.0417,8
2191,505,1750,575,500,0.0626,9.4887,0.8577,0.0308,-0.0658,0.1001,8
2074,3182,3236,3200,3188,0.2039,9.7519,0.6237,-0.0117,0.0573,-0.0382,T
2878,433,521,3285,3128,0.1912,9.0928,1.787,-0.0477,-0.0233,-0.039,V
2806,488,538,3070,3198,0.6643,9.7717,0.2313,-0.0006,-0.0366,0.0006,U
1960,3256,3150,3334,3197,0.0014,9.641,1.3904,0.0594,0.0047,0.0406,T
2322,545,3037,3310,3331,0.9663,7.2005,6.1695,-0.0025,-0.0724,-0.0433,Q
2567,3424,3409,3418,3453,0.9876,8.8948,1.162,0.0022,-0.0089,-0.1182,S
2902,2845,2748,2627,2770,0.6943,9.3839,1.5214,0.0214,0.0169,-0.0064,E
2690,1783,3134,3343,3231,0.6551,9.5878,1.2283,0.054,0.0019,-0.0266,X
1806,1714,1876,1985,1798,1.1515,9.0254,1.2859,-0.091,-0.0353,-0.0696,C
3021,2814,2831,2717,2671,0.5877,9.9454,0.6921,0.0795,0.0142,-0.0004,E
2029,3184,3142,3241,3233,0.5702,9.0307,1.1018,-0.0154,-0.0439,0.0364,T
2047,2084,1992,1887,2053,0.5477,9.418,1.115,-0.0098,-0.0597,0.0241,O
2820,327,3190,3193,3243,0.7162,9.6223,0.3965,0.0065,0.0011,0.0216,1
609,565,444,3193,3252,0.5915,9.1976,1.0528,-0.0338,0.0032,-0.065,3
2510,3368,3355,3315,3367,0.2181,9.9805,0.6859,0.0519,-0.0134,-0.0103,S
2743,330,2766,2805,2777,-0.0476,9.0553,0.6458,0.0449,0.0628,0.0594,D
3168,580,611,556,534,0.3139,9.5332,0.461,0.0835,-0.0471,0.0807,B
2057,2016,2010,2088,1972,0.8096,9.7926,1.5673,-0.0447,-0.0213,-0.0452,0
2464,2505,455,386,517,0.922,9.6609,0.9571,-0.0626,-0.0142,0.0784,F
2227,521,3045,3112,3283,0.7092,6.7449,6.1895,-0.1225,0.0736,0.0021,Q
1887,3341,3025,3316,3216,0.2428,9.0585,0.8202,-0.0082,0.0097,0.0723,T
2834,3455,3414,3370,3333,0.5258,9.1784,0.1236,0.0218,0.0452,-0.1181,A
3222,459,432,453,461,0.3078,10.4047,0.2852,-0.0208,-0.0032,0.0198,B
2243,600,3238,3250,3237,5.0304,7.2091,1.2744,0.0056,-0.0522,0.0581,G
2931,3016,3063,2953,3209,0.2564,10.0987,1.0555,0.0305,-0.0858,0.0086,M
2068,1962,2143,1960,2024,0.3999,9.4463,1.6529,0.0444,-0.0067,0.0635,0
2897,3382,3519,3411,3373,0.316,9.4093,0.8835,0.0085,0.008,0.0002,A
3003,2995,2910,2878,3230,0.3564,9.8815,1.0206,-0.0404,0.0566,0.0383,M
2001,3343,3127,3139,3196,0.2519,9.3622,1.6085,0.0064,-0.0392,-0.0195,T
2861,3230,3223,3061,528,1.8799,8.2579,2.9,-0.1221,-0.0296,-0.0352,J
2250,489,3222,3196,3207,4.9399,7.0054,2.8094,0.0156,0.0323,0.0219,G
1833,1904,1782,1874,1930,1.3935,8.6724,1.4239,-0.0173,0.0245,0.0343,C
2027,3131,3103,3294,3267,0.398,9.6313,1.2431,-0.0005,-0.0604,0.015,T
2794,403,464,3172,3127,0.0354,10.1244,1.2228,-0.0052,-0.0664,-0.0863,2
2342,544,451,3232,3079,5.3166,6.5586,1.9337,0.0122,0.0519,0.0053,H
2926,572,523,285,377,-0.2378,9.5522,0.8608,-0.0086,-0.0314,0.0511,4
3028,2990,2874,2940,3361,-0.1525,9.5246,0.7951,0.016,-0.0749,0.0087,M
477,345,3219,3175,3195,0.1453,9.83,1.757,0.0715,0.0573,0.0296,L
2915,559,583,444,3337,0.2287,9.5221,0.9858,0.043,0.0873,0.0226,W
1885,1987,1731,1842,1741,1.3123,8.6204,1.6442,-0.0436,-0.0103,-0.0516,C
543,530,468,589,513,0.5254,9.8218,1.248,-0.081,0.0381,0.0014,5
2756,566,389,3275,3204,1.081,9.8039,1.7403,-0.0206,-0.0544,0.0268,V
3026,3085,3089,3061,3308,0.5853,9.4892,0.9049,-0.0062,0.0308,-0.0186,N
1979,520,466,3182,3127,4.9555,7.4176,1.8661,0.0483,-0.0403,0.0379,H
2903,434,3170,3254,3147,2.9513,8.2519,3.9982,-0.046,-0.0295,-0.0137,Z
2247,387,3176,3249,3233,4.8843,7.0573,2.0321,-0.0112,-0.0105,0.1118,G
2278,453,431,1873,531,0.3292,9.1017,1.1663,0.0413,-0.0477,0.0182,7
2126,317,411,3168,3287,4.9691,6.8443,1.7327,0.0328,0.0679,0.0532,H
2283,1707,3155,3233,3174,0.5566,9.4005,0.748,0.07,-0.005,0.0797,9
1728,451,567,521,1748,0.4378,9.4988,1.2074,-0.0119,-0.0027,-0.1208,6
2240,577,439,3229,3159,4.9433,7.0482,1.998,0.0368,0.0244,-0.0754,H
2035,2011,1975,1903,1885,1.156,8.9942,2.0094,-0.0422,0.0395,0.0233,O
2702,485,583,3316,3222,0.8014,9.462,1.3102,-0.0361,-0.0405,-0.023,2
2749,462,3120,3102,3477,2.7516,7.5612,4.3391,0.0133,0.0009,-0.0244,Z
2827,476,437,3219,3300,0.5212,9.6819,0.1941,0.0461,-0.0203,0.0267,2
2755,526,397,3398,3308,1.087,9.4225,1.6228,-0.0845,-0.0629,-0.0567,V
2757,1239,944,3171,3117,0.1681,9.3949,1.3076,-0.0447,0.0192,-0.0473,R
2783,435,3363,3179,3256,3.0796,7.2321,3.8888,-0.0576,0.0488,-0.0633,Z
428,667,465,3289,3189,0.1391,9.176,0.7621,0.1073,-0.0116,0.0091,3
518,502,653,3348,3254,0.6688,9.2511,1.0566,-0.0058,0.0073,-0.0384,3
1593,457,398,3267,3147,0.2993,6.6821,6.2037,-0.0323,-0.0018,-0.001,P
2868,3170,3161,3137,436,1.4576,8.1172,3.2622,-0.0071,-0.0253,-0.0003,J
2205,450,436,1818,549,0.44,9.587,0.8102,-0.0467,-0.0472,0.0386,7
2960,2804,2835,2868,2777,-0.1711,9.3551,1.0131,0.0611,-0.0284,0.0256,E
2993,3241,3231,3364,463,0.4154,10.3064,0.6244,0.0073,-0.0472,0.0041,I
3108,409,502,607,369,0.4886,9.2252,0.7041,-0.0106,-0.0589,-0.0455,4
455,440,589,626,412,0.2286,9.2156,1.0955,-0.017,-0.0515,0.0826,5
2975,1200,1030,3192,3203,0.2944,9.4696,0.8532,0.0311,-0.021,0.0418,R
539,448,584,454,588,0.6385,8.8381,1.242,0.0117,0.0667,0.0866,5
2418,545,3149,3227,3342,5.5489,6.8274,2.076,-0.0715,0.0412,0.0777,G
1793,1775,1719,1828,1756,1.1966,8.6789,2.0157,-0.0448,0.011,0.0396,C
3043,3034,2958,2865,3088,1.0147,9.6967,0.7263,0.0632,-0.0375,0.0292,M
3185,369,596,562,537,0.6563,9.4153,1.0242,0.0466,-0.0118,0.0568,B
1880,2068,1894,2073,1914,0.8044,9.4031,1.3324,0.08,-0.0034,-0.0181,O
1979,1898,2060,1997,1926,0.7433,9.5376,1.4293,-0.0623,-0.0421,-0.0429,O
605,529,545,3327,3262,0.5469,9.9675,0.7085,-0.0133,0.0578,-0.1097,3
2859,523,2836,2791,2942,-0.1438,9.6419,0.8195,0.0407,-0.0422,-0.0872,D
1899,508,537,497,1815,0.7064,9.4758,1.0286,0.1165,0.0047,-0.01,6
1857,429,432,386,1947,0.903,9.6017,1.1637,-0.0194,0.0253,0.0799,6
2588,3296,3511,3497,3431,0.5215,9.4441,1.0126,-0.0232,0.0016,0.007,S
487,3222,3365,3243,533,0.7361,9.2674,1.2109,-0.151,-0.1025,0.0374,Y
2980,3100,2954,2960,3238,0.7704,9.5365,0.0312,-0.0782,0.0149,-0.0737,M
2897,1845,3114,3259,3114,0.1184,9.3631,0.8902,0.012,-0.0348,0.0165,X
2778,390,2775,2883,2732,0.1199,9.7781,0.8009,0.0292,0.0119,0.024,D
3062,3133,2983,3042,3240,0.7661,9.4042,0.734,-0.017,0.0038,0.1252,M
1823,1855,1637,1729,1773,1.2109,9.7495,1.4316,-0.0703,0.0201,0.066,C
2034,2039,1980,2021,2206,0.9621,9.4094,1.7186,0.0038,0.0035,0.0475,0
2830,656,407,468,3109,0.982,9.9025,1.6586,0.0274,0.019,-0.0229,W
455,526,3058,2994,3012,0.8981,9.377,1.3403,0.0473,-0.0202,0.0134,L
2874,544,488,3167,3197,0.1331,9.3897,0.7764,-0.0439,-0.0408,0.0477,U
1415,433,611,3282,3144,0.6381,7.3645,6.1856,0.0149,0.0549,0.0385,P
2877,401,2975,2861,2799,0.6269,10.3096,0.3684,-0.0113,-0.1189,0.0096,D
479,459,395,515,345,0.5143,9.4901,0.831,-0.0573,-0.0732,0.0441,5
2758,1290,1090,3185,3257,0.6304,9.4604,0.7756,0.004,-0.0549,0.0221,R
2864,618,3258,3190,3284,3.0209,8.0824,3.8517,0.0078,-0.0815,0.0517,Z
2693,480,2826,2903,2853,0.0858,9.9535,0.7101,-0.0618,-0.0086,0.0719,D
2704,490,491,3142,3207,0.276,9.7841,1.207,0.0066,-0.0245,-0.0513,U
660,521,441,429,515,0.3761,9.459,0.6069,-0.0081,0.0413,-0.0377,5
2703,407,485,3235,3296,0.5645,9.1545,1.4248,-0.0135,0.0748,-0.0052,V
2761,598,2779,2763,2838,-0.019,9.9065,0.4832,-0.0525,-0.0455,0.038,D
2034,2054,1939,2040,2009,0.4827,9.0276,1.546,0.0092,0.0051,0.02,O
2010,2149,2026,1989,2066,0.2307,9.2342,1.5785,0.036,0.0121,-0.0645,0
2763,539,3231,3267,3152,2.916,7.2644,4.1842,-0.0655,0.01,-0.0436,Z
2210,434,1881,463,462,-0.2408,9.2768,0.7024,-0.1038,0.0779,-0.0062,8
2871,495,3193,3251,3117,3.0115,8.0465,3.3868,0.0174,-0.0676,0.0541,Z
2741,717,2867,2888,2839,-0.1819,9.7185,1.1219,-0.0427,0.0483,0.0352,D
2112,629,571,3308,3157,5.125,7.0592,2.3384,0.058,0.0097,-0.0759,H
1432,530,679,3225,3176,0.5608,7.1787,6.1754,0.0686,0.0193,0.0663,P
479,536,503,385,433,0.8062,9.7818,0.6935,0.0104,-0.0107,0.0571,5
1518,620,596,3273,3263,1.0905,7.323,5.7452,0.0123,-0.0132,0.1032,P
2072,1705,3139,3331,3148,-0.1821,9.3395,1.1216,0.0795,0.0757,-0.0654,9
2700,3344,3342,3471,3376,0.8743,9.298,1.0837,-0.0418,0.1073,-0.0594,A
2192,424,3191,3335,3306,-0.1002,6.769,6.7829,-0.0011,-0.0009,-0.0784,Q
1933,1911,1962,2108,1963,0.6125,8.9987,1.76,0.0416,-0.0352,-0.1159,0
2176,402,3218,3334,3107,0.8054,6.8586,6.3842,-0.0588,-0.0376,0.0323,Q
524,426,499,3248,3256,1.0139,9.6384,0.9722,0.0278,-0.0279,0.0663,3
1549,459,413,3209,3115,0.7071,9.1628,1.1643,-0.004,-0.028,-0.0051,K
3128,3129,3046,3200,635,0.4759,9.8253,0.8124,-0.0076,-0.0772,-0.113,I
3138,2830,2808,2780,2823,0.4841,9.5877,1.0345,0.0434,0.0012,-0.0489,E
2211,454,1680,596,477,0.3198,9.7646,1.3072,-0.0124,0.0015,-0.0505,8
2906,1785,3149,3213,3243,0.8768,9.0509,1.379,-0.1034,0.0453,0.0582,X
1886,1899,2062,2193,2070,1.0593,9.2697,1.3089,0.0228,0.0477,-0.0656,O
2815,331,421,3233,3147,0.3905,9.2227,0.526,-0.0302,-0.0213,0.0155,V
585,596,473,3045,3308,0.8565,9.465,1.3206,-0.0021,0.0109,-0.0813,3
1404,500,546,3320,3076,0.6926,9.5393,0.8648,0.038,-0.0118,0.0359,K
1786,518,369,477,1840,0.3825,9.3005,1.2492,0.0216,0.0761,0.022,6
2952,3199,3174,3094,493,0.6795,9.9009,0.8695,0.0556,-0.053,-0.0163,I
2686,565,504,3131,3235,0.3789,10.0439,0.975,0.0206,-0.0336,0.0073,2
2363,1726,3318,3218,3129,0.7483,9.9819,1.0791,-0.0533,-0.1117,-0.0072,9
2945,398,2922,2791,2823,0.5499,9.4109,1.0593,-0.1354,-0.036,-0.0462,D
2334,1920,3303,3177,3121,0.1441,9.0078,1.1719,0.0886,-0.0827,0.0008,9
2995,3039,2814,2969,3267,0.3866,9.1089,0.8184,-0.0409,-0.0453,-0.076,M
2859,509,503,3154,3177,-0.1179,10.0181,0.7717,0.082,-0.0061,-0.0951,U
3020,516,706,319,588,0.6176,9.3254,0.6583,0.0881,-0.0311,-0.0303,4
2153,411,495,3292,3160,5.2724,7.3625,1.7678,-0.0338,0.0356,0.0076,H
1707,490,459,499,1809,1.0212,9.1758,1.1577,-0.0218,-0.0701,0.1456,6
2215,1924,2017,2016,2027,0.1889,9.6707,1.7706,-0.024,0.0615,-0.0721,0
1839,2027,1893,1930,1887,0.5738,9.7349,1.6044,0.0229,0.0084,0.0341,O
1854,412,529,604,1840,-0.024,8.9851,1.2063,-0.0393,0.0445,-0.0237,6
1840,1935,1913,2030,1960,0.5447,9.1075,1.0895,-0.0114,-0.0651,-0.0916,0
2742,612,656,3128,3267,0.1465,9.493,1.0071,0.007,0.0083,0.0549,2
2701,460,564,3274,3211,1.095,9.5063,1.3749,0.0455,-0.0642,0.0243,V
2792,3320,3311,3414,3511,0.7755,9.0288,0.7031,0.047,-0.0491,-0.0112,A
2249,578,1839,558,453,0.5569,9.4879,0.9739,-0.084,-0.0211,-0.0067,8
2789,3407,3447,3334,3567,0.1982,9.1357,1.3474,0.0396,0.0312,0.0314,A
2412,3451,3536,3475,3445,0.4808,9.3848,0.9656,-0.0283,-0.0658,0.0018,S
2258,465,3009,3255,3149,0.4685,7.203,6.3906,-0.0186,0.1232,-0.1077,Q
599,535,3218,3218,3237,0.6517,10.0588,1.4415,-0.0082,-0.0618,-0.0026,L
2025,2053,1938,2001,1993,0.9163,9.9561,1.8526,-0.0043,0.0574,0.0324,O
2061,1965,1931,1915,1989,0.541,9.842,1.537,0.0307,-0.039,0.0021,O
2937,484,2793,2622,2784,0.5509,9.2797,0.5748,0.0396,-0.0738,0.0529,D
2712,349,3115,3237,3233,0.1294,9.6185,0.2497,-0.0054,-0.0347,0.0818,1
1755,1840,1734,1920,1908,0.86,8.8114,0.7146,-0.0741,-0.067,0.0068,C
2127,520,3150,3177,3281,5.2727,6.7009,1.6828,-0.0206,-0.0013,-0.0329,G
2891,1257,945,3210,3143,-0.1778,9.6568,0.6931,-0.0473,0.0652,-0.0456,R
1928,2000,1998,1897,1795,0.3422,8.931,1.5514,0.0089,-0.0487,-0.0267,O
1831,547,414,500,1866,0.8071,9.1464,1.5237,0.0129,-0.0247,-0.0045,6
1368,528,486,3244,3270,0.3899,7.1309,6.0433,0.0896,-0.0185,-0.0344,P
2877,538,696,469,533,0.123,9.6528,1.1323,0.03,-0.0051,-0.0059,4
1642,1753,1669,1766,1840,0.7328,8.572,1.5208,0.0431,-0.0847,0.041,C
2769,311,3103,3198,3259,0.3065,9.6112,0.7429,0.0137,0.0499,0.0287,1
2727,369,566,576,3041,0.2848,9.4168,1.2454,0.1023,-0.0313,-0.0086,W
2910,512,516,581,508,0.013,9.6577,1.0158,0.007,0.0548,-0.0653,4
2071,1718,3163,3157,3142,0.2967,9.7918,1.7498,0.0656,-0.1079,0.0539,9
2236,597,1930,473,493,0.422,9.6436,1.2481,-0.0188,0.0929,-0.0915,8
2063,1981,1975,2001,2094,-0.0242,9.1272,2.1827,0.0138,-0.0204,0.0397,O
629,3197,3143,3185,458,0.3676,9.1383,1.35,-0.0593,0.0035,-0.0489,Y
2209,401,1783,461,436,0.5275,10.1691,1.5608,0.0101,-0.039,0.014,8
2284,1773,3155,3291,3167,0.5844,9.3513,1.2361,-0.0111,0.0439,0.0034,9
1434,412,553,3198,3327,0.0211,9.3266,0.9723,-0.0376,0.0003,0.016,K
2334,1753,3218,3176,3187,0.5034,9.7294,1.6361,-0.0694,0.0391,0.0627,9
2322,604,3269,3026,3273,5.2117,7.0768,1.4809,-0.0388,-0.0583,-0.1008,G
3237,455,525,429,514,0.591,9.8758,0.3763,0.0129,-0.012,0.0004,B
2883,573,463,490,3219,0.7678,9.0887,1.228,0.0934,-0.0268,-0.0013,W
1929,1965,2019,1896,2112,0.6939,9.3857,1.4481,-0.0722,0.0045,0.0374,0
2194,454,477,3413,3349,5.0376,6.8176,2.0351,0.0122,-0.0622,0.004,H
2758,389,540,3216,3082,0.2783,9.5173,0.6244,-0.006,-0.0053,0.0447,2
2311,1849,3130,3249,3244,0.1289,9.3301,1.37,0.0581,-0.0323,-0.0729,9
2069,438,500,1757,627,0.4549,9.51,0.725,-0.0551,0.0052,-0.004,7
2191,1841,3040,3147,3404,0.4386,9.7416,1.1917,-0.0165,0.0467,0.0599,9
1972,2085,1848,1894,1986,0.1809,9.0794,1.6625,-0.0247,-0.0743,-0.1044,O
2771,371,3232,3127,3191,0.6263,9.8674,0.3534,0.0419,-0.0834,0.0099,1
358,583,3134,3157,3240,0.5949,9.4254,1.0911,0.005,0.048,-0.0266,L
2932,326,353,3338,3148,0.8335,9.8252,1.5599,0.0845,-0.0194,0.0308,V
2803,406,388,3146,3334,-0.1063,9.7729,0.9381,-0.0372,0.0322,0.032,2
2816,3236,3380,3345,3319,0.4157,10.0393,1.1923,-0.0286,0.0286,0.07,A
1631,502,390,3070,3295,0.1578,7.4625,6.1962,-0.0385,0.0584,-0.0462,P
1853,480,435,423,1810,0.5152,9.2343,1.1045,-0.0246,-0.1089,-0.0019,6
1943,2044,2048,1996,2059,1.3687,9.2645,1.4301,-0.042,0.0159,0.0569,0
2960,3071,3059,3163,3248,0.1505,9.3286,1.0859,-0.0407,0.0405,-0.038,M
2735,516,455,3203,3169,0.2496,9.4021,0.5305,0.0426,-0.0226,-0.0566,2
2968,3020,3083,3328,3182,0.8475,9.863,0.4304,-0.0631,-0.0289,0.0722,N
2799,582,2887,2735,2757,-0.0967,9.7227,1.0,-0.0675,-0.0228,-0.0674,D
2856,3353,3409,3604,3392,0.8448,9.289,0.9895,0.0885,-0.0313,0.0906,A
2031,2061,2085,2053,2165,0.5498,9.3979,1.3051,-0.0128,-0.0366,0.0339,O
3029,2763,2885,2711,2825,-0.0643,9.5612,1.0579,0.0838,-0.0782,-0.03,E
2160,1829,3194,3089,3094,0.4384,9.745,1.4551,-0.0458,-0.0561,-0.0437,9
2831,495,3143,3132,3143,0.5444,9.8253,0.2734,-0.0358,-0.0574,-0.0197,1
3207,466,536,686,368,0.7001,9.6666,0.6484,0.0024,-0.0181,0.0788,4
2771,501,385,3312,3141,0.3705,9.4408,0.7046,-0.0397,0.0148,-0.049,U
3017,2868,2800,2884,2831,0.404,9.496,0.7137,0.0253,-0.002,-0.0251,E
2175,396,635,1709,522,0.9476,9.3976,0.9864,0.0427,-0.0597,-0.0835,7
2945,3056,3052,3257,3167,0.534,9.756,0.9921,0.0839,0.0164,-0.0303,N
2908,1202,1060,3204,3280,-0.3115,9.8664,1.0006,-0.0077,-0.0205,-0.015,R
2882,537,493,3250,3263,0.4926,9.1352,1.4099,0.1202,-0.0955,0.0255,U
2146,438,476,1757,481,0.616,9.5331,1.0089,0.0116,-0.0165,0.0452,7
515,495,454,3270,3048,-0.0017,9.3359,0.6179,0.0543,-0.0221,0.0439,3
3069,3046,2893,3192,3154,-0.1805,9.1756,0.4202,-0.0029,-0.0229,-0.048,N
1689,588,564,602,1843,1.0663,8.8382,1.6572,-0.0195,-0.0272,-0.0357,6
1809,461,444,435,1759,1.078,9.173,1.658,-0.0103,0.0521,-0.0539,6
2872,1793,3088,3169,3078,0.4248,9.4085,0.7945,-0.053,0.0508,-0.008,X
2846,614,358,524,3248,-0.0156,10.1243,1.009,0.0272,0.0463,0.0051,W
2810,1797,3163,3156,3214,0.1812,9.428,0.8646,-0.1103,0.043,-0.0916,X
2907,620,3174,3173,3041,3.2041,7.5474,3.5653,-0.0152,-0.0553,-0.0481,Z
2905,513,3179,3300,3220,3.104,7.9805,3.9059,0.0202,0.0762,-0.171,Z
2816,477,3223,3113,3285,0.3414,9.6395,0.4088,-0.0726,0.0976,0.0162,1
2843,2948,2938,3136,3226,0.3367,9.1916,0.4106,-0.065,0.0905,0.0746,N
2527,3396,3396,3313,3451,0.1156,9.9849,0.6462,0.0381,-0.0954,-0.1129,S
2751,529,503,3105,3053,0.3103,9.5114,0.7191,0.0525,0.0688,0.0329,2
2926,1082,1036,3152,3238,-0.227,9.2144,0.9426,-0.0315,-0.0162,0.0918,R
444,3270,3298,3311,544,0.2897,8.9234,0.8049,0.0517,0.0097,-0.0209,Y
2715,382,516,3223,3064,0.6484,9.4177,0.4792,-0.0895,-0.04,-0.007,2
2831,286,499,3171,3210,0.2277,10.0846,1.5098,-0.0609,0.0065,0.0747,V
2595,2534,496,464,522,1.0739,9.4716,1.8501,-0.0449,-0.001,-0.0187,F
378,519,442,3220,3250,0.5438,9.5072,0.3815,0.028,0.0098,0.0937,3
2782,503,3266,3200,3173,3.2768,7.9023,3.8486,0.0335,-0.039,0.0584,Z
2754,530,3165,3389,3086,0.2611,9.7818,0.5461,-0.028,0.0616,0.0333,1
2219,1899,3234,3159,3105,0.5924,9.6281,1.1733,-0.0317,0.0703,-0.0221,9
2790,3230,3351,3503,3398,0.2002,9.3486,1.2522,0.0273,-0.0119,-0.0183,A
2995,2777,2834,2817,2771,0.2677,9.1651,1.2964,0.023,0.0459,-0.0155,E
2348,503,3224,3148,3125,5.1432,7.0653,1.7632,-0.0719,-0.0635,0.0598,G
2893,471,3370,3115,3180,0.0685,9.7191,1.0193,-0.0119,0.0211,-0.1454,1
2940,549,3184,3080,3115,2.2424,8.0817,4.1998,0.0358,-0.0307,0.064,Z
2769,453,455,3238,3089,0.4739,9.0217,1.1688,-0.0412,0.0448,0.0518,V
2230,456,1727,498,541,0.1339,9.3117,0.6326,-0.0586,-0.0273,-0.0421,8
2253,409,3225,3253,3056,4.6636,7.2664,2.2628,-0.0774,0.0398,0.0048,G
2724,3466,3384,3378,3239,0.6906,9.1282,1.018,0.0139,0.068,-0.0654,A
1835,1912,2003,1951,1916,0.9057,9.0303,1.7037,-0.0444,-0.0561,-0.0302,O
2874,394,3280,3102,3122,3.0413,7.8165,3.8337,-0.0765,-0.0165,0.0442,Z
3002,3087,3069,2939,3164,-0.0339,9.1607,0.9736,0.0196,0.038,0.0641,M
1764,1783,1829,1883,1643,0.8893,9.0641,1.2246,0.0866,-0.0318,-0.0021,C
2904,2763,2797,2821,2751,0.7208,9.4375,0.7637,0.0113,0.0982,0.0168,E
2880,545,429,3219,3229,-0.0193,9.1924,0.9421,-0.0227,0.0756,0.0861,U
3071,3099,3220,3267,499,1.5168,8.6159,2.9836,-0.0078,-0.0273,0.0043,J
2931,2769,2844,2964,2848,0.5418,9.6592,0.678,0.0058,-0.0015,0.0161,E
622,620,473,493,487,0.8421,9.3649,0.8265,0.0347,-0.0664,0.0384,5
1540,560,566,3123,3137,0.193,10.0786,1.1525,0.0232,0.0183,-0.066,K
2843,530,571,3186,3083,0.8133,9.0373,1.0929,0.029,-0.0706,0.034,V
3059,3108,3166,3276,582,0.16,9.4773,0.5902,-0.0599,-0.0317,-0.0807,I
2777,1165,1089,3197,3198,0.7244,9.8036,1.0188,-0.0709,0.02,-0.0503,R
2079,512,3205,3156,3266,4.4411,6.8396,1.8545,-0.0818,0.0747,-0.068,G
2769,500,438,3160,3172,0.0287,9.5811,0.8992,0.0214,-0.0404,-0.0303,U
2331,1858,3287,3187,3174,0.4358,9.1911,1.59,0.0698,0.0275,0.0849,9
2081,438,1890,525,463,1.0701,9.4011,1.3289,-0.0153,0.0229,0.0246,8
1494,457,489,3318,3089,0.1543,6.9343,5.7503,-0.0204,0.0903,-0.0149,P
1499,369,686,3218,3235,0.298,6.7378,6.0453,0.0145,0.0651,0.1039,P
2968,3059,3028,3280,3181,0.7808,9.7044,0.6533,0.0046,-0.0624,-0.0153,N
2892,538,3161,3340,3369,0.6044,9.3416,0.6221,0.0294,-0.0792,0.0596,1
3333,621,558,642,367,0.0427,9.4794,0.7164,-0.0525,0.0379,0.0685,B
3150,3055,3151,3067,3194,-0.0058,9.6605,0.7817,-0.0047,-0.0105,-0.1026,M
2868,1164,876,3213,3248,0.0139,9.5205,0.5293,0.0622,-0.0216,-0.0361,R
475,568,487,3122,3238,0.668,9.1309,1.3407,0.076,0.0313,0.0039,3
3205,483,423,506,520,-0.1725,9.8003,0.4534,-0.0954,-0.043,-0.0207,B
1536,387,661,3221,3166,0.3106,9.347,0.8623,-0.1224,-0.0049,-0.007,K
588,532,550,3155,3108,0.1513,8.9853,0.885,-0.0294,0.0506,-0.0517,3
616,574,462,584,448,0.588,9.6579,0.8449,-0.0997,0.0739,0.0209,5
2696,461,543,3148,3370,0.4324,9.6358,0.6181,0.0458,-0.0606,0.0158,U
2677,1222,934,3081,3109,0.2852,9.7049,1.1177,0.0738,0.0139,-0.0222,R
2546,2383,434,403,601,-0.1658,9.2793,0.3019,-0.0416,-0.0245,0.0692,F
1798,370,501,562,1877,0.4986,9.2925,1.2262,-0.0286,-0.0287,-0.0204,6
2873,1232,982,3113,3295,0.5749,9.735,0.9001,0.015,-0.0263,0.1251,R
2765,432,3131,3277,3131,2.9162,7.8594,4.3177,0.0769,0.0454,-0.0188,Z
509,572,3162,3297,3140,0.6801,9.0086,1.8093,0.0438,0.0234,-0.0197,L
1999,1675,3267,3232,3117,0.2992,9.3736,0.5925,0.1136,-0.049,0.0015,9
2645,456,555,491,3320,0.7021,9.3197,1.1464,-0.0028,-0.0423,0.047,W
513,3079,3253,3202,523,0.3507,9.0206,1.0616,-0.0641,-0.0684,-0.0179,Y
2688,1869,3240,3292,3188,0.4885,9.4261,1.0261,-0.0757,0.0159,0.0191,X
2958,3028,3061,2881,3199,0.5608,9.0436,0.7807,-0.0608,-0.0321,-0.1253,M
1925,1951,1964,1940,1934,-0.2287,9.4261,1.5203,-0.0399,0.018,0.0698,O
2883,382,3142,3167,3119,3.3123,7.6055,3.711,-0.0338,0.0421,0.0726,Z
2680,419,2726,2723,2841,0.1481,9.5461,1.0683,-0.0383,-0.0132,0.0183,D
3002,3120,3000,3236,3153,0.1302,9.7228,0.9283,0.0299,0.0188,-0.0668,N
2233,1737,3184,3238,3070,0.6397,9.4753,1.411,-0.0319,0.0556,0.0152,9
1910,1971,1995,2000,2051,0.323,9.488,1.4429,0.1301,-0.0795,0.0064,0
2761,412,3121,3268,3198,-0.0333,9.5231,0.3006,0.0125,0.1137,0.0103,1
2799,547,388,3115,3090,0.2813,9.6167,1.3003,-0.0415,0.0425,-0.0416,2
3057,3154,3080,3156,436,0.6085,9.646,1.2147,-0.0333,0.0437,0.142,I
1710,403,397,437,1822,0.348,9.7833,0.7668,0.0257,-0.0183,-0.0052,6
2691,402,457,3188,3076,0.5903,9.0626,1.5955,0.0213,-0.0076,-0.0189,V
3024,2931,3012,2925,3241,-0.0945,9.4981,0.7242,0.0556,0.007,0.0478,M
2157,431,570,1769,444,0.3119,9.1352,0.7886,0.0511,0.0583,0.0033,7
2243,570,3216,3166,3172,5.0077,7.0749,1.9558,0.001,-0.0759,0.0334,G
2124,603,1803,577,486,0.526,8.9769,1.2582,-0.0014,-0.0235,0.0314,8
2035,2041,1957,1999,1989,0.2732,9.1891,1.3263,-0.0564,-0.0402,-0.0129,0
1888,516,512,512,1740,0.6348,9.7126,1.6057,0.0215,0.0007,0.0938,6
2960,2723,2829,2706,2720,0.7459,10.0702,1.118,0.0553,-0.0123,-0.0669,E
551,506,3190,3278,3151,-0.0349,9.4217,1.857,0.0796,-0.0054,0.0022,L
2104,633,450,3124,3318,5.3033,7.3822,1.715,-0.0763,0.0067,0.0168,H
2194,1732,3181,3209,3248,0.3162,9.5428,0.9131,0.0159,0.1106,-0.0186,9
2942,2995,3123,2906,3262,-0.1344,10.1052,0.6709,0.1115,0.0864,-0.0053,M
2511,2540,553,311,394,0.5086,9.5717,1.3468,0.0236,-0.0192,-0.0164,F
2737,542,512,3142,3251,0.3908,9.7517,0.9169,-0.0341,-0.0038,-0.0929,U
2859,1333,1070,3322,2993,0.4787,9.6793,1.1081,-0.0563,-0.0253,0.045,R
2648,484,490,3317,3143,1.0059,9.0685,1.5271,0.1039,0.0897,0.098,V
2792,517,525,569,3265,0.5076,9.7457,1.4906,0.0444,-0.0264,0.0356,W
2755,720,526,3179,3161,0.9119,9.5055,0.8533,-0.1117,-0.0499,-0.0077,V
1705,1945,1754,1866,1816,0.7046,8.9982,1.7352,-0.0094,0.0597,0.0511,C
2125,529,1825,599,299,-0.1238,9.7814,1.1421,0.0467,-0.0446,-0.0195,8
1707,1926,1768,1810,1794,0.8021,9.2952,1.5378,-0.0238,-0.0652,-0.0447,C
2220,605,3245,3204,3251,5.1357,7.2261,1.3928,-0.0777,0.0502,-0.0753,G
2606,3470,3458,3377,3405,0.6548,9.0312,0.8413,0.0397,-0.0627,0.0147,A
2137,532,621,3200,3233,4.9035,6.5369,2.2902,0.0454,0.0355,-0.0091,H
2122,1696,3160,3174,2959,0.5058,10.0609,1.407,-0.0086,-0.0408,-0.0849,9
3194,3097,3126,3227,3226,-0.01,9.8855,0.778,0.0346,0.0015,0.014,N
1387,619,447,3278,3214,0.012,9.8757,1.0764,0.0668,-0.0091,0.0352,K
2487,2538,466,431,548,0.5567,9.4101,1.5268,-0.0057,0.0008,-0.03,F
3043,2966,3009,3132,3421,0.4389,9.7607,1.0177,0.0012,0.0582,0.0504,M
2957,3290,3211,3227,592,0.263,10.2181,0.6657,0.0999,-0.0487,0.0259,I
1819,1773,1809,1921,1830,0.888,8.8499,1.449,0.0818,-0.0092,-0.001,C
2811,1829,3065,3157,3099,0.127,9.6544,1.2268,0.0399,0.0121,0.0262,X
2416,1789,3230,3311,3229,0.4207,9.5145,1.1984,-0.1065,0.0502,-0.0311,9
405,550,493,425,562,0.8258,9.4465,0.8313,-0.0289,0.0201,-0.0596,5
2907,486,2908,2784,2867,-0.3656,10.3256,1.2486,-0.0142,-0.0986,0.0144,D
2052,1962,2059,1875,1942,0.5672,9.3534,1.5971,0.0096,0.0253,-0.0006,0
2089,404,429,1700,516,0.82,10.1117,0.6912,0.0364,0.0604,0.006,7
2281,382,500,3328,3180,5.2793,7.1479,2.2868,-0.0405,-0.0403,0.001,H
2262,1821,3265,3332,3075,0.3852,9.1711,1.8415,0.0299,0.0144,0.0598,9
2133,371,470,3289,3252,4.9995,6.875,1.8831,0.0054,-0.0534,-0.0174,H
2851,471,459,453,3218,0.4473,9.6047,1.3072,-0.1458,-0.0876,-0.025,W
2912,479,515,552,349,-0.2573,9.4016,0.964,-0.0336,-0.0063,0.0026,4
2151,1882,3103,3215,3063,0.5718,9.4509,1.7723,-0.0307,-0.0085,-0.012,9
2885,546,556,702,3233,0.533,9.5009,1.5814,0.1165,-0.0083,-0.0456,W
572,607,601,3106,3222,0.0835,9.3434,0.8556,0.0293,-0.0115,-0.008,3
2844,3322,3408,3293,3351,0.5959,9.0221,1.1321,-0.001,0.0276,0.0112,A
2939,3094,3237,3171,545,0.0987,10.0248,1.1003,0.0148,-0.0107,0.0426,I
2788,557,3034,3128,3220,2.5266,8.1084,3.8014,-0.0389,0.0256,0.0085,Z
2170,474,3181,3273,3189,5.3071,7.4614,2.2565,0.0267,0.0163,0.0433,G
609,3044,3234,3208,445,0.8648,9.8148,1.6974,-0.0148,-0.0723,0.009,Y
2761,554,3187,3085,3172,2.9837,7.4028,4.224,0.0,-0.0681,-0.0149,Z
3039,1184,935,3213,3085,0.4386,10.0501,0.5987,-0.0319,-0.004,-0.0251,R
3139,3345,3152,3284,528,1.5762,8.2911,3.7008,0.0179,0.05,-0.0106,J
3154,526,574,482,585,0.6358,9.4251,0.2489,-0.007,0.0154,-0.0262,B
1884,512,456,740,1799,-0.0136,9.5964,0.6475,0.0233,0.022,0.069,6
2826,1775,3090,3161,3250,0.9831,9.617,0.8827,-0.059,-0.0079,-0.0189,X
2002,2025,2099,2062,1945,0.1565,9.9122,1.0252,-0.0226,0.0323,0.0819,O
1623,555,509,3168,3098,0.5506,7.1756,5.8951,0.0307,-0.0166,0.0434,P
2755,463,2882,2769,2767,0.6398,10.0792,0.9934,-0.0327,-0.0255,0.004,D
2823,494,2807,2756,2759,0.3862,9.8831,0.6205,-0.0434,0.0307,-0.0016,D
1600,563,505,3300,3049,0.4748,7.093,6.0966,-0.0805,-0.0508,-0.0083,P
1903,3277,3185,3266,3202,0.4026,9.5492,1.444,0.0093,0.0555,0.0523,T
3122,540,441,673,595,0.2638,10.0081,0.8318,-0.0282,-0.0408,0.0039,B
2372,419,3286,3142,3130,4.7766,6.9843,2.174,0.0335,-0.0472,-0.0495,G
1402,484,455,3292,3153,0.1743,7.308,6.0779,0.1056,-0.0431,-0.0259,P
547,3341,3252,3313,470,0.5288,9.1936,1.0021,0.0534,0.0284,0.0249,Y
2112,511,1798,385,567,-0.0009,9.2764,0.9743,0.0745,0.026,0.0155,8
2817,3015,3072,3190,3239,0.1462,9.1336,0.8005,0.034,-0.0662,-0.0233,N
1846,509,457,437,1803,0.797,8.5122,1.4816,-0.0145,-0.0084,0.0348,6
3073,3160,3215,3209,451,0.3221,9.9008,0.856,0.0113,-0.0353,0.0984,I
2716,1071,1029,3186,3228,0.4562,9.8269,0.9221,-0.049,0.029,0.0111,R
2529,3354,3505,3315,3336,0.5851,9.7387,1.4079,0.0236,0.0175,0.0525,S
2659,607,3208,3278,3232,2.8989,8.1273,3.9698,0.0145,0.0301,0.0073,Z
1525,468,585,3162,3325,0.4334,9.8689,0.9659,0.0036,0.0613,0.1097,K
1510,532,488,3168,3301,0.3728,6.6354,5.6701,0.0124,0.1501,-0.0488,P
2693,3430,3448,3444,3486,0.7502,9.6378,0.979,-0.083,0.0215,0.0104,A
2672,1696,3183,3247,3164,-0.0082,9.2925,0.72,-0.0862,0.1112,0.0616,X
443,508,470,3115,3150,0.5649,9.4102,1.0082,0.0362,0.0578,0.1327,3
2302,623,3131,3208,3253,5.4549,7.2155,2.0873,0.0333,0.0337,-0.0464,G
2967,3248,3293,3219,497,0.5488,9.3432,0.5136,-0.0133,-0.0246,-0.0402,I
2087,1836,3200,3224,3328,0.2924,9.2891,1.274,-0.0851,-0.0737,0.0682,9
2272,590,3089,3209,3085,0.7653,7.1267,6.2236,0.0767,0.0168,0.0113,Q
2883,1150,872,3275,3305,0.0535,10.1882,0.9749,0.0217,-0.0258,0.0509,R
2852,426,3233,3228,3034,3.0372,7.7844,4.3279,0.0118,-0.0124,0.0759,Z
1534,540,419,3155,3267,0.8271,8.9179,0.8296,0.0012,-0.044,-0.0411,K
2183,339,1781,521,536,0.6426,9.3257,1.4692,0.0482,0.0065,-0.0347,8
3062,3191,3217,3212,498,1.1815,9.4,0.5973,0.0347,-0.0298,-0.0146,I
2520,2552,526,581,462,0.9226,9.7331,1.5248,-0.033,-0.0084,0.012,F
2846,459,411,3232,3221,-0.3641,9.2457,0.5983,0.0262,-0.0761,-0.016,2
2012,3218,3315,3188,3219,-0.3264,10.0213,1.1173,-0.0054,0.0454,-0.0591,T
2258,535,463,1803,489,0.4081,9.0983,1.0314,0.0163,0.0722,-0.0503,7
2907,3192,3272,3201,538,0.0385,10.0463,0.9685,0.0524,0.0183,0.0412,I
2872,729,410,3233,3223,0.8951,9.6999,1.612,-0.1068,-0.0718,-0.0533,V
2978,3205,3216,3148,402,1.385,8.8802,3.1489,0.0181,0.0633,-0.0628,J
425,3190,3078,3172,426,-0.4138,9.963,1.2683,-0.0471,0.0811,-0.0586,Y
3015,3305,3227,3249,626,0.3986,9.5632,0.5544,0.1011,0.0263,-0.0472,I
3032,2727,2874,2834,2774,0.8803,9.9669,1.2799,-0.1509,0.0789,0.0397,E
414,497,478,536,592,0.1951,9.6108,1.0737,0.0062,0.0728,0.008,5
1755,558,448,569,1725,-0.0002,8.8609,1.0379,-0.0404,-0.0426,0.0492,6
2789,632,591,3051,3319,0.6222,9.6342,0.9107,0.0246,0.0688,-0.0207,U
3018,2848,2912,2775,2754,0.6615,9.6529,0.9438,0.0696,-0.0106,0.0016,E
2811,1286,979,3141,3223,0.4367,9.863,1.3614,-0.0229,0.0098,-0.0635,R
2959,412,3183,3150,3256,2.6249,7.5289,4.2496,0.0119,-0.0593,-0.0034,Z
3079,3341,3166,3160,525,1.9452,8.5956,3.4688,-0.0239,-0.0152,0.0087,J
2226,413,443,1839,435,0.3771,10.0909,1.1919,0.0297,0.0992,-0.0379,7
2721,3407,3460,3266,3443,0.3012,9.6712,0.771,-0.0902,-0.0814,0.0024,A
2753,1100,961,3215,3230,-0.006,9.8416,0.4426,0.0219,0.0169,-0.0467,R
2054,363,3258,3154,3234,5.0343,6.9499,1.9711,-0.0433,-0.0008,-0.0292,G
2987,2986,2874,2912,3194,0.6343,9.4228,0.68,0.0891,-0.0148,-0.0064,M
1760,1707,1821,1734,1758,1.3976,9.2481,1.5474,-0.0636,0.0106,0.0531,C
2044,3042,3131,3008,3220,0.8721,9.328,0.7625,0.0892,0.0314,0.119,T
3060,3120,3151,3251,596,0.7757,9.9167,0.7028,-0.0771,0.0703,0.0685,I
3015,2598,2834,2831,2801,0.6675,9.2983,1.1009,-0.0783,0.0204,0.0977,E
1482,467,415,3239,3245,0.6179,6.7027,6.0472,-0.0003,0.0154,0.0065,P
2859,536,519,418,3240,0.5387,10.0007,0.812,-0.0362,-0.0793,-0.0109,W
2799,391,437,3207,3237,0.0945,9.2973,0.8347,-0.0421,-0.01,0.0888,2
2783,1667,3115,3329,3111,0.0478,9.7009,1.259,-0.0833,0.0124,-0.0274,X
486,3145,3224,3136,488,0.2965,8.979,1.2364,-0.033,-0.0521,0.0639,Y
2244,558,3227,3178,3279,5.0198,6.8605,1.9458,-0.0873,-0.0091,0.0344,G
2767,421,428,3298,3249,0.6183,9.7875,0.8567,0.0159,0.0296,-0.0301,U
1362,498,638,3217,3169,0.3315,6.9522,5.7601,-0.0021,0.0721,0.0665,P
2800,601,582,3193,3204,0.4568,9.9774,0.7484,-0.0254,0.0466,-0.0573,U
2142,675,520,1827,449,0.7127,9.8615,0.8185,0.0534,0.067,-0.1034,7
2756,537,3134,3200,3101,3.0686,8.0194,4.1647,0.0234,0.0015,0.102,Z
2642,427,479,3314,3113,0.6183,8.8679,1.8466,-0.023,-0.0169,-0.0174,V
2431,2494,487,455,684,0.3711,9.7015,1.0822,-0.0543,0.0051,0.0325,F
2851,635,2826,2851,2774,-0.1086,9.3948,0.7973,0.003,0.0963,0.0041,D
2363,490,1808,417,452,1.0505,10.2254,0.4434,0.0029,0.0934,0.0099,8
2549,3247,3441,3324,3304,0.5616,9.9016,1.0649,-0.0678,-0.0335,-0.0209,S
492,514,3285,3106,3222,0.0413,9.5309,1.4677,0.0968,-0.0773,0.0685,L
1451,449,671,3333,3258,0.2971,9.8602,0.66,0.0538,0.0464,-0.0076,K
380,3141,3159,3343,505,0.3449,9.317,0.8925,-0.0452,-0.0374,-0.051,Y
2216,547,632,1695,553,0.4656,9.347,1.2419,-0.0056,-0.004,0.0157,7
3122,2910,2811,2896,3230,0.2646,9.8256,0.9505,-0.0318,-0.0245,-0.0193,M
2807,567,424,3204,3253,0.5788,9.9426,0.5393,0.0144,-0.0657,-0.0362,U
451,559,418,515,501,0.3755,9.8586,1.1398,0.049,-0.0125,-0.0362,5
2923,3360,3173,3146,487,1.9049,8.9703,2.6957,0.059,0.0061,0.0604,J
3008,3295,3314,3181,512,2.2953,8.1012,3.1214,-0.0414,-0.0086,-0.023,J
2209,341,3167,3170,3187,0.3422,7.1989,6.2573,0.0455,0.0308,0.068,Q
2854,515,460,3156,3089,0.6367,9.5638,1.2289,-0.0224,-0.0149,-0.0567,U
1519,518,491,3260,3207,0.5446,7.0641,5.8186,-0.0134,0.0278,0.0276,P
1760,1758,1735,1772,1861,0.6838,9.1283,0.9894,-0.0281,-0.0165,0.0837,C
469,395,3276,3292,3220,0.3355,8.9327,1.5257,-0.0674,-0.0744,-0.001,L
2829,490,465,3272,3193,0.8003,9.57,2.1572,-0.0222,-0.0438,-0.0495,V
565,526,566,3291,3217,0.7322,9.206,1.2436,0.0304,0.072,0.0087,3
2834,579,3209,3114,3103,0.1336,9.3373,0.9728,0.0234,0.0722,-0.0145,1
2799,3328,3406,3345,3478,0.4559,9.2524,0.9036,0.0206,-0.0282,-0.0411,A
2904,3352,3199,3156,609,2.3737,8.7762,2.829,-0.0143,0.0156,0.0347,J
2738,594,478,3158,3231,0.1605,9.5905,1.3239,-0.0307,0.0338,-0.0292,U
2378,394,3143,3255,3219,0.993,7.216,6.4756,0.0522,0.0581,-0.033,Q
2975,3252,3048,3290,3261,0.5506,9.7421,0.9096,-0.0725,0.0179,-0.0054,N
2733,1790,3194,3116,3214,-0.0129,9.5147,0.9467,0.0201,0.0606,-0.0185,X
1958,439,1761,573,474,0.4546,9.3676,1.5531,0.0198,-0.0325,0.0352,8
2895,402,3169,3059,3190,2.7519,7.6497,3.9926,0.0941,0.0398,-0.0126,Z
2861,457,2799,2831,2862,-0.2333,9.8144,0.7299,0.0354,0.0388,0.0804,D
2660,594,587,487,3118,0.0428,9.1888,1.3876,-0.0394,0.0954,0.0745,W
3001,2999,2860,3039,3122,0.7308,9.1632,0.8178,-0.1108,-0.1077,-0.042,M
2442,2411,520,561,567,0.7723,9.2508,1.4144,0.0155,0.0067,-0.0306,F
3126,2651,2759,2629,2802,0.4815,9.9772,1.0362,0.0522,0.0292,-0.0218,E
506,358,510,3315,3251,0.5645,9.6061,0.4489,-0.0988,0.0447,0.0643,3
2942,2804,2809,2824,2868,0.0211,8.9267,0.8298,0.0901,0.1011,0.0916,E
1997,1871,2038,2178,1948,0.4494,9.3642,1.7959,0.0203,0.046,-0.0253,O
2909,3410,3365,3409,3443,0.5147,9.5122,0.7894,-0.0331,-0.0701,0.0875,A
2055,603,1811,436,391,0.4917,9.5108,0.6764,-0.0015,0.0518,0.0776,8
2052,3334,3121,3128,3105,0.3237,9.5157,1.0065,0.0449,0.0196,-0.0029,T
3071,3008,3081,3069,3101,0.4424,9.8207,0.8838,-0.0941,-0.0531,0.0208,N
2233,379,3306,3290,3192,0.236,7.2379,6.1556,-0.0502,-0.0027,0.0759,Q
3064,419,428,495,640,0.823,9.6897,0.3217,0.0081,-0.0104,0.0011,4
3013,522,381,413,368,0.6614,9.7855,1.1312,0.081,0.022,-0.003,4
2809,488,470,3327,3191,0.0302,9.8931,0.5832,-0.0055,-0.0452,0.0106,U
2981,3046,3153,3254,615,1.6536,8.1522,3.0091,-0.1038,-0.0222,-0.0868,J
2156,1883,3142,3220,3189,0.0881,8.9949,1.1212,-0.0197,0.0338,-0.0928,9
3006,533,2849,2891,2686,0.8257,8.8473,0.5694,-0.023,0.0291,0.0109,D
2205,1706,3126,3301,3050,0.747,8.9176,1.1714,-0.0311,-0.0222,0.0671,9
2778,1221,1034,3186,3301,0.8798,8.912,1.0444,-0.0447,-0.1296,0.0259,R
2098,1975,1950,1844,2005,0.6137,9.31,1.267,0.0622,0.0316,0.0656,O
1540,455,546,3278,3253,0.431,7.0287,5.8156,-0.0028,-0.0512,-0.0392,P
3067,3306,3173,3180,487,2.0825,8.3257,2.1317,0.0596,0.0897,-0.0306,J
2604,2442,479,313,638,0.2789,9.4981,1.1696,-0.0049,0.0405,0.0836,F
2866,474,3270,3258,3176,3.2461,8.2791,3.6727,0.048,-0.006,-0.0124,Z
1926,3119,3177,3300,3242,0.3538,9.5049,0.9043,0.0369,0.043,0.0296,T
3035,3039,2994,3182,3275,0.0439,9.4977,0.6434,0.0547,0.0143,-0.0532,N
2893,475,567,430,507,0.0439,9.4747,0.3457,0.1159,0.0153,-0.0163,4
3107,3134,2959,3262,3314,0.4204,9.9855,0.7892,0.0197,-0.0311,-0.0082,N
613,599,3201,3211,3106,0.8964,9.1037,1.7534,0.0676,0.0024,0.0484,L
3031,3170,3267,3182,447,-0.1404,9.895,0.8037,0.0105,0.0523,-0.0239,I
2166,436,1623,597,566,0.5496,9.2821,0.8483,-0.0168,-0.012,0.0398,8
536,574,3174,3194,3253,0.4483,9.3102,1.2734,-0.0386,0.1334,-0.0098,L
2910,528,463,479,551,0.015,9.602,0.3418,-0.0057,0.0248,0.0396,4
2611,508,726,3289,3160,0.5632,9.4821,1.1044,-0.0407,0.0604,0.046,2
2720,504,3350,3188,3210,0.3559,9.4451,0.2573,-0.0405,-0.0149,0.0221,1
2800,1908,3211,3355,3164,0.3734,9.4758,0.6096,0.0553,-0.0167,0.0129,X
2959,2888,2994,3287,3381,0.3726,9.3873,0.5691,0.0482,-0.0498,0.0311,N
1953,1923,2030,2031,2011,0.1968,8.5034,1.5167,-0.0917,0.0159,0.0974,0
2074,1959,1934,1990,2029,0.1378,9.2436,1.5315,0.0669,-0.1264,0.0308,O
2884,3417,3395,3422,3441,0.6936,9.6667,1.0269,-0.0099,-0.0076,-0.0097,A
2261,518,3159,3111,3204,0.3905,7.0634,6.4036,-0.0148,0.0079,0.0176,Q
449,544,468,567,518,0.251,9.451,0.9595,0.0083,0.0181,-0.0225,5
514,518,485,649,542,0.8455,9.3225,0.7083,-0.0383,0.0315,0.0824,5
2199,436,3410,3186,3303,4.5293,6.841,2.0291,-0.0454,-0.0211,-0.0109,G
492,541,3214,3244,3113,0.0234,9.4254,1.1312,-0.0433,0.0466,0.0095,L
1890,494,529,565,1888,0.5162,9.2558,1.2612,-0.0849,0.0147,0.0433,6
2196,499,1795,513,621,0.6175,9.1873,1.0845,0.0173,0.0188,-0.074,8
2901,546,3298,3356,3132,0.5428,9.5202,0.969,-0.0594,0.0459,-0.0277,1
3009,607,706,565,530,-0.3003,10.0154,1.1682,0.0767,0.0398,-0.0475,4
2093,1871,3222,3236,3301,0.2868,9.1956,1.3634,0.052,0.0119,-0.0036,9
2917,3188,3067,3233,486,0.2878,9.9612,0.6629,-0.0126,0.0011,-0.092,I
3110,2624,2686,2854,2801,0.5817,9.5193,1.1713,-0.0407,0.0285,0.0497,E
2576,3421,3399,3492,3441,0.0391,9.6894,1.2849,-0.0619,-0.1134,-0.0521,S
3105,2973,3019,3046,3202,-0.1173,9.3185,0.3925,0.0246,-0.0592,0.0096,M
2709,496,2682,2875,2804,0.4267,9.4601,0.6898,0.0144,-0.0582,-0.0179,D
2909,442,721,3310,3215,1.25,9.1075,1.417,0.0232,-0.0346,-0.0642,V
2983,2793,2843,2920,2889,-0.0258,9.5672,1.221,0.0309,-0.0315,0.1457,E
3261,535,441,518,351,0.381,9.7894,0.6916,0.0529,0.0184,0.0074,B
2466,2501,452,526,457,0.7406,9.7648,0.9842,-0.0065,0.0231,-0.0218,F
3056,3010,2922,3291,3246,0.9075,9.2537,1.0588,0.0275,-0.0171,0.0682,N
1790,509,381,600,1829,0.7552,9.2663,0.9663,-0.0285,-0.0055,-0.0213,6
3022,2997,2994,3179,3218,-0.0889,9.8435,0.5367,-0.0125,0.0165,-0.0464,N
2973,2789,2701,2767,2944,0.5737,8.7527,1.365,0.0545,-0.018,0.0359,E
2092,482,1786,344,545,0.8886,9.7012,1.039,0.0443,-0.0297,-0.0441,8
415,441,458,3217,3192,0.4515,9.4226,0.7368,-0.0231,0.1217,0.035,3
2715,3437,3326,3523,3337,0.4034,9.7441,0.6307,0.0114,0.0654,-0.0804,A
2386,2473,450,463,395,0.9379,9.8806,1.4934,0.0635,-0.0172,-0.0318,F
1832,431,544,761,1779,0.0254,10.0312,1.3047,-0.0065,-0.0187,-0.0526,6
2141,2062,1963,2183,1904,0.2562,9.3668,1.0407,0.0895,0.0092,-0.0395,O
1982,1997,1945,1955,2067,0.6409,9.6395,1.6011,-0.0437,0.0212,-0.0476,O
2032,3226,3153,3069,3195,0.3767,9.3062,1.3839,0.0287,0.0067,-0.018,T
2106,436,3177,3124,3159,4.9508,7.1207,2.2848,-0.0232,0.0668,0.0469,G
2662,442,2832,2832,2897,0.2565,9.7217,0.8049,-0.0493,-0.1128,0.0216,D
2139,1939,3293,3157,3184,0.0913,8.9809,1.5357,0.047,-0.0138,0.0922,9
1760,412,390,558,1634,0.8165,9.0139,1.0657,-0.0584,-0.046,-0.0112,6
2007,3226,3083,3114,3325,0.3803,8.6909,0.9094,-0.0016,0.011,-0.0999,T
2218,599,507,1920,424,0.6968,8.7444,0.649,-0.053,0.0007,-0.0442,7
611,554,640,3175,3256,0.7199,9.8232,1.106,0.0557,-0.0315,-0.0028,3
2725,503,2854,2634,2969,0.2151,8.9925,0.8474,0.0017,-0.0041,0.0496,D
3062,3045,2903,3114,3230,0.6158,9.9111,0.4991,0.0495,-0.0888,-0.0101,N
2493,3346,3351,3532,3449,0.573,9.8218,1.1853,0.0934,-0.1047,-0.0499,S
2765,444,431,3147,3155,0.3635,9.1538,1.1875,0.0394,0.0165,0.0166,V
2942,3046,3064,3114,3237,0.3391,9.7725,0.7198,-0.0137,-0.0887,0.0447,M
2307,1779,3238,3102,3295,0.8455,9.4897,1.0158,-0.0718,0.1137,-0.0203,9
2988,648,468,576,511,0.3446,9.1047,1.1304,0.0418,0.0094,0.0517,4
659,540,459,444,374,0.7198,9.6187,1.1858,-0.0643,0.0368,-0.0119,5
2936,3060,3002,2884,3029,0.3894,9.3512,0.9293,-0.0388,0.0067,-0.0189,M
1940,1970,2070,2004,1996,0.394,9.0723,1.2103,-0.0255,-0.0064,0.0177,0
2238,470,448,1791,519,0.7901,9.351,0.425,-0.0099,0.0128,0.0091,7
601,3156,3092,3067,482,0.4312,9.5994,1.2033,0.0689,-0.0606,-0.0593,Y
1771,1859,1792,1713,1767,1.0254,9.2731,1.4449,-0.0605,0.0028,0.0057,C
2187,451,405,3196,3167,5.2065,7.1995,2.3302,-0.063,0.0201,-0.0364,H
1789,538,574,529,1940,0.6316,9.2397,1.5852,-0.061,0.0267,-0.0075,6
2189,472,3111,3215,3380,0.6241,7.0811,6.3,0.0296,0.0079,-0.0031,Q
2019,3237,3184,3232,3268,0.452,9.2926,0.9937,0.0878,0.0167,0.062,T
3067,3271,3391,3238,557,0.1588,9.7624,0.686,0.0058,0.0087,-0.0176,I
1864,2011,2049,1892,1913,0.8362,9.774,1.4501,-0.0225,0.0099,0.0678,0
1598,535,540,3112,3118,0.7451,7.073,5.9648,0.011,0.0754,0.0362,P
3208,606,525,451,536,0.0623,9.4916,0.1537,-0.0876,-0.0195,0.0079,B
2905,3194,3325,3166,401,0.2546,9.3856,0.3985,0.007,-0.0355,-0.0312,I
2258,430,1719,435,383,0.5968,9.6567,1.057,0.0355,0.0216,0.0294,8
422,517,404,633,513,0.394,9.1584,0.9324,-0.0038,-0.0537,0.0075,5
2231,509,3318,3275,3299,-0.1097,7.4738,6.58,0.0204,0.0448,0.0011,Q
2711,641,480,3247,3214,0.3317,9.7671,1.1955,0.0389,-0.0122,-0.0042,U
518,3408,3247,3161,651,0.0109,9.1554,1.3333,-0.0002,0.0173,0.0218,Y
1944,1971,2011,2012,2080,0.7886,9.5562,1.2003,-0.0481,-0.0444,0.0118,O
565,468,541,634,512,-0.1877,9.5146,0.9716,-0.0063,-0.0798,0.0138,5
3048,3109,3074,3205,364,-0.0896,9.827,0.7386,0.0643,-0.0602,-0.0047,I
2748,1938,3231,3158,3226,0.9497,9.5269,1.46,-0.0574,-0.0426,-0.107,X
2180,542,3270,3279,3235,4.4598,6.8976,2.6912,0.0187,0.0184,0.018,G
1567,379,477,3322,3144,0.3841,7.4212,5.8378,0.0561,-0.0455,-0.1444,P
2099,506,608,1749,447,0.742,9.0692,1.0595,-0.0309,-0.0216,0.0852,7
2026,2075,2101,2001,1969,1.1711,8.5259,1.7602,-0.0072,0.0285,0.002,0
1978,3232,3210,3321,3088,0.3318,9.7758,1.2441,-0.0021,0.0696,0.0117,T
439,624,3204,3274,3218,0.8943,8.8003,1.4435,0.0822,0.0478,0.0663,L
2895,526,580,3214,3245,0.5969,10.1722,1.1224,0.0224,-0.0674,-0.1208,U
2846,636,430,3165,3316,0.7129,9.5293,1.8867,-0.0628,-0.0204,0.0602,V
2140,391,3067,3099,3125,0.2717,6.7474,6.8061,-0.0454,0.0713,-0.0242,Q
465,452,398,3226,3355,1.0137,9.5902,0.8751,0.0191,-0.0162,-0.032,3
447,403,638,520,309,0.2715,9.3045,0.7824,0.0546,0.0126,0.0318,5
2093,490,630,3265,3126,4.9783,6.7497,1.9812,0.0521,0.0327,0.1242,H
2748,586,3182,3191,3230,0.167,9.4667,0.5922,-0.0691,-0.0806,-0.0346,1
2751,452,3118,3288,3158,0.706,9.4514,0.3203,-0.0226,-0.045,-0.0293,1
3004,3131,2988,2971,3198,0.9538,9.8256,0.5199,0.0014,0.0166,-0.0528,M
1512,405,521,3200,3104,0.6759,9.7514,0.9131,-0.0099,0.0363,-0.01,K
2133,1847,3202,3287,3181,0.8703,9.447,0.812,-0.0407,-0.0293,0.0057,9
2232,448,3288,3231,3289,4.6749,7.3115,2.6318,0.0382,0.0395,0.0085,G
2875,546,339,426,3295,0.1192,8.5795,1.7494,0.0148,-0.0342,-0.0424,W
2188,538,3321,3208,3211,5.0054,7.5346,1.8893,-0.0015,0.0732,0.0074,G
475,499,3199,3248,3214,0.8692,9.4723,1.2508,-0.0234,0.0302,-0.0807,L
2945,3122,3071,3188,549,1.5069,8.4928,3.0843,-0.0495,0.0711,-0.0193,J
2070,563,411,1815,470,0.2289,8.8999,0.5803,-0.0038,-0.0465,-0.0159,7
2718,3348,3302,3402,3338,0.5701,9.0332,1.0993,0.0417,-0.0997,0.0187,A
2908,436,526,503,553,-0.3761,9.519,0.7679,-0.0819,-0.0344,-0.0011,4
2094,2061,2028,2046,2010,0.7003,9.3214,1.7649,0.0646,-0.041,-0.0351,0
241,3122,3374,3266,491,0.3404,9.4757,1.7938,-0.0635,0.0746,0.0199,Y
1815,1692,1801,1952,1881,1.4931,9.1173,1.8503,-0.0362,-0.0322,-0.137,C
2576,3362,3359,3318,3327,-0.0052,9.2891,1.4781,0.0345,0.0639,-0.0475,S
2119,575,3131,3154,3222,0.3639,7.7078,6.7792,0.0009,0.0184,-0.1178,Q
1986,1984,1948,1940,1976,0.0064,8.8127,1.5294,0.0057,0.044,-0.0128,O
3059,2877,3103,3107,3260,0.3238,9.2157,0.9584,-0.0473,0.0534,-0.0355,N
2678,1172,941,3095,3269,0.4023,9.8414,0.7165,0.0493,0.0039,-0.0236,R
2740,308,571,3199,3276,0.3276,9.6064,1.2493,0.0059,-0.0238,-0.0044,U
2074,554,516,1770,413,0.1559,9.332,1.5506,0.032,-0.0355,-0.0271,7
3158,539,603,411,470,0.1546,9.2813,0.6774,-0.0362,-0.0098,-0.0226,B
3022,399,520,581,569,0.5706,10.4663,0.7197,-0.0452,0.0228,-0.044,4
2950,566,3254,3064,3197,2.8045,7.5468,3.6184,0.0334,-0.0279,-0.0738,Z
2116,3205,3260,3203,3211,0.0613,9.4327,0.4616,-0.0069,0.066,0.0389,T
2365,2443,565,594,398,0.8139,8.8158,1.1732,0.0556,-0.0276,-0.0753,F
1970,1938,1965,2066,2050,0.6486,9.1201,1.3828,-0.0066,-0.0447,-0.0055,0
3206,544,431,502,327,0.4629,9.2316,0.951,-0.0165,-0.0106,-0.0314,B
2780,532,591,453,3152,0.9624,9.2345,1.183,0.0856,0.0034,-0.0124,W
2711,523,504,3253,3338,1.0564,9.8159,0.812,-0.0181,0.1243,-0.0384,2
2981,3108,3056,3157,3167,0.4142,9.4282,0.7903,0.0658,-0.0415,-0.0224,N
2778,535,3223,3188,3296,-0.0826,9.7352,0.3259,0.0821,-0.0087,0.0961,1
484,429,488,3133,3371,0.0228,9.1191,0.9287,0.0047,0.005,0.0459,3
2025,1983,1965,1938,1935,0.4605,9.2292,1.8018,-0.019,-0.0166,-0.0146,0
1546,515,507,3168,3221,0.2423,7.211,5.3953,0.0679,-0.0656,-0.0534,P
3131,514,738,529,474,0.4765,9.8448,0.626,0.0303,0.1028,-0.0565,B
2037,3268,3091,3222,3272,0.5531,9.4758,1.783,0.0965,0.0005,-0.0095,T
1475,489,377,3059,3240,0.6965,7.1823,5.6238,0.024,-0.0495,0.0204,P
536,3189,3105,3134,370,0.4846,10.2505,1.4694,-0.021,0.0108,-0.0575,Y
2789,605,523,501,3245,0.2576,9.7832,1.1689,-0.0817,-0.0398,0.0185,W
2859,1768,3306,3050,3270,0.2176,9.6125,1.1251,-0.0696,0.0499,0.0197,X
1576,481,505,3244,3021,0.402,9.3771,1.3666,0.0364,-0.0814,0.0631,K
2855,377,535,3214,3236,0.1136,9.6242,0.6549,0.0522,-0.0043,-0.03,2
2144,501,609,1757,514,-0.0517,9.6079,0.8786,0.0262,-0.0422,0.016,7
2175,1732,3367,3343,3266,0.6686,9.1404,1.5262,0.0182,-0.0318,0.007,9
2144,1946,3201,3206,3221,0.265,9.502,1.3045,-0.0005,-0.0033,-0.0111,9
2927,3062,3214,3199,378,0.2834,9.4278,0.8028,0.0363,0.0746,0.0454,I
2728,447,2756,2774,2821,0.5146,9.5847,0.8048,0.0072,-0.0258,-0.0463,D
1419,488,309,3206,3167,0.6585,6.4042,6.0019,0.0788,0.0338,0.049,P
2592,2577,539,409,695,0.1789,9.6848,1.3294,-0.0587,-0.0062,-0.0039,F
519,526,495,3182,3194,0.3028,9.4967,0.5129,0.0087,-0.0602,0.0047,3
2161,1787,3141,3074,3213,-0.1869,8.724,1.2134,-0.0091,0.013,0.0332,9
2278,475,1839,407,608,0.5407,9.6841,0.6128,-0.0375,0.01,-0.0541,8
3271,403,558,501,423,0.0779,9.9059,0.5318,0.0292,0.0988,-0.0782,B
477,451,3062,3207,3223,0.2987,9.7263,1.3692,-0.0319,0.0263,-0.0771,L
1627,386,650,3207,3185,0.686,6.3798,6.4141,0.0929,0.0544,-0.1051,P
2899,501,433,3083,3318,0.0428,9.6187,0.5076,0.0983,0.0049,-0.0673,U
2852,2819,2870,2683,2726,0.764,9.6599,0.8148,0.0601,0.0603,0.0135,E
2958,400,629,420,297,-0.122,9.6159,0.5849,0.0065,0.0171,-0.0312,4
2255,1834,3173,3233,3124,0.3324,9.7492,1.5374,-0.0549,-0.031,-0.0278,9
2251,569,3336,3296,3235,5.2712,6.7342,2.2329,-0.0503,-0.0184,-0.1541,G
2958,565,3314,3174,3218,-0.0215,9.6165,0.3343,0.0244,-0.0353,-0.0418,1
2876,3185,3208,3301,574,0.666,9.8161,0.8998,-0.0614,0.0075,0.0298,I
2797,448,450,487,3194,0.0347,8.6433,1.32,0.007,-0.0685,0.0218,W
2794,550,518,3140,3219,0.5574,9.848,1.5716,-0.0469,-0.0196,0.038,V
2488,3543,3268,3405,3281,0.1897,9.288,0.9199,-0.0594,-0.0036,0.023,S
2093,1974,2014,2012,2147,0.749,9.1578,1.6055,0.0402,-0.0588,0.0247,O
609,430,388,566,606,0.2529,9.8123,1.2311,-0.0854,-0.0318,-0.0238,5
2120,442,1836,458,514,0.4473,9.7307,0.7534,0.0808,-0.088,-0.0163,8
3129,3016,2882,2923,3230,0.0042,9.5701,0.5573,-0.044,-0.0383,-0.0337,N
2736,531,3231,3250,3226,0.8744,9.7626,1.1746,0.0319,0.0137,0.0446,1
2299,603,3200,3181,3241,0.819,7.1657,6.3705,-0.0306,-0.0555,0.0097,Q
2777,625,474,3222,3107,0.272,9.3265,1.1554,-0.0379,-0.0325,0.0149,2
2795,512,2852,2716,2935,0.3735,9.818,0.6116,0.0643,-0.0129,0.0139,D
2840,516,2842,2790,2797,0.5717,10.3037,0.38,-0.0052,-0.059,0.0796,D
2943,2932,3045,2873,3138,0.3869,9.2388,0.6019,-0.1106,0.0303,-0.0344,M
1982,427,518,446,1767,0.2749,8.7507,1.317,0.0328,-0.0332,0.1303,6
532,459,613,3165,3191,0.5812,9.7728,1.0036,0.071,-0.0201,-0.049,3
2187,649,3199,3256,3139,5.1509,7.0825,1.983,-0.0251,-0.0319,0.0141,G
1991,1911,1922,1949,2000,0.6454,9.2418,1.2734,-0.0005,-0.1037,-0.0608,0
443,388,3096,3170,3354,0.3246,9.8342,1.4608,-0.0591,-0.0237,-0.064,L
470,3273,3241,3281,535,0.8692,9.4257,1.0871,-0.0045,-0.0019,-0.1633,Y
2940,2915,2885,3175,3273,0.3769,9.2392,1.4458,0.0325,0.0389,0.0643,N
1890,1974,1979,1991,2101,0.8074,9.2503,1.7997,0.0592,-0.0284,-0.0299,0
2809,429,3374,3249,3197,0.3255,9.2826,0.1403,0.0661,0.0818,-0.1108,1
358,430,483,540,573,0.381,9.8878,1.1828,0.0299,-0.0138,0.0158,5
2209,1806,3199,3369,3153,0.5238,9.3457,0.9651,-0.019,0.0014,-0.0592,9
2194,675,3173,3103,3201,0.5587,7.1687,6.7267,0.0978,-0.0298,-0.0343,Q
2754,541,3134,3130,3230,-0.2375,9.5552,0.7568,-0.0917,-0.088,-0.0717,1
2170,556,1821,334,474,0.3267,9.6227,1.0956,-0.0123,-0.0567,0.0241,8
3033,396,422,495,364,0.6367,9.5353,0.8411,-0.0491,0.0323,-0.0071,4
3105,601,580,367,456,0.1414,9.4212,1.1986,-0.0906,0.0195,0.0372,4
2925,3135,3225,3275,722,0.5945,9.2489,0.5698,0.1139,-0.0107,0.0024,I
1378,425,364,3084,3147,0.9013,7.1043,6.0195,0.0673,0.0192,0.0239,P
3075,2856,2798,2756,2692,0.8261,9.6776,0.788,0.036,-0.0035,-0.0144,E
2951,2641,2962,2869,2733,0.3154,9.3089,1.4628,-0.071,0.0057,-0.0054,E
2789,382,531,3153,3234,1.1063,9.7147,0.9837,-0.0127,-0.056,0.0512,U
2170,368,394,1836,540,0.8686,9.506,0.9402,0.0899,-0.042,-0.0142,7
2804,1240,1119,3261,3199,0.0985,10.4126,0.5633,0.0159,0.0255,0.0279,R
2875,572,3193,3175,3301,2.9241,8.0105,3.9483,0.027,0.0446,0.0532,Z
3108,565,623,410,426,0.5053,9.7814,0.6654,0.017,0.0195,-0.0663,B
2163,666,3096,3316,3297,5.5703,6.5235,1.7394,0.0746,-0.0939,-0.0803,G
1770,1840,1841,1906,1793,1.0919,8.8687,1.5546,0.022,-0.0049,-0.0902,C
2909,3531,3380,3446,3424,1.4237,9.8359,0.9616,-0.0478,-0.0803,0.0102,A
2208,488,3333,3239,3052,4.6205,7.0166,1.721,-0.1484,0.0675,0.036,G
2943,3043,3111,3153,3305,0.3142,9.6708,0.7809,-0.0099,0.022,0.037,N
2252,479,1754,507,560,0.6249,9.6846,1.4111,-0.0045,-0.0181,-0.0078,8
2772,3193,3279,3208,611,2.2492,9.0106,3.3481,-0.0201,0.0033,-0.0434,J
2681,394,658,3164,3252,1.1374,9.5323,1.5449,-0.0019,0.0269,-0.0112,V
500,317,489,401,509,0.334,9.4312,0.7487,-0.0199,0.0153,-0.0457,5
2800,388,527,3245,3257,0.4404,10.0281,0.6338,-0.0529,-0.0294,-0.0673,U
534,619,275,3175,3171,0.7526,9.4045,1.1666,-0.0241,-0.0337,0.0401,3
2451,2353,464,409,518,0.4032,9.7335,1.6812,0.034,-0.0776,0.0753,F
2692,461,2680,2709,2831,-0.0522,9.9338,0.7787,0.0043,-0.0139,0.0386,D
541,506,3129,3360,3266,0.6658,9.7014,1.5734,0.0643,0.0028,0.0001,L
2229,618,361,3268,3112,5.2567,6.8575,1.7558,-0.0305,-0.0723,0.002,H
2816,504,2768,2647,2837,0.8917,9.7393,0.9827,0.0286,0.0199,0.0466,D
2727,442,3088,3248,3184,3.1603,7.3108,4.3217,-0.0041,0.025,0.0761,Z
2781,391,523,3222,3011,0.3847,9.603,0.8278,-0.0909,0.0177,0.0257,2
2825,490,550,3258,3174,0.4098,9.4655,1.1948,-0.0179,-0.0101,-0.0234,U
3009,2830,2775,2804,2701,0.304,9.9173,1.0956,-0.001,0.0948,-0.068,E
2782,579,516,3253,3399,-0.1956,9.2918,0.5217,-0.0427,0.0712,-0.1334,2
2151,1969,1849,2069,2025,-0.0127,9.5283,1.2006,0.0221,0.0954,-0.0088,O
2362,565,554,3135,3250,5.065,7.1559,1.7946,0.0064,-0.0408,-0.1074,H
1824,356,536,421,1804,0.7258,9.4585,0.6468,0.0132,0.0426,-0.01,6
2658,469,552,3290,3154,0.704,9.4898,1.4765,-0.073,-0.0503,0.0081,2
1475,458,506,3161,3376,0.2843,6.6796,6.4765,-0.0285,0.0393,0.0338,P
399,3320,3295,3180,447,0.2275,9.6223,0.9362,0.0549,-0.0226,0.0142,Y
664,527,483,3252,3282,0.8641,9.5779,0.9929,0.0079,-0.0029,-0.0265,3
2788,391,518,3346,2981,-0.0069,9.5302,1.5709,0.0336,-0.0263,-0.1071,V
2726,591,3184,3088,3137,0.1209,10.1434,0.291,0.0192,-0.1055,0.0468,1
2963,3161,3200,3210,331,2.1959,8.413,3.5799,-0.0596,-0.0434,-0.0101,J
443,473,3257,3217,3371,0.2583,8.9815,2.0367,-0.0715,0.0342,-0.0489,L
3107,3172,3223,3235,549,0.0366,10.1462,1.078,0.0476,0.0602,0.0267,I
2284,1737,3446,3259,3161,0.6814,9.618,1.1069,0.0576,-0.0488,0.0293,9
506,457,446,3180,3260,0.553,9.5879,1.2277,0.0312,-0.0089,0.0278,3
3046,3235,3196,3166,532,1.9645,9.0416,3.1759,-0.0462,-0.0239,0.0024,J
1704,1680,1630,1857,1756,1.8782,8.7017,1.2236,-0.0283,0.0122,-0.0235,C
2736,479,531,3417,3193,0.6158,9.5439,0.9068,-0.0014,-0.0211,-0.0101,2
2308,559,3237,3298,3022,0.356,6.4425,6.6989,-0.0371,0.151,-0.0259,Q
2430,3462,3324,3320,3441,0.6167,9.4325,1.2607,0.0398,0.095,0.0366,S
2049,2030,1958,2031,2006,0.6385,9.6401,2.2442,-0.0957,0.0644,0.0321,0
1429,467,535,3244,3246,-0.0764,9.498,0.941,-0.0766,0.0008,-0.0125,K
2785,384,2875,2876,2863,0.1112,9.388,0.4121,0.0042,-0.054,-0.0589,D
415,523,3302,3186,3185,0.5249,9.7355,1.2316,0.0725,0.0211,0.0014,L
2112,2059,1931,1977,1970,0.6937,8.8714,1.2885,0.0397,-0.0793,-0.0099,0
573,495,3258,3210,3197,0.6049,9.7641,1.5708,0.0239,-0.0184,0.0785,L
2167,628,547,1877,420,0.2402,9.1109,0.8004,0.0679,-0.0225,-0.0345,7
2765,611,421,3171,3294,0.4027,9.2342,0.867,-0.0076,0.0026,0.0473,U
2281,1780,3285,3290,3237,0.7607,9.2752,0.8575,-0.0284,-0.0416,0.0605,9
493,469,540,3029,3202,0.5928,9.6797,1.3325,-0.007,0.0416,0.0305,3
2197,435,3126,3326,3276,5.5831,7.0166,2.0864,-0.0134,-0.0144,-0.0521,G
1535,376,504,3282,3102,0.8133,9.0462,0.7626,-0.0471,0.0688,-0.0246,K
2843,493,503,3194,3202,0.3838,9.5269,1.8147,0.0319,0.028,-0.0495,V
1915,3191,3249,3289,3088,0.8819,9.5879,0.6619,-0.0202,-0.0939,-0.0811,T
2911,2937,2803,2780,2704,0.5343,9.6633,0.6717,-0.007,-0.0168,0.0128,E
1876,1796,1751,1847,1832,1.1071,9.0244,1.4886,0.1194,0.0592,0.0361,C
543,3321,2990,3228,511,0.5558,9.5822,1.3169,-0.0575,-0.0692,-0.0454,Y
2191,2011,2026,1934,1959,0.4592,9.7533,1.7457,0.0965,-0.0745,-0.0662,O
2873,511,478,2953,3148,0.7302,9.518,0.9356,-0.0232,-0.0713,0.0374,2
1935,341,565,497,1945,0.6067,8.7546,1.6834,-0.0118,-0.102,-0.0203,6
2204,527,3454,3307,3256,4.7262,7.0431,1.7561,0.0411,0.007,-0.0562,G
2887,504,449,3200,3119,0.6358,9.5435,0.4683,0.067,-0.0007,-0.0374,2
2049,3275,3214,3183,3135,0.2671,9.8619,0.7487,-0.0922,-0.0494,0.0303,T
1536,605,284,3235,3257,-0.1125,7.0845,5.7619,0.0198,-0.0047,-0.0473,P
2900,467,413,401,439,0.5618,9.7251,1.4155,-0.0299,0.051,0.0929,4
2983,3192,3101,3229,522,0.4335,9.6837,1.019,-0.009,0.0101,-0.0199,I
1679,414,523,495,1802,0.5762,9.1543,1.1687,-0.0005,-0.0719,-0.0306,6
374,3212,3137,3244,432,0.3921,9.2129,1.5739,0.0479,0.0516,0.0102,Y
2390,2627,499,522,453,0.2019,9.2188,1.2658,0.0337,0.0081,0.0173,F
1413,645,542,3353,3269,0.0029,9.6936,0.7048,0.0004,-0.0038,-0.0809,K
1781,586,481,448,1907,0.5593,9.2491,0.9403,-0.0574,0.0213,0.0384,6
2787,461,483,3146,3196,-0.1271,9.7542,0.8782,-0.0631,0.0663,-0.0413,U
620,642,420,3168,3262,-0.3282,9.4248,1.2888,-0.0174,0.0366,-0.1,3
2988,402,395,474,386,0.1757,9.6769,0.4453,0.0424,0.0692,0.0542,4
3016,3073,2933,3110,3341,0.2913,9.4382,1.2881,0.0398,0.0041,0.0713,M
2940,3132,3081,3125,508,0.0863,8.4431,1.1223,-0.0842,0.0295,0.0016,I
1970,2073,2014,1870,1936,0.1017,9.2462,1.1016,-0.0881,-0.1028,0.0992,0
2196,369,3183,3300,3145,0.8356,7.0527,6.6941,0.0929,-0.0919,0.0448,Q
2016,1781,1888,1915,1817,0.7475,8.2694,1.7052,-0.0407,0.0088,-0.0625,C
2855,553,536,3112,3276,0.9055,8.8581,1.3549,-0.0607,-0.0713,0.0427,V
2803,3319,3459,3358,3381,0.2017,8.7313,0.9427,0.1206,0.0392,-0.001,A
1963,2184,1920,1863,2103,0.282,9.4417,1.0933,-0.0019,-0.0686,-0.0037,O
2473,2387,456,492,598,1.2607,9.8006,0.9674,-0.0348,-0.008,0.0892,F
2043,2147,2064,2036,2101,0.4089,9.8662,1.8358,-0.0223,0.0962,0.0223,O
512,3212,3159,3226,459,0.3244,9.2644,1.5808,0.0613,0.0355,0.0555,Y
477,3169,3076,3219,674,0.5829,9.9807,1.3295,-0.0126,-0.001,-0.0085,Y
3122,630,477,627,554,0.1589,9.5442,0.3977,0.0214,0.0039,-0.0297,B
2296,435,3241,3149,3234,0.6513,7.2779,6.0303,-0.0633,-0.0038,-0.0516,Q
2293,487,3257,3168,3202,4.8916,7.2299,2.4299,0.0399,0.0461,0.0462,G
2856,3355,3450,3477,3449,0.0289,9.2819,0.9257,-0.0037,0.031,0.0089,A
3003,614,438,301,592,-0.0481,9.5128,0.937,-0.0231,0.054,0.1336,4
487,3192,3160,3153,502,0.1306,9.6109,1.271,0.0056,-0.0162,0.0325,Y
3009,2990,3021,3324,3156,0.1593,9.1003,0.7414,0.0205,-0.0242,0.0208,N
2985,2819,2768,2765,2663,0.3256,9.356,0.8452,0.0208,0.0329,0.0116,E
2769,1814,3124,3123,3299,0.4912,9.8357,0.5125,-0.0488,0.0149,-0.0412,X
2108,434,556,3279,3201,5.7426,7.2472,1.927,-0.0408,-0.0487,0.0168,H
2816,589,3175,3238,3242,0.3566,9.8474,0.4589,-0.0592,-0.1021,-0.0309,1
2843,329,531,3326,3165,1.4572,9.4632,1.5884,-0.0495,0.0752,-0.0415,V
3236,616,556,563,506,0.6231,9.8229,0.2417,0.0702,0.0349,-0.0222,B
2966,3344,3538,3415,3347,0.3548,9.4039,1.1272,0.0261,-0.0287,-0.0012,A
1985,1967,1998,1929,1971,0.8825,8.9173,1.0378,0.0415,-0.0175,-0.0963,O
2522,3433,3307,3605,3442,0.5884,9.4914,0.3107,-0.0133,0.0038,-0.0411,S
2942,528,513,3150,3125,0.4065,9.2912,1.1369,-0.0289,-0.0422,0.1125,2
2942,533,337,3165,3225,0.7316,8.664,2.0549,-0.0418,-0.0671,-0.0015,V
2950,3038,3072,3302,3184,0.4389,9.6728,0.8053,-0.0408,-0.0472,0.0333,N
2259,516,1859,535,522,0.0351,9.4609,1.5732,0.0245,0.0584,0.1006,8
2870,1891,3195,3155,3086,0.2067,9.5033,0.7109,0.0292,-0.0452,-0.0881,X
2489,2489,437,575,506,0.5477,9.1758,0.8004,0.0654,0.0277,-0.0812,F
2000,2006,2073,1931,1895,0.7425,8.8816,1.3432,-0.0119,0.0308,-0.0771,0
2203,577,1907,488,412,0.8597,9.5119,0.4333,-0.012,0.0566,-0.061,8
353,410,3136,3163,3129,0.5998,9.4244,1.9179,0.1237,-0.0631,0.0074,L
2079,3130,3108,3317,3195,0.4983,9.7732,0.7116,0.0451,0.032,0.0735,T
2176,2090,1963,2007,1960,0.6531,9.1437,1.337,0.0228,0.0727,0.0371,O
2843,2980,2926,3103,3194,0.5105,9.6903,0.5937,-0.0073,0.0465,0.0342,N
2205,427,534,3253,3184,5.1634,6.9122,2.2013,0.0456,0.0449,0.0059,H
3017,3075,2951,3129,3283,0.7414,9.6164,0.4234,0.023,-0.0849,-0.0168,M
2789,338,459,3263,3302,0.8153,9.4451,1.3893,0.0452,0.0713,0.0384,V
1885,1839,1966,1894,1891,0.5836,9.2292,1.4841,-0.0275,0.0084,0.0473,C
2881,559,602,3092,3205,0.7293,9.3193,0.9566,0.0286,0.0351,0.0167,2
2229,641,1821,549,576,0.4521,9.4796,0.95,-0.0286,-0.0248,0.0531,8
2084,573,590,1752,481,0.1674,9.5933,1.1172,0.0098,-0.0383,0.0686,7
1979,2006,2006,1924,2040,0.6747,8.9975,1.4504,-0.0055,0.0374,0.0587,0
1993,3180,3166,3174,3159,0.3896,9.4669,1.0825,-0.01,-0.0217,0.0389,T
2829,1804,3180,3183,3137,0.3649,9.4343,0.9545,-0.0871,-0.0049,-0.0439,X
2160,491,476,1725,350,0.3981,9.6755,0.9952,0.1025,-0.0298,-0.0021,7
1811,506,439,513,1797,0.356,9.0548,1.5831,0.089,0.0122,0.0717,6
2931,470,3173,3384,3271,-0.0643,9.4861,1.1538,-0.0332,-0.0267,0.0335,1
360,3128,3072,3371,587,0.3983,9.7537,1.8774,0.0655,-0.028,-0.0154,Y
2772,515,2842,2753,2793,0.2825,9.8479,0.4802,-0.0026,0.0956,0.0582,D
1761,1887,1956,1836,1806,1.011,8.2847,1.7235,0.0067,0.0214,-0.0356,C
3082,3067,2972,3175,3210,-0.6167,9.5153,0.6592,0.0398,-0.0226,0.0549,M
2780,483,561,3165,3260,0.6146,9.4014,0.7121,0.004,-0.0218,-0.0447,2
2908,607,2915,2823,2802,0.5618,9.8196,0.7073,0.0202,-0.0018,-0.0427,D
2904,593,2699,2903,2774,0.4802,9.3281,0.8426,0.0157,-0.0742,0.0304,D
3192,466,424,548,394,0.4328,9.3993,0.2743,-0.0733,-0.0251,0.0488,B
2780,504,2790,2782,2891,0.345,9.8137,1.1094,0.0194,-0.0485,-0.0676,D
3071,3082,3019,3259,3283,0.0947,9.1803,0.7959,-0.0289,0.0194,0.0274,N
1574,552,465,3093,3177,0.372,6.6605,5.5591,-0.0865,0.0329,-0.0603,P
2788,1716,3270,3120,3038,0.5697,9.2733,0.8997,0.0347,-0.0465,-0.0801,X
2875,578,549,3308,3102,1.4748,9.6181,1.4519,0.0555,-0.0174,0.0237,V
2884,427,2980,3215,3129,3.4499,8.0903,3.9744,0.0101,-0.0249,0.0842,Z
1791,1888,1854,1912,1775,1.4038,8.942,1.9415,-0.0011,0.0354,0.0738,C
496,462,453,3199,3107,0.2939,9.2082,1.4603,0.081,0.1273,-0.0033,3
2523,2367,551,617,425,0.5215,9.2202,1.5706,0.0048,0.0864,0.0207,F
2989,3300,3191,3184,530,1.919,8.7432,3.5938,0.1095,0.0049,0.0168,J
3035,3337,2959,3255,487,0.0451,9.8403,1.3129,0.0388,-0.0186,-0.0472,I
2233,528,3219,3099,3128,0.4836,6.9861,6.6769,-0.0334,0.0035,0.0044,Q
2872,3305,3109,3259,420,0.6952,10.262,0.294,-0.0542,0.0387,0.0257,I
2843,505,639,3081,3190,0.059,10.0605,0.8796,0.0004,-0.0067,-0.0439,2
2836,464,609,447,3191,0.4262,10.2323,0.9282,0.0292,-0.0601,0.0171,W
1346,463,481,3316,3153,-0.2905,6.6988,5.8016,-0.1078,0.0484,-0.0785,P
500,470,404,607,587,0.5,9.584,1.0646,-0.0228,-0.0283,0.0797,5
1559,625,750,3314,3274,0.0063,9.1441,1.1081,-0.0849,0.0308,-0.1067,K
2199,441,3295,3153,3207,0.4206,6.5788,6.8268,0.0348,0.0405,0.0297,Q
2677,3344,3396,3419,3380,0.6056,9.1245,1.4331,-0.0041,0.0559,0.0171,A
389,465,3374,3216,3384,0.0668,9.6252,0.7397,-0.0,0.0316,0.0419,L
2234,454,1771,542,503,0.2081,9.3554,1.3127,0.0155,-0.0181,0.0433,8
1996,2005,2108,1937,2085,0.1559,8.9966,1.4097,-0.047,-0.0679,0.0972,O
3053,2973,3004,2953,3112,0.1509,9.6222,0.3575,-0.0212,0.0044,0.0597,M
2802,401,426,3297,3137,0.1834,9.5111,0.435,0.0317,-0.0634,0.0542,2
2436,2530,555,511,628,0.7379,9.6741,1.2401,0.0338,-0.0398,-0.0229,F
2205,500,3234,3124,3061,0.4064,7.3216,6.8701,-0.094,0.0333,-0.1092,Q
2264,502,1901,602,501,-0.2011,9.6195,1.3433,0.0316,0.0174,-0.0124,8
1553,555,516,3196,3165,0.1705,9.4709,0.6146,-0.0297,0.0553,0.0049,K
2772,505,647,403,3196,0.6083,9.365,1.4986,-0.0868,0.0942,-0.0685,W
2213,616,3151,3208,3259,4.6036,7.929,2.0086,0.0071,0.0628,0.0457,G
1515,441,599,3052,3181,0.6509,9.643,0.7075,-0.0404,-0.0503,0.03,K
2739,407,2808,2830,2705,0.5784,9.0689,0.6266,-0.0129,-0.0318,-0.0283,D
2254,559,1818,641,560,0.0023,9.7102,0.9902,0.0274,0.0584,0.0808,8
1685,1831,1866,1749,1823,0.8909,8.9448,0.7537,-0.0111,0.0485,-0.0316,C
2129,589,607,1765,568,0.867,9.3778,1.2375,-0.0211,-0.0677,0.0002,7
2888,3033,3077,3228,502,1.937,8.3894,3.6035,-0.0411,0.0464,0.0001,J
2167,651,3167,3136,3293,4.6847,6.7921,2.173,0.0469,0.061,-0.0374,G
1589,653,446,3095,3265,1.1843,7.3321,5.7754,0.1431,0.0343,-0.0396,P
2049,402,1733,636,483,0.0182,9.3155,1.3212,0.0278,0.0023,-0.0084,8
1420,449,575,3318,3197,-0.4362,9.4403,1.0097,-0.0116,0.0168,-0.0238,K
2821,623,3156,3306,3166,0.1919,9.6011,0.4679,-0.0087,0.0179,-0.0212,1
1876,512,447,539,1861,0.428,9.3364,1.7145,-0.041,-0.027,-0.0231,6
2763,473,476,3157,3141,0.2339,9.423,1.0046,0.0015,-0.0111,-0.0036,U
3010,3238,3157,3335,433,0.385,9.8545,0.7768,-0.0094,-0.0714,0.0679,I
2879,551,2966,2976,2806,-0.851,9.971,0.6379,-0.0401,-0.0199,-0.0223,D
563,3171,3196,3295,416,0.474,8.8326,1.3429,0.0644,-0.0771,0.0118,Y
2064,2035,2061,2050,1929,0.8004,9.3107,1.7788,-0.0063,0.0157,0.0172,O
1502,521,523,3406,3105,0.694,9.855,1.1478,-0.0325,0.0832,-0.1096,K
2919,3271,3333,3391,3268,0.4472,9.9984,1.0063,0.0115,-0.063,-0.0308,A
2475,2486,373,528,551,0.7481,9.7116,1.2605,0.0239,0.0078,0.0344,F
2780,505,3064,3250,3144,3.9693,7.9359,4.1273,0.0319,-0.0044,0.0218,Z
2144,447,1824,567,360,0.345,9.5085,1.2646,-0.0448,0.0365,0.0147,8
3021,2748,2870,2690,2713,0.5008,9.6549,0.6265,-0.0191,-0.0303,-0.0243,E
2789,508,581,551,3226,1.1922,9.1876,0.792,0.0587,0.0933,-0.0318,W
379,404,3159,3251,3089,0.4474,9.347,1.7378,0.0337,-0.0505,0.0723,L
2728,476,3217,3182,3224,3.2026,8.1629,4.1092,0.0143,0.0145,-0.0073,Z
1833,553,564,526,1848,0.3573,9.0647,1.6074,0.044,-0.0141,-0.0332,6
2887,519,393,604,527,0.668,9.1005,0.7493,0.0435,0.0702,0.0175,4
1540,462,474,3360,3184,0.6264,9.7157,0.646,-0.0923,0.041,-0.0542,K
2651,429,3197,3119,3206,0.0483,9.6598,0.3293,0.0056,0.072,0.0446,1
2775,331,2811,2649,2804,0.5596,9.4569,1.3031,-0.073,0.0596,0.0338,D
422,500,688,633,460,0.3444,9.2487,0.9547,0.0368,-0.0657,0.0783,5
2191,1823,3218,3201,3358,0.3245,9.1631,1.1735,0.0652,0.0019,-0.0036,9
531,517,521,3208,3173,-0.1976,9.5933,1.1882,-0.0278,0.0629,-0.082,3
536,3207,3261,3298,554,0.5094,9.5905,1.5288,-0.0244,0.0061,-0.016,Y
2804,3442,3394,3438,3405,-0.0926,9.2182,0.9568,-0.0605,0.03,0.0765,A
3045,3066,3223,3262,476,0.3379,9.4161,0.3867,-0.0775,-0.0769,0.0335,I
2442,3346,3446,3445,3428,0.3887,9.5609,0.9805,-0.019,0.0379,0.0155,S
2848,537,575,3237,3316,0.9173,9.6906,0.6991,-0.009,-0.0963,0.001,2
1565,639,541,3141,3246,0.3888,8.7956,1.1386,0.0058,0.0578,-0.0375,K
2176,513,1920,477,473,0.4868,9.7552,1.4658,-0.035,-0.0085,0.0068,8
2046,1772,3199,3074,3099,0.1995,9.3387,1.2386,-0.0721,-0.0291,-0.0235,9
2737,3451,3390,3433,3329,0.3688,9.7167,0.8882,0.0863,-0.02,0.0112,A
469,464,449,438,425,0.2892,9.0613,1.1817,-0.0442,0.0227,-0.033,5
2806,1269,1014,3237,3091,0.6834,9.8636,0.7943,0.0144,0.0501,-0.0186,R
2245,512,3243,3205,3145,0.1652,6.9211,6.2701,-0.006,-0.0246,0.021,Q
2989,2879,3050,3061,3151,0.265,8.9666,1.0918,0.0355,0.0575,0.0743,M
2758,3439,3302,3457,3380,0.3876,9.7133,1.1333,-0.018,0.058,-0.0541,A
2823,1733,3172,3176,3244,0.1162,9.3249,1.4221,-0.0241,0.0363,0.0007,X
375,416,362,525,472,0.3438,9.7017,1.0742,0.0331,0.0906,-0.0397,5
2057,2069,1914,2034,2013,0.2928,8.9168,1.6494,-0.0141,-0.0732,0.029,0
577,3175,3322,3057,473,-0.0764,9.3948,1.4361,-0.0088,0.037,-0.0142,Y
2043,3211,2856,3047,3258,0.6346,9.2773,1.0083,-0.0022,0.0085,-0.0186,T
2849,575,2775,2701,2901,0.2714,10.1191,0.1263,0.0098,0.0959,-0.0177,D
2013,3121,3222,3249,3203,0.8276,9.7176,0.9877,-0.0161,0.0877,-0.0331,T
2756,459,2678,2874,2769,0.3546,9.2892,0.9308,-0.0381,-0.0071,0.0439,D
2133,609,3201,3245,3321,4.2925,7.3837,2.0166,0.0218,-0.0414,-0.0378,G
1552,649,524,3280,3070,1.0039,9.6817,0.9851,-0.0082,-0.0554,-0.0411,K
1919,3285,3068,3155,3336,0.5068,9.4093,1.0757,0.0598,-0.0723,0.0659,T
634,3116,3132,3243,503,0.517,9.0658,1.7159,-0.0119,-0.0135,-0.0566,Y
1804,1739,1828,1782,1724,1.3998,9.2787,1.3185,0.0249,0.0269,0.0321,C
3028,3159,3178,3164,477,2.127,7.9097,2.9777,0.0175,-0.0285,-0.024,J
2107,2022,1785,2108,2009,-0.1963,8.789,1.1839,-0.0,-0.0511,-0.0445,0
2882,2992,3026,3056,3218,-0.0558,8.8487,0.7699,-0.0267,-0.0631,0.0414,M
2898,3172,3355,3196,527,0.0162,10.249,0.6376,-0.0114,0.0659,-0.0091,I
2316,410,3150,3046,3320,4.9261,6.8685,1.9843,0.0318,0.0174,0.1324,G
2944,521,3203,3053,3178,-0.193,9.3333,0.0646,0.087,0.0364,0.07,1
2806,505,300,565,3186,0.7265,9.8935,1.447,0.0027,-0.0143,0.1263,W
1991,3256,3200,3163,3141,0.0152,9.7777,1.2192,-0.0139,-0.1012,0.0236,T
1755,1753,1750,1727,1934,1.2527,9.007,1.9053,-0.0756,-0.0665,-0.1089,C
1792,1785,1852,1877,1798,0.7686,8.4678,1.2942,-0.0309,0.0054,-0.0173,C
2732,548,2739,2791,2915,0.1017,9.1281,0.4842,0.0497,0.0127,-0.0064,D
2609,1297,995,3311,3124,1.0286,9.5254,0.5923,-0.0107,0.0085,-0.0035,R
2829,496,2747,2636,2829,0.7366,9.4227,0.932,-0.0784,0.0229,-0.0197,D
2796,3223,3263,3112,499,1.9209,8.5313,2.8366,0.0645,0.0074,-0.044,J
558,3184,3161,3263,588,0.7082,9.0138,1.7698,-0.0177,-0.0301,-0.032,Y
2246,455,3213,3201,3202,0.8069,6.9391,6.7732,-0.1239,0.0556,-0.0645,Q
2868,555,3216,3221,3256,2.5651,8.3989,4.135,-0.0423,0.0093,0.0659,Z
2092,1837,2105,2044,1950,0.7593,9.0857,1.5345,0.0119,0.0118,-0.042,O
2092,2066,2065,2009,1960,0.7187,9.6848,2.0422,0.1203,0.0765,0.0022,0
433,3241,3321,3170,552,0.2371,9.2947,1.3457,0.0901,-0.054,0.0044,Y
552,610,3259,3273,3168,0.9495,9.6087,1.5378,0.0551,0.1294,-0.0584,L
2413,2487,533,541,673,0.7393,9.745,1.2198,0.0839,0.1199,0.0266,F
3153,583,378,273,463,0.3655,10.0601,0.3611,-0.0206,0.0577,-0.0935,B
2907,613,394,3176,3313,0.3543,9.5651,1.025,0.0534,-0.0015,-0.0139,U
2215,496,372,1846,558,0.5674,9.3779,1.0663,-0.0449,-0.0693,-0.0049,7
2178,603,3176,3284,3173,4.712,7.1096,1.6686,0.0268,-0.0597,-0.016,G
1383,601,359,3058,3234,0.0289,6.8497,6.019,0.0338,-0.0111,0.089,P
2141,597,467,3136,3225,4.9708,7.0884,2.5669,0.0457,0.0014,-0.0704,H
2773,1167,910,3344,3122,0.3072,9.6648,0.6804,-0.03,-0.0185,0.0283,R
2793,576,3165,3140,3200,2.8073,7.7175,4.56,-0.0927,0.0327,-0.0068,Z
2126,1727,3306,3124,3082,0.2108,9.4568,1.0493,0.0908,0.0017,-0.062,9
533,390,742,3315,3306,0.1174,9.0138,1.0824,-0.0152,0.0924,0.0314,3
1785,491,353,698,1992,0.6334,9.4076,1.0306,0.0289,-0.0059,0.0626,6
2293,404,505,1856,543,0.5123,9.7781,1.4323,-0.0532,0.015,-0.0361,7
2308,569,3199,3097,3154,5.4769,7.4156,1.8141,-0.1409,-0.0106,-0.0144,G
2931,2762,2919,2778,2650,0.381,9.4764,1.3595,0.0007,-0.0211,0.0523,E
2720,490,560,3176,3268,0.821,9.358,0.4702,0.0474,0.0134,0.0163,2
577,427,3209,3204,3275,0.8268,9.6088,1.6059,-0.0524,-0.0534,-0.0423,L
2125,3188,3165,3291,3121,0.9665,9.8906,1.0263,0.0601,0.0331,-0.0645,T
1922,3172,3068,3316,3416,0.2976,9.3082,0.6067,-0.0548,-0.0295,0.0604,T
2409,3338,3494,3512,3420,0.5597,9.6515,0.7983,0.0119,-0.0648,-0.0479,S
563,564,3186,3165,3293,0.392,9.6238,1.4589,-0.0524,0.0806,0.006,L
2751,3287,3326,3291,3321,0.8161,9.2152,1.7897,0.0247,0.0092,-0.0429,A
1971,2035,1998,2006,2027,0.4467,8.9234,1.7217,-0.0442,-0.0601,0.025,0
2789,465,3183,3048,3193,2.6696,8.6851,3.8801,-0.0129,0.0348,0.0661,Z
2562,3575,3443,3380,3387,0.2559,9.3047,1.0353,0.034,0.0805,-0.0978,S
2114,485,612,3234,3210,5.0645,6.8833,2.5988,-0.0406,0.0105,0.0058,H
2778,1083,931,3204,3173,0.6942,10.1307,0.5099,-0.0244,-0.0516,0.0578,R
3016,561,393,533,464,0.4531,9.415,0.5822,-0.0031,-0.0588,0.0481,4
2795,1712,3203,3176,3149,0.4868,9.6126,0.9852,0.0284,-0.0207,0.02,X
2366,405,487,3156,3274,4.3281,6.5671,1.9678,0.0776,0.0113,-0.0676,H
585,460,454,591,405,0.8439,9.9694,0.6953,0.046,-0.1081,0.0051,5
2846,3426,3415,3371,3427,0.4114,9.5505,1.3953,-0.0503,0.057,0.0659,A
1984,1990,1959,1929,2021,0.4594,9.2472,1.3647,0.0288,-0.0399,-0.0123,O
1489,499,374,3299,3188,0.0983,9.7219,0.3461,-0.0215,0.0454,-0.0219,K
1733,555,560,430,1797,0.7714,9.9162,1.2529,-0.01,-0.0185,0.0072,6
499,457,3117,3112,3264,0.654,9.38,1.6525,0.0071,0.0481,0.0476,L
2283,452,3194,3267,3203,0.6591,7.1427,6.4042,0.0258,-0.0482,0.0197,Q
2122,1845,1990,2090,2061,0.4861,9.03,1.8273,-0.0261,-0.0415,0.05,0
2802,535,3123,3190,3122,0.3222,9.8512,0.7686,0.0747,-0.0132,-0.0141,1
1883,491,574,528,1798,0.576,9.2338,0.6481,-0.0939,0.0458,-0.0513,6
3059,2786,2833,2749,2818,0.6333,9.2803,1.2344,0.0026,0.0523,-0.0101,E
2052,1990,2000,2047,2139,0.5911,8.993,1.4439,0.0426,0.0443,0.0333,O
1872,1970,1946,2044,1973,0.8969,9.2847,1.1291,-0.0234,-0.0179,0.0263,O
2912,476,3195,3148,3277,-0.0704,9.4834,-0.7473,-0.059,-0.0296,-0.0255,1
2082,2079,1946,2067,1881,0.4576,9.6501,1.4454,-0.0132,0.0702,-0.0977,0
3137,479,627,564,568,-0.2249,9.3547,-0.3517,-0.0405,0.0478,0.0258,B
2240,529,490,3131,3193,5.296,6.8676,2.268,0.0369,-0.0149,0.0694,H
2148,400,550,1785,300,0.2337,9.3857,1.0317,-0.077,0.0058,0.075,7
3019,3202,3165,3227,537,0.0705,9.7279,1.1575,0.0353,0.0466,0.0086,I
2748,453,334,3230,3145,1.2413,8.8866,1.3223,-0.0048,0.0233,0.0901,V
2735,1179,948,3136,3336,0.5342,9.156,0.5373,0.0429,0.0484,-0.0693,R
3137,3070,3227,3222,425,2.1739,8.053,2.8037,-0.1,0.0779,-0.0116,J
2723,540,644,546,3279,0.2866,9.0406,1.1274,-0.0312,-0.0431,0.0109,W
3134,2765,2694,2817,2761,0.1492,9.1712,1.8305,-0.0126,-0.0963,0.0747,E
3005,3042,3052,3207,3209,0.3678,10.094,0.281,-0.0485,0.0337,0.0135,N
2542,2582,470,459,440,0.5624,9.2734,1.5625,-0.0238,-0.0401,0.0971,F
2726,3197,3377,3488,3556,0.1311,9.649,0.8604,-0.0053,0.1322,-0.0751,A
550,565,596,3126,3303,1.1859,9.8806,1.4352,-0.0217,0.0845,-0.0238,3
2709,412,2854,2792,2763,0.567,9.4178,0.7399,0.07,0.077,0.0786,D
1520,462,394,3101,3233,0.0678,9.5312,1.6129,-0.0174,-0.0481,0.0191,K
2240,1780,3219,3215,3211,0.3759,9.672,0.9453,0.0133,0.0195,-0.0098,9
2802,3502,3415,3403,3291,0.7239,9.6936,1.649,-0.0154,0.011,0.0125,A
1815,3247,3140,3251,3092,0.8324,9.8092,0.5759,-0.0091,0.0081,0.036,T
2527,2527,540,588,386,0.3077,9.4689,0.9827,0.1689,0.0258,-0.0039,F
2215,492,3303,3287,3141,0.8603,6.5024,6.6379,0.0171,0.0575,0.0191,Q
3227,424,517,417,588,0.5184,9.8596,0.6085,0.0881,-0.0,-0.0591,B
2091,470,646,3131,3183,4.8391,6.8338,2.0535,0.07,0.0228,-0.0402,H
3103,531,520,484,439,0.5146,10.1966,0.3549,-0.0306,0.0246,-0.0179,B
1466,427,573,3241,3107,0.1827,9.3858,0.9783,0.0503,0.0345,0.0026,K
2940,470,530,3056,3080,0.568,9.5552,1.6977,0.0543,-0.0755,0.0253,V
524,3072,3153,3342,372,0.3683,9.2505,1.5013,-0.0207,0.0041,-0.0018,Y
2836,568,496,2994,3254,-0.2061,8.9643,1.0995,-0.0593,0.0125,0.0046,2
3023,3339,3173,3178,518,2.1395,8.5684,2.6147,0.0156,-0.0187,-0.029,J
2154,532,3194,3234,3147,5.0331,7.3323,1.7189,-0.0665,-0.0646,-0.0585,G
2886,456,523,422,3099,0.8546,9.044,0.8118,0.0053,-0.0135,-0.0092,W
2265,530,475,1965,465,0.9591,9.8512,1.1932,-0.0389,0.0802,0.0986,7
1988,3266,3150,3151,3266,-0.191,9.735,1.1573,-0.0265,0.0012,0.009,T
454,540,3268,3204,3399,0.0309,9.4489,1.1477,0.044,-0.0791,-0.0667,L
1554,480,477,3199,3130,0.866,9.8895,1.4854,0.0342,-0.0015,0.0807,K
2955,431,452,3371,3311,0.6892,9.4294,1.084,0.1098,0.0036,0.0293,V
3023,3014,2874,3171,3083,0.1235,9.8751,1.1693,0.0107,-0.0285,0.0794,N
2790,1221,831,3240,3204,0.2438,9.8782,0.4863,-0.0118,0.0142,-0.0427,R
1855,601,556,537,1720,0.744,9.3561,1.4418,0.1115,0.0603,0.0143,6
2053,3166,3259,3291,3233,0.2366,9.784,1.1448,0.0309,0.0768,0.0355,T
2590,3411,3377,3402,3417,0.1758,9.0831,1.4016,0.0494,0.0189,0.046,S
2242,510,3053,3324,3172,0.9444,6.9797,6.7947,-0.043,0.0107,0.0072,Q
2784,3394,3397,3458,3404,0.7198,9.4758,1.0236,-0.0999,0.0458,0.0173,A
2686,566,502,3213,3217,0.8771,9.494,1.4714,-0.0953,0.0344,0.0289,V
2804,393,2844,2850,2854,0.584,9.7812,0.677,-0.0035,0.0046,0.0054,D
2096,655,585,1833,517,-0.1341,9.6266,0.8409,-0.082,-0.0242,0.012,7
1748,1852,1882,1847,1929,1.1247,8.6349,1.909,-0.0303,0.0455,0.0787,C
2774,1784,3188,3313,3055,0.5345,9.8264,0.4484,-0.0036,0.0491,-0.0376,X
2144,522,1709,485,420,0.3793,9.7447,1.5229,-0.0783,0.03,0.0339,8
2263,1762,3383,3218,3299,0.7664,9.8271,1.2264,0.0564,0.0728,0.0144,9
2475,2503,532,359,545,0.1628,10.0121,1.0786,-0.0092,-0.0385,-0.0315,F
2267,401,522,1721,453,0.4805,9.7844,0.5879,0.0825,0.0501,0.0022,7
2151,570,502,3056,3339,4.841,6.8792,2.0767,0.0313,0.0981,-0.083,H
2865,3007,2947,2930,3266,0.2293,9.7421,0.952,0.0635,-0.0604,0.046,M
2812,272,539,3308,3196,0.1738,9.7163,1.3231,0.0235,0.0107,-0.0195,U
1900,1875,1727,1709,1828,0.7467,9.0307,1.3552,-0.0891,-0.1115,0.0113,C
1547,464,453,3262,3154,0.3938,9.9137,1.3662,0.0151,-0.0148,-0.0062,K
2947,2774,2756,2793,2753,0.546,9.5592,1.2321,-0.0525,-0.017,-0.0113,E
2126,312,1775,604,522,0.6444,9.6179,0.746,0.0124,-0.0166,-0.0531,8
1603,501,398,3169,3210,0.6693,9.3186,0.8387,0.0012,0.0437,-0.0684,K
2182,412,3236,3144,3247,0.4991,6.7081,6.9165,0.0709,0.0145,-0.012,Q
2724,388,421,3210,3100,-0.0061,10.2298,0.7984,-0.0156,-0.0335,-0.0212,2
2727,613,2726,2810,2759,0.6537,9.9933,1.0592,0.0153,-0.0116,-0.0596,D
3216,505,442,514,456,0.1185,10.202,0.9021,-0.065,0.0415,0.0406,B
3040,3391,3208,3320,528,1.9701,8.5446,2.6335,0.0153,-0.0996,-0.0431,J
1498,489,588,3131,3186,0.7244,6.7567,5.772,0.0367,-0.0712,0.033,P
2833,532,485,3169,3179,1.0997,8.8954,1.519,-0.0833,0.0186,-0.0229,V
523,481,3234,3121,3215,0.3077,8.9385,1.4505,0.0768,-0.0729,0.006,L
2968,3129,3046,3278,3127,0.1409,9.2881,1.0404,0.0613,-0.03,-0.0182,N
2959,3304,3132,3141,515,0.1888,10.2684,0.7512,0.0168,0.0472,0.0462,I
2457,3397,3293,3468,3414,0.9775,9.59,1.1712,-0.0427,-0.0591,0.031,S
598,3166,3169,3143,397,0.2007,9.3665,2.2378,0.0488,0.031,0.0996,Y
491,3155,3314,3224,563,0.5167,9.8986,1.2768,0.0172,0.0629,0.0742,Y
1571,617,485,3216,3175,0.1562,9.2141,1.2529,0.0104,0.0923,0.0486,K
2894,465,2775,2693,2740,0.4581,9.6023,1.0829,0.0091,-0.0176,0.1074,D
3005,2988,3013,3100,3285,-0.0546,9.8956,1.1573,-0.0076,0.0254,0.0247,M
2839,437,3095,3251,3165,3.3173,8.1378,3.9406,0.0549,0.021,-0.001,Z
2816,667,523,3184,3343,0.2611,9.0925,0.3419,-0.0096,0.0146,0.0411,U
345,3105,3058,3315,550,0.1082,9.7905,1.2834,0.0175,0.0176,-0.0047,Y
2247,571,629,3279,3205,4.6075,7.0467,2.077,0.0355,0.0677,-0.0048,H
1558,611,567,3279,3158,0.5641,6.9973,6.0556,0.0479,0.0588,-0.0195,P
1474,692,461,3236,3350,0.1146,6.9072,5.8547,-0.0759,0.0785,-0.0293,P
1978,2062,1942,1981,2101,0.3676,9.4448,1.724,0.0038,0.002,-0.0512,0
2112,2014,1841,2059,1914,0.2149,9.0067,1.0174,0.0102,-0.0324,-0.0665,0
2838,396,457,3268,3325,0.4253,9.6169,0.6647,0.0744,0.0278,-0.0421,2
1760,1698,1786,1805,1660,1.0995,8.6859,2.0133,0.0262,-0.02,-0.0373,C
402,559,628,511,608,0.2742,9.6243,0.5312,-0.0305,0.0084,0.0335,5
2853,1287,862,3217,3223,0.3798,9.6139,1.1558,-0.0106,-0.0001,0.0158,R
2802,463,540,3225,3170,0.0399,9.5841,1.1468,0.0055,0.0014,0.0212,U
380,478,431,3226,3278,0.6694,9.7341,1.0287,-0.007,-0.0586,-0.0962,3
2358,1842,3043,3208,3198,0.3409,8.7865,1.3436,0.0474,-0.0442,-0.0447,9
2291,477,580,1828,490,1.195,10.2038,1.1951,-0.0425,-0.0239,-0.0271,7
2005,3174,3211,3273,3189,0.1863,9.8469,0.6298,0.0095,-0.0743,-0.0513,T
1664,1880,1754,1771,2011,1.0906,8.8841,0.8384,0.0695,-0.0673,-0.0502,C
3141,651,503,561,451,0.3089,9.7933,-0.0669,0.1008,0.0645,-0.0199,B
2142,493,3209,3188,3182,0.7281,6.9312,6.4505,-0.0088,0.0772,-0.0246,Q
319,560,567,451,447,0.2835,9.428,0.8322,0.054,-0.0234,-0.0948,5
500,3120,3141,3152,490,0.3456,9.2266,1.5221,-0.0322,0.0161,0.0914,Y
2753,1188,929,3305,3213,0.0997,9.2531,0.4199,0.0906,-0.0087,-0.02,R
2086,3238,3061,3066,3291,0.7248,9.6908,0.7539,-0.0161,-0.0199,-0.0512,T
2902,379,2755,2834,2861,0.958,9.8867,0.783,-0.0445,-0.0282,-0.0296,D
2835,433,3217,3212,3215,2.5966,8.0286,3.4833,-0.0315,-0.0002,0.0104,Z
2163,442,555,1762,476,0.566,9.8213,1.1785,0.0426,0.0355,0.0004,7
395,596,515,3198,3231,0.4654,9.5204,1.3874,0.0529,0.0356,0.0126,3
2790,343,3199,3166,3216,0.1298,10.0861,0.454,-0.0105,-0.0158,0.0237,1
3296,520,470,511,357,0.3226,9.3912,0.0942,-0.0761,0.0556,-0.0315,B
1425,547,444,3168,3201,0.8924,7.1971,5.7681,0.0076,0.0826,0.0308,P
2160,460,453,1854,553,0.6707,9.8342,0.8906,-0.0784,0.0985,-0.1129,7
2848,423,522,3131,3199,0.2754,9.7067,0.8554,0.0619,-0.0013,-0.0314,U
2790,534,576,3202,3264,0.9111,9.7258,1.71,-0.0249,0.0702,0.023,V
2261,596,484,1878,536,0.4193,9.9052,0.7937,-0.0325,-0.1178,-0.0465,7
2074,511,3120,3193,3215,0.3941,6.5078,6.1436,0.0229,-0.0279,0.028,Q
2420,506,453,3312,3162,5.4989,6.7388,2.429,0.0101,0.0646,0.0951,H
587,594,3248,3205,2960,0.6273,9.2826,1.4261,-0.0949,0.0247,-0.0724,L
2825,420,2857,2806,2662,0.0213,9.4488,0.7781,0.0945,0.0119,-0.042,D
461,3254,3168,3204,473,0.5777,9.2247,1.8002,0.0226,-0.0255,-0.0224,Y
2753,3466,3309,3442,3515,-0.2415,9.2609,1.1731,-0.0102,0.0186,-0.0302,A
2796,390,610,3063,3076,0.3052,9.4359,0.8936,-0.0963,0.0163,0.0639,2
2960,2789,2755,2686,2731,0.4595,9.5976,1.0446,-0.0151,0.0467,0.0032,E
610,434,575,740,538,0.3293,9.4698,1.0394,-0.0789,-0.0812,0.0135,5
1931,1983,2160,2012,2031,0.3173,9.3061,1.9534,0.0057,-0.0035,0.0004,O
578,3210,3192,3226,401,0.1827,9.5271,1.7759,-0.0661,0.043,-0.0088,Y
1774,426,617,485,1736,0.0013,9.4262,1.3554,-0.0326,0.007,-0.0546,6
1814,1907,1828,1760,1723,0.8975,8.6979,1.5143,-0.0282,-0.0747,0.0628,C
2719,483,432,3126,3354,0.0193,9.3534,1.4583,-0.0063,-0.0032,0.02,2
2710,3411,3258,3425,3388,0.3602,9.0216,1.1541,-0.0266,-0.0585,-0.1436,A
2893,580,450,2941,3206,-0.1552,9.3517,0.8544,0.0158,0.0791,-0.0186,U
2240,440,510,1827,505,0.3836,9.8901,1.3047,0.0437,0.0466,0.0115,7
2823,478,400,429,3052,0.7865,9.8121,1.6079,-0.0015,0.0136,0.0535,W
2989,327,425,378,483,0.1031,9.9776,0.7582,-0.0303,-0.0131,-0.0322,4
1936,1790,1772,1871,1710,0.7699,9.0204,1.8086,0.0251,0.0124,0.0039,C
3009,480,376,495,3333,0.817,9.1061,1.3246,-0.0088,0.0406,-0.0308,W
2170,445,3147,3247,3131,4.8186,6.3739,1.9118,-0.0544,0.004,-0.0476,G
1745,1865,1723,1855,1758,0.693,9.084,0.6976,-0.0875,-0.0089,0.0041,C
1819,1900,1863,1877,1826,0.5832,8.9413,1.818,-0.0026,0.0252,-0.0159,C
1957,1913,1987,1906,2027,0.8323,9.1821,1.5708,0.061,-0.0086,-0.0053,0
2114,615,3138,3121,3181,0.3842,7.0011,6.4705,0.0674,0.023,-0.0429,Q
2724,512,3149,3309,3105,0.2799,9.3859,0.06,-0.0949,-0.0082,0.0242,1
3241,492,681,571,545,-0.1829,9.3135,0.5878,0.0073,-0.0307,0.007,B
2211,559,3240,3113,3260,0.4818,7.1504,6.2595,0.0523,0.0091,0.0594,Q
2942,512,483,3366,3111,1.2608,9.544,1.8351,-0.0088,0.0028,-0.0172,V
524,3342,3245,3252,413,0.3329,9.7372,1.8486,-0.0179,-0.0676,0.083,Y
1717,1790,1824,1747,1781,0.7182,9.3358,1.4117,0.0726,0.0764,-0.0041,C
546,406,447,3158,3135,0.1564,9.3275,0.8858,0.065,0.0219,0.0249,3
3065,2826,2814,2723,2752,0.7735,9.4845,1.1126,-0.0058,-0.0592,0.0467,E
3017,3018,3087,3187,3173,-0.167,9.9303,1.0678,0.0014,-0.0665,-0.0607,N
2725,420,2855,2764,2731,0.107,9.8097,0.6113,-0.0059,0.0008,-0.0959,D
2138,562,551,3335,3229,5.1562,7.42,1.8117,-0.0744,0.01,-0.0711,H
2166,515,3254,3273,3253,0.6242,6.5739,6.1756,-0.0412,0.0179,-0.0646,Q
2259,555,432,1788,479,-0.13,8.9108,0.3473,-0.0225,-0.0497,-0.0466,7
3064,2792,2862,2752,2766,0.0063,9.5724,1.0976,0.059,0.0396,-0.0142,E
3229,667,379,592,577,-0.0337,9.761,0.3627,0.0093,0.0755,0.0303,B
607,491,3129,3236,3140,0.2153,9.2874,1.3004,-0.0456,0.0403,-0.0057,L
2203,591,590,3208,3360,4.9686,6.9584,1.2298,-0.0224,0.0426,0.0782,H
438,527,3187,3151,3063,0.2441,9.1552,1.1324,-0.0165,-0.0574,-0.0082,L
1800,625,465,353,1849,0.6008,9.133,1.102,0.0097,-0.019,-0.0555,6
1844,655,501,419,1831,0.5848,9.475,1.6104,-0.0593,0.05,-0.0303,6
3037,515,523,494,542,0.5755,9.8712,0.9372,-0.0002,0.0222,0.0598,4
1589,397,605,3103,3248,-0.1529,7.0135,5.5891,0.0963,-0.0536,-0.0414,P
3039,489,422,522,514,0.4369,10.3512,0.9482,-0.0347,-0.0693,-0.028,4
2830,3014,2990,3208,3174,-0.0871,10.0627,1.1478,-0.0052,-0.0244,-0.0305,N
2904,3257,3255,3149,458,1.8694,8.4379,2.4321,-0.0091,0.0892,-0.0448,J
2811,486,2806,2798,3006,-0.0991,9.003,0.8997,-0.0188,0.0158,0.0292,D
2871,410,2747,2879,2739,0.2101,10.0728,0.7857,-0.0363,-0.0439,0.0166,D
555,537,276,481,488,0.1261,9.4574,1.1178,0.0358,0.0051,0.0323,5
2244,408,3336,3344,3181,4.8888,7.1837,2.1652,-0.0101,-0.0625,0.0153,G
2301,1763,3155,3266,3128,0.5252,9.4843,1.1418,-0.0652,-0.0436,-0.0065,9
2051,1944,1846,2049,2088,0.4326,9.6663,1.3994,-0.0045,0.0876,-0.0146,O
3050,537,639,608,462,-0.0148,9.1753,0.8708,0.0507,0.0572,-0.0131,4
2676,1122,1003,3222,3186,0.7138,9.4274,1.1861,0.0108,0.0054,0.0466,R
3020,3272,3082,3401,595,2.0004,8.2515,2.9475,0.0042,0.022,0.075,J
603,3240,3087,3094,283,0.5606,8.982,1.3289,-0.016,-0.0304,-0.0017,Y
568,3215,3127,3348,497,0.8643,10.0434,1.7725,0.0587,-0.0468,-0.0364,Y
3191,531,440,514,536,0.2585,9.3941,0.5619,0.0731,0.0224,0.0481,B
2916,3197,3121,3084,476,1.7187,8.2925,3.6018,0.0212,0.0466,0.0412,J
2495,2427,473,470,449,0.641,9.3028,1.3507,-0.0811,-0.0057,0.0066,F
2317,603,1954,322,390,0.5814,9.2697,1.2083,-0.0223,-0.0274,-0.0908,8
2800,463,454,627,3147,0.7803,9.4065,1.4141,-0.041,-0.0166,-0.0012,W
570,553,289,446,362,0.4416,9.5154,0.9257,-0.0053,-0.0551,-0.0367,5
2200,1837,3163,3090,3271,0.2121,9.6246,1.5251,-0.1122,0.0522,0.0127,9
2727,3330,3490,3304,3531,0.2298,9.6915,0.9014,0.0302,-0.0272,-0.0081,A
389,405,620,580,590,0.3602,9.892,0.5891,-0.0617,0.0504,-0.0459,5
1916,3246,3119,3180,3064,0.5624,9.6736,0.9446,0.0097,0.0398,0.0083,T
2655,3356,3336,3350,3386,0.3584,8.9062,1.2244,-0.0536,0.012,0.1037,A
3106,3187,3211,3174,611,1.6818,8.9423,3.1189,0.0311,-0.0165,-0.0654,J
2338,2547,395,499,475,0.7985,9.4685,1.6035,-0.0301,0.0355,0.0081,F
2661,1650,3075,3313,3137,0.1681,9.6225,0.7769,0.0602,0.0932,-0.1111,X
1546,631,702,3274,3316,0.5384,7.0906,6.0333,-0.0053,0.0304,-0.026,P
478,383,3312,3254,3252,0.0215,9.2214,1.3996,-0.0966,0.0445,0.0727,L
480,501,507,485,564,0.8784,9.7571,1.0198,-0.0533,0.002,-0.0039,5
2182,1721,3191,3153,3143,0.3516,8.9822,0.6712,-0.1063,0.0252,0.0216,9
2827,1767,3322,3126,3016,0.6529,9.3927,0.7577,0.0192,0.021,-0.0381,X
2547,3241,3370,3434,3402,0.4115,9.3179,0.7861,-0.0154,0.0981,-0.0454,S
2423,2359,483,474,468,0.6668,9.8289,1.1091,0.0085,0.0363,0.0277,F
2132,3216,3084,3063,3208,0.4403,9.2249,0.5457,-0.0982,-0.038,-0.0181,T
2741,662,538,3205,3161,0.6339,9.4363,0.8362,0.1101,-0.0479,0.027,U
1533,239,370,3163,2993,-0.0014,7.0369,5.9735,0.0151,0.0225,-0.0841,P
1918,1802,2013,2018,1923,0.5161,8.8673,1.6598,-0.02,0.0385,-0.0161,0
2967,511,3208,3088,3154,3.4077,8.0206,4.1247,-0.0231,0.0985,-0.0077,Z
3179,3053,3127,3189,484,0.1351,9.5757,0.4221,0.0179,-0.1161,-0.0013,I
1894,1923,1755,1779,1739,1.1148,9.3375,0.9772,0.0205,-0.0138,0.0057,C
2712,3512,3392,3401,3456,0.57,9.7859,1.0861,-0.0306,0.0181,-0.0572,A
2872,1164,999,3151,3242,0.0017,9.5104,0.6036,0.0132,0.0194,-0.0552,R
575,642,639,3266,3152,0.3733,9.7164,0.614,-0.0117,-0.0369,-0.0588,3
2310,562,3106,3246,3236,0.8492,7.0098,6.3892,-0.0684,-0.0347,0.0604,Q
390,3173,3278,3292,380,0.415,9.5237,1.9419,0.0694,0.035,0.0045,Y
2836,3380,3477,3495,3301,0.6792,9.7104,0.9107,0.0688,-0.0075,0.0063,A
2880,1239,1177,3169,3177,0.6551,9.7173,0.5175,0.0278,0.0198,-0.0897,R
2779,454,433,3135,3189,0.6525,9.0203,2.0414,0.0229,0.0079,-0.0033,V
2317,529,3281,3171,3207,0.1321,6.9709,6.2762,-0.008,-0.0115,-0.0157,Q
2970,518,644,458,539,0.1022,9.5604,0.9419,0.0142,0.0345,0.0478,4
2696,515,376,580,3161,0.6509,9.2494,0.6732,0.0443,0.0481,0.007,W
3069,3314,3231,3032,622,0.0409,9.3653,0.8469,0.0689,0.0527,0.0453,I
1808,730,511,464,1869,0.3233,9.5298,1.2156,0.0536,0.0331,-0.024,6
2107,3127,3165,3130,3276,0.4864,9.7778,1.4695,-0.0756,-0.038,-0.0217,T
2926,355,529,417,553,0.5172,9.6665,0.9185,0.0509,0.0575,-0.1115,4
1967,1865,2010,2075,2189,0.169,9.6711,1.2878,-0.0564,-0.0564,0.007,O
2193,473,1782,434,496,0.5481,9.0825,1.5185,0.0471,-0.0787,0.0723,8
2971,3169,3215,3144,494,0.0787,9.3897,0.9461,-0.0451,-0.0384,-0.0686,I
2768,3326,3529,3374,3497,0.9564,9.7995,0.8705,0.0202,-0.0012,-0.0452,A
2910,410,483,3159,3053,0.4061,9.539,0.8096,-0.0089,0.0377,0.0441,U
3014,2882,3040,3022,3084,0.7139,9.7602,0.3859,-0.0409,-0.0282,-0.0282,M
2116,456,461,3253,3217,4.4297,7.025,2.0955,-0.0164,-0.003,0.0095,H
2971,621,394,398,649,0.4085,9.2286,0.3699,-0.0738,0.1017,-0.0041,4
2940,2955,3050,2944,3063,-0.1745,9.583,0.9492,-0.0101,0.0215,-0.0806,M
2858,1261,1001,3202,2967,0.103,9.416,0.7674,-0.0465,0.0469,-0.0441,R
3040,564,592,506,416,0.1936,9.2827,0.5954,0.0354,-0.0718,-0.0276,4
2510,3374,3338,3499,3591,0.1243,9.5592,0.8805,0.1144,0.0246,0.0463,S
2156,1866,1998,1920,2002,0.3061,8.6564,1.2658,0.0798,-0.05,0.0254,0
2199,501,3213,3211,3195,0.5076,7.4665,6.6417,0.0053,0.033,0.033,Q
2234,608,1870,593,472,0.1333,9.7316,1.2344,-0.0052,-0.0522,0.0153,8
464,433,3200,3241,3224,0.6527,9.1718,1.9746,-0.0171,-0.0059,-0.0659,L
2222,1794,3187,3197,3204,0.9264,8.7889,1.0742,0.0102,-0.0301,-0.0143,9
2762,382,540,3270,3239,0.3568,9.2586,0.6131,0.0225,-0.0395,-0.0481,2
2071,2019,1916,1998,2034,0.7968,9.1734,1.3324,-0.0348,-0.0323,0.0203,O
2786,3113,3134,3275,443,1.7546,8.7452,2.5146,-0.1036,-0.0181,-0.0724,J
2794,401,3120,3156,3330,0.31,10.4932,0.7865,0.0491,-0.0547,-0.0077,1
2838,491,373,3159,3304,0.3877,9.6142,0.6834,-0.023,0.0272,0.0071,U
2796,460,545,3165,3181,0.4471,9.6428,1.9658,0.0106,-0.0243,0.0468,V
2723,627,354,540,3133,1.0317,9.3181,1.0908,0.0785,0.0438,0.0277,W
3167,539,545,515,492,0.3308,8.9403,0.7046,0.0063,-0.0111,0.1023,B
3078,471,571,546,540,0.2149,9.7021,0.3019,0.0349,0.021,0.0246,B
2822,1090,1167,3120,3398,0.4284,9.4094,0.0899,0.0388,-0.0775,0.0179,R
2762,580,380,3189,3138,1.0974,9.4628,1.2507,0.0427,-0.0811,-0.0893,V
2550,3372,3427,3299,3381,0.1289,9.5786,1.277,-0.0524,0.0362,0.01,S
1782,1692,1941,1825,1687,0.8674,9.0333,2.0114,-0.0554,0.0488,0.07,C
3229,570,466,291,515,0.331,9.8213,0.8707,-0.0536,0.034,0.0596,B
2304,401,636,3189,3121,5.2273,6.8661,1.9755,-0.0202,-0.0408,0.0362,H
2489,2523,608,499,574,0.8102,9.437,0.8731,-0.0717,0.0053,-0.0271,F
3044,2889,3010,3099,3230,0.4006,8.994,0.5534,0.1027,-0.03,0.0632,M
2949,2635,2828,2805,2844,0.332,9.3709,1.6025,-0.0736,0.0367,-0.0287,E
3073,2880,2988,3165,3275,0.5025,9.53,0.4858,0.0519,-0.0034,-0.0809,N
3186,506,329,536,421,-0.146,9.1938,-0.0382,-0.0678,-0.0355,0.0977,B
3020,2987,3223,3274,517,2.218,8.6071,2.6296,-0.0443,-0.0161,0.0533,J
2791,601,696,3063,3266,0.4317,9.4224,0.6716,-0.047,-0.0681,0.0193,2
2806,3206,3228,3169,431,2.0477,8.2173,3.5617,0.0758,0.0329,0.0045,J
2941,2920,2990,3126,3253,0.3517,9.8668,1.0859,0.034,-0.0168,0.0052,N
2823,480,3250,3201,3098,-0.0798,9.3277,0.2409,-0.0351,0.046,0.0093,1
2021,478,405,3129,3310,5.0603,6.7104,1.8231,-0.0383,-0.0022,0.0086,H
3082,2747,2650,2766,2831,0.2612,9.4079,1.3431,0.0053,-0.0422,0.0351,E
3142,3105,3147,3259,582,1.579,8.1722,3.0834,0.1172,0.0623,-0.0124,J
535,3364,3065,3204,544,0.9409,9.434,0.9475,-0.0643,0.0686,0.022,Y
575,3281,3224,3235,541,0.3929,9.4945,1.4221,0.0,0.0782,-0.0018,Y
518,572,379,3200,3302,0.5787,9.9068,0.5476,-0.0113,0.006,0.0277,3
3051,503,544,648,461,0.2973,9.1588,-0.2176,0.0422,-0.0003,0.0589,B
2159,524,589,3254,3270,5.3258,7.0848,1.9524,-0.0386,-0.0196,-0.0262,H
3262,536,633,499,553,-0.1275,9.5839,0.7087,0.0425,-0.0147,-0.0036,B
2997,3317,3262,3116,455,2.0679,8.0001,3.1009,-0.0881,0.0512,0.0454,J
2882,1844,3295,3113,3179,0.3344,9.5628,1.1875,0.0069,0.0668,-0.0187,X
2945,2821,2971,2910,3129,0.5131,9.4656,0.4542,0.0223,0.0575,0.0268,M
2959,2848,2981,3041,3115,0.1239,9.6449,1.1072,0.0347,-0.059,-0.0186,N
2862,1129,1056,3071,3312,0.6405,9.4342,0.5523,0.0229,-0.0763,0.0017,R
2033,3264,3346,3263,3105,0.596,9.0489,0.9811,-0.0252,0.0005,-0.0755,T
2264,497,3217,3310,3237,5.0602,6.7126,2.2013,0.0165,0.0642,0.0023,G
2717,445,596,520,3147,-0.0536,10.0954,1.36,0.0454,-0.0268,-0.0069,W
1372,573,580,3046,3235,0.51,7.2109,6.1096,-0.0481,-0.0109,0.0832,P
2879,493,3250,3327,3211,0.4178,9.5394,0.464,0.035,-0.009,-0.0252,1
2781,523,2755,2775,2772,0.1118,9.9687,0.9383,0.0125,0.0404,-0.0132,D
2722,3289,3349,3468,3476,0.6539,9.7175,1.1549,-0.0321,0.0216,0.04,A
2214,630,1655,552,498,0.3789,9.5179,1.0053,0.0262,-0.0526,0.0251,8
2191,1887,3198,3033,3250,0.5216,9.6712,1.2745,0.0344,0.0007,0.0142,9
2153,544,563,1663,526,0.7761,9.4958,1.2697,-0.0339,0.0527,-0.0569,7
2883,504,488,3193,3240,0.6305,9.2715,1.51,-0.1483,0.0255,0.0339,V
3103,468,525,473,492,0.0412,9.2457,0.5965,0.0877,0.0009,0.0113,B
1498,432,439,3299,3120,0.0496,7.1033,5.9908,-0.0656,-0.026,-0.0408,P
2914,397,403,461,584,0.4855,9.9369,0.6168,-0.1006,-0.0299,0.0564,4
2953,2931,2993,2895,3219,0.0538,9.9248,0.629,-0.0871,0.07,0.0092,M
3241,578,541,411,473,-0.0341,10.0992,0.141,0.0447,0.0446,0.0915,B
1318,411,358,3158,3181,0.5408,6.9104,6.141,0.0057,-0.0517,-0.0843,P
518,394,487,654,537,0.4084,9.6273,1.6472,-0.0943,-0.0068,0.0737,5
2778,368,3027,3360,3216,0.1923,9.9395,0.239,0.0055,0.0553,-0.0551,1
2979,2802,2713,2738,2759,0.0863,9.4373,0.8779,0.0925,-0.0583,0.0051,E
582,664,3254,3101,3172,0.6788,9.545,1.7962,-0.0049,-0.0182,0.0876,L
1886,3196,3315,3296,3151,0.8228,9.4041,0.9015,0.0047,0.042,-0.0304,T
2659,3305,3236,3378,3457,0.9507,9.5222,1.4886,-0.069,-0.0852,-0.0028,A
2788,354,3144,3182,3167,3.2043,8.3749,4.5874,-0.0004,0.0581,0.0732,Z
3020,3027,3019,3302,3264,-0.0958,9.5657,0.7958,0.1076,-0.0165,-0.0491,N
2813,354,667,3169,3030,0.0818,9.7796,1.2045,0.0082,0.0043,-0.0765,2
2747,1215,1115,3255,3154,0.0875,9.8393,0.0721,-0.0404,0.0705,0.0148,R
3047,494,390,658,572,0.2317,10.0791,0.2461,0.0272,0.01,0.0132,B
1582,534,378,3279,3130,0.6279,6.5152,6.4797,-0.0137,-0.0555,-0.0344,P
1996,2014,1975,2053,2028,0.2972,9.3657,1.1645,-0.0059,-0.021,0.0068,O
582,686,554,3334,3236,0.595,9.326,1.1839,0.0456,0.0527,0.0052,3
2775,527,458,3245,3308,0.8285,9.4056,0.6734,0.0085,0.0935,-0.0576,2
2828,1858,3229,3239,3119,0.1175,9.3376,1.1543,-0.0294,-0.0148,-0.0036,X
2748,550,3203,3236,3129,0.2277,9.7331,0.5245,-0.002,0.1046,0.0287,1
2824,3450,3433,3385,3389,0.5131,9.4559,1.2892,0.1105,-0.0279,-0.0685,A
2287,541,3177,3245,3121,5.0217,7.2384,1.0717,-0.0224,-0.0011,-0.0098,G
3015,2996,3201,3210,3169,0.3303,9.906,0.7851,0.0342,0.0198,-0.0145,N
3283,593,481,496,377,0.3543,9.8716,0.4813,0.0562,-0.0167,0.0282,B
3038,528,546,528,473,0.3033,9.4032,0.5774,-0.0659,0.0394,0.0552,4
2706,511,597,3217,3198,0.8678,9.499,2.1402,0.0326,-0.0251,-0.0104,V
2879,522,579,3231,3170,0.9108,9.9291,1.5611,0.0635,0.0596,0.0281,V
2926,3392,3422,3448,3414,0.3661,9.5582,1.3221,-0.0513,0.0066,-0.035,A
2969,2868,2921,2575,2834,-0.028,9.6497,1.0384,0.0318,-0.025,-0.0937,E
2341,545,509,1842,580,0.8571,9.4127,1.1778,0.0238,0.0053,-0.0093,7
2950,392,526,576,499,0.7067,9.3677,0.3796,0.0362,0.0585,0.0053,4
1782,1848,1675,1816,1808,1.0124,9.3111,1.6003,0.0739,-0.0497,0.0068,C
464,504,475,510,498,0.6063,9.0404,1.0551,-0.0014,0.1126,-0.0979,5
1857,1770,1991,1814,1778,0.7493,9.3292,1.7602,-0.0249,0.0288,-0.0754,C
2192,1715,3144,3195,3220,0.3332,9.3952,1.1781,0.0137,-0.0488,-0.0349,9
463,470,3187,3045,3010,0.8905,9.1528,2.0566,0.0685,0.0784,-0.0325,L
3111,554,523,514,403,0.016,9.0803,0.8216,0.022,0.0059,0.0142,4
387,468,3288,3210,3075,0.1626,9.7759,1.6464,-0.0617,-0.0883,-0.0313,L
2030,650,1821,526,444,0.4997,9.7207,0.5638,0.0302,-0.053,-0.0643,8
2030,614,431,1751,655,0.4511,9.275,0.8165,-0.0692,0.0007,-0.0168,7
3035,2932,3047,2859,3096,0.8477,9.2231,0.212,-0.0616,0.087,-0.0896,M
442,589,3156,3294,3248,0.0357,9.5591,1.6567,0.0211,-0.0071,-0.047,L
3060,393,505,519,462,-0.3377,9.2927,0.6475,0.0075,0.0017,0.0962,4
1441,567,475,3297,3161,0.0843,9.2613,0.7766,-0.042,-0.0286,0.0428,K
2795,541,643,3196,3235,0.2675,9.5691,0.653,-0.028,0.0848,-0.0277,U
1997,3133,3217,3240,3231,0.8212,10.1572,0.6599,-0.0191,0.0372,-0.0063,T
568,513,388,524,427,0.4439,9.3206,0.9384,0.0022,0.0367,-0.0276,5
2854,559,2729,2852,2769,-0.3214,9.9503,0.5675,-0.0427,-0.0202,0.0136,D
2795,590,2809,2736,2725,0.1649,9.6222,1.1581,-0.067,-0.016,0.0072,D
3064,555,572,573,467,0.6586,9.5664,0.8842,0.0307,-0.0356,0.0217,4
2559,3389,3495,3466,3260,0.7947,10.0699,1.3101,0.0537,-0.0124,-0.0238,S
2704,1124,825,3170,3258,0.7474,9.6571,1.212,0.0192,0.0054,-0.0306,R
2740,1111,953,3295,3063,-0.0648,9.4624,0.5073,-0.0021,0.0707,-0.0602,R
1556,607,532,3056,3330,0.1166,7.1163,6.2859,0.054,-0.09,0.0059,P
517,3193,3262,3196,571,0.4216,9.6871,1.5533,-0.0299,-0.0167,0.0364,Y
2259,572,555,3031,3295,5.4582,6.8554,2.071,-0.0445,-0.0974,-0.0369,H
2165,461,3310,3244,3266,5.3678,7.1578,2.2785,-0.079,0.0102,-0.0091,G
2856,592,3162,3266,3310,0.3113,9.8909,1.06,-0.0352,-0.0121,0.08,1
2953,3105,3248,3296,594,1.6256,8.6499,3.4301,0.0255,0.0239,-0.0236,J
521,388,587,3207,3179,0.1529,8.7668,1.5707,0.0153,-0.0553,-0.063,3
2005,3225,3228,3173,3184,0.3679,9.6879,0.7261,-0.0253,0.0178,-0.0538,T
2965,664,587,469,501,-0.1515,10.2087,1.0692,0.0078,0.0512,0.0088,B
2826,467,390,3213,3060,0.6738,9.7587,1.0528,-0.0485,0.0178,-0.0333,U
2133,593,418,3225,3233,4.7154,7.0219,1.7271,0.0696,-0.0569,-0.0327,H
2674,545,446,3282,3196,0.3521,9.7796,0.8057,-0.0618,-0.026,-0.0814,2
2853,474,673,3177,3335,0.6633,9.8607,0.7525,-0.023,-0.013,0.0523,2
1478,426,503,3173,3068,0.3397,6.6274,6.2693,-0.0196,0.1261,0.0483,P
2714,545,494,3111,3200,0.5637,9.1659,1.324,0.0287,0.0296,-0.0001,U
570,595,593,3117,3183,0.6435,8.8171,1.1371,0.094,0.0568,-0.1205,3
1429,464,574,3209,3136,0.5227,7.2438,5.9929,-0.0117,0.0508,-0.009,P
385,387,602,3162,3149,0.5955,9.8902,0.6506,-0.0944,0.0738,0.0257,3
2423,2508,556,447,513,0.4755,9.6115,1.2706,0.0028,0.0779,0.0331,F
2473,3431,3345,3425,3571,0.2061,9.4304,0.773,-0.0298,-0.0201,-0.0547,S
2056,2042,2038,2045,2013,0.4151,8.9464,1.6269,0.0646,-0.0063,0.0076,0
2862,435,539,531,3135,0.3777,9.2717,1.2301,-0.014,0.0134,0.0215,W
2155,1761,3285,3195,3220,0.2906,9.6331,1.5669,-0.0464,-0.0451,-0.0422,9
2752,1820,3290,3214,3131,0.3967,9.5321,0.8776,-0.0692,-0.0178,-0.0046,X
2794,436,2881,2767,2681,-0.3148,9.9783,0.985,0.0044,-0.022,-0.0264,D
2102,1961,2004,1976,1976,0.4536,9.438,1.3857,0.0208,0.0834,0.0195,0
2751,1834,3150,3222,3210,0.4336,9.5816,0.8408,-0.0583,0.0041,0.0551,X
3070,2953,2979,3173,3201,-0.0859,9.5325,1.2355,-0.0546,-0.0665,-0.0624,N
2800,1258,1186,3265,3273,0.1364,9.6471,0.7712,0.0704,-0.0073,0.0664,R
2907,415,534,3162,3255,0.5648,9.552,0.9634,0.0472,0.0094,0.127,U
2923,2883,2978,2965,3161,0.8568,9.2403,0.7693,0.0169,-0.049,0.0243,M
2456,3263,3584,3371,3383,0.3872,9.1603,1.3166,0.032,0.0459,-0.0609,S
3144,426,599,468,585,0.3812,10.3911,0.0562,0.063,0.0573,-0.0487,B
3067,2933,3156,3321,3243,-0.0695,9.7204,0.8846,0.0257,0.0795,-0.0088,N
2986,538,625,556,489,0.8027,10.0739,1.1419,0.0141,-0.0386,-0.1183,4
1386,410,470,3071,3089,0.7126,9.5673,0.8644,0.1136,-0.0824,0.0488,K
2059,3195,3339,3278,3135,-0.2781,9.5321,1.415,0.0305,0.0787,-0.0299,T
421,389,622,3277,3179,0.2975,9.5114,0.5677,0.0146,-0.0601,-0.1195,3
508,501,534,532,431,0.7919,9.4827,1.2191,-0.063,-0.0207,0.0539,5
2819,591,559,3296,3119,0.5012,9.3984,1.8399,-0.01,-0.037,-0.0801,V
2984,3157,2989,3120,3057,-0.2267,9.7607,0.6698,-0.0175,-0.0215,-0.007,N
592,3129,3229,3118,559,0.5742,9.2106,1.7,0.013,-0.0361,0.0006,Y
1751,517,509,504,1722,0.1924,9.2048,1.287,0.0275,0.0733,-0.0418,6
3014,3156,3219,3288,297,0.4475,9.4619,0.9381,-0.0448,0.0598,0.0457,I
3294,538,483,457,582,-0.2269,9.409,0.3807,0.0619,0.019,-0.0484,B
2094,1942,2000,2176,1986,0.79,9.4784,0.8914,0.0223,-0.0619,0.0316,0
1841,1936,2017,2080,2027,0.9369,8.8561,1.4047,0.0731,-0.043,-0.145,0
2838,458,487,466,3205,0.956,9.2701,1.2568,-0.0349,0.0266,0.0138,W
3004,3253,3020,3323,323,-0.0237,9.532,1.0018,-0.1498,-0.0014,0.0396,I
2809,500,542,3208,3275,0.9666,9.5733,1.7149,0.068,0.0414,0.0874,V
2180,486,3415,3206,3247,-0.1063,6.7518,6.6556,-0.0807,0.0275,-0.0363,Q
2632,3382,3510,3396,3411,0.4843,10.128,0.6282,0.0248,0.0021,-0.0014,S
2887,2677,2821,2891,2674,0.5223,9.6743,0.3823,0.0399,0.0438,-0.0156,E
2803,548,592,3245,3187,0.6367,9.5312,1.5826,-0.043,0.0651,0.0131,V
1926,3255,3274,3151,3251,0.5689,9.4068,1.0462,0.104,-0.0141,-0.0124,T
3052,418,665,378,490,0.0809,9.7111,0.9908,-0.0206,0.0525,0.01,4
444,506,3131,3320,3329,0.7089,9.867,1.5455,0.0382,0.0612,-0.0003,L
2894,458,243,3235,3234,0.2133,9.5193,1.1774,0.0227,0.0737,0.0134,2
1470,508,542,3199,3140,0.1312,9.5642,0.6799,-0.0547,0.0197,-0.0048,K
1986,3178,3270,3050,3195,0.3703,9.3627,0.726,0.0551,0.1024,-0.0857,T
2765,1409,991,3151,3139,0.4006,10.0263,1.1261,-0.0378,-0.039,0.0623,R
2955,505,510,3195,3278,0.4125,9.534,0.8457,0.0663,0.0201,0.0029,2
2759,3318,3456,3419,3354,0.1159,9.7617,1.1951,-0.005,0.0923,-0.0535,A
2817,635,435,3221,3198,0.2853,9.5799,1.0143,-0.0549,0.0344,0.0035,U
3040,3204,3195,3315,625,1.9575,8.5713,3.0245,-0.0806,-0.0168,0.08,J
1969,2140,2011,2008,2079,0.6073,9.1641,1.5071,-0.0568,0.0092,-0.0419,O
2700,435,557,3263,3241,0.6629,9.2675,0.4382,0.0627,0.0052,0.0604,2
3075,2984,3131,3216,3137,-0.026,9.9054,0.8385,0.0338,-0.1329,0.0122,N
3035,350,426,451,561,-0.3462,9.6543,0.687,0.0326,0.0404,0.0849,4
2059,1865,1996,1979,2082,0.5698,9.5606,1.3424,-0.0615,-0.0163,0.0389,O
2757,1099,843,3083,3329,0.2973,9.0113,1.1552,0.0617,0.0615,-0.0211,R
1855,1750,1795,1894,1827,0.982,8.8194,1.31,-0.0425,-0.0271,0.0378,C
1547,570,484,3167,3094,0.5577,9.8956,1.7695,0.0193,-0.0025,-0.046,K
2961,2901,2959,3021,3234,-0.0805,9.3187,1.0174,0.0254,0.0444,0.0684,M
607,530,371,389,651,0.0527,9.65,1.547,0.0053,-0.0597,-0.0888,5
2315,480,3095,3159,3183,0.7248,6.7958,7.2861,-0.0469,0.0306,-0.0987,Q
2765,529,3246,3218,3261,0.5324,10.2513,1.1469,-0.0082,0.083,0.022,1
2963,572,531,3186,3328,0.2521,9.0864,0.8795,-0.0614,0.0134,0.0672,U
2179,558,3211,3148,3220,4.9008,7.2641,2.0999,-0.0158,0.0116,0.0658,G
642,3206,3080,3294,391,0.3511,9.6578,1.3994,-0.0286,0.0141,0.0005,Y
2787,474,459,3211,3054,0.1917,9.7621,0.9271,0.0706,0.0419,0.0204,U
2111,2073,1976,2077,1971,0.06,9.4063,1.0482,0.0396,0.0403,-0.044,O
2122,3149,3387,3196,3182,0.5685,9.5932,1.0765,0.0998,0.0124,-0.0492,T
456,501,584,3111,3250,0.0355,9.0214,1.2552,-0.0483,0.009,-0.0589,3
2777,598,2724,2727,2611,0.8019,9.3408,0.762,-0.0455,0.0348,-0.0188,D
3000,464,534,530,526,0.2995,9.3921,0.8222,-0.0139,-0.1033,0.05,4
2845,509,532,3145,3144,-0.2498,9.4628,0.6471,-0.0334,-0.0058,0.0032,U
2056,3195,3301,3098,3180,0.6056,9.8011,0.5557,-0.0477,-0.0838,-0.0437,T
2013,3261,3190,3158,3244,0.1036,9.7604,0.8693,-0.1061,-0.0227,-0.0029,T
2392,591,1890,498,704,0.4596,9.4893,1.1148,0.0132,-0.0657,-0.0349,8
2828,621,605,3355,3190,0.1616,9.2527,0.5068,0.0339,0.1363,0.0754,2
2136,437,471,3189,3199,4.7348,6.9339,1.4728,0.0156,-0.1428,-0.0145,H
434,556,3059,3193,3174,0.6797,8.9725,1.5037,0.0171,-0.0952,-0.0537,L
1625,426,574,3161,3199,0.4884,8.8697,0.5612,0.0043,-0.0362,0.0498,K
2049,1967,1954,2105,2067,0.3604,8.8551,1.6765,0.0161,0.0285,-0.0066,0
2973,2774,2735,2845,2911,0.541,9.531,0.7041,0.0258,0.1078,-0.019,E
647,521,3185,3194,3140,0.2703,9.5327,1.4508,0.0164,-0.0745,-0.0046,L
1472,329,546,3189,3121,0.2331,9.9303,0.6588,0.0234,0.0109,-0.0179,K
1358,481,413,3098,3242,0.2742,6.9572,5.7991,0.0185,0.0339,0.1085,P
2219,454,507,1754,515,0.286,9.1646,1.3162,0.0909,0.0249,-0.0751,7
702,3088,3103,3214,556,0.7591,9.3864,1.0442,-0.011,-0.0883,0.0197,Y
3193,543,575,495,648,0.2673,9.5961,0.0165,-0.0131,-0.0168,0.048,B
2531,2445,470,575,515,-0.0103,9.1071,1.4926,0.0224,0.0874,0.0841,F
2885,448,3285,3186,3115,0.6913,9.4871,0.347,-0.0191,0.1018,-0.0476,1
1504,615,536,3315,3243,0.3778,7.0582,6.4571,-0.0648,0.0453,-0.0314,P
2102,1847,3173,3300,3257,0.6768,9.4666,1.0388,-0.0495,-0.0692,-0.0313,9
1379,497,408,3212,3221,0.5179,7.1324,6.4593,-0.0404,-0.0379,0.0328,P
2865,1219,1037,3293,3152,0.4984,10.1233,0.9922,-0.0111,0.1159,0.0115,R
549,597,440,483,589,0.5014,8.9898,0.465,-0.0245,0.0276,0.0267,5
2098,3281,3143,3352,3057,0.4997,8.8821,0.486,0.0468,-0.0346,0.0622,T
2228,1779,3158,3124,3105,0.6219,9.8058,1.485,-0.0145,-0.0096,0.0809,9
2976,3099,3251,3238,555,1.7696,7.9049,3.1402,-0.0332,-0.0445,-0.0629,J
1765,1779,1784,1889,1901,0.9485,9.3295,1.6073,0.0032,0.0453,0.0036,C
450,519,3244,3254,3341,0.9502,9.1567,1.7906,-0.0192,-0.0069,-0.0547,L
2533,3354,3408,3495,3387,0.1376,9.2099,1.0221,-0.0404,-0.0716,-0.0599,S
2968,3162,3225,3054,481,0.9952,9.2742,1.1857,0.0027,-0.0301,-0.066,I
2887,2822,2680,2903,2787,0.7586,9.3559,1.0807,0.0105,-0.0023,-0.0216,E
418,3363,3178,3191,325,0.0958,9.4453,1.3606,-0.0554,0.0649,-0.0351,Y
2191,1736,3171,3280,3072,0.7219,9.5384,1.5841,-0.1037,0.0295,0.0126,9
427,580,3239,3351,3215,0.4674,9.2456,0.977,-0.0159,-0.0138,0.0131,L
511,498,3113,3126,3219,0.2164,9.4478,1.4262,0.0071,-0.0477,0.0079,L
2750,443,496,3032,3185,0.4612,9.1393,1.2063,0.0221,0.0645,0.0217,2
2733,489,3118,3162,3097,2.8684,7.7102,4.1034,0.0451,0.0204,0.1299,Z
2255,400,1740,465,511,0.2215,9.0873,0.6978,0.047,0.1036,0.0153,8
2474,3433,3291,3414,3414,0.3497,9.2221,1.0721,-0.0071,0.0491,-0.0646,S
2482,2521,521,403,664,0.4587,9.5968,1.4308,-0.007,0.0303,0.0123,F
2188,492,642,3270,3245,5.5874,7.1469,1.404,0.0416,-0.0796,0.0226,H
2757,642,585,3318,3220,0.2156,9.4386,1.3257,0.0548,-0.0504,0.0489,U
2354,558,1760,612,517,0.8528,9.2471,0.9399,0.0691,-0.0334,-0.0127,8
2162,496,588,1736,545,0.5029,9.9285,1.1494,-0.0898,-0.0507,-0.0482,7
2107,1794,3206,3141,3192,-0.0086,9.5271,0.885,-0.0191,-0.0338,0.0701,9
406,3244,3267,3221,572,0.4979,9.2696,1.302,0.0278,-0.0418,0.0207,Y
2853,544,406,3214,3331,0.442,8.9957,0.6289,0.0063,0.1058,-0.0605,2
2882,1190,1078,3117,3234,0.5518,9.351,0.7465,-0.0079,0.0105,0.0237,R
2048,2094,2058,1922,1964,0.8626,9.7654,1.1187,0.0151,0.0367,-0.0698,0
2723,1964,3181,3106,3190,0.7109,9.8617,0.5617,-0.0384,0.0111,-0.0017,X
2944,3117,2996,3103,3169,0.4818,9.3824,0.562,-0.091,0.0168,0.0131,M
2233,372,1765,508,379,0.2596,9.2117,0.8811,0.0035,0.0349,-0.0577,8
2864,456,3222,3212,3375,0.2519,10.0505,0.7122,-0.0059,-0.0622,-0.0026,1
480,509,263,544,423,0.3133,9.2968,1.2245,0.0512,-0.0056,-0.005,5
2158,339,1780,600,696,0.7947,9.8201,0.8864,0.1152,0.0342,0.0362,8
2160,1833,3189,2983,3257,0.3722,9.5977,1.2508,-0.0494,-0.0087,-0.0016,9
2707,1172,924,3131,3195,0.1179,10.3888,1.0508,0.0542,-0.0055,0.0053,R
2782,599,3214,3166,3358,0.4171,9.4317,0.638,0.0839,0.0001,0.0105,1
2276,1708,3098,3419,3044,0.1426,9.6411,0.7119,0.0368,0.0613,0.0673,9
2085,422,1753,452,564,0.3192,9.5296,0.9206,0.0581,0.0689,-0.0067,8
2341,675,1863,479,539,0.5744,9.658,1.1261,0.0267,0.0525,0.1099,8
2712,717,383,3274,3161,0.5573,9.4613,1.3638,0.0796,-0.0701,0.0281,V
2023,1981,2091,2168,1879,0.6074,9.6259,1.2891,0.014,-0.019,-0.0502,0
2780,595,3125,3255,3152,3.3388,8.235,4.3039,-0.0081,0.0665,-0.083,Z
2063,503,1828,525,679,0.174,9.83,0.9927,0.0234,-0.0326,-0.0336,8
1484,522,398,3359,3131,0.3238,9.5297,0.9678,-0.0328,0.0697,0.0475,K
2936,3144,3182,3338,446,0.7978,9.8547,0.9189,0.0374,0.0007,0.0643,I
2852,464,3267,3300,3151,2.7428,7.8347,4.407,-0.0119,-0.0552,-0.0519,Z
2802,367,553,506,3170,0.0299,9.2204,1.3558,-0.002,0.0596,0.0564,W
2961,2902,3028,2961,3262,0.3023,9.7964,0.4957,0.0072,-0.035,-0.061,M
2812,625,3195,3275,3068,3.3846,8.2068,3.8064,0.0432,-0.0634,-0.0249,Z
2047,3127,3271,3207,3283,0.8644,9.4634,1.2627,0.0517,0.0079,0.0979,T
2286,541,417,3185,3205,5.209,7.1912,2.0509,0.006,0.036,-0.0429,H
3040,3192,3165,3220,466,0.638,9.3078,0.7439,-0.0702,-0.0173,-0.084,I
2701,479,529,3145,3325,0.9917,9.3571,0.5689,-0.0219,0.0577,0.0243,2
610,535,419,579,684,0.2994,9.3746,0.7144,0.0919,-0.0365,-0.0484,5
2875,2993,2960,3276,3228,-0.2182,9.9718,0.9456,-0.0518,-0.0175,-0.065,N
2151,610,1865,424,538,0.5468,9.2873,1.128,0.0001,-0.0766,-0.1598,8
1744,1812,1808,1811,1687,1.2409,9.0719,1.7199,-0.0946,0.0156,-0.0594,C
2988,508,514,633,564,0.2764,9.0972,0.582,0.003,-0.0065,0.0548,4
1899,1932,1817,2132,1882,0.3908,8.8625,1.2493,0.0876,0.0149,-0.0362,O
2476,2536,617,532,444,0.1144,9.0655,1.222,-0.0328,0.0097,-0.0276,F
2936,1808,3306,3088,3207,0.5223,9.5402,1.07,-0.0695,0.0159,-0.0421,X
2887,3136,2838,2971,3125,0.5024,10.1772,0.9965,0.1481,-0.0689,-0.0651,M
2839,562,592,539,3205,0.176,9.4818,1.0871,0.0688,0.0046,-0.008,W
449,521,3152,3153,3185,0.4273,9.8462,1.7058,-0.0162,0.1049,0.0246,L
3063,3024,3003,2940,3190,-0.0239,9.588,0.8267,-0.1202,-0.0115,-0.0588,M
2246,412,382,3132,3182,4.8005,7.3882,2.0539,0.0924,0.0202,-0.1206,H
1588,466,521,3305,3126,0.4024,6.8514,5.9183,0.1078,0.0228,0.0157,P
2836,3415,3351,3405,3369,0.5341,9.6986,1.4758,-0.0619,0.1067,-0.0976,A
3077,2835,2993,2826,3207,0.5562,9.6838,1.0814,0.0982,-0.0072,0.1404,M
2208,467,3160,3100,3097,-0.1538,7.1636,6.3726,0.0967,-0.0622,0.0738,Q
2573,2624,735,520,446,0.7359,9.3201,1.4778,-0.0649,0.1184,0.0428,F
2878,567,586,3232,3344,0.8881,9.8998,1.3121,-0.0326,-0.0096,-0.0019,V
2272,469,481,3257,3258,5.2393,6.9114,2.1844,0.0555,-0.0052,-0.0257,H
3037,579,526,473,462,0.1959,10.4011,0.6136,-0.0993,0.0019,0.0012,4
3052,495,384,666,468,0.0862,9.2355,0.8455,0.0018,-0.006,0.0749,4
2812,1202,1024,3175,3131,0.3153,9.5199,0.9041,-0.0816,0.0093,-0.0345,R
2257,411,3248,3118,3205,0.1289,7.0396,6.4937,-0.0551,-0.0679,0.0375,Q
1830,1720,1819,1705,1779,1.3088,9.239,1.5046,-0.0487,0.0323,0.001,C
3160,2898,2926,2870,2907,0.9982,9.565,0.5283,-0.0154,0.0195,0.0037,E
2950,2944,2930,3312,3254,0.6743,10.0348,0.095,0.0172,-0.0293,0.0558,N
3095,3104,3318,3114,567,1.8881,8.1565,2.8509,0.0272,-0.0003,0.0559,J
558,3206,3259,3266,426,0.7319,9.3892,1.6468,-0.0204,-0.0427,-0.0517,Y
2119,1808,3113,3213,3094,0.3807,9.4011,1.1249,0.0422,-0.1129,0.0087,9
2486,2393,459,560,555,0.5399,9.605,0.518,0.0052,0.043,-0.0416,F
2789,315,407,317,3223,0.4755,9.589,1.4422,0.0481,-0.0113,0.0043,W
1941,1937,1982,1993,1962,1.0974,9.0949,1.9399,0.0203,0.051,-0.0747,0
2591,349,327,3169,3088,1.3069,9.2936,1.565,-0.0545,-0.056,0.0776,V
2942,2998,2983,2933,3108,0.2674,9.4697,0.4576,0.0415,0.0886,0.0481,M
2222,539,1712,535,429,0.2203,9.7786,0.849,-0.0319,0.0102,0.0673,8
2522,2475,571,451,489,0.8358,9.7519,1.0429,0.098,0.0157,-0.0521,F
2024,501,3180,3348,3239,0.4084,6.9409,6.4375,0.1109,0.0338,-0.0704,Q
3004,479,407,535,563,0.1946,8.9556,1.288,-0.0144,-0.0156,-0.0018,4
498,3205,3306,3281,381,0.4117,8.9683,0.7175,0.0044,0.0289,0.0036,Y
2801,461,489,3195,3222,0.3334,9.9497,0.7668,-0.0322,-0.004,-0.0551,2
1854,289,328,494,1782,0.0716,10.0016,0.8524,-0.0266,0.0575,-0.0338,6
2104,548,1786,454,576,0.6438,9.8748,0.6893,0.0406,0.0401,-0.0504,8
2771,3354,3408,3523,3300,0.0597,9.5494,1.0153,0.0087,0.0122,-0.0112,A
2833,670,2822,2932,2749,0.2904,9.6101,0.1347,-0.0584,-0.0548,0.0411,D
2894,558,2900,2864,2964,0.4676,9.5531,0.9029,0.0622,-0.039,-0.0326,D
2116,448,427,1630,609,0.4715,9.8475,0.9083,-0.0486,-0.0437,-0.0438,7
2091,517,3101,3133,3158,0.9562,7.3924,6.7623,0.0017,0.0094,0.0633,Q
1386,521,451,3161,3132,0.3628,6.3981,6.2047,-0.0019,-0.0234,-0.0774,P
2686,1066,1096,3241,3090,0.2631,9.5917,0.1372,0.0094,-0.0589,0.0353,R
2793,3028,3062,3211,3193,0.34,9.344,0.6501,-0.0083,0.0348,0.0689,N
597,359,637,3345,2995,0.9671,9.4284,1.1267,-0.0705,-0.0161,-0.0591,3
3148,536,583,454,482,0.2793,9.8761,0.6715,0.0301,-0.0,-0.0607,4
2822,334,3176,3131,3192,0.0614,9.1261,0.3038,-0.0238,0.0533,-0.0321,1
3247,449,481,559,533,0.28,9.5983,0.611,-0.0062,0.0229,-0.0248,B
496,388,3152,3196,3075,0.6519,9.1109,1.0645,-0.054,0.1088,-0.0989,L
2823,1782,3147,3249,3257,0.0064,9.3849,1.2334,0.0494,0.0032,0.0183,X
2533,495,3158,3202,3285,2.6783,8.0211,4.1431,-0.0155,-0.0655,-0.0602,Z
3008,2914,2976,3073,3263,0.4069,9.9262,0.6957,0.0567,0.002,0.0057,N
2292,515,3249,3263,3244,0.2567,6.9141,6.0645,-0.0149,0.0161,0.0304,Q
3085,2792,2854,2713,2910,1.0446,9.6564,0.3747,-0.0279,0.0306,-0.0211,E
1815,1747,1779,1679,1782,0.9419,9.1621,1.567,-0.0599,0.0542,0.0105,C
3091,2999,3002,2930,3229,0.476,9.4266,0.5234,0.1313,-0.0046,-0.0342,M
3087,3102,2850,3240,3079,0.0005,9.8463,0.8474,0.0363,-0.0465,0.0737,N
2862,526,2845,2783,2843,0.1986,9.6007,0.7176,-0.0229,-0.0345,0.0234,D
2811,583,3079,3167,3332,0.5474,9.9218,0.6223,0.0155,-0.0234,-0.0279,1
1610,600,442,3170,3162,-0.0,9.2154,1.2943,0.0252,0.0137,-0.0668,K
1969,1960,1945,1970,2049,0.339,9.8976,1.6872,0.0099,-0.0083,0.0595,O
3028,2975,2906,2920,3290,0.0823,9.4769,0.4597,-0.0608,-0.0385,0.0844,M
495,524,563,480,477,0.4853,10.4451,0.5456,-0.094,-0.0268,-0.0359,5
2868,3387,3398,3319,3398,0.4134,9.5968,0.7518,0.026,0.0766,-0.0054,A
2836,256,2881,2914,2715,0.0083,9.4649,0.5732,0.0112,-0.0973,-0.0559,D
2895,513,519,3246,3131,0.9986,10.0709,0.7892,-0.0151,0.032,0.056,2
2698,1778,3217,3095,3167,0.5147,9.7363,0.9141,-0.0401,0.0058,-0.0103,X
427,473,433,3120,3125,0.3158,10.1128,0.9825,-0.0676,-0.0262,0.0508,3
2160,536,658,3194,3288,5.5014,7.3082,1.995,0.0321,-0.0644,-0.039,H
2825,1277,1110,3239,3130,-0.1921,9.7123,0.6799,0.0642,-0.0238,-0.0007,R
2811,2983,2918,3160,3115,-0.1829,10.165,0.5949,0.0706,-0.0111,-0.0565,N
2819,1183,976,3295,3198,0.8418,9.8137,0.51,0.0967,0.0139,0.0936,R
2093,1823,3244,3188,3214,0.4311,9.7427,1.2162,0.0139,0.0402,-0.0012,9
2867,3288,3108,3175,599,0.3984,9.7019,0.4458,-0.0522,0.0471,-0.0295,I
2785,546,408,3096,3214,-0.3029,9.0951,1.3416,0.0775,-0.0285,0.05,U
2857,649,3333,3307,3237,0.5139,9.3764,0.4169,0.1492,-0.0864,0.0155,1
2031,3097,3301,3234,3131,0.2976,9.9483,1.1248,-0.0482,-0.0392,0.0312,T
2754,601,519,3172,3115,0.554,9.5838,0.8803,0.0302,0.0133,-0.0425,U
2752,506,560,3271,3309,0.4727,9.6841,0.6909,-0.0464,-0.0488,-0.0072,2
2178,545,3167,3274,3207,0.7881,7.4574,6.6642,-0.0047,-0.0038,-0.1479,Q
2821,3425,3346,3479,3386,0.2733,9.661,0.7305,0.0014,-0.0005,0.0543,A
643,538,3189,3224,3225,0.488,9.5323,1.5625,-0.0158,-0.0598,-0.023,L
1967,1972,1925,1915,2025,0.2577,9.2181,0.8441,0.0969,0.0471,-0.0247,O
2546,3488,3442,3498,3379,0.3854,9.1997,1.5949,-0.0093,-0.0149,0.0303,S
2261,465,515,3135,3297,4.7499,6.9025,1.9055,-0.0177,0.0361,-0.0158,H
2822,478,2846,2822,2946,-0.1591,9.5633,0.5274,0.0302,-0.0809,0.0173,D
3061,2871,2971,3085,3186,0.3818,9.926,1.0677,-0.022,-0.0065,0.0452,M
2711,3382,3375,3462,3504,0.9187,9.3313,0.9372,-0.0842,-0.0403,0.0482,A
1694,1861,1800,1676,1839,1.2501,8.8197,1.8498,-0.0833,-0.0747,0.0068,C
2973,2836,2794,2820,2714,0.5785,9.316,0.9026,0.0119,0.0052,0.0012,E
2254,513,1861,565,406,0.0554,9.1126,0.5459,0.0405,0.0406,0.0224,8
2023,1948,1949,2058,2101,0.2634,9.5253,1.0541,-0.0309,0.0245,-0.0424,0
582,3204,3214,3267,464,0.6866,9.2908,1.2276,0.0451,0.07,0.0579,Y
543,3039,3171,3280,365,0.3433,9.4189,1.1523,0.065,0.0551,0.0121,Y
2760,516,3157,3177,3321,0.7516,9.2049,0.3309,0.1475,-0.0217,0.0211,1
2983,358,2862,2727,2798,0.2256,9.4715,0.7969,-0.0567,0.0515,-0.0897,D
2235,537,3128,3173,3159,0.6117,6.9613,6.2755,0.006,0.017,0.0925,Q
3202,446,517,360,456,-0.1276,9.7406,0.7983,0.0323,-0.1186,0.1021,B
2019,1936,1986,1945,1959,0.1227,9.109,1.7684,0.0166,-0.0252,-0.0514,O
2043,3222,3153,3270,3103,0.7966,9.2312,1.1644,-0.0082,-0.0238,0.0679,T
3075,3251,3212,3304,473,2.3256,8.3846,2.7357,-0.0503,-0.0532,0.033,J
2862,496,567,558,3159,0.2789,9.3015,1.2027,0.0167,0.0223,-0.0016,W
2504,3465,3385,3438,3355,-0.2838,9.6794,0.5354,-0.035,0.041,0.0416,S
1567,406,598,3324,3126,0.1259,9.6232,0.6438,-0.0246,0.0551,0.0369,K
2752,357,398,3228,3196,0.2837,9.651,1.3734,-0.0259,0.0508,0.0205,V
2173,1820,3076,3281,3079,0.3009,9.2642,1.2748,0.081,0.0516,-0.0736,9
2977,423,506,604,421,-0.151,9.047,0.3396,-0.0004,-0.0703,-0.0187,4
1658,513,451,3204,3187,0.359,9.4929,0.7205,0.0141,-0.0704,-0.0358,K
2285,557,422,1799,379,0.685,9.3393,0.6609,-0.0173,0.0292,0.0143,7
2841,1635,3091,3238,3124,0.4783,9.5093,0.5056,0.0329,0.0149,0.0019,X
1953,1970,1815,1991,2044,0.6044,9.162,1.6131,-0.0471,-0.0529,0.0263,0
2174,537,506,3231,3198,4.5188,7.0094,2.0191,0.0121,-0.0297,-0.0598,H
3024,647,567,3151,3186,1.1348,9.5249,1.5249,0.0071,0.0528,0.0652,V
499,574,498,3243,3257,0.4526,8.9627,1.0758,-0.0337,0.0431,0.0683,3
2277,482,3191,3211,3169,0.3696,7.2954,6.0413,-0.0531,0.0337,-0.0036,Q
3174,606,387,546,441,-0.2246,9.7656,0.8028,-0.0422,-0.075,-0.0046,B
2441,3239,3461,3406,3385,0.7516,9.1134,1.0169,-0.0482,0.0328,-0.1113,S
1959,3226,3214,3165,3088,0.0912,9.2384,0.6988,0.0228,0.1065,-0.0255,T
410,3150,3270,3226,487,0.7247,9.8126,1.7209,-0.0509,-0.0942,-0.0872,Y
3009,3015,2926,3033,3267,0.3382,9.4458,0.6692,0.011,0.0024,0.0452,M
544,600,429,444,658,-0.0062,9.7304,1.386,0.0588,-0.0798,-0.0175,5
2292,529,3176,3244,3146,0.4102,6.7772,6.7725,0.039,-0.0017,0.0866,Q
2847,474,3004,3262,3251,2.6803,7.66,4.4053,-0.012,0.0377,-0.0347,Z
573,514,3295,3124,3286,0.2629,9.7719,1.496,-0.0999,0.0365,0.0405,L
2408,2405,628,585,499,0.6554,9.3256,1.371,-0.0338,0.0497,-0.0127,F
1471,504,471,3270,3076,0.2396,7.0988,6.261,0.1098,-0.0645,-0.0326,P
588,569,3207,3224,3226,0.0591,9.3531,1.5745,0.0229,-0.0462,-0.0634,L
2925,456,580,576,3205,0.52,9.4961,1.2346,-0.0195,-0.0238,-0.0191,W
2297,473,3243,3344,3245,0.8493,6.8138,6.2839,-0.008,-0.0026,0.0535,Q
2782,1710,3135,3018,3168,0.2219,9.1715,1.2458,0.0263,0.0277,0.0346,X
2984,3176,3152,3156,594,0.2041,9.2598,0.6614,0.0027,-0.0668,0.0813,I
2807,598,487,3236,3267,-0.0228,10.061,0.5361,-0.0317,0.005,0.047,U
3004,3212,3121,3135,528,0.1425,9.8712,1.2709,0.0166,0.0051,-0.084,I
2398,2650,376,592,493,0.49,9.4556,1.3896,-0.0452,-0.0408,0.0325,F
2940,3369,3293,3232,544,1.7248,8.4204,3.4324,-0.0307,0.0531,-0.0689,J
2860,2911,2937,3175,3293,0.1357,10.1041,0.2959,-0.0174,0.0393,0.0424,N
2214,1821,3205,3121,3296,0.5194,9.6792,0.5119,0.0268,-0.0286,0.038,9
1390,547,495,3169,3096,0.31,9.3756,1.0953,0.0084,0.0396,-0.0242,K
1358,459,398,3170,3237,0.2186,9.7592,0.743,0.0443,0.0655,0.0507,K
644,407,674,3196,3221,0.518,9.9493,1.2875,-0.0072,-0.0563,-0.0121,3
2127,474,461,3191,3146,4.5397,7.8185,1.591,0.0091,-0.0886,-0.0999,H
2187,514,3135,3259,3271,0.5791,7.1242,6.0642,0.0681,-0.0046,-0.0468,Q
3092,466,502,508,485,0.3187,9.9079,0.7204,-0.0493,-0.0142,0.0597,B
2815,604,2794,2785,2847,0.3298,9.4829,0.9548,-0.0326,-0.0306,-0.0264,D
2022,2103,2103,1896,1956,0.7171,9.2119,1.5316,-0.0358,-0.0545,-0.0448,O
2694,1224,1016,3199,3140,-0.496,9.298,0.9671,0.0142,0.0483,0.0173,R
2484,2573,545,460,503,0.4332,9.4446,1.662,0.0484,0.026,-0.0246,F
1774,476,363,379,1756,0.2217,9.2292,1.4498,-0.0532,-0.0453,-0.0264,6
2901,3025,2886,3139,3280,0.4129,9.8057,1.4451,-0.003,0.0011,-0.0132,N
2859,535,551,3132,3068,0.4459,9.6262,1.2193,-0.0827,-0.004,0.0287,V
2515,3394,3439,3479,3427,0.6694,9.4191,1.9888,0.0277,0.0342,0.0879,S
324,3132,3272,3234,507,0.3186,9.3679,1.5507,-0.0926,0.0107,-0.0259,Y
2804,581,3073,3258,3227,2.5129,8.2093,4.5419,0.0167,0.0277,-0.0533,Z
3037,512,582,473,603,0.1013,9.61,0.519,-0.0574,-0.0233,-0.008,4
2290,427,3183,3318,3145,4.9546,7.077,1.7033,-0.0207,0.0056,0.0023,G
2696,367,560,3219,3217,0.7693,9.5549,1.3242,-0.0168,-0.0088,-0.0107,V
380,543,543,3098,3206,0.0968,9.3914,0.7994,0.024,-0.081,0.0492,3
1786,462,521,415,1947,0.4267,9.423,1.1614,0.0461,-0.0601,0.0414,6
2269,414,488,3224,3136,4.7363,6.9595,2.2405,0.0322,-0.0431,0.0326,H
2257,1899,3235,3106,3079,0.7192,9.436,1.7254,0.0012,-0.0864,-0.0633,9
2115,531,3132,3159,2909,5.6276,7.1652,1.7698,-0.0562,-0.0248,0.0358,G
2068,1951,2115,1891,1927,1.0247,9.2139,1.4632,0.0323,0.0579,0.0305,0
2554,2475,549,281,500,0.4621,9.081,1.034,-0.0287,-0.0024,-0.0684,F
2985,3002,3070,2963,3177,0.3237,9.2341,0.7544,-0.0032,0.0819,-0.0149,M
2001,2106,2179,2202,1904,0.1451,9.2667,1.5386,0.0793,0.0314,-0.0602,O
2767,534,3116,3051,3167,2.4635,7.9799,3.659,-0.0562,0.0736,0.0137,Z
2873,439,3059,3081,3162,3.4676,8.2224,4.1341,-0.0033,-0.0563,-0.0466,Z
2038,3049,3139,3359,3213,0.2277,9.5631,0.8271,0.0856,-0.0496,-0.0261,T
3040,2756,2641,2760,2775,0.3061,9.6856,1.5957,0.0062,-0.0108,-0.013,E
2060,1975,2136,1964,2056,0.6533,9.2632,1.2364,-0.0866,0.0277,0.0599,O
2092,1674,3232,2975,3355,0.3135,8.8601,1.3567,-0.0068,-0.0474,-0.0287,9
3007,3203,3147,3189,485,0.2977,9.8831,1.3282,-0.042,-0.0196,-0.0413,I
3005,3169,3169,3286,514,0.4041,9.1628,0.927,0.0265,-0.0199,0.1043,I
1600,662,439,3288,3090,-0.0776,6.8809,6.4537,-0.0496,-0.0008,0.0594,P
1848,1721,1689,1656,1622,0.8446,8.9097,1.3106,0.0622,0.0614,-0.0167,C
3108,3129,3240,3206,565,0.2299,9.742,1.1307,-0.0326,0.0121,-0.0944,I
3067,3050,3202,3278,448,-0.068,9.5443,0.7818,-0.0454,0.1048,-0.0239,I
2897,1795,3300,3250,3252,0.449,9.5488,1.3404,0.0407,-0.0295,0.0247,X
1704,1796,1716,1837,1823,1.2874,8.7627,1.5102,-0.0683,0.0351,0.0259,C
2982,3172,3258,3023,441,1.7823,8.8561,2.6658,0.0113,-0.0064,0.0522,J
2847,447,564,515,3232,0.4464,9.8889,1.7611,-0.1102,0.0463,-0.054,W
2814,1170,1039,3180,3354,0.0922,9.7526,0.5652,-0.0397,-0.0893,0.0206,R
2271,437,1835,679,507,0.5361,9.6136,1.1661,-0.0579,0.1024,0.005,8
2785,1759,3196,3255,3146,0.1597,9.6799,0.7456,0.0076,0.0049,0.0,X
3409,411,617,579,522,0.7276,9.8116,0.6167,-0.0027,0.0612,0.0548,B
2815,528,549,497,3173,0.8405,9.5779,1.4067,-0.0041,0.0055,-0.0007,W
473,468,3141,3268,3106,0.4485,9.7499,1.7727,0.0608,-0.0295,0.0392,L
2758,503,492,3307,3051,1.2842,9.5119,1.5456,-0.0717,-0.0836,-0.028,V
2939,576,470,3260,3141,0.2159,10.04,0.9163,0.0331,0.0585,0.0274,U
3045,398,442,487,485,0.2877,9.4142,1.2437,-0.0617,-0.0602,-0.0471,4
2817,411,362,512,3176,0.2319,8.8954,0.3975,0.0262,-0.0128,-0.0302,W
1741,457,509,599,1810,-0.1359,9.5075,1.2695,-0.043,-0.0851,-0.0191,6
3034,3181,3274,3190,431,1.5392,7.9408,3.3938,-0.0229,0.0169,0.0892,J
2694,570,3305,3167,3164,0.3605,9.1568,0.7129,0.0846,-0.0325,0.0922,1
496,358,272,418,469,0.1225,9.6861,1.3033,0.0305,-0.0578,0.0262,5
2815,358,3259,3200,3151,0.4928,9.4456,0.6682,0.0608,0.0077,-0.0212,1
2878,1265,912,3200,3126,0.0668,9.0867,0.8401,-0.0892,0.0197,0.0679,R
1913,415,433,401,1839,0.924,9.3526,1.2175,0.0066,-0.0235,-0.0611,6
2857,3262,3197,3203,421,1.9443,8.829,3.0002,0.0015,0.0104,-0.0618,J
3169,2961,3098,3238,3154,-0.0947,9.2901,1.1392,0.0867,0.0046,0.0072,N
2136,1833,3246,3222,3339,0.4384,9.009,1.7023,-0.0945,-0.0199,-0.046,9
504,507,3175,3313,3260,0.5055,9.2659,1.4644,0.0209,0.075,-0.0687,L
2444,2493,493,506,701,0.7113,8.7892,1.0372,-0.0966,-0.0165,-0.0994,F
602,504,535,3255,3236,0.7668,9.1867,0.8076,-0.063,0.0843,-0.0838,3
2945,2864,2861,2885,2839,-0.1827,9.4534,0.6533,-0.0101,0.049,0.0153,E
2542,3436,3368,3262,3329,0.8703,8.9919,1.3953,-0.0864,-0.0387,-0.0187,S
2799,1754,3147,3212,3195,0.2093,9.414,1.4618,0.0985,-0.011,-0.0367,X
640,354,458,3217,3152,0.5451,9.0971,0.4464,-0.0437,0.0076,-0.0086,3
1901,2073,2027,1882,1916,0.6042,8.6079,1.17,-0.0412,0.0642,-0.0288,0
3055,3302,3156,3258,550,0.6656,9.4949,0.2604,0.0035,-0.0507,-0.0362,I
2921,425,576,3148,3220,0.0516,9.7677,1.1218,0.0126,0.0955,-0.036,U
2964,3496,3481,3447,3462,0.3346,9.2545,0.999,-0.0085,-0.0227,0.0348,A
2950,3267,3278,3262,563,0.4707,9.6395,0.7474,0.0605,-0.0187,0.0185,I
1784,570,471,516,1785,0.1295,9.3681,1.0664,0.0379,0.0618,0.0441,6
458,3200,3329,3284,581,1.0882,9.5989,1.1315,0.0269,0.0812,-0.0759,Y
606,653,648,259,564,0.2473,9.3043,1.1116,-0.0313,0.0375,0.0661,5
2397,2494,427,563,565,0.0292,9.1515,0.7621,-0.0231,0.0228,-0.0121,F
2781,424,454,514,3142,0.642,8.9935,1.1272,0.0203,0.0066,-0.0368,W
3056,2658,2486,2822,2686,0.3363,9.4094,1.4762,0.02,0.0083,0.0418,E
1965,1958,1877,2082,1979,0.5261,9.1794,1.0048,-0.0266,-0.0186,0.0146,O
2059,3145,3049,3142,3133,0.0213,9.665,0.536,-0.0294,0.0067,-0.0171,T
2980,2843,3018,2826,3083,0.0351,9.2977,0.6365,-0.0521,-0.0703,0.0771,M
2594,3238,3423,3379,3479,0.8429,9.1073,1.0048,0.0416,-0.0169,0.0873,S
469,532,579,402,528,0.1578,9.9249,1.2899,-0.0995,-0.0563,-0.0672,5
2950,2921,2764,2928,2871,0.3536,8.956,0.9942,0.0051,0.0584,0.0794,E
2486,2575,535,451,606,0.1925,9.3724,1.4901,-0.0362,0.0155,0.0272,F
2857,1129,922,3235,3152,-0.0137,10.1151,0.5101,-0.0762,-0.0392,0.0116,R
2750,576,456,523,3190,0.5485,9.4222,1.1904,-0.0237,-0.0332,0.0158,W
489,450,3240,3183,3082,-0.0403,9.6367,1.1338,0.014,0.0027,-0.0184,L
1541,462,440,3235,3230,0.3354,6.9553,6.1248,0.0484,0.0101,-0.0596,P
1951,2090,1945,2044,2124,0.6505,9.0705,1.4732,-0.0022,0.0864,-0.0866,0
464,371,502,601,588,0.7533,9.5908,0.7211,0.0294,0.0076,-0.0129,5
2146,592,1874,574,453,-0.0179,9.8813,1.3507,-0.1002,0.0688,0.0177,8
1432,581,429,3230,3160,-0.3071,7.1433,6.0379,-0.0955,-0.0349,-0.0903,P
2081,332,3189,3165,3145,5.3968,6.7422,2.4251,0.0812,-0.0975,0.0046,G
3006,2837,2797,2841,2773,0.4806,9.0468,0.7937,-0.0339,-0.0187,-0.0463,E
2289,677,505,3262,3152,5.0058,6.947,2.2391,0.0602,-0.0055,0.0767,H
3012,3077,3060,3253,345,0.007,9.06,0.6542,0.0214,0.0056,0.1196,I
2839,672,3042,3139,3359,2.7237,8.1325,3.7181,-0.0697,-0.0408,0.0989,Z
2942,516,480,375,521,0.792,10.0236,0.831,-0.0218,0.0281,0.0133,4
3128,494,542,324,487,0.2429,9.9549,0.7079,0.0291,-0.04,-0.0954,B
2815,535,3227,3219,3369,0.9817,9.7981,0.8778,0.06,0.0546,0.0273,1
1917,3224,3197,3261,3180,0.3371,9.7297,0.8884,-0.072,0.0424,-0.0339,T
331,496,469,3202,3106,0.6111,10.0767,1.0242,0.0023,0.1254,-0.0474,3
2719,578,3015,3181,3208,2.8652,8.475,4.0311,-0.0481,0.0377,0.0199,Z
2146,424,528,3128,3221,4.7792,6.363,2.092,0.0074,0.0259,-0.0336,H
495,3076,3272,3211,694,0.3785,9.9699,1.7238,-0.098,-0.0595,0.0159,Y
571,3257,3083,3122,461,-0.1364,9.2974,1.6913,0.0583,0.0039,-0.0375,Y
1489,546,332,3276,3134,0.4269,6.7817,5.8136,-0.0091,0.0038,-0.0013,P
2110,633,3180,3162,3061,5.1015,7.0447,1.5455,0.0227,-0.0249,0.1345,G
2724,492,371,3161,3251,0.4324,9.5389,1.2581,0.0136,-0.0553,0.0227,V
628,3243,3153,3111,345,0.9687,9.1737,0.9594,-0.0511,-0.0539,-0.0248,Y
1976,3215,3386,3278,3205,0.3548,9.3205,0.6438,0.0854,0.0239,-0.0634,T
2189,529,1883,438,437,0.8578,9.3596,0.8998,0.0609,-0.0823,-0.0601,8
2755,586,3190,3208,3205,3.3498,7.9032,3.9385,-0.0344,-0.021,0.0263,Z
2041,1750,3164,3224,3218,0.3785,9.4132,1.1175,-0.0456,0.0027,-0.1072,9
2826,3382,3466,3223,3418,0.7313,9.0564,1.3431,0.0169,-0.0208,0.0316,A
2679,518,546,3157,3302,0.7134,9.692,1.3895,0.013,0.0119,0.0831,V
2820,584,534,3154,3119,0.6561,9.5473,0.5296,0.0569,0.0401,-0.0526,U
2073,1996,2085,1910,2007,0.7522,8.5146,1.2952,-0.0307,0.0028,-0.0155,0
1548,408,442,3106,3196,0.1422,6.5438,5.8842,-0.0864,0.0664,-0.0279,P
2880,3183,3454,3347,3253,0.6534,9.9121,0.9588,0.0476,0.0806,0.0657,A
227,3143,3395,3265,525,0.7883,9.222,1.3824,-0.0145,-0.0368,-0.0327,Y
2042,518,539,3142,3153,4.7719,6.7399,2.208,-0.059,-0.0133,-0.0453,H
2150,567,430,3212,3158,5.3658,6.7971,1.8944,0.0473,-0.0514,0.0034,H
2120,494,516,3103,3093,5.1342,6.8781,1.9502,-0.018,0.076,0.0631,H
3012,1177,1240,3235,3267,0.8101,9.3637,1.0907,-0.0146,0.0076,0.0042,R
2740,512,417,435,3383,0.7533,9.5108,1.3542,0.0153,-0.0044,0.0378,W
1503,448,426,3216,3301,0.3313,6.7897,5.9231,-0.0281,-0.0333,-0.0722,P
2145,471,494,3074,3261,4.8564,6.1649,1.9928,-0.0371,0.0844,-0.0293,H
2748,540,565,3138,3245,0.8752,9.0512,1.5012,-0.0273,0.062,-0.0324,V
1527,578,370,3347,3292,0.5542,7.2772,6.2913,0.0146,0.0714,-0.0226,P
2814,527,726,3174,3143,0.4053,9.3226,0.9229,-0.0027,-0.0377,0.0247,U
2437,3535,3409,3306,3432,0.8317,9.8182,0.7721,-0.0555,0.0714,-0.0812,S
1517,492,534,3154,3290,0.5421,9.5452,0.7907,0.0408,0.0103,-0.0378,K
2158,1744,3055,3153,3294,0.6026,8.9089,1.317,0.0363,0.0052,-0.0018,9
2875,712,349,504,3092,0.9682,9.4739,0.9906,-0.013,0.0668,0.0226,W
514,437,489,3196,3089,0.5396,9.3407,1.0796,-0.0118,0.0173,0.0349,3
2227,1905,3281,3298,3182,1.0361,9.2584,1.3088,0.0432,0.1586,0.0547,9
2280,711,1825,428,506,0.1486,9.5362,1.3701,0.0348,-0.0052,-0.0343,8
1942,3216,3186,3256,3182,0.091,9.6087,0.9188,-0.091,0.0099,-0.0269,T
1995,1983,1965,2054,1893,0.5039,9.3367,1.5113,-0.0866,-0.0261,0.001,O
1838,1644,1635,1859,1840,0.9828,8.5814,1.2876,-0.0131,-0.0798,-0.037,C
2853,558,476,3150,3357,0.3413,9.5228,0.3569,-0.0466,-0.0321,0.022,U
2250,478,1693,646,455,0.7286,9.6604,0.7312,-0.0388,0.0199,0.02,8
2037,2044,2050,1950,1882,0.2379,9.619,1.1397,-0.052,-0.0523,-0.0923,O
2178,500,496,1730,560,0.7269,9.7741,1.2119,-0.1251,-0.0499,-0.0744,7
2083,569,458,3215,3079,4.7774,7.2268,2.7762,-0.0988,-0.0101,0.0206,H
2935,1815,3143,3201,3314,-0.0438,9.5811,1.0221,-0.077,0.0383,0.0128,X
2966,3032,3036,3232,3285,0.6886,10.2017,0.5489,-0.0287,0.0181,-0.039,N
1972,1973,1986,1977,2021,1.2346,9.1895,1.5267,0.0117,-0.0256,-0.0201,0
2054,412,530,3120,3156,5.1479,6.8262,2.2469,0.0108,0.0218,0.062,H
2850,499,546,3082,3203,1.1286,9.7356,1.1238,-0.0176,-0.017,-0.0313,V
3101,2847,2743,2802,2728,0.3452,9.3336,1.3524,0.1058,-0.0716,-0.0962,E
2052,434,3315,3226,3247,5.2216,6.8226,2.4164,-0.0316,0.0703,0.0221,G
2035,2085,2048,1837,2039,0.1967,9.3071,1.7068,-0.056,0.0578,-0.0177,O
1769,471,469,540,1737,0.5211,9.2488,1.0071,0.0236,-0.0468,0.026,6
656,514,3260,3222,3181,0.4943,9.8376,1.8264,0.0976,0.0111,-0.0438,L
2826,405,3273,3095,3266,2.7061,8.3634,4.0339,0.0172,-0.0041,0.0044,Z
2882,292,485,3170,3199,0.6367,9.6072,1.4227,0.0066,0.0446,0.0026,V
2174,515,1877,548,601,-0.03,9.8139,1.0896,-0.0268,0.0054,0.1563,8
2971,410,521,572,536,0.0861,9.5204,0.883,0.0165,0.0819,0.0312,4
446,450,3213,3169,3233,0.4847,9.4596,1.2894,0.0097,0.0553,-0.0284,L
2718,479,3324,3285,3063,2.6967,8.0737,4.3389,-0.0411,0.0184,-0.0227,Z
2077,478,520,3342,3232,5.1876,7.3493,1.7106,-0.0083,0.1213,-0.004,H
1687,1846,1783,1806,1741,1.5244,9.312,1.2781,-0.0667,-0.0193,0.0217,C
448,418,3183,3114,3250,-0.0831,9.4271,1.6559,-0.0045,0.0547,-0.0685,L
1889,3058,3177,3225,3109,0.5579,9.5128,1.1951,0.0473,0.0672,0.0302,T
2944,1162,1116,3209,3112,0.1049,9.7398,1.0171,-0.0508,-0.0382,-0.0267,R
2658,530,509,3130,3212,-0.0949,9.3946,0.8111,-0.0843,-0.0576,-0.0501,U
469,517,561,595,532,0.4276,9.8957,0.669,-0.0961,0.0628,-0.0225,5
3169,3090,3039,2925,3188,0.4437,9.3531,1.188,-0.0487,-0.0319,-0.0281,M
1848,453,545,561,1773,0.0459,9.8542,0.9988,-0.1105,-0.0195,0.0292,6
695,536,514,406,425,0.8069,9.3614,1.0212,0.0296,-0.021,-0.0254,5
2852,592,574,3168,3207,1.0606,8.8261,1.6955,0.0629,-0.0026,0.0407,V
2245,458,416,3094,3278,5.0361,7.0645,1.7531,-0.0732,0.0481,0.0021,H
374,431,504,518,422,0.2469,8.9322,1.6561,0.0733,-0.0358,0.0069,5
2523,2563,335,524,517,1.1006,8.9414,1.6672,0.0038,0.0244,0.0838,F
2816,1685,3156,3151,3164,0.6617,9.8845,1.1832,-0.0162,-0.0373,0.0045,X
1558,632,432,3088,3201,0.3914,9.8513,0.6312,-0.0269,-0.1074,0.0687,K
2297,466,3124,3195,3130,5.0495,7.3396,1.9496,0.0075,-0.0047,0.0401,G
1579,390,655,3202,3115,0.0304,9.1167,1.0421,-0.0003,-0.0618,-0.0178,K
2869,3421,3415,3468,3389,0.6171,9.469,1.0796,-0.0291,-0.1219,-0.0067,A
2204,574,466,1693,580,0.7151,9.6755,1.0288,0.021,-0.0775,-0.0291,7
2855,1221,844,3167,3189,0.3145,9.2038,0.5711,-0.0311,-0.0268,-0.0259,R
2707,365,492,3080,3106,1.1205,9.5673,1.9474,-0.0735,-0.0501,-0.0314,V
2025,509,3263,3191,3157,5.1394,6.975,2.5057,0.0616,0.048,0.0379,G
2855,650,3335,3148,3318,0.5821,9.9611,0.8555,-0.0155,0.0164,-0.021,1
1752,1829,1846,1791,1795,1.1232,8.9307,1.918,0.042,0.0436,-0.0483,C
2704,462,431,478,3251,0.2747,8.9595,1.3924,-0.0379,0.0914,-0.0204,W
2803,1156,887,3128,3148,0.241,9.4425,0.824,-0.0415,-0.0238,-0.0145,R
2878,2789,2731,2855,3005,0.5499,8.9027,0.8916,0.0061,0.0044,-0.0365,E
3026,2806,2854,2825,2805,0.3195,9.5244,1.1454,0.0134,0.019,0.0671,E
2261,591,3316,3211,3194,0.9428,6.7897,6.1464,-0.0169,-0.0228,0.0024,Q
2483,3318,3427,3471,3324,0.7401,9.364,0.8396,0.0565,-0.0313,-0.0702,S
2179,575,524,1848,353,0.3479,9.4583,1.5052,-0.0053,-0.033,-0.0359,7
2877,3035,2897,3348,3125,0.2999,9.6477,0.5812,-0.112,0.0095,-0.0377,N
2404,3504,3279,3400,3361,0.2079,9.4483,0.9002,0.0529,0.0664,0.0213,S
2901,543,443,668,3144,0.3837,9.5792,2.0686,0.0201,-0.0321,-0.082,W
3238,529,531,345,477,0.4535,9.6853,0.0784,-0.0026,0.0852,0.0623,B
2823,542,477,3152,3218,0.1632,8.9005,0.5527,-0.0158,-0.0539,0.0075,U
2391,1947,3162,3006,3259,0.6281,9.4327,1.1304,0.0675,-0.0773,0.0766,9
1412,484,527,3015,3287,0.6448,6.4436,5.3969,0.0421,0.0382,0.0312,P
439,492,3209,3136,3176,0.4503,9.4168,0.9712,-0.0068,-0.0189,-0.001,L
2770,432,2854,2765,2732,0.1566,9.5866,1.2027,-0.0967,0.0012,0.0312,D
3020,3157,3067,3357,486,0.5233,9.8568,0.6612,0.0336,-0.0302,-0.0495,I
465,3131,3269,3270,449,0.1365,9.337,1.5131,0.0117,0.0443,0.0514,Y
2449,3341,3414,3472,3415,-0.2572,9.7279,0.5953,-0.0358,0.0099,-0.0042,S
1749,493,323,443,1783,0.5928,9.3653,1.2416,-0.0484,0.0162,0.0842,6
3103,492,536,624,617,-0.0431,9.6038,1.1831,-0.0541,-0.0129,-0.0147,4
2837,410,581,3264,3148,0.8869,9.9323,1.3551,0.0363,-0.0547,-0.0285,V
2779,3300,3530,3285,3364,0.5392,9.9324,0.5692,0.0582,0.0005,-0.0491,A
2844,528,585,3321,3126,1.2709,10.0764,0.3901,-0.0499,0.1408,0.0518,2
2530,2283,521,383,422,0.3563,9.201,0.7875,0.0102,-0.0705,0.0178,F
2798,396,552,2987,3243,0.394,9.7491,0.2215,0.0146,-0.0271,0.0801,U
2914,2922,3134,3257,3278,0.5351,9.5582,0.5925,-0.0201,-0.0096,0.0888,N
2051,3100,3169,3224,3045,0.7892,9.8188,0.3695,-0.044,0.0052,0.0421,T
2091,436,3233,3070,3170,0.3854,7.2885,6.7079,-0.0842,-0.0347,-0.0345,Q
2810,1209,796,3260,3249,0.2984,9.8448,0.9805,-0.0348,-0.011,-0.0504,R
2792,3606,3335,3531,3534,0.3339,9.6707,1.4885,-0.019,-0.0102,-0.0291,A
1959,1890,2047,1902,2055,0.708,9.2597,1.4663,0.0099,-0.0307,-0.0691,O
479,678,3114,3063,3084,0.7719,9.2217,1.4523,0.0381,-0.0079,0.0102,L
2875,1126,917,3114,3102,-0.0228,9.8774,0.9674,-0.0848,-0.0255,-0.0579,R
2668,467,565,3188,3167,0.5493,9.9312,0.5965,0.0884,-0.0892,-0.0754,U
2225,486,1777,596,578,0.0816,9.5766,1.0976,-0.0103,-0.0683,-0.1027,8
532,3248,3162,3186,409,0.0473,8.9559,1.7162,0.0262,0.0964,0.0019,Y
2808,3458,3438,3417,3336,0.6414,10.0646,1.4036,0.0797,-0.0256,-0.0495,A
2219,495,3096,3269,3259,4.7973,7.2122,2.1125,-0.064,-0.0427,0.0569,G
2755,350,2963,2720,2715,0.6311,9.4847,0.781,0.0241,0.0542,-0.0167,D
2884,440,342,3217,3263,0.1593,9.5631,0.4461,-0.0498,-0.0161,0.0324,U
326,375,494,3223,3177,0.3374,9.4753,1.1582,-0.0573,-0.0557,-0.0433,3
2302,509,3183,3234,3218,5.2301,7.1614,2.2154,0.0675,0.0442,-0.008,G
3060,3153,3231,3250,420,1.9145,8.8301,2.453,-0.0625,-0.0088,0.0177,J
3172,513,422,483,548,0.2471,9.524,0.5673,0.0357,-0.1025,0.058,B
1991,3291,3191,3203,3111,0.0252,9.7934,1.5168,0.0053,-0.0083,0.0511,T
2790,592,375,3165,3199,0.6202,9.7634,1.0247,0.0301,-0.0187,0.0822,U
3021,3172,3143,3185,434,2.0175,8.5256,3.0785,0.0883,-0.0066,0.0502,J
2770,322,577,3229,3198,0.4375,10.2715,1.1038,-0.043,0.0062,0.0593,2
2206,1827,3141,3198,3367,0.6164,10.0262,1.2072,-0.031,0.0522,0.0632,9
2860,507,2746,2620,2816,0.0673,9.3599,0.6503,0.0872,0.1202,0.0109,D
2776,579,657,3186,3313,0.4275,9.2723,1.1111,-0.0156,0.0358,0.0559,V
2120,530,551,1861,493,0.1452,9.257,0.3098,0.0817,-0.1315,-0.0121,7
2019,2194,1829,2176,2139,0.5555,9.0879,1.3025,-0.0144,0.0598,-0.1233,0
2807,395,353,3233,3184,0.7834,9.4942,1.143,0.0272,0.0411,0.0216,U
2464,2377,544,437,509,0.4937,9.6515,1.1528,-0.0029,0.0243,0.1053,F
2920,3208,3060,3098,3001,0.0937,9.8053,0.9471,-0.0055,-0.0301,-0.0452,N
504,3226,3114,3272,530,0.2158,9.4115,1.7275,-0.0666,0.0529,-0.0225,Y
2789,585,422,615,3164,0.2386,9.7261,1.4204,-0.0888,-0.0053,-0.0553,W
2845,1878,3138,3324,3144,0.1396,9.9438,0.8089,-0.0002,0.0813,-0.0457,X
3019,2700,2724,2851,2718,0.5615,9.0892,1.5294,-0.0387,-0.0112,0.0165,E
2509,2435,496,483,487,0.3851,9.2083,0.8759,0.019,0.0286,-0.0385,F
2894,426,455,3271,3362,0.8623,9.6518,1.0217,-0.0553,-0.0811,0.054,2
579,570,522,3259,3251,1.0895,9.4374,0.7744,0.0102,-0.0475,-0.0184,3
2205,449,3141,3167,3143,5.2051,6.7795,1.7291,0.0884,0.048,-0.0931,G
2409,3478,3440,3250,3458,0.6985,9.8774,0.7694,0.009,0.0347,0.0368,S
2542,3499,3308,3332,3440,0.8835,9.5858,0.667,-0.0545,0.0067,0.0179,S
2245,465,1759,577,499,0.1398,9.822,0.9576,0.0339,0.0036,0.1039,8
3066,3015,3041,3397,3267,0.2055,9.5778,0.4838,0.1174,0.0802,0.0042,N
2968,2689,2879,2737,2737,0.6976,8.9351,0.5429,-0.0009,0.0147,0.0242,E
445,519,3270,3206,3207,0.2382,9.7433,1.8134,-0.0205,-0.0062,0.0707,L
1971,1942,1879,2003,1936,0.8962,9.445,1.6686,-0.0124,0.0101,-0.0445,O
2686,3391,3327,3341,3498,0.8274,9.6827,0.6723,-0.0158,0.0607,0.0071,A
2797,458,3161,3304,3099,3.2979,7.5155,4.4823,-0.1195,0.0233,-0.0329,Z
2715,1285,1065,3134,3145,0.4371,9.2474,0.6123,-0.052,-0.0504,-0.036,R
2159,1786,3077,3216,3157,0.4601,9.6487,1.2906,0.0515,-0.0295,0.0191,9
1481,242,515,3244,3166,-0.0068,6.969,5.8555,-0.0488,-0.0532,0.0078,P
2634,522,3255,3122,3075,2.7268,8.2992,4.241,0.0108,0.0821,-0.0845,Z
2018,3255,3134,3415,3183,0.3608,10.0834,0.4513,0.0967,0.0047,-0.0265,T
2750,433,3291,3177,3240,2.7375,8.1518,4.2206,-0.0558,-0.0267,-0.0452,Z
2072,1881,1797,2092,1933,0.7594,9.4138,1.1508,0.0304,-0.0205,-0.0539,O
2424,3440,3467,3455,3573,0.2247,9.9241,1.3467,0.0025,0.092,-0.0073,S
2682,435,3200,3168,3255,2.7193,8.3679,3.9591,0.0229,-0.026,0.0508,Z
568,402,535,3224,3343,0.3904,9.5134,0.98,-0.0258,0.0739,-0.0487,3
541,521,510,3187,3176,0.7169,9.4714,1.1605,0.026,-0.047,-0.0159,3
2840,3485,3493,3510,3451,0.4499,9.544,1.362,-0.0408,0.0184,-0.0197,A
1355,654,472,3130,3177,0.5669,7.2671,5.9177,-0.0719,-0.0606,0.0143,P
3200,3023,3260,3042,640,2.1464,8.2144,3.2341,-0.0277,0.015,0.0103,J
2954,3363,3091,3249,387,0.2044,9.5897,1.1209,-0.0539,0.0332,0.0009,I
2911,1166,1085,3156,3225,0.118,10.1703,0.7337,-0.0554,0.0048,0.0269,R
553,3288,3189,3342,440,0.0329,8.8767,1.497,0.0006,0.0063,-0.0334,Y
2780,429,3085,3023,3163,0.3684,9.944,0.0994,0.0076,0.028,0.018,1
2722,493,714,3262,3236,0.1426,9.4846,0.355,0.0898,0.0134,0.0091,U
2804,1768,3280,3273,3155,0.0315,9.5538,1.3558,-0.0631,0.0235,-0.041,X
3018,3116,3302,3164,581,2.0345,8.9901,2.6876,-0.0542,-0.0453,0.0067,J
2686,532,3167,3279,3117,0.0108,9.7204,0.5525,0.0337,-0.0049,-0.0959,1
1890,1974,2004,2009,2049,0.5847,9.1639,1.5659,0.0105,0.0025,0.032,0
2820,455,3114,3220,3057,3.2301,8.1981,3.8351,-0.0247,-0.0494,-0.0191,Z
2679,1169,953,3309,3292,0.7192,9.8405,0.8617,-0.0437,0.0663,0.0174,R
3116,3254,3299,3117,473,0.4288,9.9483,0.7564,-0.0041,0.0344,-0.0563,I
533,3250,3195,3303,371,-0.2657,9.5222,1.4006,0.0859,0.0521,0.0294,Y
2227,471,3180,3203,3108,4.7699,6.4645,1.7231,0.0047,0.015,-0.099,G
2948,466,2712,2771,2914,-0.2485,8.9795,0.8268,-0.0221,0.0004,0.0473,D
1453,519,410,3099,3104,0.5547,6.8901,6.3547,-0.0448,-0.1229,-0.0065,P
2899,514,492,3155,3099,0.9017,9.249,1.6305,0.0229,0.1259,0.0598,V
2133,1834,3180,3083,3228,0.7546,9.1007,1.49,-0.0298,-0.0178,-0.0266,9
1903,1862,2171,2008,2013,0.2654,9.6693,1.34,-0.1393,-0.0284,-0.0141,O
2844,601,3148,3082,3179,0.1838,9.3147,-0.1028,0.0608,0.0746,-0.0301,1
2646,424,3252,3176,3271,0.6791,9.4128,0.7503,0.0694,0.0517,-0.0797,1
2205,532,3218,3264,3121,0.7174,7.0501,5.9579,0.0043,-0.0653,-0.0267,Q
2923,425,2899,2828,2655,0.4906,9.5647,0.6634,0.0122,0.0237,0.0354,D
1619,514,547,3269,3251,0.3615,9.4898,1.2333,0.0388,0.0584,0.0276,K
2793,1920,3170,3171,2993,0.0071,9.6685,1.5019,-0.0446,0.0098,0.1354,X
423,475,501,3210,3093,0.3976,9.6778,0.8218,0.0178,0.0007,-0.023,3
3053,573,517,441,564,0.1856,9.8082,0.4235,-0.0178,-0.0346,0.0196,4
2775,393,3341,3151,3047,3.3406,7.7675,3.6364,0.0339,-0.0259,0.0084,Z
2543,2566,361,487,477,0.5158,9.2152,1.0962,0.0425,-0.0956,0.0889,F
1919,1734,1683,1824,1756,1.5606,9.0104,1.2593,-0.0574,0.0545,-0.0286,C
2819,1734,3104,3223,3142,0.7163,9.0474,1.3952,0.0025,-0.0427,-0.0226,X
2722,508,619,562,3101,0.4234,9.6187,1.6551,0.0896,-0.0105,0.0412,W
2180,433,3201,3165,3206,5.0365,6.7133,1.8804,0.0039,0.0592,0.0128,G
543,3177,3177,3189,354,0.5126,9.1539,1.6898,-0.0449,0.0341,0.0271,Y
2879,531,455,3158,3198,0.7003,9.7325,1.7425,0.0403,0.0117,-0.0413,V
2897,402,555,3196,3180,0.4465,9.363,1.1973,-0.0318,-0.007,-0.0183,V
2378,471,469,3212,3338,4.4961,7.0828,2.6262,0.0064,-0.0618,-0.0309,H
2166,397,1696,529,598,0.3172,9.9157,1.3296,-0.0066,0.0319,0.0245,8
2410,3312,3441,3543,3492,0.4702,9.5029,0.8181,0.0196,-0.0104,0.0095,S
2306,455,1789,519,495,0.2393,9.5154,1.1574,0.0449,-0.1059,0.0253,8
2236,531,3062,3280,3339,0.4813,7.0423,6.9437,-0.0563,-0.0551,-0.042,Q
2391,3232,3571,3321,3345,0.7684,9.1374,1.1594,0.0911,0.1057,-0.0224,S
571,3234,3337,3159,544,1.1707,9.544,1.5454,-0.0135,-0.0484,-0.0145,Y
482,3324,3188,3167,501,-0.0896,9.2496,1.5764,0.0991,0.0046,0.0219,Y
3190,517,626,578,569,0.0633,9.4332,0.7866,0.0438,0.0736,-0.0302,B
2207,501,1892,375,625,0.8954,9.4653,0.8822,0.0671,-0.0132,0.0177,8
2431,2442,474,478,447,0.3726,9.3314,1.2503,-0.0158,0.0579,0.0254,F
1489,590,544,3353,3192,-0.0446,7.1022,5.9785,0.0267,0.0331,-0.0267,P
1508,491,451,3136,3225,-0.1247,9.7368,0.6838,-0.1029,0.0911,-0.0429,K
2796,650,3300,3175,3240,2.7004,8.0074,4.2293,0.051,-0.032,0.0501,Z
2708,475,3163,3196,3266,0.2214,9.9531,0.0602,0.0224,-0.0218,0.0127,1
2821,3400,3198,3174,458,2.1129,8.616,3.2852,-0.0463,-0.0156,0.1015,J
2847,568,463,3270,3164,1.0193,9.2946,0.9528,-0.0368,0.0424,-0.0152,V
3040,579,504,548,535,0.3167,9.8878,0.3568,0.0049,0.0341,-0.0223,4
2752,624,2710,2660,2888,-0.3824,9.5388,1.7353,-0.0006,-0.056,-0.0029,D
2740,569,613,3168,3165,0.4473,9.4241,0.7736,-0.0735,0.0428,0.0832,2
1943,1937,2099,1980,1985,0.9846,8.8924,1.3539,-0.0775,0.0035,0.0304,0
2670,1922,3083,3132,3210,0.4412,9.6284,1.04,0.0574,0.0245,-0.0593,X
3087,2830,2612,2823,2767,0.5612,9.7833,1.0585,0.0833,-0.0089,0.0312,E
540,569,519,3182,3143,0.3947,9.5622,1.2776,-0.0695,-0.0564,-0.0003,3
1994,2167,1940,2048,2067,0.4138,9.5677,1.7836,0.0122,0.0236,0.0053,O
1929,1995,1976,1958,2055,0.4984,9.1997,1.5462,-0.0348,-0.0269,-0.0749,O
3089,494,430,351,413,0.3351,8.9901,0.8531,0.0247,-0.0782,0.044,4
3020,3229,3072,3194,429,0.3844,9.5821,1.384,0.0458,0.0142,-0.0133,I
2292,463,3091,3205,3134,4.6835,6.7839,2.7456,0.0068,0.0181,-0.0611,G
366,512,545,3199,3131,0.4397,9.7704,1.1181,0.0233,-0.0124,0.0213,3
2181,452,1752,351,562,0.1707,8.9994,1.0969,0.0157,0.0423,0.0909,8
2691,552,481,487,2954,0.3228,9.3369,1.6646,-0.0018,-0.0326,0.0417,W
583,454,509,533,438,0.1701,9.4185,1.2232,0.0173,-0.0677,0.0976,5
393,571,445,3191,3293,0.7421,9.615,0.7613,0.0243,-0.0398,0.0247,3
2272,1719,3296,3117,3186,0.6353,9.708,1.09,0.0241,0.0106,-0.0125,9
1345,538,434,3168,3316,0.3598,9.5005,1.1529,0.0253,-0.046,-0.003,K
2049,1917,2001,2084,1973,0.2445,9.9409,1.1485,0.0078,-0.0354,-0.0468,O
2528,2610,482,467,542,0.0665,9.3289,1.1597,-0.046,0.0529,-0.0531,F
2921,2738,2914,2815,2852,-0.0496,9.8583,1.3903,-0.0999,-0.0353,0.0248,E
2783,1838,3101,3123,3174,0.3908,9.7149,1.0808,-0.0195,0.0118,0.0083,X
2530,3375,3391,3625,3367,0.4941,9.4838,1.3473,0.0119,-0.0136,0.1146,S
2114,425,3286,3188,3158,4.7196,7.3588,2.4393,0.0592,0.0246,0.0145,G
2242,476,626,1597,375,0.6311,10.2423,1.2048,0.0092,-0.0233,0.0278,7
3079,3144,3175,3150,468,-0.0095,9.3332,0.9303,0.0066,0.0246,0.0107,I
2907,1793,3139,3204,3169,0.696,10.2163,1.2732,0.0475,0.0618,0.0227,X
2202,536,390,3199,3295,5.5285,6.961,2.0125,0.1106,0.0567,-0.0309,H
2994,2663,2831,2792,2928,0.1181,8.9575,1.1854,0.0173,-0.0504,-0.0765,E
3172,438,530,598,452,-0.5171,9.5763,0.774,0.0269,0.0214,-0.014,B
2718,3548,3497,3446,3381,0.2122,9.3883,1.3266,0.0942,0.0772,-0.0244,A
3176,613,300,602,527,-0.1621,9.3774,1.0029,-0.0473,-0.0577,0.0569,B
2139,549,536,3244,3185,4.8285,6.9643,2.1503,-0.1088,0.0197,0.0155,H
2579,2429,421,490,534,0.6492,9.1772,1.0482,-0.0567,-0.0112,0.0538,F
3121,422,508,449,539,-0.6564,9.4429,0.1622,-0.0128,-0.0269,0.0399,B
439,3182,3210,3210,465,0.2261,9.8181,1.2501,0.0828,0.0248,0.0102,Y
2845,522,303,3288,3268,0.1333,9.6844,0.3519,-0.0385,0.0835,-0.0577,U
585,364,497,3125,3290,0.8547,9.2571,0.6053,0.0122,-0.0555,0.0429,3
2726,519,2604,2785,2783,-0.1093,9.3215,1.0429,0.0115,0.0051,0.0153,D
2018,3167,3334,3149,3186,-0.178,9.4085,0.6031,-0.0458,-0.0978,-0.0446,T
2287,488,1651,621,526,0.7162,9.5907,1.0112,0.0368,-0.0077,0.0907,8
1959,2020,2089,2030,2157,0.6203,9.2529,1.3855,0.0996,0.061,-0.073,0
2837,481,357,3208,3203,1.0716,9.3162,0.5342,-0.0255,0.1328,-0.0575,2
2859,463,478,3177,3201,0.5166,9.2756,1.9104,0.0662,-0.0782,-0.0862,V
560,521,514,589,451,0.8401,9.3848,1.1295,-0.0097,0.0309,-0.0501,5
379,446,572,3101,3134,0.3589,9.8865,0.9885,0.0067,0.0205,0.0697,3
519,3283,3288,3198,465,0.0726,9.5441,1.5197,-0.0422,-0.029,-0.0034,Y
2311,434,513,3137,3233,4.9952,6.9535,2.3565,-0.0327,0.0293,-0.0384,H
3015,2928,2717,2870,2803,0.6084,9.369,1.3215,0.0148,-0.034,-0.0006,E
2984,600,442,514,484,0.2117,9.5769,1.2561,0.0422,-0.0228,-0.0305,4
2965,2987,2921,3164,3228,0.3999,9.676,0.7821,0.043,-0.0129,0.0696,N
3153,3201,3075,3177,505,2.1347,8.4228,2.6965,-0.0547,-0.0327,-0.0279,J
2864,437,457,3368,3279,0.7245,8.6115,1.3624,-0.0663,-0.0431,-0.0483,V
2916,1278,934,3249,3222,0.0942,9.6373,1.0575,0.047,0.1166,0.0047,R
1741,406,378,513,1743,0.1661,9.9886,1.3459,0.0168,0.0143,0.0809,6
1705,601,520,585,1754,0.1339,9.1136,1.4102,-0.022,-0.081,0.009,6
2874,295,476,3323,3257,-0.159,9.1979,0.6208,0.0039,0.0438,0.0302,U
2801,380,617,3233,3246,1.0307,9.4968,1.0568,0.0291,0.077,0.0346,2
1518,679,454,3114,3243,0.3254,7.1996,5.9788,-0.0429,0.1174,-0.1477,P
2034,3093,3185,3299,3124,0.6248,9.1758,0.7294,-0.0004,0.0486,-0.0149,T
2931,617,540,609,485,0.2995,9.1888,1.3534,0.0185,0.0928,-0.0175,4
2257,521,543,1950,435,0.4764,9.5092,1.2365,-0.0226,-0.0283,-0.0032,7
2800,1588,3111,3341,3241,-0.1846,9.2517,0.4224,-0.039,-0.0083,0.0801,X
2980,3228,3017,3047,3027,0.5191,10.3455,0.7157,-0.017,0.0215,-0.0399,N
2865,478,392,3337,3060,-0.2446,9.81,0.7087,0.0216,-0.0004,0.03,2
2696,3296,3373,3533,3379,0.0491,9.4263,0.9182,-0.1348,-0.0027,-0.0115,A
2924,3320,3478,3382,3396,0.7024,9.1632,1.1147,0.0083,0.0246,0.0145,A
2760,523,2813,2916,2877,-0.0886,9.2437,0.9737,-0.0032,-0.0228,0.0508,D
2908,2981,3139,2951,3288,0.6047,9.9224,0.4199,0.0263,-0.0078,0.0544,M
519,588,3150,3184,3124,0.5676,9.6351,1.6889,-0.0585,0.0073,-0.0339,L
1903,2048,2087,1795,1881,0.463,9.0693,1.0173,0.019,0.0621,-0.0094,0
2706,601,2709,2840,2750,0.7851,9.3689,1.143,0.0092,0.0126,-0.0985,D
2889,3134,3191,3207,481,0.4303,9.8988,1.3168,0.0289,-0.0426,-0.0074,I
2192,1886,2988,3225,3331,0.2556,9.6244,1.4014,0.0941,0.0117,0.0352,9
1516,429,618,3163,3295,1.3417,6.738,6.1027,-0.0066,0.1015,-0.014,P
1495,422,496,3106,3198,0.6318,7.5153,5.6736,-0.0125,-0.0262,0.0137,P
2860,3353,3192,3356,3431,0.0563,9.555,0.9954,0.029,0.006,-0.0487,A
589,567,3214,3202,3204,0.704,9.1428,1.6278,-0.046,0.0668,0.0266,L
2236,482,484,3260,3340,4.8289,6.6647,2.4643,-0.0894,-0.0504,-0.0123,H
398,3189,3285,3241,407,0.5934,8.8974,1.556,0.069,0.0037,-0.0566,Y
2176,1760,3219,3066,3175,0.3276,9.5102,0.5669,-0.0401,-0.023,-0.0242,9
2691,617,594,3337,3193,0.6763,8.8337,0.9624,0.0517,-0.0344,0.0528,U
2771,329,3190,3171,3164,-0.031,9.6738,0.1501,-0.0421,-0.01,0.0511,1
3145,540,531,465,395,0.22,10.0743,0.8573,-0.0196,-0.0452,0.0269,4
3073,2868,2694,2762,2865,0.4125,9.1779,1.1375,-0.0357,0.0897,0.0772,E
1580,463,479,3188,3207,0.2822,9.3336,0.4449,-0.0283,0.0358,0.0425,K
2938,3236,3224,3326,496,1.4736,8.6941,3.6414,0.0356,-0.0394,-0.0541,J
436,583,3157,3186,3165,0.1591,9.8709,1.5144,0.0544,0.0522,-0.0484,L
2146,602,590,1699,613,0.094,9.6137,0.7552,0.0082,0.0058,0.1116,7
2458,3361,3368,3427,3331,0.1868,9.2628,1.1478,-0.0032,-0.0121,-0.0421,S
2175,518,3094,3239,3221,5.007,7.3082,1.6377,0.0817,0.0451,-0.0035,G
3137,2982,3216,3052,3183,0.4343,8.9942,1.1078,0.1283,-0.1045,-0.0144,M
2641,541,3222,3221,3106,-0.2112,10.3733,0.5399,0.0968,0.0452,0.0056,1
2778,469,3173,3109,3167,2.6039,8.3926,4.04,0.0053,0.0333,0.1395,Z
2815,1419,1088,3185,3136,-0.488,9.8024,1.1025,0.0373,-0.1177,-0.0629,R
2582,2398,587,583,424,1.0796,8.9629,1.0126,0.024,-0.0427,0.0132,F
2838,412,470,3177,3324,1.1579,8.839,1.9754,-0.0608,0.008,-0.0417,V
2166,1822,3188,3114,3207,0.2004,9.4782,1.0826,-0.0069,-0.0411,0.0387,9
2842,485,3239,3182,3083,-0.0469,8.9995,0.9988,0.0643,0.0517,-0.0108,1
548,432,489,3211,3186,0.2205,9.4752,0.8367,0.0828,0.0107,0.1283,3
2491,3480,3328,3444,3168,0.4541,9.378,1.6296,-0.0946,-0.0007,-0.0949,S
1745,1691,1793,1665,1815,0.9891,9.0441,1.3434,0.1538,0.068,-0.0622,C
2738,443,3163,3160,3297,0.5741,9.7813,0.0021,0.0148,-0.0155,0.0703,1
2262,449,3251,3267,3171,5.0053,6.8054,2.4955,-0.006,-0.0461,-0.0358,G
1837,1999,2112,2053,1971,0.2905,9.6417,1.5918,-0.0123,-0.0295,0.0038,O
1943,1982,2000,2006,2021,0.4477,9.164,1.5246,-0.0089,0.0512,0.0575,O
2160,633,617,3250,3105,4.7983,7.3767,1.8311,0.0561,0.0237,0.0026,H
2631,560,440,541,3160,0.3836,9.5493,0.9537,-0.0083,0.0255,0.1083,W
1980,532,1892,426,535,0.2377,9.0473,0.9024,-0.0287,0.0064,-0.0153,8
2790,1085,1108,3262,3240,0.1079,9.8433,0.415,-0.1114,-0.0781,-0.0461,R
2501,2569,369,701,452,0.5639,8.8432,1.3459,-0.0553,0.0051,-0.0272,F
1969,3417,3220,3256,3149,0.7794,9.4919,0.9626,-0.005,-0.0646,-0.0125,T
2855,479,488,3350,3161,0.8058,9.4292,1.6484,0.0146,-0.0625,0.0081,V
2249,558,3292,3318,3090,0.6214,7.1318,6.4778,-0.0414,0.0722,-0.0294,Q
2756,531,3067,3148,3150,0.5064,9.6425,0.2098,-0.0539,-0.0276,-0.0824,1
2443,3289,3409,3412,3558,0.6711,9.3477,1.1483,-0.0913,0.0071,0.0044,S
2482,3313,3488,3372,3442,-0.132,9.8603,0.7946,0.0672,0.0306,-0.0714,S
3041,2905,2784,2635,2834,0.7824,9.7774,0.8012,0.0043,-0.0266,-0.041,E
2222,432,617,3056,3101,4.3102,7.5403,2.0997,0.033,0.0151,0.0287,H
533,445,3289,3289,3209,0.5692,9.1004,1.0944,-0.0188,-0.0044,0.0531,L
2247,564,1839,568,562,0.0147,9.9478,1.2607,-0.0955,-0.038,-0.0616,8
2894,3133,3180,3339,562,2.3232,8.9251,4.0808,0.0021,0.071,0.0506,J
2896,552,471,514,430,0.4737,9.3889,0.3983,0.0784,0.0104,-0.0156,4
3024,2795,2850,2782,2775,0.8107,9.4704,1.2479,-0.0113,0.0833,-0.0339,E
2808,1785,3221,3167,3260,0.1856,9.1954,1.0676,0.0927,-0.0761,-0.0572,X
2645,506,3232,3219,3238,2.7564,7.8549,3.2818,0.0445,-0.0449,-0.0125,Z
2240,564,462,1821,721,0.199,9.3817,1.426,-0.0788,0.0123,-0.1208,7
2228,482,428,3084,3120,4.7361,7.1184,1.8422,0.0093,0.0641,-0.0044,H
2885,494,533,3257,3082,0.5592,10.2225,1.3241,0.0766,0.0955,-0.063,2
2220,501,431,3294,3241,5.1888,6.8477,2.2502,0.0456,-0.0334,-0.0708,H
2881,1738,3185,3202,3125,0.721,9.3065,0.9696,0.0536,-0.0225,-0.0168,X
1548,555,461,3199,3250,0.4458,9.9806,0.9389,-0.0252,0.0317,-0.0632,K
2852,533,3137,3233,3273,0.0071,9.1119,1.0322,0.0158,-0.0229,-0.0246,1
2666,1052,992,3011,3187,0.3401,9.8569,0.9513,0.0451,0.0207,-0.0162,R
442,3250,3146,3078,488,0.1238,9.3441,1.4924,-0.0347,0.0076,0.0519,Y
2900,614,3087,3324,2994,0.4877,9.7656,0.2801,-0.0336,-0.0317,-0.0102,1
2987,483,501,563,445,0.2784,9.6744,0.6386,0.0231,0.0174,-0.1034,4
2153,529,1720,505,416,0.1677,9.2885,1.1394,0.0429,0.0919,0.039,8
3007,2995,3046,3125,3090,0.15,9.4835,0.7149,0.0635,0.0385,0.0267,N
2070,432,3162,3169,3150,0.5143,6.7449,7.1503,-0.0683,0.0444,-0.0131,Q
399,474,448,3294,3335,0.5127,9.6213,0.5578,0.0152,-0.0129,0.0679,3
2808,371,3262,3290,3217,0.5244,9.4488,0.9553,0.0095,-0.0803,0.0608,1
496,553,477,506,576,-0.2828,9.2251,0.8429,-0.0079,-0.0709,-0.0454,5
2783,1754,3139,3194,3321,1.0117,9.8942,0.8608,0.0204,-0.1023,-0.0078,X
2794,3480,3428,3348,3428,0.9614,9.4893,1.4694,-0.131,0.0411,0.0044,A
1802,2010,2018,2179,2038,0.351,9.0398,1.4711,0.0224,-0.0252,0.0031,O
2573,3380,3288,3440,3420,0.4837,9.0855,0.8079,-0.0469,0.02,0.0217,S
2831,2898,2973,3001,3195,0.5668,9.7432,1.009,-0.0695,0.0072,-0.0154,M
2369,490,3147,3113,3201,0.7808,7.0297,6.3925,0.0628,0.0264,-0.0057,Q
2750,392,2751,2797,2705,-0.0455,10.2334,0.5418,-0.0162,-0.0184,-0.0211,D
3126,3188,3254,3109,475,2.3468,8.2845,2.9616,-0.0787,0.1003,0.0632,J
2660,1781,3013,3295,3121,0.1008,8.9197,1.1333,0.0036,-0.0374,0.0132,X
2093,574,490,1890,538,0.5544,9.8392,1.7794,0.0652,0.0443,0.0146,7
3002,613,619,554,601,0.2541,9.7709,0.8491,0.0334,0.0922,0.0501,4
2121,3306,3185,3170,3172,0.4405,9.1479,0.5925,-0.1136,-0.0011,0.1019,T
456,583,479,3353,3203,0.5492,10.1719,1.0929,-0.0353,-0.051,-0.0231,3
2779,1802,3082,3110,3192,0.1904,9.1556,0.9058,-0.0439,0.0014,0.0496,X
3017,2965,2931,3104,3144,0.2871,9.2535,0.8509,-0.0097,-0.0199,0.0581,N
1805,466,314,503,1758,0.5966,9.2451,1.2663,0.0623,0.0078,-0.0543,6
2641,1646,3135,3080,3390,0.1593,9.6085,0.8483,-0.0584,0.0524,0.0327,X
2214,547,625,1792,489,0.5035,9.2345,0.7916,-0.102,0.1144,0.0415,7
1348,535,468,3179,3268,0.5296,6.9045,5.665,0.0664,-0.067,0.0315,P
2541,2559,439,549,590,0.5704,10.0006,1.2132,0.057,0.0147,0.0293,F
2203,2003,1933,1947,2062,0.0715,9.5352,1.2829,-0.0929,-0.049,0.0014,O
2851,471,661,387,3227,0.9987,9.4619,0.7224,0.1386,0.079,-0.0114,W
2717,1670,3198,3114,3157,0.8448,9.479,1.3321,0.0148,0.0292,-0.0275,X
417,399,3218,3137,3298,0.0613,9.5459,1.1983,-0.041,0.027,-0.0338,L
2109,602,387,3116,3135,5.1511,7.0099,1.9499,0.0073,0.0296,0.0334,H
1959,2048,1923,2225,1961,0.5789,9.1299,1.7333,-0.0107,-0.049,-0.0917,0
3112,3278,3159,3165,545,2.2806,8.3401,2.9297,-0.0283,-0.0666,-0.011,J
2639,1107,994,3180,3198,0.1022,9.2063,0.8411,-0.0083,0.0319,-0.0374,R
2820,540,389,381,3142,0.5731,9.4349,1.1643,0.0326,-0.0428,-0.0085,W
2537,2544,586,451,424,0.5077,9.1097,1.3693,-0.0581,0.1167,0.0648,F
2630,3381,3358,3398,3433,0.0613,9.4267,0.9851,0.0023,-0.0072,-0.0468,S
1474,471,442,3201,3155,0.4301,9.0538,0.9358,-0.0548,-0.0321,0.0072,K
2828,551,506,3211,3250,0.5264,9.2859,0.9527,-0.0123,-0.0278,0.0485,2
2030,2149,1947,2015,2012,0.2682,9.2983,1.0975,0.0481,0.0295,0.0216,0
2952,503,3033,3218,3135,0.046,9.78,0.3238,0.0513,-0.0058,0.02,1
3080,3032,3026,3220,3149,-0.009,9.3931,0.7022,-0.0328,0.0207,0.0101,N
2923,2873,3010,2767,3108,0.828,10.0335,0.9462,0.0154,-0.0975,-0.037,M
2702,638,354,3166,3179,0.0042,9.6304,0.7873,0.0082,0.0251,0.0118,U
2607,2623,371,526,437,0.5255,9.4928,1.1362,0.0115,0.0336,0.0147,F
2088,394,548,3211,3262,5.2007,6.8737,1.9789,-0.0256,-0.0105,-0.0484,H
2725,409,536,3353,3156,0.5063,9.3915,1.9912,-0.0319,-0.0125,0.0419,V
1802,416,377,523,1700,0.1922,9.8072,1.1008,-0.0609,-0.0448,0.0193,6
2096,513,3180,3307,3082,0.6277,6.9267,6.9587,-0.0414,0.0208,-0.0419,Q
2128,1712,3090,3129,3290,0.5094,9.7552,0.89,-0.0501,-0.0196,0.0148,9
2780,580,496,565,3001,0.3413,9.1554,0.5146,0.0052,-0.005,-0.0234,W
2251,448,3065,3203,3220,0.4782,7.5419,6.4604,-0.1141,-0.0204,0.0227,Q
1969,2233,1962,2068,1981,0.781,9.2368,1.5768,0.0314,-0.0361,0.1379,O
3096,555,459,521,523,0.1297,9.4649,0.2928,-0.0458,-0.0416,-0.0034,B
2225,629,440,1909,430,0.5084,8.9657,1.1919,-0.011,-0.0872,-0.0236,7
2820,3327,3451,3267,3394,0.1367,9.3044,1.0142,-0.043,-0.0192,0.0503,A
1890,1644,1878,1735,1868,0.9795,9.0086,1.4445,0.0606,-0.062,0.0304,C
2213,558,3309,3225,3128,5.0167,7.545,2.4043,0.0454,0.0398,0.035,G
2809,500,3279,3100,3380,-0.1242,9.5837,0.2394,0.0028,0.0009,0.0083,1
1457,418,440,3300,3344,0.0258,7.1186,5.9047,0.0698,0.0067,-0.0004,P
2207,501,1689,679,439,0.6476,9.2628,0.6684,0.0685,0.0778,0.0227,8
2122,1660,3194,3185,3287,0.5194,9.0737,0.7339,0.0073,0.0002,0.066,9
2140,522,3259,3293,3171,0.5932,7.1028,6.8816,0.0392,0.0652,-0.0832,Q
1691,568,572,419,1820,0.2628,8.9066,1.2662,0.0726,0.0161,0.0088,6
491,585,2974,3152,3060,0.1413,10.1214,1.6795,0.0476,-0.004,0.0379,L
470,3047,3271,3192,512,0.4681,9.2455,1.5426,0.0081,0.0632,0.0219,Y
3181,368,468,579,462,0.3921,9.6428,0.5972,-0.0574,0.0043,-0.1496,B
2471,2556,585,565,475,0.2727,8.7377,1.1211,0.0589,-0.0562,0.035,F
374,333,3154,3072,3050,0.8387,9.3707,1.4204,-0.0094,-0.0569,0.0205,L
2833,509,565,3181,3315,1.2997,9.4111,1.1628,0.0605,0.0264,0.0643,2
2947,437,436,441,511,0.6604,9.9966,0.5234,0.0165,0.0141,0.0106,4
2995,3166,3178,3178,544,1.6676,8.5074,3.0738,0.0198,0.0111,0.0258,J
3213,675,539,495,586,0.2632,9.7629,0.1725,0.0117,0.0518,-0.0418,B
3062,3154,3359,3209,402,0.2241,9.2389,1.2773,-0.033,0.0246,-0.0235,I
3056,3270,3060,3131,481,0.2932,9.399,1.0736,0.099,0.0093,0.0042,I
2834,1105,1123,3211,3278,0.5876,10.2234,0.8546,-0.0195,-0.0185,0.0748,R
2807,529,461,3375,3126,0.427,9.6318,0.1435,-0.0421,-0.0676,0.036,2
2928,3053,2983,3118,3198,0.2124,10.2969,0.9306,0.079,0.0566,0.0019,N
2809,1741,3133,3157,3178,0.7716,9.4035,0.7462,0.0406,0.0514,0.041,X
2848,561,3179,3152,3245,2.5555,8.5849,4.1357,-0.008,0.0415,0.0315,Z
500,466,436,556,552,0.4533,9.5905,1.4805,0.0508,-0.0708,0.0444,5
2145,419,503,3292,3328,5.2386,7.0088,2.0809,0.0006,-0.0513,0.0012,H
2507,3348,3504,3509,3412,0.9279,9.475,1.2797,0.0758,0.0049,0.0228,S
3054,488,354,475,409,0.121,9.3168,1.427,-0.017,0.0359,-0.0153,4
3064,3072,3063,3165,3224,0.3333,9.3191,0.5221,0.0206,0.0098,0.0277,N
1571,561,439,3217,3308,-0.056,6.9523,6.0859,0.0005,0.0425,-0.0749,P
2907,1959,3204,3178,3105,0.0499,9.5698,1.2102,-0.0744,0.0415,0.0686,X
3079,584,420,469,520,0.7987,10.633,0.682,-0.0092,0.0267,0.0444,B
3051,2745,2775,2752,2808,0.7592,9.2687,1.3002,-0.0391,-0.0424,0.0409,E
2160,515,3327,3185,3151,5.0934,7.1409,2.1324,-0.0089,-0.0978,-0.0459,G
2897,485,3136,3283,3302,0.0644,10.144,0.7888,-0.0276,0.0609,-0.0616,1
3186,3338,3211,3068,495,1.8839,8.1177,3.0873,-0.0412,-0.0357,-0.0102,J
3063,3016,3115,3227,357,1.7307,8.2901,2.9232,-0.0144,-0.0145,0.0413,J
2901,2977,2949,3007,3174,0.6396,9.3364,0.2806,-0.0679,0.0497,-0.0485,M
660,543,515,3335,3328,0.0682,9.3487,1.1757,0.0614,-0.0583,0.0454,3
2786,3401,3312,3284,3527,0.2459,9.2026,0.354,-0.0319,-0.0662,0.0821,A
600,477,603,489,492,0.1318,9.1896,1.0448,-0.0127,-0.0744,0.0175,5
2854,2949,2688,2814,2805,-0.4432,9.4198,1.1345,0.0177,0.0452,-0.0194,E
3111,3179,3083,3269,539,0.3324,9.7412,0.6888,0.001,-0.0066,-0.0296,I
2808,560,632,3159,3167,-0.1037,9.7563,0.6066,0.0173,0.0583,-0.0342,U
1546,539,516,3286,3202,0.7334,9.9222,1.1747,-0.0374,-0.0065,0.0619,K
2896,3006,2968,3182,3202,0.1586,9.6739,0.774,0.0236,-0.0264,-0.0532,N
1988,3192,3356,3092,3228,0.3816,9.4248,0.714,-0.0332,-0.0204,0.0248,T
2112,449,583,1784,510,0.4925,9.6893,1.1503,0.0034,-0.0069,0.0547,7
3185,420,497,435,410,0.2776,9.7638,0.7349,-0.0216,0.0204,0.0275,B
2744,559,577,3130,3132,0.8341,9.7511,1.3222,-0.0202,0.0161,0.0328,V
1794,499,329,468,1740,0.5293,9.8883,1.332,0.1015,-0.0698,-0.0771,6
2060,526,482,1781,411,0.3004,9.2364,1.8544,-0.0402,0.0519,-0.0283,7
2777,523,541,3061,3218,1.1267,9.4399,1.3894,-0.0707,0.0254,0.0938,V
2930,3000,2804,2969,3106,-0.1498,9.3593,0.4792,0.0235,0.0598,-0.0182,M
3054,3231,3244,3123,404,0.3161,9.6192,0.7558,-0.0145,0.0855,0.0213,I
2838,599,459,3349,3230,0.3775,9.7965,1.0925,-0.0227,0.0277,0.0523,U
2753,681,3115,3239,3224,3.2283,7.2498,3.4939,-0.0274,0.046,-0.0132,Z
2790,433,684,327,3299,0.74,9.6425,1.2288,0.0667,-0.0224,0.0196,W
2841,1929,3291,3099,3188,0.5368,9.2449,0.8948,0.0337,0.0125,0.0001,X
2796,3082,2950,3284,3139,0.3365,9.8564,1.1211,0.0116,0.0092,0.031,N
2963,566,450,420,543,0.1143,9.773,0.5462,-0.0236,-0.0291,0.0206,4
474,585,427,3342,3256,0.8546,9.6403,0.9633,0.0474,-0.0704,-0.0294,3
398,3043,3274,3171,402,0.6333,9.0836,1.4792,-0.0646,0.0325,0.0044,Y
2898,572,3229,3196,3243,2.9307,8.2184,3.7486,-0.0955,-0.0601,0.0071,Z
1816,490,394,451,1816,0.4489,9.4536,0.7328,-0.0007,-0.1044,-0.0652,6
2087,2115,2027,1984,2024,0.3189,10.1874,1.324,0.0659,-0.0371,0.0798,O
2049,1981,2012,2033,1927,1.0558,9.3672,1.5425,-0.0433,0.0585,-0.0023,0
3035,3215,3136,3167,656,1.1016,10.0688,0.9435,-0.0169,-0.0399,-0.0366,I
2747,392,3274,3253,3270,0.1576,9.1724,0.2495,-0.0674,-0.0679,0.0568,1
2789,579,3252,3379,3256,0.0765,9.653,0.3478,0.0004,0.0549,-0.0162,1
3111,2971,2935,3026,3116,-0.0412,10.0531,1.3426,-0.0296,0.0534,0.0178,M
2910,499,3082,3155,3249,3.05,8.1356,3.9483,-0.0383,0.0063,0.0034,Z
2776,544,3076,3065,3160,0.4336,9.6741,0.516,-0.0137,-0.0014,-0.0147,1
2207,559,3182,3244,3123,4.5009,7.1671,2.5232,-0.0498,0.0611,0.0022,G
2829,3391,3435,3274,3309,0.1418,9.5429,1.5198,0.1116,0.0319,0.025,A
3066,2791,2659,2779,2722,0.4239,9.9303,0.4782,-0.04,-0.0276,-0.0191,E
3019,469,578,610,644,-0.2661,10.0149,0.4517,0.0151,0.0306,0.0804,4
2283,481,559,1847,512,0.6833,9.8215,0.7145,0.0766,0.0432,-0.0438,7
2832,1121,963,3210,3175,0.127,9.5153,0.8132,0.1159,-0.0163,-0.0339,R
2146,405,3064,3147,3170,0.4141,6.9858,7.0199,-0.017,-0.0024,-0.0909,Q
2872,613,281,3387,3191,1.0068,10.1195,1.0317,-0.0172,0.0079,-0.0955,U
480,520,445,588,485,0.5612,9.9516,0.4446,-0.0343,-0.0086,0.0064,5
2709,464,448,533,3224,0.5341,8.9746,1.1582,0.001,0.0616,0.01,W
2145,468,3228,3240,2989,0.4289,6.8542,6.9143,0.0296,-0.0092,0.0112,Q
2991,3187,3058,3280,423,1.929,8.6793,3.4383,-0.054,-0.0223,0.0691,J
2141,524,3393,3245,3212,0.0888,7.2173,6.7617,0.0156,0.0057,0.1416,Q
3025,2928,3060,3043,3214,0.1706,9.478,0.7395,-0.0616,-0.002,0.0446,M
2784,474,504,3068,3272,0.9046,9.6473,1.3081,0.0173,-0.0977,-0.0459,V
2696,555,543,3267,3266,0.2479,9.5458,0.8499,-0.0501,0.0516,-0.1237,2
1463,586,464,3030,3302,0.6205,9.7608,0.4769,0.0756,-0.0387,-0.0255,K
2283,503,516,1728,586,0.5929,9.3364,0.995,-0.0445,-0.0485,-0.0308,7
2277,1802,3268,3240,3303,0.7886,9.0086,0.6379,-0.0038,0.0301,-0.0363,9
2214,1840,3202,3339,3267,0.7988,9.6475,1.2229,0.0366,0.0624,0.0063,9
2832,1081,1175,3159,3283,0.3603,9.6725,0.4502,0.0422,0.0024,0.0235,R
2804,3308,3428,3444,3486,0.8161,9.0867,0.7187,0.0258,0.0257,0.0258,A
2517,3483,3383,3347,3421,0.7887,9.4733,1.134,0.0129,-0.0049,-0.0023,S
2845,483,3173,3064,3344,0.2822,10.4026,0.61,0.0776,-0.0359,-0.0757,1
2839,3388,3451,3521,3381,0.4298,9.9738,1.2302,-0.0235,0.0271,-0.0232,A
2433,3275,3369,3328,3397,0.4005,9.3573,0.8636,-0.0347,-0.0256,0.0718,S
2754,461,453,3167,3215,0.817,9.8283,0.6996,-0.0316,-0.089,-0.0337,2
1444,415,456,3299,3088,0.2075,9.8632,1.1483,0.009,-0.0324,0.0015,K
2279,648,3195,3119,3188,4.332,6.9886,2.2463,-0.0018,-0.0142,0.0264,G
3131,389,666,463,440,0.1393,9.6096,0.7544,-0.0026,0.0158,0.012,4
2153,546,606,1817,408,0.5798,9.2447,0.9123,0.0045,-0.0335,0.0318,7
2900,483,539,3273,3164,0.4082,9.5068,1.7689,0.0375,-0.0187,0.0762,V
2025,1879,1885,2071,2056,0.2236,9.6243,1.9798,0.0729,0.0802,0.0278,O
2743,504,421,3323,3080,0.6031,9.5605,1.3804,0.0336,0.0859,0.0417,V
3218,474,547,554,524,-0.0474,9.783,0.8586,-0.0298,0.1049,-0.0263,B
2890,568,2974,3226,3339,0.3088,9.3876,0.1934,-0.01,0.0338,0.1445,1
1523,457,484,3105,3161,-0.058,7.0349,5.942,-0.0458,0.0893,-0.0123,P
2736,3375,3248,3417,3400,0.2549,9.6978,1.2813,-0.0804,-0.0381,-0.0385,A
2793,500,510,3353,3162,0.1748,10.034,0.9334,0.0384,-0.0515,0.0123,U
2844,394,608,3022,3094,0.3191,9.422,0.8077,-0.0342,-0.0178,-0.0092,2
2770,519,509,3162,3205,0.1527,9.3033,0.9658,-0.0197,-0.0013,-0.0386,2
2958,3245,3298,3100,380,2.702,8.4468,3.0759,-0.0346,0.0245,0.048,J
2286,1865,3089,3223,3216,0.8557,9.8503,1.5869,-0.0237,-0.0719,0.025,9
3152,3255,3250,3196,569,1.9032,8.5847,2.7251,0.052,0.0145,0.0991,J
2892,2860,3000,2963,3192,0.6196,9.6675,1.0276,0.0223,-0.0158,-0.0501,M
2828,497,515,552,3249,0.9603,9.7129,1.2053,0.032,0.0212,0.0082,W
397,498,470,518,385,0.2396,9.7067,1.8837,0.006,0.0335,0.0244,5
2729,448,3248,3218,3228,2.5785,8.6543,4.1355,-0.0791,0.0306,-0.0552,Z
2161,507,1715,681,408,0.3609,9.4222,1.3223,0.0035,-0.0788,-0.0322,8
2465,2385,675,405,517,0.0778,9.2803,1.3266,-0.0412,0.0293,-0.0135,F
2185,510,3228,3198,3153,4.411,6.8274,1.7083,0.0233,0.0455,0.0469,G
2214,483,3220,3254,3107,4.9807,6.0011,2.0742,-0.015,-0.0492,0.0158,G
2923,529,604,431,445,0.3346,10.6339,0.6657,0.0482,-0.0089,-0.027,4
2345,461,564,3173,3208,5.4546,7.2293,1.6276,-0.0286,0.0628,0.0071,H
2703,515,410,3203,3172,0.6217,9.3085,1.7032,0.0888,0.0275,0.1139,V
2845,463,3223,3232,3168,0.6012,9.2619,0.5328,0.0339,0.0851,0.0067,1
3034,3183,3254,3191,501,0.3755,9.8781,0.5973,-0.0243,-0.0334,-0.0166,I
1532,486,448,3080,3090,0.2134,9.2903,0.7002,0.0189,0.0257,-0.0229,K
522,463,481,3124,3327,0.5207,9.5437,1.6185,-0.0462,0.007,-0.0341,3
2878,309,2754,2655,2723,-0.6416,9.5589,0.4574,0.003,-0.0813,0.0041,D
2954,3124,3396,3175,485,2.2034,8.9788,2.8366,-0.0499,-0.0621,0.0797,J
2509,3298,3381,3312,3326,0.3988,9.3303,1.44,0.059,0.0402,0.0392,S
2180,425,472,1781,522,0.7119,9.8122,0.974,-0.0273,0.067,-0.005,7
391,554,361,554,580,0.5971,9.5061,1.1603,-0.0578,0.013,-0.0309,5
362,402,546,464,553,-0.0754,9.7434,0.9881,-0.0735,0.0565,-0.0703,5
2389,2499,327,598,597,0.47,9.2888,1.1783,0.0026,0.0064,0.0279,F
541,549,624,3274,3041,0.7501,9.249,0.8337,0.0491,-0.0932,0.0856,3
2129,2101,1970,2054,2046,0.9411,9.3547,1.2761,-0.0245,0.0448,-0.096,O
526,443,3327,3063,3238,0.1168,9.2472,1.5619,0.0128,0.0115,0.0076,L
2568,2649,449,556,607,0.3311,9.2543,1.7214,-0.0488,-0.0671,0.0764,F
1551,630,476,3180,3249,0.6755,9.4617,0.9084,-0.1109,-0.0389,-0.057,K
2778,3401,3443,3305,3489,0.7146,9.7155,1.1315,0.001,0.0336,0.0296,A
2722,489,545,3204,3214,0.2928,9.939,0.8438,0.0024,0.0148,-0.0208,2
1641,1680,1871,1889,1758,1.205,9.4171,2.0362,-0.0123,-0.1151,-0.041,C
2797,653,2694,2958,2860,0.4251,9.3046,0.9713,-0.0362,0.0633,-0.0486,D
448,486,3202,3215,3194,0.7189,9.428,1.5604,-0.0191,-0.0526,0.0077,L
2184,1668,3273,3326,3113,0.2613,9.4106,0.6198,0.1041,-0.0025,0.0021,9
2934,3037,3160,3280,373,1.6469,8.5468,2.9652,0.0297,-0.0614,-0.0162,J
2496,3477,3519,3428,3453,0.2375,9.2824,1.3029,-0.0437,0.0349,0.086,S
2702,1830,3367,3183,3270,-0.2309,9.6403,0.8292,-0.0135,0.0298,-0.0122,X
1938,2122,2093,2027,1966,0.8869,9.4542,1.3689,0.0486,0.0185,-0.083,0
1434,676,519,3185,3345,0.2811,9.4726,1.2972,-0.02,-0.0373,-0.1127,K
3025,3114,3186,3199,497,2.0266,8.2496,2.7819,-0.0374,-0.081,0.0171,J
1967,2036,2055,1956,1963,0.4,9.0766,1.6557,-0.0019,0.0649,-0.0547,0
2382,3271,3520,3334,3357,0.5899,9.1492,0.9202,0.0446,-0.0711,-0.025,S
429,512,3307,3220,3225,0.7452,8.9789,2.0157,-0.0528,0.044,0.0373,L
2198,453,448,3210,3155,5.4146,7.3564,2.3545,-0.0247,-0.0481,0.0041,H
3134,565,518,501,421,0.5911,9.8994,0.3341,0.0501,-0.0249,-0.0391,B
566,433,406,491,484,0.1396,9.6686,0.7663,-0.0412,-0.0933,-0.1227,5
3028,2974,2878,3058,3217,0.0787,9.261,0.9984,-0.0801,0.015,0.0422,M
2733,632,2966,2797,2759,0.2483,9.8144,1.1834,0.0285,0.0051,0.0749,D
3120,2719,2767,2683,2877,0.443,9.2521,0.8823,0.0839,-0.0036,-0.0091,E
2799,508,3255,3246,3220,3.5055,7.9064,3.9431,0.0142,-0.0592,0.0344,Z
2791,1131,1018,3073,3285,0.013,9.6462,0.8964,0.0581,-0.0841,-0.0163,R
2798,1859,3051,3235,3244,0.6545,9.3874,1.0002,-0.1226,-0.0335,0.0088,X
2308,478,1959,540,510,-0.139,9.7928,1.1612,-0.0111,-0.0252,0.1007,8
2009,3255,3195,3204,3137,1.28,9.358,1.2188,0.0954,-0.0671,0.0306,T
2302,389,3152,3131,3177,5.0202,7.129,1.8959,-0.0439,0.0843,0.1206,G
2197,445,527,1729,340,0.1861,9.4182,1.1839,-0.0109,-0.0573,-0.0331,7
2958,500,2830,2908,2788,0.103,9.8622,0.8235,0.0091,-0.0417,-0.0859,D
2368,359,533,3136,3047,4.9395,6.5628,1.9516,0.0017,0.0559,-0.0754,H
2178,450,1779,402,451,0.0301,9.5036,0.8825,-0.0273,0.0008,-0.1237,8
2007,2078,2124,2004,2093,0.4632,9.8005,1.5116,0.0157,-0.0173,0.0108,0
422,520,3242,3144,3115,0.5259,9.2919,1.9437,0.0371,-0.032,0.0213,L
2029,535,587,1911,494,-0.0306,9.4132,0.565,0.0644,0.0227,-0.0256,7
2162,420,495,1841,455,0.6859,9.6408,1.5193,-0.0841,-0.0706,-0.0209,7
2520,2563,454,448,632,0.8954,9.6372,1.4362,0.023,0.1009,0.0022,F
2270,334,440,1921,406,0.0757,9.3446,1.3806,0.0201,-0.0531,-0.0042,7
1535,412,620,3177,3161,0.5585,6.6978,6.1727,-0.0241,-0.0297,-0.0044,P
430,3235,3196,3325,520,0.648,9.1675,1.5936,0.0237,-0.0177,-0.0216,Y
2219,1912,3172,3364,3248,0.9375,9.5157,1.3655,0.0072,-0.0784,-0.0983,9
2878,3533,3481,3252,3297,0.3126,9.5078,1.1553,-0.0363,0.0093,-0.0378,A
2986,551,432,3284,3204,0.197,9.8703,1.2427,0.0108,-0.0489,0.0057,2
610,496,3170,3084,3188,-0.0212,9.2892,2.1193,0.0332,-0.0105,0.0349,L
711,545,550,508,352,0.1546,9.774,0.8375,-0.0085,0.0146,-0.0488,5
2745,475,285,3280,3221,0.7471,8.8,1.8327,-0.0219,0.0283,-0.0006,V
2868,520,573,3256,3110,0.1259,9.7904,0.5994,-0.0513,0.0645,0.0031,2
2697,1103,1143,3225,3099,0.2614,9.5293,0.2937,-0.0379,-0.0013,0.0633,R
435,714,3234,3215,3190,0.8625,10.1834,1.3004,-0.0048,-0.0175,0.0366,L
2590,476,568,3150,3238,0.4374,8.8312,1.6253,-0.0027,-0.0168,0.0423,V
2816,1814,3208,3173,3321,1.0709,9.9344,1.0064,-0.0024,0.0546,-0.0379,X
3044,3031,2994,3048,3111,-0.4047,9.9486,1.0022,-0.0063,0.0537,-0.0366,M
2852,3195,2929,3314,3194,0.0544,9.6795,1.1087,-0.0776,0.0351,-0.0006,N
3007,515,481,432,475,0.0502,8.6916,0.7959,-0.013,0.0618,0.0345,4
2100,2106,1948,1957,2071,0.392,9.5402,1.1927,-0.0143,0.0489,-0.0485,0
2367,2560,411,624,496,0.2261,9.0574,1.3044,-0.0196,-0.0048,0.0806,F
2857,549,480,3258,3233,1.0001,9.4811,1.515,-0.0298,-0.0304,-0.0107,V
1786,549,572,648,1799,0.8704,8.8515,1.8352,0.0211,0.0378,-0.0642,6
724,3264,3202,3146,427,0.6311,9.142,1.7973,-0.0041,-0.0039,0.0057,Y
2596,3430,3281,3413,3430,0.4614,9.3778,1.2565,0.0572,-0.0077,0.076,S
583,540,3250,3252,3000,0.5031,8.8611,1.6527,-0.1047,-0.009,0.0274,L
600,431,3061,3211,3348,0.6593,10.3646,1.5996,0.0118,-0.1078,0.0214,L
2768,421,634,3188,3218,0.4783,8.8755,1.3668,0.0261,-0.0061,0.0487,V
2779,1809,3027,3274,3243,0.8494,9.2567,1.1714,-0.0952,-0.0883,-0.0118,X
573,394,410,654,445,0.4036,9.4479,0.9885,-0.0186,0.0061,-0.0406,5
2732,529,696,3024,3159,0.539,9.9785,0.3853,-0.0319,-0.029,-0.0326,U
2971,3258,3247,3290,380,2.0672,8.9278,3.3998,0.0179,0.1174,0.0305,J
2813,550,287,3280,3027,0.3568,9.4341,0.9398,0.009,0.0293,0.0623,2
1849,1856,1972,1774,1724,1.0738,8.7593,1.9446,-0.0142,-0.0283,-0.0236,C
580,520,378,496,546,0.6143,9.8137,1.3594,0.0285,0.0244,0.0116,5
3074,3224,3308,3184,466,2.4164,9.0736,3.0028,-0.0376,0.0405,-0.0127,J
2226,542,1699,418,476,0.0005,8.9567,0.6908,0.0191,0.0051,-0.0222,8
1957,3133,3267,3148,3199,0.1203,9.5221,1.2879,-0.0439,0.032,0.0028,T
2653,3357,3310,3452,3282,0.4114,9.4105,1.2022,-0.0241,0.06,-0.0373,S
3001,2795,2852,2805,2789,0.7531,9.1063,1.1609,-0.0836,-0.0419,-0.0606,E
2907,471,482,592,3188,0.7331,10.1999,1.0269,-0.0089,0.0198,0.0746,W
2783,3329,3333,3381,3429,0.7741,9.259,1.4478,-0.0136,-0.0011,-0.0374,A
443,619,582,3184,3147,0.2148,9.5577,1.1245,0.067,0.0178,-0.0176,3
2212,620,3167,3247,3191,4.6132,7.2204,1.6716,0.0011,-0.0171,0.0447,G
2597,3411,3413,3414,3370,-0.0224,9.9718,1.3205,0.0625,-0.0536,0.0722,S
2760,531,3342,3248,3169,0.2085,9.6552,0.0978,-0.0229,-0.0251,0.1389,1
2174,1705,3179,3303,3218,0.6882,9.7207,1.316,-0.0184,0.005,-0.0537,9
2049,3291,3138,3077,3171,0.7819,9.2562,1.3045,-0.0131,0.0878,0.1123,T
2571,2492,500,458,424,0.4342,9.1684,1.396,-0.0536,0.0667,0.0376,F
476,579,3199,3088,3188,0.2441,9.7325,1.6818,-0.0157,0.0071,-0.0654,L
2922,3009,3185,3321,558,0.3683,9.3798,1.0992,-0.006,0.0787,-0.0491,I
2005,3149,3122,3048,3227,-0.6182,9.8895,1.3096,-0.0455,0.0794,0.103,T
2836,1906,3042,3138,3288,0.6799,9.2223,1.348,0.0022,0.033,-0.0352,X
1785,1858,1828,1827,1778,0.635,8.6635,1.7128,0.001,-0.0069,-0.0212,C
1758,459,570,478,1849,0.6897,9.2953,1.2699,-0.0242,-0.001,0.0237,6
3088,2699,2766,2882,2825,0.3856,9.5753,1.0538,-0.0758,-0.0175,0.0808,E
2427,3383,3344,3325,3453,0.7102,9.653,0.8686,-0.0331,-0.0203,-0.011,S
2222,438,3287,3084,3171,5.1086,7.0163,2.2289,-0.0759,0.0826,0.0263,G
572,613,431,3333,3165,0.3468,9.3767,0.4146,-0.0211,0.0656,0.0239,3
3123,3318,3043,3199,618,1.1672,9.8111,0.6896,-0.0505,0.1109,0.0364,I
457,612,3116,3225,3295,0.6144,9.7723,1.6691,0.0215,0.0183,0.0307,L
2825,390,2757,2840,2721,0.7816,9.9672,0.3286,-0.0466,-0.1143,-0.0391,D
2119,1859,3086,3243,3332,0.4056,9.7245,1.2246,-0.0696,0.006,-0.0093,9
2020,3372,3160,3303,3129,-0.061,9.7962,0.9344,0.0636,0.0735,-0.0139,T
2753,1814,3099,3128,3149,0.2503,9.5894,1.1914,-0.0237,-0.0519,0.0068,X
433,3174,3271,3248,523,0.6135,8.9577,1.664,-0.0229,0.1011,-0.019,Y
1899,512,455,456,1963,0.4728,9.5029,1.068,0.0045,0.0189,0.0903,6
2345,2558,546,537,604,0.4005,8.9707,1.179,-0.0174,-0.0421,-0.004,F
2780,3453,3551,3389,3322,0.8321,9.4639,0.3482,0.0424,-0.0268,-0.0045,A
425,422,3233,3127,3195,0.8172,9.4912,1.2834,0.0705,0.0274,0.0509,L
2714,625,518,552,3140,0.6012,9.1096,1.5527,-0.0645,0.0077,-0.0194,W
2678,2393,477,298,475,0.7928,9.6162,1.2232,0.0445,0.1273,0.0856,F
2005,1971,2055,1911,1928,0.0647,9.7706,1.2838,0.0202,-0.0063,0.1449,O
2999,588,500,473,613,0.417,9.1855,0.7133,0.0134,0.0118,0.0255,4
3076,2704,2728,2711,2680,0.4439,9.8485,0.9445,-0.0753,0.042,0.0843,E
2053,2058,1871,1945,1890,0.5568,9.003,0.9057,-0.0119,-0.1105,0.0129,O
2721,1737,3224,3211,3132,0.7159,8.8256,1.1007,-0.0773,0.044,-0.0132,X
2256,536,536,1741,340,0.2954,9.2699,0.9166,0.0481,0.0718,0.0075,7
2229,402,3352,3217,3176,0.6163,6.8091,5.7987,0.0286,0.0671,0.0278,Q
1870,493,579,491,1681,0.1798,9.7423,1.5098,-0.0665,0.0697,0.0513,6
2045,2051,2027,1982,1974,0.8333,9.2697,1.8374,-0.005,-0.0068,0.0185,0
2201,1727,3170,3149,3085,0.2255,9.1685,0.8342,-0.0722,-0.0298,0.0432,9
523,554,423,471,519,0.1101,9.63,0.4251,0.0406,-0.0075,0.0347,5
2086,463,539,1972,452,0.2038,9.6012,1.0665,0.0128,-0.0128,-0.099,7
2975,3172,3211,3256,470,0.4187,9.6044,1.0806,-0.0094,-0.0039,-0.0187,I
2238,535,479,1795,493,0.605,9.2915,0.2699,-0.0172,0.0844,0.0401,7
2295,1839,3205,3194,3197,0.2679,9.5956,1.5133,-0.0126,0.0234,-0.0364,9
483,3189,3219,3232,492,-0.1969,9.7191,1.3607,-0.0612,-0.0196,0.0056,Y
2107,3129,3128,3285,3076,0.3995,9.8749,1.395,-0.0216,0.0505,-0.0561,T
1724,415,506,511,1857,0.4333,9.1666,1.3805,0.0673,0.0183,-0.0727,6
1895,331,608,628,1895,0.7252,9.8653,1.4648,0.0289,0.0067,-0.0536,6
2981,2744,2745,2756,2752,0.0161,9.1627,0.7512,0.0296,-0.0191,-0.0104,E
3094,3095,3237,3258,488,2.2679,8.5443,3.3651,-0.0761,-0.0174,-0.0036,J
1879,1744,1809,1769,1698,0.9495,9.1797,1.1377,0.0405,-0.0425,-0.0241,C
2345,578,1814,425,372,-0.1278,9.7839,0.8326,0.004,-0.0477,0.1103,8
582,3131,3193,3114,468,0.5948,9.6106,1.7711,0.0111,-0.0325,-0.007,Y
1930,676,532,347,1870,0.4218,8.8926,1.4072,0.022,-0.0403,-0.0593,6
2030,1856,3098,3210,3141,0.7604,9.6479,1.2714,-0.0054,-0.022,-0.0602,9
2728,472,617,471,3229,0.1297,8.8856,0.8879,-0.0345,0.052,0.0575,W
1661,477,517,414,1776,0.5064,9.3329,0.8368,0.0734,0.0133,-0.043,6
2814,1254,1043,3286,3211,0.352,9.821,0.7786,-0.0344,0.0226,-0.0564,R
2258,480,3273,3074,3068,4.8826,6.7333,1.845,-0.011,0.036,-0.0204,G
3078,560,466,409,463,0.5771,9.5394,0.6075,-0.0365,0.0379,0.0343,B
2803,1168,1021,3194,3137,0.3382,9.6452,1.5049,-0.0306,-0.042,0.014,R
2731,531,554,491,3127,0.3636,9.3051,0.8839,-0.0193,-0.0726,0.0296,W
1710,410,561,469,1721,0.8565,9.2891,1.6891,-0.022,-0.0373,-0.0032,6
2831,468,3201,3179,3267,-0.0866,9.5978,0.4413,0.0697,0.0588,0.0196,1
2091,3245,3296,3110,3115,1.0178,9.8441,0.7555,0.0434,-0.0233,-0.0849,T
419,540,525,477,412,0.6752,9.4906,0.7878,-0.0257,-0.0048,-0.005,5
2975,3186,3122,3039,3206,0.4614,9.8481,0.9256,-0.0376,0.0892,0.0123,M
2817,491,3258,3263,3295,2.9628,8.3773,4.1035,0.068,0.075,0.0009,Z
2579,3496,3338,3428,3487,0.8509,9.0474,0.9991,-0.0095,0.0795,-0.1105,S
3211,501,471,625,434,0.6597,9.85,0.0802,0.0184,-0.105,0.0313,B
2113,499,566,3279,3236,4.882,7.269,1.7992,0.0876,-0.0042,-0.077,H
2054,459,1650,442,530,0.2605,9.8303,0.8392,-0.0746,0.0074,-0.0074,8
540,523,523,532,513,0.5048,9.6517,0.8244,-0.0633,0.016,0.0076,5
2887,2806,2884,2712,2750,0.5508,9.8636,0.552,-0.0084,0.0142,-0.0051,E
2786,430,564,511,3177,0.455,9.3936,0.7688,0.0581,0.0552,0.002,W
2955,439,2853,2884,2755,0.6114,9.8293,1.3184,-0.0235,-0.0643,-0.0253,D
2627,3503,3326,3366,3343,0.5291,9.9237,1.3557,-0.0216,0.0627,0.0586,S
3017,3186,3124,3240,582,2.2624,8.4224,3.1084,0.0836,0.0535,-0.0392,J
2878,578,3208,3156,3209,3.1213,7.9664,4.1294,-0.0177,-0.1576,-0.0097,Z
2160,3204,3223,3364,3194,0.9179,8.8679,0.6514,-0.0334,0.0292,0.0887,T
3039,3062,2857,3200,3224,0.4248,9.5487,0.8482,-0.036,-0.0887,0.0492,N
2978,3028,2991,3064,3234,0.1871,9.043,1.2497,-0.0343,0.0179,-0.0958,M
2923,3325,3240,3138,420,0.3922,9.6133,1.0496,0.0273,-0.0132,-0.0272,I
1441,602,425,3146,3213,0.1603,7.2625,5.7628,0.018,0.0142,0.0832,P
547,576,3132,3159,3252,0.7014,9.1964,1.6835,-0.0472,0.0241,-0.0013,L
2643,382,423,3249,3000,0.9624,9.4029,0.9555,-0.0158,0.0582,-0.0535,V
2524,3388,3387,3278,3344,0.3285,9.3282,0.7433,0.0531,-0.0052,0.1083,S
2798,430,2782,2677,2709,0.5917,9.8618,0.9089,-0.0861,-0.0179,-0.0612,D
2811,445,2849,2840,2864,0.3996,10.4806,0.4916,-0.0855,-0.0197,-0.0784,D
2085,646,3139,3219,3220,0.9779,7.0376,6.6248,-0.0039,-0.0598,-0.1159,Q
469,582,3219,3289,3245,0.5827,9.5302,1.5766,0.0147,-0.0079,-0.0126,L
2209,473,1797,465,540,0.3332,9.6971,0.8897,0.0559,0.0006,-0.0604,8
2709,564,3189,3205,3182,0.427,9.9056,0.4631,-0.0749,0.0149,-0.017,1
2875,3252,3191,3240,647,1.8828,7.7986,3.1443,0.0083,-0.0366,0.0199,J
2698,517,481,572,3128,0.4502,9.4139,1.1388,0.0299,-0.0543,0.0256,W
3377,487,523,378,618,-0.1503,9.765,0.1708,-0.0294,-0.0419,-0.0304,B
2048,1941,1908,1934,1996,0.1262,9.4272,1.4612,-0.1271,-0.0703,-0.1443,O
2107,1931,1942,2092,1971,0.2054,9.6647,1.6731,0.0047,0.0562,0.0598,O
2231,537,3136,3086,3264,0.2773,6.7565,6.2295,0.0576,0.0106,0.0171,Q
2787,1320,1125,3355,3204,0.4925,9.285,0.694,-0.0558,0.0237,0.0019,R
602,615,3197,3283,3196,0.2351,9.7373,1.9902,-0.051,-0.052,0.002,L
1815,1799,1758,1817,1838,0.4759,8.8384,1.4235,0.0128,0.0597,-0.0386,C
557,552,3110,3243,3116,-0.2288,9.352,1.5773,-0.0058,0.1434,0.0189,L
2722,500,490,568,3230,0.7068,9.3409,1.3217,0.0906,-0.0673,-0.092,W
3039,3050,2965,3043,3247,0.2311,10.0603,0.5825,0.0736,-0.0113,-0.0422,M
2776,3407,3240,3382,3428,0.9434,9.3445,0.7575,-0.0251,0.0458,0.0164,A
2583,3391,3464,3374,3557,0.2689,9.2945,0.9699,-0.0364,-0.0624,0.0364,S
3030,597,423,467,494,0.2544,9.8092,0.785,0.0325,-0.0601,0.0072,4
2957,2907,3046,2937,3238,-0.07,9.8728,0.4171,-0.1171,0.0619,-0.0428,M
3002,3123,3109,2990,639,2.1667,8.465,2.7998,-0.1438,-0.0364,0.0358,J
534,468,3145,3081,3277,0.0908,9.3844,1.2161,0.0388,-0.0167,-0.0067,L
2504,2552,525,584,571,0.2945,9.0742,0.9896,0.0488,-0.0788,0.0197,F
435,3193,3147,3223,436,0.4633,9.0163,1.8433,0.0012,0.0008,0.0298,Y
2656,2401,510,498,490,0.5674,9.3652,1.4619,0.0304,0.0209,-0.1517,F
3021,3327,3153,3182,491,2.341,8.9032,3.1424,0.0616,0.0089,-0.0086,J
2131,3200,3247,3225,3186,0.35,9.8966,0.9729,-0.0176,-0.0369,0.0211,T
2962,400,3285,3147,3283,2.6879,7.931,4.1162,0.0477,0.0285,-0.0215,Z
2012,3185,3263,3317,3180,0.143,10.0925,1.0359,-0.0852,0.0931,0.0563,T
1858,362,528,379,1701,0.7259,9.4459,1.1049,-0.0697,0.0185,0.0043,6
1543,343,509,3074,3196,0.2514,7.3102,6.0733,0.0237,-0.0096,0.0526,P
2669,654,2810,2792,2784,0.1691,9.9144,0.4794,0.0173,-0.0192,-0.0381,D
2317,387,1906,536,551,0.2521,9.3893,1.0012,-0.0644,0.0288,-0.0179,8
3028,3268,3255,3086,546,0.3919,9.5221,0.5348,0.0347,-0.0486,0.1067,I
3028,3126,3089,3250,3385,0.1505,9.3015,0.5971,0.0876,0.0725,-0.0263,N
2349,2473,496,501,514,0.7831,9.3894,1.0896,-0.0204,-0.0306,0.0394,F
478,3037,3169,3339,438,0.5874,9.2079,1.4783,0.0656,0.0127,0.1021,Y
2996,508,387,495,500,0.9236,9.6028,1.0626,0.0223,0.0129,0.0415,4
541,495,722,3234,3246,0.8235,9.0533,1.325,-0.0108,-0.0346,0.041,3
2803,2969,2811,3219,3260,-0.1053,9.2331,0.2905,0.0032,-0.017,-0.0139,N
477,564,550,3254,3129,0.4463,9.5381,0.983,0.0273,0.0787,0.0105,3
414,457,3195,3255,3073,0.3309,9.2792,1.475,-0.0651,-0.0109,-0.0155,L
3001,3222,3192,3221,463,0.1985,9.4272,1.3752,0.0732,0.0278,0.0663,I
2885,614,2914,2822,2642,0.4382,9.9145,0.7757,0.0872,0.043,0.0284,D
3139,358,537,353,401,-0.4227,9.6742,0.4549,-0.0163,-0.0521,-0.0586,B
2961,552,498,3313,3183,0.39,9.3888,0.5178,0.0105,0.0532,-0.0439,2
2528,3404,3317,3373,3292,1.0199,9.4196,0.9452,0.0973,-0.0412,0.0647,S
2163,580,3156,3304,3124,0.9418,7.0523,6.6199,-0.0502,0.0365,0.0382,Q
2892,3362,3427,3396,3438,0.523,9.1151,1.2989,-0.0247,-0.0778,-0.0214,A
2841,505,584,513,3182,0.7505,9.2854,1.3471,-0.0397,-0.0527,-0.0433,W
2207,531,738,3109,3132,4.5858,6.9302,2.0737,-0.0233,-0.027,0.0071,H
2816,1186,979,3293,3165,0.704,9.6546,0.6896,-0.0393,-0.0077,0.0252,R
2358,3393,3304,3412,3494,0.1059,9.5716,1.2993,0.011,-0.0262,0.0005,S
2778,442,564,3158,3189,0.8009,9.9212,0.4929,0.059,-0.0708,-0.0751,2
2794,420,638,618,3231,0.746,9.7691,1.5082,-0.0428,-0.0156,0.0234,W
2241,528,541,3164,3219,5.0184,6.9064,2.0736,0.0528,-0.0011,-0.0008,H
560,301,396,530,555,-0.0978,9.2616,1.0135,-0.0048,0.0274,0.0457,5
2724,419,506,3184,3243,0.8442,8.9392,0.8632,-0.0528,0.0382,0.0371,V
2569,3351,3322,3375,3478,0.5889,9.5261,1.3978,0.0572,0.0394,-0.0589,S
1534,575,461,3243,3326,0.0223,9.6067,1.2492,-0.0048,0.0619,0.1099,K
1840,1834,1704,1854,1725,0.6598,8.896,1.3243,-0.0111,-0.072,0.0479,C
1712,413,468,444,1752,0.4715,9.3725,0.4319,0.0048,-0.0126,0.0113,6
589,544,489,3339,3175,0.9648,9.5878,1.2273,-0.0184,-0.0935,0.024,3
1435,636,517,3263,3196,0.0368,7.2034,6.3758,0.0159,0.0245,-0.0617,P
2842,443,3112,3211,3025,0.2981,9.7237,0.6689,0.0171,-0.0639,-0.0093,1
1982,2006,2111,2050,2013,0.4992,9.2024,1.1596,-0.1054,-0.0638,0.0585,0
2743,1779,3290,3190,3031,-0.3773,9.2916,0.846,0.0178,-0.0726,-0.0691,X
2867,409,3177,3209,3151,-0.0595,9.5324,0.6021,-0.0364,0.0227,-0.0128,1
3245,443,376,488,464,0.2339,9.5911,-0.1022,-0.0194,-0.0153,0.0317,B
2991,3164,3219,3213,454,2.039,8.2881,2.9486,-0.0168,-0.0634,-0.1176,J
2925,712,3168,3167,3254,3.1033,8.16,3.3513,-0.0119,0.0403,-0.1177,Z
464,524,573,465,409,0.7253,9.6529,1.0957,0.0553,-0.0573,-0.0116,5
2562,3383,3368,3345,3386,0.2123,9.5509,0.9481,0.011,0.0277,-0.0147,S
2590,3481,3381,3471,3421,-0.0782,9.4452,0.8555,0.0043,0.0511,-0.0821,S
410,509,3216,3194,3111,0.84,8.8942,1.055,-0.0053,-0.0632,0.0611,L
2787,464,511,3263,3178,0.9718,8.8833,1.7669,-0.0227,-0.0236,0.02,V
2670,432,574,422,3253,0.9159,9.1627,1.0666,0.0494,0.0616,-0.0322,W
1736,430,500,470,1567,0.2806,8.761,1.1038,0.0357,0.0027,0.0067,6
2473,3446,3425,3412,3530,0.4809,9.3746,0.9114,-0.0382,-0.0509,-0.0695,S
2663,500,543,386,3217,0.1059,9.1227,1.3895,-0.0374,0.0655,-0.0292,W
421,3203,3070,3157,407,0.5601,9.0066,1.3323,0.113,0.0432,0.03,Y
641,3153,3256,3260,520,0.7678,9.3263,1.7012,-0.0708,0.0001,0.0354,Y
2329,2417,513,510,482,0.7107,9.4035,1.2362,-0.032,0.0491,-0.0215,F
2787,1876,3138,3115,3346,0.0063,9.2746,1.2355,-0.0265,-0.0279,-0.0099,X
2156,562,537,3203,3127,4.8554,6.2711,2.0707,0.0013,0.0094,0.0252,H
1831,389,443,459,1613,0.5302,9.2949,1.1089,-0.0062,-0.0361,0.0428,6
1935,573,294,611,1917,0.2238,9.2798,1.6317,0.0028,-0.0294,-0.0376,6
2819,1956,3143,3274,3293,0.6779,9.2968,0.9296,-0.0303,-0.0149,-0.0421,X
2963,2832,2881,2706,2882,0.2056,9.6087,0.847,0.0091,0.0446,-0.0614,E
460,553,3150,3182,3264,1.0262,9.5614,1.54,-0.0258,-0.0505,0.0555,L
2953,2909,3055,3236,3156,0.3301,9.7326,0.8611,0.0229,-0.0253,0.0263,N
2208,1796,3062,3087,3237,0.6585,8.6062,0.8209,-0.0041,0.0212,0.0205,9
3062,2794,2798,2711,2776,0.171,9.615,0.7027,0.0665,-0.0838,-0.0403,E
1799,1672,1746,1727,1864,1.035,8.6143,1.764,-0.0717,0.0165,-0.0407,C
3329,508,428,393,484,0.4765,9.6617,0.9533,-0.0726,-0.0006,-0.0626,B
2994,3308,3233,3236,593,0.1834,9.2214,1.1621,0.0068,0.007,-0.0317,I
1527,511,339,3301,3217,0.3642,9.8397,1.3742,0.0577,-0.0124,-0.0502,K
2203,535,3235,3185,3190,0.6505,7.7338,6.2033,0.0021,-0.0598,-0.001,Q
2664,575,405,3276,3088,0.5272,9.8805,0.9719,-0.0611,0.0565,0.0273,2
3055,2831,2717,2852,2834,0.0788,9.2647,1.2065,-0.0117,0.0795,0.0251,E
2877,603,2876,2656,2886,-0.2516,9.8694,0.6897,0.0351,-0.0666,0.0586,D
2782,474,3152,3170,3257,2.4835,7.7753,4.4485,-0.0045,-0.0286,-0.0637,Z
2803,1847,3192,3126,3194,0.2824,9.4789,1.2653,-0.0601,0.0089,-0.0626,X
2956,3202,3178,3080,419,2.2124,8.3858,3.0077,0.0117,0.0157,0.0573,J
2679,3460,3406,3283,3375,0.2744,9.5958,1.4021,-0.0938,0.0058,-0.008,A
565,3252,3193,3279,502,0.6427,10.0074,1.5577,-0.0264,-0.0354,-0.0042,Y
1726,586,582,388,1774,1.1187,9.7489,1.2565,0.0548,0.0825,0.0047,6
2865,566,551,389,3225,0.9382,9.5514,1.3191,-0.0268,-0.0452,-0.0786,W
2945,2814,2992,2730,2963,1.0013,9.4708,0.9106,-0.0346,-0.0034,-0.0703,E
2208,549,523,3128,3274,5.4447,7.2814,2.2969,-0.028,0.0538,0.0073,H
3024,516,468,518,668,0.4811,10.1127,0.2339,0.0036,0.041,0.0193,4
2817,552,3299,3120,3377,3.1179,7.8497,4.6899,-0.0208,-0.0606,-0.0255,Z
2697,573,3222,3142,3153,2.8622,7.6775,4.402,0.0582,-0.0201,-0.0157,Z
1863,2001,2043,1975,2197,0.352,9.2265,1.5613,-0.0377,-0.0721,-0.0549,O
2974,3121,3114,3258,502,2.1901,8.6839,2.394,-0.057,-0.051,-0.0408,J
3024,3028,3095,3199,3280,0.455,9.9389,1.2844,0.0288,0.0052,0.0049,N
2169,502,3196,3259,3212,-0.0727,6.5824,6.1748,0.0228,0.0278,0.0835,Q
2215,555,800,1942,512,0.1181,8.8239,1.3853,0.056,-0.0314,-0.0044,7
2909,1822,3157,3078,3230,0.4623,9.7574,0.5601,0.0071,0.0214,-0.0451,X
2109,614,3265,3251,3272,0.6508,7.2832,6.3008,0.0689,0.0644,0.019,Q
394,475,475,3137,3171,0.356,9.2064,1.5384,-0.0042,0.0463,0.0495,3
2905,557,3202,3291,3207,0.3484,9.1816,0.5782,-0.0646,-0.0201,0.0084,1
2854,502,3227,3178,3184,3.0513,8.5831,4.2527,0.0355,0.0102,-0.0666,Z
1586,404,467,3139,3196,0.1946,8.9696,0.6835,0.0819,0.0123,0.0106,K
1510,617,511,3217,3210,0.5691,9.3523,0.9357,0.0405,0.0139,-0.0057,K
1774,1673,1891,1733,1795,1.134,9.0599,1.8283,0.024,-0.0431,0.1089,C
2102,465,585,3170,3325,5.1647,6.8818,2.348,0.0223,-0.0466,0.0929,H
2233,1672,3407,3054,3171,0.5263,9.0606,1.365,-0.0309,0.0412,0.0199,9
3116,2981,2967,3171,3123,0.8202,9.2981,1.0605,0.0345,-0.0152,0.0905,N
3005,3169,3276,3102,534,1.8039,8.5669,3.0207,-0.0126,0.0239,0.0022,J
2707,365,587,3217,3157,0.4289,9.6793,0.4281,0.0073,0.0694,0.0782,2
2988,2965,2960,3041,3261,-0.002,10.1575,0.7137,0.0655,-0.0905,0.0366,N
2984,3270,3101,3220,424,1.4934,8.7354,3.2726,0.0229,-0.0091,-0.0633,J
2229,486,1836,480,455,0.203,9.713,1.3908,-0.0225,0.0364,0.0078,8
1477,495,465,3242,3208,0.0486,9.5761,0.2624,0.0207,-0.0705,-0.0048,K
629,408,472,338,437,0.6329,9.7876,1.2381,-0.0017,-0.0538,0.0207,5
1858,409,352,524,1841,0.8354,9.701,1.244,-0.0459,-0.0241,-0.0121,6
3122,2913,2601,2763,2933,0.2572,9.3528,0.9152,-0.056,-0.0852,0.0526,E
2776,1124,1037,3189,3164,0.4579,9.9832,0.7536,0.0004,-0.0591,-0.0111,R
2966,369,364,495,506,0.2956,9.9111,0.8186,-0.029,-0.016,0.0541,4
1652,420,419,3143,3104,0.4046,9.8267,0.8169,-0.0687,0.0146,-0.0028,K
2269,1637,3214,3057,3113,0.7496,8.8827,0.7907,-0.0512,-0.0792,-0.071,9
2953,498,488,582,537,0.3869,9.6061,0.5699,-0.0438,0.0139,-0.0707,4
3223,437,512,514,446,0.2594,9.5178,0.3787,-0.0343,-0.0716,0.0073,B
1594,529,522,3157,3138,0.2913,9.0459,1.0757,0.0024,-0.0467,0.0784,K
2231,366,1637,431,541,0.0205,10.0503,1.2556,0.0335,0.0428,0.0213,8
2160,295,3230,3243,3328,4.7635,6.739,1.196,-0.0147,0.0451,-0.0306,G
2775,501,3132,3237,3215,3.1507,8.4549,3.9309,0.0055,-0.0493,-0.0626,Z
2009,1910,1904,1994,2198,1.087,9.4079,1.6546,0.0301,-0.0267,-0.0346,0
2934,364,472,3164,3199,0.432,9.1259,1.7367,-0.0135,-0.0535,0.104,V
3013,3299,3012,3159,469,1.8991,8.448,3.4341,0.0337,0.0479,0.0024,J
2634,2579,493,554,546,0.752,9.7336,1.5313,-0.0064,0.0321,-0.0192,F
2293,461,3124,3213,3093,4.8019,7.3667,2.0187,-0.094,-0.0898,0.0081,G
2850,432,389,542,3119,0.9617,9.4469,1.1392,-0.0411,0.0108,-0.0795,W
1714,1765,1833,1848,1876,1.5423,9.1518,1.1832,-0.0128,0.0154,0.1034,C
1963,2039,2002,2145,2209,0.3607,9.15,1.8389,0.0168,0.0568,0.0199,O
2014,2064,2165,1963,2067,0.8293,9.1571,1.7163,-0.0408,0.0129,-0.0106,0
2954,3046,3025,3105,565,0.1096,9.7383,1.2939,-0.055,0.0239,0.0269,I
2161,509,582,1697,566,0.2656,9.1159,0.8523,0.0031,0.012,-0.0375,7
3011,508,472,500,557,0.088,9.7231,0.7673,0.0859,0.0148,0.0164,4
3043,2968,2900,3046,3296,0.1282,9.7521,1.2745,0.0169,-0.0198,0.052,M
2180,561,3184,3202,3162,4.9455,7.4024,2.0277,0.0068,-0.0724,-0.0155,G
2780,1759,3207,3104,3187,0.5218,9.298,1.2223,0.0425,-0.0604,-0.0379,X
2843,468,3222,3255,3127,0.0884,9.8703,0.5485,0.0586,0.0135,0.093,1
2660,389,490,349,3191,0.2317,9.3772,1.251,-0.0929,0.0163,-0.0225,W
3081,2696,2775,2826,2754,0.6349,9.3293,1.4226,-0.0063,0.0336,0.0373,E
1975,2062,2099,1890,1901,0.9044,9.4497,1.1605,0.0492,0.0171,0.1102,O
1802,1742,1864,1842,1868,0.9631,9.1808,1.3663,0.1027,-0.0406,0.1053,C
2543,2457,466,459,569,0.5076,8.8621,1.1855,-0.0769,0.1092,-0.0483,F
2188,1855,3233,3239,3254,0.8289,8.6619,1.1963,0.0421,0.1262,-0.005,9
2209,454,3286,3322,3096,0.5493,6.8596,6.7777,-0.0006,0.0027,0.0247,Q
2731,573,3299,3164,3098,2.7069,8.0276,4.0088,-0.017,-0.0415,0.0814,Z
1955,1994,2062,1996,1951,0.6372,9.4622,1.2991,0.0021,-0.0376,-0.0433,O
2676,510,581,3299,3104,0.6338,10.2177,0.5948,-0.0087,-0.0616,0.0927,U
2350,484,3222,3271,3331,0.6503,7.0007,6.5084,-0.0523,-0.0191,0.0026,Q
2731,1861,3134,3151,3408,0.5507,10.0548,1.1631,0.0201,-0.0313,0.0489,X
2099,1798,3053,3107,3209,0.561,9.5229,1.4146,-0.002,-0.0344,0.0229,9
3098,2992,3128,3026,3207,-0.4498,9.3364,0.8062,0.0099,-0.0607,-0.0364,M
2049,1890,2022,1923,1937,0.6202,10.052,1.2267,0.036,-0.0156,-0.0237,O
2162,1678,3309,3054,3372,0.4358,9.5356,1.3603,-0.0495,-0.0105,-0.0051,9
575,501,584,520,425,0.938,9.301,0.7763,0.041,-0.0456,-0.0647,5
409,3239,3224,3000,332,0.5932,9.9106,1.5791,-0.1225,-0.0806,0.0313,Y
2694,1129,1018,3187,3277,-0.1016,9.5799,0.7439,-0.0536,0.0439,-0.0046,R
434,461,402,574,531,0.2731,9.2825,1.0709,-0.0706,-0.0534,-0.001,5
2921,440,527,469,507,-0.0041,9.4531,0.3998,0.0132,-0.0174,0.0133,4
2842,3009,2984,3276,3230,0.4453,9.4554,0.8005,0.0472,-0.0032,0.0087,N
510,586,424,3194,3112,0.7502,9.4356,0.9723,-0.0564,0.0774,0.0025,3
2674,425,535,428,3146,0.612,9.6745,1.3982,-0.0023,0.0109,0.0059,W
2506,2473,473,506,503,0.8284,9.3638,1.095,-0.009,-0.0357,-0.018,F
2800,438,585,3226,3188,1.2141,9.1883,1.0755,0.0528,0.0126,-0.0159,V
1488,390,477,3177,3002,0.5592,9.4452,1.3546,0.0108,0.0368,0.0595,K
2968,3029,2991,2835,3304,0.9211,9.547,0.5306,0.0753,0.0945,-0.0084,M
1463,489,507,3150,3301,-0.0485,9.1585,1.146,-0.0581,-0.06,0.0062,K
2776,554,3142,3350,2969,0.2256,9.8138,0.1342,-0.0544,0.0378,0.0964,1
3169,496,502,346,498,-0.0069,9.5521,0.9331,-0.0628,0.0407,-0.0139,B
2607,2594,571,444,527,0.2168,9.6733,1.1778,-0.0205,-0.0612,-0.1239,F
3010,3247,3256,3162,539,1.7201,8.187,2.6653,0.0012,-0.0589,-0.0212,J
429,581,551,394,422,0.3791,9.9153,0.8863,0.0654,0.0155,-0.0416,5
2148,537,476,3040,3274,5.3285,7.5514,2.1266,-0.0124,0.0417,0.0425,H
1479,549,443,3252,3244,0.3187,9.8485,1.0233,0.0551,0.0897,-0.0121,K
2761,499,2796,2859,2638,0.4003,9.513,0.5484,-0.0371,-0.0107,-0.1801,D
2559,2365,479,546,559,0.801,9.4884,1.1413,0.0269,-0.0476,-0.0422,F
2030,3260,3270,3137,3076,0.4834,9.7773,0.5257,0.0034,0.0564,-0.0058,T
2800,3146,3138,3177,351,0.4212,9.2181,1.1397,-0.0311,-0.0048,0.0002,I
2948,405,433,555,467,0.7427,9.9343,1.0022,0.069,-0.0588,0.0478,4
2974,2876,2946,3261,3129,0.3279,9.2076,0.7568,-0.0282,-0.0611,0.0395,N
2700,1126,898,3035,3231,-0.0714,9.3732,0.8117,-0.0094,-0.0357,0.0759,R
2621,2474,622,448,337,0.7207,9.4746,1.2103,-0.0321,-0.0017,-0.0256,F
497,397,3080,3198,3006,0.3446,9.4693,1.1829,0.0497,0.0596,-0.0508,L
555,527,624,3136,3232,-0.1397,9.3463,0.9092,0.0784,-0.0012,0.0457,3
2303,1857,3139,3162,3229,0.7672,9.7123,1.3905,0.0907,0.0213,-0.0222,9
3327,555,408,491,435,0.0837,9.5759,0.3567,-0.0628,-0.0064,-0.028,B
2880,3122,3014,3269,3131,-0.2675,10.1026,0.7981,0.0246,0.0328,-0.0168,N
540,546,3204,3160,3211,0.5801,9.937,1.2383,-0.0278,0.0142,-0.0128,L
2754,470,3192,3068,3255,2.8309,8.6886,3.8561,-0.0195,-0.0678,-0.0807,Z
3010,2953,3131,2954,3321,0.1208,9.8314,0.8756,-0.0069,-0.0395,0.0162,M
1587,569,403,3228,3267,0.113,9.3261,0.759,0.0386,-0.0035,-0.016,K
1437,510,494,3236,3329,0.519,7.6101,6.1366,-0.0384,0.1144,-0.0062,P
1990,462,1754,348,561,0.2843,8.9546,1.1805,0.0545,-0.0067,-0.0755,8
1880,3176,3186,3295,3118,0.5451,9.526,0.4322,-0.0363,-0.0383,0.0842,T
2102,391,627,3243,3211,4.803,7.2723,1.7527,0.0397,-0.0436,-0.0322,H
2703,477,3263,3121,3027,3.1589,7.7173,3.8083,0.0065,0.0039,0.0511,Z
2942,3015,2985,2967,3067,0.1456,9.2669,0.9655,0.0496,0.037,0.0171,M
2840,1991,3241,3097,3285,0.2709,9.9036,1.4629,0.0311,-0.0639,-0.023,X
1952,1989,1890,2062,2085,0.7809,9.2297,1.4868,0.0073,0.0547,0.0518,0
1696,1788,1887,1624,1922,1.3367,8.8621,1.663,0.0002,0.0615,0.0491,C
2837,492,580,541,3138,0.5025,9.347,0.9036,-0.0113,0.057,0.0547,W
2371,479,3211,3090,3222,4.4062,7.2081,2.2173,0.068,-0.051,0.008,G
2381,3501,3348,3354,3421,0.2989,9.6085,1.1642,-0.0382,-0.0092,-0.0077,S
3111,527,506,528,515,0.3519,10.1342,0.6704,-0.0525,0.0681,0.082,B
2291,505,1706,527,517,0.2102,9.2987,1.2606,-0.0494,-0.0685,-0.0388,8
2952,377,624,3399,3341,0.2952,9.7359,0.5686,-0.0338,0.0862,0.035,2
2952,2966,2911,2896,3068,-0.0989,10.0896,0.5929,-0.1471,-0.0294,-0.0795,M
2840,3469,3303,3373,3362,0.304,10.0296,1.1215,-0.063,0.0459,0.1061,A
1559,483,534,3081,3312,0.0417,9.7324,1.0354,-0.0095,-0.0135,-0.0319,K
2956,3178,3150,3265,521,0.1526,9.8024,0.7174,-0.0164,0.0024,0.0232,I
2813,501,2930,2685,2697,-0.1848,9.7118,0.8499,0.0771,0.0122,-0.0202,D
1996,2135,1969,2044,2027,0.6186,9.0126,1.6571,-0.0963,-0.051,-0.0271,0
3038,3005,2965,3215,3416,0.0943,9.525,0.5996,-0.0282,0.0408,0.0358,N
2157,561,3224,3303,3246,4.6975,6.4831,2.0934,-0.0264,-0.049,-0.0634,G
3056,538,523,537,474,-0.4192,9.4183,0.2516,-0.0826,0.0535,-0.0272,4
2976,2942,2971,3103,3156,0.1977,9.8219,0.3742,-0.042,-0.0369,0.0028,M
2657,3480,3433,3482,3427,0.1974,9.6457,1.0203,-0.0421,0.0631,-0.0027,S
656,461,3352,3240,3245,0.3465,9.5731,2.0078,-0.0072,-0.017,-0.0123,L
1775,1883,1773,1692,1859,0.9385,9.0094,1.9823,-0.001,0.0145,-0.0589,C
2757,582,456,3151,3103,0.2975,9.3124,0.5625,-0.0033,-0.0012,0.0628,U
2793,568,383,3227,3292,0.0548,9.6245,0.1548,0.0437,0.0398,-0.001,U
2200,528,500,3251,2994,4.5741,7.1251,1.3869,-0.0265,-0.0027,-0.0414,H
2526,3478,3570,3336,3475,0.6051,10.0938,1.2116,0.0301,0.0426,0.0461,S
3331,585,441,528,396,0.3717,9.8352,-0.0609,-0.0581,-0.0142,-0.015,B
2698,465,490,3068,3143,0.7795,9.9037,1.6113,0.0079,0.0845,0.0294,V
2797,1134,1082,3300,3068,0.0369,9.5522,0.6407,0.0263,0.092,-0.019,R
2801,689,3356,3183,3184,3.0981,7.6461,3.46,-0.0669,-0.0151,-0.0472,Z
3027,2915,3062,2901,3221,0.2406,9.6305,0.6813,-0.021,0.0077,-0.0501,M
2283,531,3190,3274,3123,4.9325,6.9397,1.6289,-0.021,-0.1037,0.0956,G
1959,459,632,550,1910,0.305,9.587,1.2727,-0.0393,-0.0176,0.0288,6
3014,494,529,654,360,0.207,8.6771,0.952,0.0544,-0.0153,0.0326,4
1784,1817,1903,1789,1694,1.6429,8.8591,1.5476,0.0578,-0.0304,-0.0504,C
2755,435,457,3190,3252,1.1368,9.4563,1.69,0.0912,0.0349,-0.0107,V
2211,1774,3334,3218,3249,0.3708,9.3464,1.5157,0.0008,-0.0459,0.057,9
2246,1640,3205,3224,3312,0.1329,9.0636,1.3925,-0.0031,0.0689,0.0551,9
2214,374,522,1837,447,-0.0509,9.9885,0.8396,-0.0104,0.0546,-0.0284,7
2145,533,348,1893,494,0.0897,9.9461,1.0128,-0.0213,0.1025,-0.0263,7
2727,1195,1127,3284,3263,0.2422,10.2386,1.1089,0.0019,0.011,-0.0229,R
2745,453,541,447,3244,0.6779,9.8602,1.0557,-0.0163,-0.1156,-0.0472,W
2049,1992,1898,2092,2200,0.0284,9.8211,1.3595,-0.0167,0.0135,-0.0603,O
1651,431,414,616,1856,0.4138,9.4686,1.2437,0.004,0.0913,0.0704,6
2997,3177,3021,3045,3091,0.1158,9.7559,0.7747,0.0094,-0.0408,0.0061,M
2050,1900,2116,2113,2070,0.2593,9.9365,0.7943,-0.0442,0.0417,0.0377,0
1806,467,540,546,1710,0.7003,9.5373,1.1428,-0.0215,-0.0212,-0.0086,6
2857,321,438,3263,3146,-0.0634,9.3958,0.9339,-0.0127,-0.0362,0.0241,U
1966,3190,3237,3288,3276,0.2244,9.3313,1.4236,-0.018,-0.0541,-0.0104,T
2291,532,1866,445,424,0.3401,9.5796,1.18,0.0222,0.0489,0.0058,8
2713,465,2630,2741,2775,0.483,9.588,1.0385,0.0675,0.0529,0.0235,D
2840,357,532,433,3163,0.3704,9.1796,0.9878,-0.0199,-0.0077,0.0162,W
2218,419,3122,3249,3157,0.3154,6.9458,6.4509,0.045,-0.0253,0.0401,Q
531,438,390,3281,3220,0.5226,9.7676,1.2535,0.0179,0.0318,-0.0263,3
2693,553,480,2977,3262,0.6491,10.0018,0.4169,-0.0958,-0.0205,0.0259,U
1878,1914,2059,1840,2066,0.6176,9.3227,1.0558,-0.0398,0.0391,0.0628,O
2617,3334,3533,3437,3501,0.5112,9.6971,1.213,0.0572,-0.0016,-0.045,S
2829,548,425,3205,3193,0.3222,9.441,0.7594,0.0016,0.0932,0.0022,U
511,564,3211,3112,3243,0.3033,9.3727,1.5916,-0.0971,-0.0805,0.0455,L
2024,1971,2026,2035,1995,0.6461,8.6512,1.4683,-0.032,-0.04,-0.0342,0
364,497,3123,3274,3177,0.5926,9.8103,1.0544,-0.0362,0.009,0.0156,L
1803,1881,1784,1754,1777,1.1738,9.4236,1.3116,0.0049,0.0169,-0.0496,C
1801,1682,1658,1829,1769,1.0607,8.9946,1.2071,-0.0023,-0.0617,0.0695,C
2258,400,1777,392,487,0.6465,9.4247,1.5908,-0.0423,0.0109,0.0654,8
2162,1805,3205,3115,3302,0.3711,9.3258,1.2656,-0.0458,0.0106,-0.0251,9
2147,438,1854,503,599,0.7415,9.7608,0.5617,0.0342,-0.0467,-0.0942,8
2900,628,3197,3230,3207,0.2106,9.2527,0.6432,0.0891,0.0085,-0.0151,1
2813,450,2670,2850,2778,0.4671,10.1592,0.1576,-0.035,-0.0105,0.0727,D
2740,541,600,3201,3224,-0.0147,9.6289,1.3312,0.0706,-0.0547,-0.0219,2
477,3147,3252,3192,609,0.2146,8.6409,1.6184,0.0861,0.0244,-0.0471,Y
2795,543,2692,2740,2790,0.8694,9.5659,1.1256,0.0019,-0.0242,-0.0123,D
440,499,406,452,476,0.3187,9.4576,0.9551,-0.0404,-0.0128,-0.0003,5
1569,497,455,3297,3214,0.2268,9.6437,1.2914,-0.0504,-0.01,-0.0123,K
3181,559,522,423,525,-0.0975,9.5101,0.5568,0.0149,-0.0595,0.0527,B
2781,1751,3173,3203,3307,0.8927,9.5468,0.782,0.0339,0.0003,0.0019,X
2697,380,490,3197,3256,1.2426,9.534,1.0837,-0.0536,-0.0399,0.0389,V
3192,458,519,495,590,0.2258,9.4759,0.797,-0.0109,0.0263,-0.0239,B
2916,382,3093,3053,3148,2.8805,7.9761,3.9896,-0.0311,-0.0526,0.0209,Z
507,427,3074,3323,3298,0.7118,9.1971,0.7449,0.0382,0.0183,-0.0187,L
2899,566,3229,3224,3184,1.2048,9.7579,1.2824,0.1031,0.0231,-0.0105,1
2906,3300,3117,3348,279,0.7268,9.7461,0.8356,-0.0088,0.0945,0.0354,I
1814,457,535,528,1723,0.4481,9.3477,1.0244,-0.0678,-0.0308,0.0633,6
2571,3478,3202,3471,3531,0.4767,9.7851,1.3836,0.0111,0.0407,0.0006,S
2961,2622,2732,2698,2866,0.4965,9.6196,0.889,-0.014,-0.0185,-0.0041,E
1839,556,434,472,1831,0.5012,9.1272,1.372,0.1142,-0.0211,0.0244,6
2045,528,452,1644,513,0.4434,10.1321,1.2484,-0.1194,-0.0264,0.0552,7
2713,563,3171,3342,3210,0.6201,9.8381,0.3648,-0.0006,0.0004,-0.0231,1
3097,541,433,674,545,0.0258,9.5166,0.4721,-0.012,0.0558,0.0093,B
1910,3098,3172,3222,3249,0.4798,9.3469,1.4019,0.1337,0.0747,-0.018,T
550,497,485,418,447,0.258,9.7884,0.6266,-0.067,-0.0035,-0.0383,5
2082,528,3105,3250,3150,4.6846,7.2399,1.8239,-0.0158,-0.111,0.0473,G
2775,488,3096,3224,3117,3.149,7.5756,3.7484,-0.0487,0.0287,-0.0231,Z
2434,3502,3381,3404,3389,0.5277,9.0261,1.0559,-0.0202,-0.0932,0.056,S
3068,630,423,517,358,0.4229,9.7478,0.806,0.0327,-0.0431,-0.066,4
3052,2957,3086,2987,3308,0.9635,9.9084,0.8284,0.035,0.0008,-0.0918,M
2715,1219,998,3184,3245,-0.0347,9.366,0.7582,-0.0601,0.0615,-0.0399,R
1443,575,485,3238,3206,0.3715,9.216,1.5436,-0.0732,0.0206,0.0188,K
2790,455,2720,2859,2842,0.6627,9.066,1.1193,0.1253,-0.0226,0.0948,D
2163,453,490,1751,511,0.525,9.4181,0.1445,-0.0434,-0.0541,0.0185,7
2971,1079,1179,3310,3272,0.7318,9.7214,0.289,0.0257,-0.074,-0.0264,R
2139,658,1814,408,408,0.8419,9.8943,1.329,-0.0271,-0.0187,-0.0788,8
1801,415,529,510,1859,0.7275,9.9159,0.6051,-0.0063,-0.102,0.0245,6
476,3303,3298,3153,545,0.1061,8.9838,1.5335,0.0254,0.0807,-0.0081,Y
2844,376,601,410,3091,0.8654,9.3992,1.1081,0.0784,0.0366,-0.0225,W
2966,3126,3337,3251,727,0.1597,9.3826,0.7572,0.0689,-0.0183,0.0062,I
3153,461,555,458,492,0.851,9.2729,-0.0556,0.0392,-0.0339,-0.0159,B
2820,1876,3111,3221,3128,0.7264,9.1825,1.1225,-0.0442,0.0376,0.022,X
2719,1699,3195,3231,3197,-0.0094,9.7654,0.9586,0.0277,0.0776,-0.0732,X
2818,514,352,3202,3163,1.4499,8.916,1.4384,0.0192,-0.0486,0.0964,V
2739,3365,3491,3409,3284,0.7758,9.2996,1.562,0.054,-0.0224,0.0641,A
380,602,708,497,417,0.6303,9.5273,1.6424,-0.03,-0.0668,0.0152,5
1530,560,454,3155,3227,0.9823,6.5378,5.3912,-0.0132,0.0515,0.0026,P
2804,442,457,3293,3129,0.4987,9.6022,1.0278,0.0017,-0.0217,-0.0252,2
1860,1688,1884,1704,1822,0.7465,9.166,1.4898,-0.0797,0.021,-0.0289,C
2166,538,604,1726,522,1.0097,9.0294,0.818,0.0136,0.0182,0.0079,7
2814,1267,1068,3218,3234,0.3936,9.5056,1.0702,-0.0457,-0.1024,-0.0521,R
2813,472,495,3111,3199,0.1527,9.2626,1.0264,-0.0788,0.0262,0.0294,U
2748,1041,1093,3284,3434,0.1996,9.4,0.2896,0.048,0.0365,0.0776,R
2325,602,3218,3172,3302,0.2626,7.0812,6.4869,-0.0446,0.0139,0.0371,Q
2458,2461,502,508,463,0.5181,9.8033,1.6154,0.0126,-0.0671,0.0269,F
2926,446,3294,3211,3157,3.3694,7.638,3.5545,-0.0198,-0.0114,-0.0822,Z
3144,2704,2765,2768,2908,0.3895,9.2278,1.1676,-0.0202,-0.0612,-0.0446,E
1957,3241,3246,3194,3196,1.1322,9.5974,0.3324,0.0385,0.028,0.058,T
2755,3450,3416,3278,3523,1.0388,9.3162,0.8837,0.0143,0.0167,0.0329,A
351,487,3396,3072,3185,0.8936,9.6247,1.4554,-0.0073,-0.0578,-0.0134,L
2713,659,710,3243,3303,0.264,9.4343,1.1582,0.0076,-0.0686,0.0039,2
1814,396,471,534,1757,0.2325,9.3878,1.0582,-0.0661,-0.0649,0.0204,6
2188,1545,3280,3144,3315,0.742,9.308,1.1415,-0.057,0.0326,0.0808,9
512,3300,3049,3235,496,0.4778,9.0055,1.0741,0.0446,0.0394,0.0899,Y
2830,563,2889,2925,2794,0.6581,9.4973,1.0706,0.0104,0.0223,0.0212,D
629,565,3170,3234,3181,0.2922,9.5424,1.4027,0.0038,0.0511,0.0456,L
2765,538,474,3153,3358,0.1351,9.8006,0.9178,-0.0762,-0.0339,0.041,U
1840,3185,3182,3187,3300,0.1335,8.9161,0.8397,-0.0334,-0.1115,0.0123,T
2771,1756,3162,3219,3222,0.6733,10.1564,0.8895,-0.0033,-0.0919,-0.0646,X
517,519,593,3177,3189,0.0916,9.3612,0.9011,-0.0137,0.0405,-0.0504,3
2499,3368,3398,3503,3288,0.5944,9.4414,1.4106,0.0658,-0.0204,-0.0055,S
1970,2127,2076,2045,2018,0.6645,9.3228,2.1166,-0.0634,-0.1383,0.0222,0
1857,1787,1748,1933,1731,1.0107,9.1957,1.0106,0.024,-0.0528,0.0411,C
3239,530,467,580,409,0.5384,9.7463,0.399,-0.001,-0.0054,0.061,B
2015,1867,1891,1880,1984,0.3499,9.1512,1.2461,-0.0379,-0.0927,0.011,0
2045,386,556,1832,478,-0.0056,9.8166,1.5376,0.0219,-0.0378,0.0762,7
2777,445,471,3294,3093,0.5845,8.9575,1.8214,0.0566,0.018,0.0154,V
3062,3005,3087,3223,3210,0.0902,9.3164,-0.1477,0.0617,-0.0073,-0.02,N
1890,630,567,558,1682,0.3474,9.8154,1.0351,0.0553,0.0062,0.0392,6
2890,389,489,3155,3279,-0.2141,9.9405,0.5885,-0.008,0.0429,0.0739,2
2842,1204,1122,3226,3130,0.3375,10.1879,0.4722,-0.069,0.0307,-0.0112,R
2078,602,487,3076,3161,5.1137,6.8402,2.006,0.037,-0.0101,-0.0469,H
2822,388,3232,3276,3304,3.0563,8.1813,4.2551,0.0301,0.0159,-0.0319,Z
2883,1752,3341,3233,3053,0.4833,9.4046,1.087,0.0808,0.0352,-0.0113,X
1782,3184,3298,3088,3217,-0.1722,9.761,1.0725,-0.0284,-0.0209,-0.075,T
2754,563,3055,3166,3033,0.2941,9.5662,0.011,0.0505,0.0345,0.0515,1
2270,387,1823,510,431,0.6508,9.1455,0.8353,-0.0546,0.0382,0.0592,8
2832,549,3356,3235,3116,0.1312,9.4429,0.4593,-0.0206,-0.0471,0.0462,1
384,587,3151,3158,3114,0.5282,9.1851,1.7977,0.0151,-0.0286,0.0425,L
3012,2931,3002,3104,3206,0.326,9.6987,0.9378,-0.0165,0.0175,-0.0525,M
2105,468,438,1809,462,0.6708,9.2456,1.655,-0.0736,0.0153,-0.0805,7
2843,572,3178,3253,3318,0.4786,9.3833,0.656,0.0377,0.0838,0.0292,1
1832,1816,1717,1803,1714,1.0243,8.8558,2.2618,-0.002,-0.0702,-0.0067,C
2853,3417,3339,3374,3336,0.8228,9.5064,1.5704,-0.003,-0.0354,-0.0757,A
521,508,505,538,449,0.8204,9.224,0.9506,-0.0593,0.0449,-0.0461,5
1772,527,480,337,1779,0.175,9.4802,1.191,-0.0332,0.0471,-0.0035,6
2234,531,1837,496,590,0.2932,9.5988,1.436,0.1077,-0.0414,0.0275,8
2262,1904,3097,3318,3107,0.4381,9.0761,1.2711,-0.0081,0.0399,0.05,9
1445,430,451,3241,3139,0.3534,9.0194,1.1443,-0.0759,-0.0466,0.0609,K
1664,403,447,3192,3195,0.5151,6.8593,6.1336,0.0571,0.0633,-0.0134,P
3074,2829,2710,2796,2877,0.0225,9.691,1.6968,0.0531,0.0707,0.0109,E
2703,426,450,3283,3253,0.2109,9.5599,1.0338,-0.1192,0.0151,0.0379,2
664,416,3209,3305,3179,0.3299,8.8402,1.8398,-0.001,-0.0365,0.0142,L
2768,623,553,463,3338,0.139,9.5587,1.5439,0.0536,-0.045,-0.062,W
2684,1726,3142,3051,3210,0.4711,9.3367,0.5894,0.0203,0.0273,0.0049,X
2304,3530,3404,3408,3440,0.3439,10.0925,1.1475,-0.0224,-0.0179,-0.0072,S
501,379,420,3196,3308,0.5687,9.5647,1.333,-0.0486,0.0703,-0.0192,3
2998,3045,3188,3092,552,-0.1683,9.9038,0.6773,-0.0271,0.0147,-0.0433,I
2249,478,513,3177,3199,4.8652,6.7096,2.1421,-0.0302,0.0082,0.0205,H
1509,798,561,3208,3253,0.2191,7.0787,6.2864,-0.0014,-0.0378,-0.0039,P
1818,470,564,563,1756,0.9299,9.4032,1.5227,0.0172,0.002,-0.0004,6
1508,419,338,3225,3136,0.7285,9.5042,0.7901,0.0899,0.0288,-0.1828,K
2815,498,2840,2736,2911,0.229,9.2065,0.8564,-0.0426,0.0333,0.1105,D
2318,645,387,3303,3276,4.5291,6.8829,1.826,0.0374,-0.0614,-0.0049,H
2121,429,1812,597,482,0.4435,9.0909,0.3413,0.1157,0.0139,-0.0509,8
2858,520,332,536,3166,0.3425,9.151,0.8991,0.0103,0.0273,0.0077,W
2730,653,510,3191,3205,0.4264,9.2864,1.7279,0.061,-0.0179,0.0094,V
463,373,413,3200,3309,0.5105,9.1148,0.3667,0.0337,-0.0329,-0.0262,3
2934,1657,3339,3220,3157,0.3387,9.8692,0.3168,0.0708,0.0133,0.0506,X
2261,461,3143,3360,3091,-0.2358,7.2204,6.3897,-0.0323,0.1366,0.0365,Q
3091,2827,2696,2598,2811,0.3358,9.2069,0.4898,-0.0367,-0.0097,0.0333,E
2209,404,446,3193,3345,5.0302,7.4964,2.0661,-0.0194,0.077,0.0219,H
2096,553,3230,3248,3239,5.1358,7.8103,1.9771,0.0468,-0.0235,0.0395,G
1441,543,531,3183,3253,0.3713,9.6586,0.9622,0.0108,0.0287,-0.0199,K
2998,3097,3197,3369,459,0.3584,9.872,0.8841,0.0146,-0.0181,-0.0116,I
2230,436,1851,502,574,0.3629,9.6445,0.4565,-0.0805,-0.0402,0.0155,8
3246,541,565,525,457,0.4519,9.2927,0.2298,-0.0482,0.054,0.0471,B
3046,2800,2843,2735,2924,0.6978,9.0965,0.6775,-0.0523,0.0339,-0.0642,E
2899,1243,923,3033,3216,0.3676,10.1778,0.7652,0.0187,0.0389,0.0257,R
2271,1848,3253,3140,3270,0.5312,9.6384,0.7568,0.0226,-0.0305,-0.0633,9
2519,2485,566,481,518,0.9439,9.6372,1.4358,-0.0575,0.0262,-0.0439,F
2766,437,447,3281,3302,0.6455,9.2536,0.9887,-0.0091,-0.0726,-0.0244,V
564,3247,3185,3266,401,0.3586,8.635,1.5293,-0.0396,0.1095,0.0029,Y
1595,574,543,3075,3160,0.6458,9.5751,1.2478,0.0944,-0.0588,0.0569,K
1631,1963,1812,1831,1795,0.7795,8.9442,1.0202,0.1139,-0.0617,-0.0516,C
2896,3296,3242,3201,499,1.5481,8.2068,3.1008,-0.0265,-0.0109,-0.0052,J
2685,595,2853,2797,2909,0.4988,9.3531,0.4882,0.0409,0.0198,0.0085,D
2899,523,404,3166,3128,0.6782,9.3722,1.0585,0.0488,0.0072,0.0272,2
3037,3253,3115,3169,486,1.7426,7.9976,2.8469,0.0677,0.003,0.0687,J
2876,2813,2979,3176,3180,0.3759,9.3362,1.3373,-0.0017,0.0643,-0.084,N
1924,2029,2038,2089,2020,0.6686,9.0493,1.4857,-0.0511,-0.0852,-0.0133,0
2879,649,483,3337,3091,0.6968,8.9957,1.7376,-0.0651,0.0201,-0.0621,V
488,568,470,518,538,0.2131,8.871,0.492,0.1156,0.0326,0.0349,5
2941,3279,3292,3282,663,2.38,8.2614,3.0425,-0.018,0.1015,0.0552,J
2797,486,3261,3218,2944,0.1656,9.7966,0.2095,-0.0252,-0.0194,0.0797,1
494,590,455,571,366,0.2135,9.1327,1.5725,-0.0204,-0.0325,-0.0129,5
3047,3077,2997,2919,3158,0.3763,9.4086,1.0014,0.0356,0.0002,-0.0913,M
1427,415,454,3123,3151,0.3694,6.9924,5.8139,0.0248,-0.0095,0.0107,P
2472,3388,3372,3486,3465,0.4836,9.1845,0.8889,-0.0526,0.058,-0.0787,S
2920,2739,2743,2810,2714,0.5264,9.7541,1.1603,-0.0884,0.0498,0.0469,E
1802,1689,1909,1810,1868,1.3672,9.1014,1.3223,0.0488,0.0,0.0343,C
2492,3492,3367,3313,3449,0.501,9.2687,0.9301,-0.0091,0.0003,0.0323,S
2811,427,487,3192,3119,0.5401,9.6667,1.044,0.0244,-0.0857,-0.0417,U
2616,3334,3368,3538,3243,0.3746,9.5449,0.9469,0.079,0.0238,-0.0194,S
2862,443,423,3164,3131,0.1286,9.1803,0.5904,-0.0267,-0.0676,0.027,2
614,421,601,3194,3362,0.6575,9.1542,1.3774,0.058,-0.0646,0.0372,3
2105,707,1877,592,446,0.6173,9.2596,1.0449,0.0168,-0.0119,0.0575,8
2065,1869,1873,2053,2028,0.2673,9.5093,1.0776,0.1632,0.0656,0.0311,O
2940,2896,3064,2967,3174,0.1119,9.4582,1.2209,0.0831,0.0897,0.0545,M
2547,2423,402,531,449,0.1289,9.6914,1.6185,0.0779,0.0094,0.0313,F
3077,3320,3076,3171,582,1.9423,8.2269,2.535,-0.0474,-0.0844,0.0029,J
3037,2885,2984,3172,3165,0.7542,9.6165,-0.0034,0.032,0.0633,-0.0024,M
2746,531,3221,3116,3205,0.4714,9.88,1.0054,0.0125,-0.062,-0.0532,1
3023,571,601,552,408,0.1396,9.698,0.6796,0.0334,-0.0367,0.0041,B
2487,2520,476,476,533,1.0579,9.6303,1.6436,-0.0523,0.0159,0.0078,F
476,557,493,3269,3292,0.0246,9.6073,1.5489,0.0309,0.1219,-0.0464,3
2867,550,580,3288,3182,1.3887,9.2688,1.3518,0.0167,0.0242,-0.0371,V
2253,637,399,1847,377,0.5304,9.148,0.596,0.1275,0.1074,-0.0354,7
3089,572,462,478,623,0.1483,9.4585,1.2513,-0.0031,-0.0028,0.0919,4
2927,540,3201,3079,3228,0.4497,9.4859,0.1531,0.0547,-0.0484,0.0083,1
2119,1996,1967,2098,2163,1.1345,9.2876,1.4178,-0.0515,0.0059,-0.0537,O
2243,507,1875,459,395,0.3647,9.6438,0.896,-0.0336,0.0174,-0.0464,8
574,431,624,388,571,0.4162,9.3456,0.4475,0.0595,-0.0467,-0.0015,5
485,3239,3314,3182,478,0.8436,9.6185,1.35,-0.0659,-0.0857,0.0065,Y
2168,3074,3256,3292,3280,0.3242,9.0911,1.4619,-0.0241,-0.0148,0.1033,T
1415,685,441,3138,3155,0.4494,7.2793,5.2054,0.0463,-0.0277,-0.0206,P
1857,361,549,456,1823,0.4812,9.1446,1.0764,-0.0439,-0.0263,-0.0455,6
2874,526,570,3190,3095,0.9732,9.4192,0.4517,0.0358,-0.0473,-0.0196,U
2937,509,378,482,530,0.0824,9.6122,0.8796,-0.0881,0.0103,-0.0229,4
2312,387,3150,3256,3303,0.6827,6.818,6.661,0.0207,0.0175,-0.0049,Q
2914,3189,3184,3279,504,1.7622,8.1045,3.2597,0.03,0.053,-0.0484,J
1864,1889,1822,1772,1796,1.0059,8.7593,1.6737,0.023,0.077,0.0628,C
2812,3137,2892,3113,3176,-0.1962,9.4855,0.5156,-0.0117,0.014,-0.0172,N
2911,318,522,3220,3110,0.2181,9.7127,0.2666,-0.064,-0.0078,-0.0417,U
1811,1869,1699,1677,1926,0.8165,9.3408,1.4538,-0.0081,0.0219,-0.0442,C
2721,469,435,3225,3113,0.0398,9.5547,0.9011,0.0075,-0.022,0.0334,2
2713,700,3294,3145,3130,0.4021,9.9113,1.0301,0.0254,-0.0332,-0.0254,1
3156,419,342,527,374,0.2286,9.621,0.7037,-0.0151,-0.0165,0.0366,B
2817,581,521,464,3370,0.3093,8.9771,1.2299,-0.0128,0.0474,-0.0263,W
3030,583,473,436,576,0.3237,8.9303,0.5884,0.0234,-0.0395,0.0026,4
1823,1707,1693,1675,1852,1.3566,9.5548,1.7529,0.0581,-0.029,-0.0578,C
2163,339,482,3148,3216,5.0268,7.0189,2.1571,-0.0606,0.0206,-0.022,H
3236,333,453,497,427,-0.081,9.4997,0.5877,-0.0094,-0.1119,-0.106,B
537,3285,3217,3236,387,0.407,9.1314,1.3155,-0.0337,0.0716,-0.0184,Y
1776,416,417,689,1826,0.3766,9.5134,1.2482,-0.0453,-0.0958,-0.0265,6
2986,3242,3253,3149,484,0.7003,9.2648,1.4384,-0.0372,-0.059,0.0066,I
2944,3218,3308,3133,566,0.4562,9.5881,0.502,-0.0362,0.0145,-0.0712,I
2991,3070,3168,3030,3371,0.3511,9.7354,0.8985,0.061,-0.0211,0.0409,M
572,3240,3229,3192,446,-0.1198,8.8298,1.5044,-0.0638,0.0207,0.0874,Y
3142,541,525,513,420,0.1455,9.0469,0.5535,0.0714,-0.0737,-0.0293,B
2749,459,3170,3125,3122,3.4038,7.479,3.7828,0.0311,-0.0279,0.02,Z
2935,3257,3361,3204,434,0.3566,9.8817,0.9863,0.1372,-0.0358,0.0126,I
2717,522,416,549,3210,-0.1493,9.6937,1.0434,-0.0302,0.0478,-0.0082,W
2467,3455,3357,3533,3535,0.1431,9.1323,1.2935,0.0129,0.0276,-0.0327,S
2106,1811,3143,3242,3236,0.1087,9.6763,1.1485,-0.0612,0.0186,0.088,9
3174,3050,2965,3272,3231,0.5514,9.1893,0.5569,0.0744,0.0847,0.0708,N
2150,576,419,3287,3226,5.1553,6.923,1.8111,0.0731,-0.0123,-0.0205,H
2027,505,1942,484,527,0.7307,9.2928,1.3299,0.0956,-0.0887,0.0568,8
466,550,567,574,517,0.5337,10.177,1.7221,0.0024,-0.0884,0.0065,5
2157,661,453,1810,610,0.8351,9.6402,1.0807,0.0035,0.0678,0.0479,7
3048,3207,3039,3060,654,0.3,9.8851,0.6963,-0.0029,-0.0227,0.1233,I
2137,1805,3286,3145,3317,0.8075,9.3682,1.4388,-0.0456,-0.0052,0.1108,9
2804,477,454,3213,3264,0.1516,9.6383,1.8142,0.0238,0.0483,-0.0479,U
2759,567,400,3162,3175,0.6959,10.1116,0.6635,-0.0048,-0.0591,-0.0042,2
471,472,426,3243,3160,0.3912,9.0293,1.0208,-0.0047,-0.03,0.0191,3
2128,520,555,1919,505,0.7497,9.7548,0.9723,0.0574,0.0447,-0.0083,7
3260,334,502,333,474,0.693,9.8082,0.241,-0.0016,0.0009,0.0236,B
2143,1690,3156,3269,3235,-0.1437,9.3001,1.2376,0.0955,0.0644,-0.0089,9
1692,448,501,479,1767,0.4409,8.6996,1.328,-0.0085,0.0476,-0.0238,6
2775,1765,3285,3258,3263,-0.3562,9.3655,0.8285,-0.0413,0.0527,-0.0272,X
2690,482,495,580,3145,0.5623,9.7297,1.2754,-0.0929,-0.0247,0.0452,W
2860,410,382,3284,3233,0.3105,10.1209,0.978,-0.0425,-0.0969,0.0299,2
2243,600,504,1794,547,0.997,9.68,1.3116,-0.0787,-0.009,-0.0607,7
3049,3089,3169,2882,3261,0.55,9.4258,0.5247,-0.0543,-0.0264,0.0101,M
2824,660,3273,3138,3168,2.5882,7.7081,4.3787,-0.0139,-0.0693,-0.0974,Z
1872,713,546,344,1812,0.1437,9.2777,1.1893,-0.013,-0.0518,0.0261,6
2219,374,437,1851,529,0.5729,9.416,0.743,-0.0638,0.0475,0.0972,7
1499,595,522,3370,3284,0.413,7.1886,5.9218,-0.0135,-0.0652,-0.0404,P
2186,573,472,1803,557,0.4365,9.2972,0.7294,0.0533,0.0248,0.0694,7
1490,319,561,3035,3253,0.0122,9.3785,1.1557,0.1099,0.0058,-0.0991,K
2682,446,2720,2659,2807,0.8418,10.4001,0.8291,0.0558,0.0116,0.0249,D
3070,2969,3085,3152,3174,0.5075,8.9212,0.4226,0.0046,-0.0503,0.102,M
2992,3017,3080,3098,3080,0.4278,10.0322,1.3078,-0.0612,-0.0201,-0.074,N
2796,587,536,3116,3239,0.3867,9.4151,0.4281,0.0403,-0.0285,0.0454,2
2984,420,539,506,3280,0.2643,9.3327,1.2342,-0.0717,-0.0903,-0.001,W
2199,488,508,1822,360,0.2142,9.4872,1.7153,0.0319,0.0551,-0.0055,7
530,571,425,3242,3264,0.1733,9.4778,0.4785,-0.0793,-0.003,0.09,3
408,647,3125,3178,3256,0.727,9.5717,1.3799,-0.0303,0.1267,-0.002,L
2831,478,3108,3270,3199,0.1161,9.3995,0.7767,0.0692,0.0288,0.0321,1
2556,3346,3443,3318,3398,0.7966,9.5345,1.3549,-0.0013,-0.0253,0.0086,S
1966,3247,3229,2968,3119,0.4624,9.5495,0.9913,0.0045,0.0604,0.0177,T
462,3189,3178,3149,598,0.0915,9.2744,1.2469,0.0284,0.0067,0.0591,Y
2852,468,590,3073,3334,0.2183,8.887,1.5755,-0.0265,-0.0164,-0.0266,V
2078,514,553,3084,3183,5.2148,6.1199,2.4006,0.0177,0.0358,-0.0206,H
3161,3014,2980,3110,3224,0.34,9.2399,0.9981,-0.0247,-0.0224,-0.0245,M
2039,3280,3293,3149,3170,0.3496,9.625,1.3269,0.0935,0.0407,0.0411,T
2158,560,3079,3166,3058,4.7889,7.1926,2.1516,0.0025,0.0085,-0.0943,G
3085,2911,2945,3246,3259,-0.1176,9.7745,0.8387,-0.0459,-0.0394,-0.1017,N
2093,1927,2010,2032,2016,0.468,9.0275,1.2331,0.0498,-0.0299,-0.0052,O
1736,467,531,594,1898,0.5511,9.456,1.2157,0.0286,0.0024,0.0032,6
2776,572,574,3323,3301,0.3681,9.8088,0.9252,0.0211,-0.0662,0.0377,2
2789,442,445,3193,3253,0.1137,9.8686,0.81,0.0019,0.0937,0.0089,U
1806,1967,2062,2097,2035,0.2113,9.2536,1.1535,0.0955,-0.0194,-0.0247,0
1494,404,278,3216,3366,0.2946,7.2878,6.4513,-0.095,-0.0229,-0.0638,P
2974,450,478,394,642,0.3735,9.6354,1.1153,0.1355,-0.0201,0.0153,4
2214,1690,2989,3168,3280,0.5543,9.1753,1.4737,0.0897,-0.0745,-0.0026,9
3088,3211,3234,3062,306,-0.1313,9.4558,0.9729,-0.1171,0.0796,0.0085,I
1993,2157,2126,1841,1917,-0.1766,9.3026,1.1366,-0.0407,0.0545,-0.0877,O
1925,608,418,596,1910,-0.013,9.4078,1.3577,-0.14,-0.034,-0.0358,6
552,3220,3163,3126,508,0.1567,9.5197,0.9677,0.0153,-0.0138,-0.022,Y
3011,3072,3131,2857,3202,0.4469,9.6887,1.1028,0.0328,-0.0493,-0.0507,M
3084,3153,2976,2996,3272,0.3868,9.488,0.6544,-0.0783,0.0116,-0.0046,M
3041,468,596,371,488,0.3373,9.4282,0.8084,-0.0982,-0.0648,0.0635,4
2785,548,3181,3196,3112,0.3241,9.9798,0.7162,0.0182,0.0868,0.1067,1
2718,481,2724,2769,2881,0.3324,10.3821,0.858,0.003,0.0053,-0.0319,D
1532,543,666,3223,3196,0.4574,7.4771,6.7273,-0.0092,0.0271,-0.0037,P
3020,405,506,442,458,0.4715,9.0715,0.4728,0.0362,-0.0078,-0.0367,4
2766,385,3063,3177,3216,-0.0451,9.2442,-0.0614,0.0073,0.0467,-0.0714,1
2821,3297,3313,3484,3396,0.7045,9.5085,1.0089,0.0469,-0.0258,0.0048,A
2602,375,590,426,3085,0.4734,10.0674,1.5276,-0.04,-0.0409,-0.0398,W
412,3190,3134,3114,590,0.7015,9.0353,1.7836,0.0154,-0.0158,0.0795,Y
2258,454,548,1821,477,0.6329,9.8687,1.0545,0.0295,-0.0728,0.0696,7
2463,2512,536,409,598,0.7911,9.8675,0.9962,0.005,0.002,0.0132,F
3008,3127,3019,3121,3174,-0.3343,9.6412,1.1936,-0.0671,0.0075,0.0493,N
2504,2513,353,536,561,0.5768,10.1123,0.9951,-0.0181,-0.0198,-0.0038,F
2340,607,3181,3237,3174,5.6164,7.3447,2.0509,0.01,0.0722,0.029,G
1797,485,418,497,1782,0.5263,9.4178,1.2005,0.0048,0.055,-0.0489,6
573,529,437,3147,3143,0.6071,9.0257,0.881,-0.067,0.0253,-0.0496,3
2891,479,3261,3230,3216,0.185,9.8487,0.3722,0.0078,0.0553,0.0659,1
2230,485,3172,3040,3206,0.3984,7.0748,6.6474,0.0621,-0.0478,-0.0647,Q
2827,469,418,3168,3110,0.4277,9.3683,0.3809,0.0371,0.0339,-0.0165,U
2255,567,494,3091,3232,5.1266,6.935,2.5602,-0.0782,-0.1109,-0.0365,H
2044,3234,3096,3209,3157,0.2919,9.2005,0.9847,0.1566,0.0928,-0.0499,T
2344,3425,3548,3361,3408,-0.0709,9.5085,0.9625,-0.1047,-0.0519,-0.0558,S
2853,542,417,3077,3018,1.3376,9.1664,1.6776,0.0101,0.0456,-0.0032,V
2130,579,3167,3296,3117,4.963,6.8529,2.3168,-0.0261,-0.0021,0.0253,G
2271,1834,3101,3277,3267,0.2986,9.3124,1.275,0.0276,-0.0547,0.0283,9
1735,1806,1854,1788,1893,1.1593,8.3465,1.3412,-0.0281,0.024,-0.1312,C
2369,2426,488,588,537,0.2497,9.3579,1.8053,0.0056,-0.0164,0.0246,F
2962,3076,2978,3128,3258,0.4126,9.5061,0.6919,-0.0457,0.0363,-0.018,N
2774,484,3177,3145,3093,2.9087,7.9167,3.8582,0.0325,-0.0684,0.014,Z
2908,242,2831,2802,2665,0.3929,9.7427,0.9769,-0.1326,0.0683,-0.0369,D
2241,519,448,3282,3166,4.9596,6.995,1.8947,0.0118,0.0576,-0.0571,H
2859,446,3167,3239,3111,0.4997,9.6697,0.8194,-0.0214,0.0907,0.0205,1
2978,564,3152,3091,3217,-0.0088,9.4796,0.2102,-0.0291,0.0728,-0.0484,1
1975,1917,1951,2007,1963,0.2351,9.7413,1.4641,-0.0264,-0.0541,-0.0936,O
2714,1117,950,3229,3151,0.0539,9.8669,-0.1634,-0.0215,-0.0667,-0.0434,R
2175,662,413,1821,456,-0.1429,9.0392,1.1832,-0.0861,-0.0617,0.0411,7
2737,568,2819,2799,2870,0.4442,10.034,0.662,-0.0215,-0.0651,-0.0214,D
2862,1890,3213,3285,3351,0.4588,9.6442,0.8261,-0.0082,0.0176,-0.0195,X
2050,494,3120,3141,3100,4.8568,6.821,1.2867,0.035,0.111,0.0303,G
691,3273,3238,3295,646,0.6584,9.7324,1.3078,-0.0431,-0.0516,0.0147,Y
1868,1844,1779,1886,1789,0.7445,8.7723,1.2064,-0.0136,0.0617,-0.0403,C
2261,374,480,3320,3313,5.2553,7.161,2.4964,0.0959,-0.0065,-0.0485,H
2850,1923,3295,3276,3218,0.6162,9.3768,0.9337,0.0861,-0.0279,-0.0315,X
2231,586,434,3302,3209,5.0723,6.4902,1.4578,0.0072,0.0395,-0.0336,H
1563,324,449,3196,3139,0.2874,7.2713,5.9927,-0.0465,0.047,0.0125,P
2269,526,1782,470,426,0.4745,9.5575,1.2509,-0.0311,0.006,-0.0658,8
2228,459,3171,3248,3344,0.862,6.6613,6.1623,-0.0268,0.0049,0.0024,Q
2615,3429,3375,3432,3488,0.6674,9.6864,1.0824,-0.0291,-0.0516,-0.0596,S
2836,316,481,3146,3301,-0.0005,9.5159,1.0403,0.015,0.0084,0.0555,U
2854,619,3168,3296,3264,3.2002,7.9491,3.8212,0.0172,0.0324,-0.063,Z
2286,532,3205,3065,3062,0.5246,7.2624,6.8995,-0.0445,-0.0755,0.0466,Q
2626,2501,605,455,350,0.3719,9.9188,0.7527,-0.0,0.0017,-0.0256,F
488,3381,3262,3200,584,0.2993,9.1726,1.3915,0.0125,0.0233,-0.0475,Y
2877,2994,2839,3158,3205,0.5301,9.3003,0.9121,0.0734,-0.032,-0.0774,N
3018,3187,3361,3192,464,0.1062,9.082,1.0465,-0.1174,-0.0003,-0.0102,I
2910,3139,2994,2965,3291,0.2933,9.2503,0.8121,-0.0391,-0.1505,-0.0441,M
2069,457,436,1745,561,0.6622,9.1506,1.5675,0.005,0.0004,-0.0396,7
2868,428,3174,3081,3262,0.6676,9.5536,0.4418,-0.0405,-0.0357,0.0347,1
1541,534,353,3383,3082,0.9198,7.1854,6.0542,-0.0153,0.1303,0.0302,P
2018,3210,3220,3263,3193,0.5643,8.9603,0.7113,-0.0171,-0.0503,0.0003,T
1851,410,438,537,1730,0.3587,9.8531,1.1058,-0.0788,0.1443,0.0544,6
2180,646,1908,523,481,0.2095,9.7646,1.4356,-0.0146,0.0225,0.0253,8
2060,549,1852,421,456,0.9568,9.6345,1.0001,0.0809,-0.0811,-0.1016,8
2765,728,631,3109,3300,0.3624,9.7697,1.273,-0.0388,-0.0232,0.0377,2
2221,508,412,3220,3186,4.4334,6.6789,2.2385,0.0972,0.0184,0.0552,H
2949,3289,3365,3210,575,2.103,8.7267,2.6506,-0.0244,0.0198,0.0606,J
2967,3207,3237,3211,512,0.0693,9.4701,1.4775,0.0614,-0.0737,-0.1183,I
2008,3183,3156,3126,3265,-0.0605,9.0326,1.2713,0.0104,0.0022,0.0104,T
2287,645,498,3158,3249,4.6567,6.7964,2.2998,-0.0062,-0.0604,-0.0745,H
2812,3427,3550,3476,3353,0.2305,9.6476,0.6039,0.0916,0.059,-0.0235,A
1850,1762,1738,1928,1818,1.1908,8.7534,1.1342,-0.0285,-0.0062,-0.0532,C
582,410,3201,3051,3095,0.7423,9.3072,2.0466,0.0216,0.0265,-0.0538,L
2581,3477,3542,3444,3332,0.4915,9.5753,1.2446,-0.0437,0.0633,0.0003,S
1472,345,577,3241,3256,0.5162,6.5452,6.0687,-0.0305,-0.0481,0.025,P
2109,691,3257,3215,3185,4.9258,7.3502,1.8528,0.0288,-0.0174,0.097,G
1920,1920,2013,1965,1884,0.4948,9.4352,1.6741,-0.0416,-0.0023,0.0207,0
2773,567,440,598,3112,0.6919,9.5656,1.2772,0.0492,-0.0371,-0.0233,W
2866,1305,896,3152,3307,0.3202,9.7308,0.8211,0.0446,0.0256,0.0053,R
1637,478,544,3186,3330,0.4261,9.5349,0.958,0.0098,0.06,0.0423,K
2975,2986,3148,3099,3247,0.466,10.6064,0.4769,-0.0313,0.0408,-0.01,N
2811,420,493,3089,3187,-0.1933,10.1241,0.8481,0.0003,0.0338,-0.065,U
2321,459,1816,507,389,0.7081,8.9357,1.0868,0.0784,-0.0844,-0.0147,8
2999,3202,3095,3082,538,0.5615,9.6571,1.1453,-0.0043,-0.0027,-0.0459,I
2013,1918,1870,1910,1865,0.6673,9.5817,1.2156,0.0504,0.0226,-0.0277,0
3011,3316,3168,3193,580,0.4023,9.1283,0.8297,0.0756,-0.0018,-0.1371,I
2070,2187,2208,1990,1971,0.3047,9.6344,1.2822,-0.0119,0.0248,0.0226,0
2254,1729,3231,3184,3095,-0.2425,9.6657,1.0322,0.007,0.09,0.0312,9
2371,3530,3376,3616,3461,0.9488,9.798,1.0476,-0.0299,-0.0488,0.056,S
3190,517,598,417,547,0.023,9.6603,0.5217,-0.075,-0.0389,0.0676,B
2841,349,3227,3226,3132,0.4038,9.5479,0.2539,-0.0591,0.0417,0.0647,1
380,3210,3172,3247,432,0.24,9.2991,1.2235,0.013,-0.102,0.0588,Y
2325,476,1728,338,439,0.1397,9.1425,1.0211,-0.0131,0.0713,0.0108,8
2797,3541,3532,3363,3351,0.6406,9.2005,1.0905,0.0383,0.0613,-0.005,A
506,3227,3169,3053,452,1.0722,9.4173,1.3546,-0.008,0.0192,-0.0775,Y
2888,681,440,697,3201,0.3102,9.3112,1.079,0.0701,0.0659,0.0653,W
2158,376,469,1754,569,0.5612,9.3852,1.1428,-0.0548,-0.0631,-0.0047,7
1908,545,394,568,1750,0.2104,9.6165,1.562,0.0238,-0.0186,0.0085,6
2719,431,2703,2729,2571,0.4634,10.2163,0.8443,-0.0708,-0.0321,-0.0229,D
1601,585,560,3362,2987,0.262,6.9966,5.7983,-0.0465,-0.0859,-0.0156,P
431,534,421,512,484,0.4904,9.5497,1.0284,-0.037,0.0277,0.0144,5
2881,617,546,468,3160,-0.056,9.5083,1.2879,-0.0522,0.0237,0.0228,W
621,457,373,3143,3265,0.2778,9.8248,0.7771,-0.0279,-0.0086,0.0472,3
1868,1833,1808,1830,1825,1.3851,9.3885,1.6633,0.0423,0.0257,-0.0231,C
2985,3250,3454,3270,3362,0.8267,9.5193,0.6767,-0.0358,0.034,-0.0365,A
2499,2568,616,452,485,1.2514,9.8333,0.6983,0.0194,0.0,0.0413,F
3015,3190,3025,3011,3194,-0.1026,9.6257,0.8309,-0.0484,-0.0593,-0.0241,M
3009,2905,3051,2863,3214,0.8297,9.8042,1.0023,-0.0449,0.0885,0.0688,M
429,542,3219,3248,3191,0.7435,9.3816,1.7172,-0.0228,-0.0194,0.0301,L
2789,603,504,3056,3321,0.6439,9.4388,0.9802,-0.0307,-0.032,-0.0061,2
2744,3417,3391,3382,3449,0.7273,9.3408,0.8273,-0.0138,-0.1151,-0.0758,A
2175,2024,1955,1938,1971,0.3286,9.7814,1.4913,-0.0807,0.0107,0.0063,O
2338,639,3105,3227,3142,1.4841,7.1842,6.9249,0.0218,-0.1318,-0.0392,Q
1578,589,513,3277,3352,0.7571,7.2766,5.758,0.0481,0.0231,0.0325,P
2284,452,3233,3293,3172,-0.0487,6.8791,6.5568,0.0502,-0.0261,0.0862,Q
2871,459,399,3230,3247,0.6882,8.9691,1.5074,0.0231,-0.0244,0.0131,V
2727,3512,3287,3446,3575,0.2028,9.3301,1.0299,-0.0252,-0.0775,0.0034,A
2782,1748,3139,3166,3259,0.2925,9.4703,0.6529,-0.0237,0.0115,-0.0834,X
2422,2658,518,552,377,1.2353,9.0326,1.5075,-0.0497,-0.0309,0.0394,F
3123,3327,3015,3219,242,2.2385,8.8355,2.9879,0.0042,0.0037,-0.0392,J
3062,3017,3162,3014,3279,0.2028,9.3275,1.0153,-0.0045,0.0416,0.0176,M
2103,1956,2034,1993,2075,0.6127,9.6491,1.3348,-0.0507,0.0184,-0.0244,O
1831,3198,3324,3321,3300,0.649,9.5952,1.3456,-0.1005,0.0495,-0.0561,T
2458,2390,437,655,558,0.8778,9.7532,1.7502,-0.0886,-0.0615,-0.0402,F
1973,3177,3265,3166,3165,0.4344,9.0866,1.5702,0.0467,-0.0351,-0.0559,T
1905,2001,2045,1844,1960,1.0526,9.5438,1.9613,-0.0317,-0.0229,0.0483,O
2958,2703,2832,2710,2834,0.3441,9.3562,1.1166,-0.0134,-0.0544,0.1401,E
1972,2083,1943,1952,1969,0.7054,9.0775,1.965,0.0469,0.0331,-0.0147,O
1514,552,480,3140,3051,0.4308,6.9529,5.7869,0.0031,0.0428,0.0556,P
2255,567,3221,3231,3251,0.0068,6.8948,6.6129,-0.0146,-0.0144,0.0187,Q
2846,461,3109,3332,3287,2.9166,8.3641,4.1665,0.0603,-0.0896,-0.0204,Z
2818,341,2778,2835,2758,-0.0151,9.8538,0.769,-0.0245,0.0021,0.1318,D
2828,591,466,408,3194,1.0063,8.8711,0.5061,-0.0054,-0.019,-0.0104,W
2204,431,446,3558,3281,5.2583,6.813,2.4709,0.055,0.0941,0.0917,H
2052,2101,2068,2039,2116,0.1075,9.1947,1.2537,-0.0151,0.0343,-0.0558,O
2017,3289,3299,3244,3217,0.1037,9.4375,0.8917,0.0165,-0.0707,-0.0269,T
2947,2713,2828,2716,2947,0.0077,9.5821,1.4701,0.03,0.0088,-0.0484,E
2987,478,539,559,491,0.4352,9.3479,0.7967,0.0776,0.0304,-0.0324,4
2818,406,285,3241,3179,0.067,10.0876,1.2845,0.0637,0.0113,-0.1582,2
2790,385,479,3125,3194,0.0885,9.5493,0.4891,0.0476,-0.0163,0.0007,U
1986,427,453,1631,634,0.7987,9.6353,1.2939,0.0183,0.0432,0.0631,7
2782,511,571,3139,3307,0.4148,9.9783,0.6972,-0.0433,0.004,0.1282,2
3043,2994,3061,3275,2967,0.1698,9.0428,0.8717,-0.015,0.0678,0.0104,N
2903,3190,3079,3183,400,0.362,9.3962,0.8872,0.0541,0.0795,-0.1264,I
2893,379,459,3109,3251,0.1279,10.0664,1.1886,-0.0123,-0.0632,-0.0394,2
2980,2839,2705,2797,2831,0.4099,9.9041,1.2322,-0.0004,0.0108,0.0148,E
2093,409,3201,3167,3094,4.4918,6.746,2.0581,-0.0003,-0.0251,0.0101,G
2416,3514,3362,3295,3520,-0.0295,9.8066,0.5319,-0.0721,0.01,-0.0424,S
1693,550,455,437,1870,0.1353,9.3365,0.8556,-0.015,-0.1096,0.0271,6
3025,2838,2719,2813,2627,0.5448,9.6981,1.2243,-0.0198,0.0155,0.0712,E
2405,2534,588,560,586,0.5364,9.26,0.9789,-0.0028,-0.0039,0.0103,F
2774,570,3198,3260,3257,0.44,10.0548,0.5301,-0.0747,-0.0668,-0.0326,1
2806,535,428,3124,3211,0.3333,9.3899,1.3486,0.0092,-0.0085,-0.0193,U
2921,3165,3309,3272,629,0.7961,9.4396,0.7435,-0.0206,-0.0336,-0.0921,I
3146,3373,3171,3207,484,0.6322,9.9917,0.2668,0.0238,-0.0653,0.0879,I
2705,566,468,496,3207,0.36,9.7797,0.7183,0.0642,-0.0174,0.046,W
1476,470,519,3234,3298,0.406,6.579,5.8778,0.0778,-0.0778,0.037,P
2805,535,3280,3119,3170,0.5036,9.5028,-0.0632,0.031,-0.0283,-0.0316,1
2138,519,3225,3080,3292,5.2476,7.1446,2.407,0.0226,0.0224,0.0779,G
2655,671,471,3193,3175,0.4422,9.7021,0.548,-0.1277,-0.055,-0.0243,2
2204,427,3398,3212,3243,0.4346,7.2536,6.1105,-0.0873,-0.0015,0.1027,Q
2771,596,3214,3250,3121,3.1731,7.9554,4.0897,-0.0199,-0.0105,0.0052,Z
2194,372,1758,573,495,0.0227,9.4383,0.8588,0.063,-0.0291,0.0207,8
2832,1854,3274,3175,3310,0.1217,9.5402,0.9585,0.0986,0.0604,0.0016,X
2111,521,3126,3380,3157,0.4189,7.0893,6.0476,0.0254,0.0171,-0.0175,Q
628,538,422,3280,3253,0.4308,9.3619,1.1982,-0.0455,0.0101,0.0599,3
2800,509,2666,3016,2841,0.363,9.7845,1.0128,-0.007,-0.0316,0.03,D
2122,1853,3241,3218,3223,0.2683,9.0467,0.9801,-0.0125,-0.0297,0.0784,9
2111,449,3213,3164,3160,0.4127,7.4498,7.1491,-0.0225,0.0168,-0.0421,Q
2539,3445,3373,3414,3428,0.3452,9.905,1.053,0.0153,-0.0081,-0.003,S
2906,3039,2984,2949,3411,0.6115,9.9168,1.4607,0.0401,-0.0385,-0.0444,M
2268,370,3235,3306,3351,5.0994,7.152,1.36,0.105,-0.0288,-0.0467,G
2140,584,541,1840,482,0.5164,8.8571,1.1193,0.0829,0.039,0.0332,7
453,383,514,3147,3234,0.6094,9.9691,1.0641,0.0228,-0.0328,-0.0716,3
582,3255,3174,3216,458,0.2446,9.1079,2.2063,-0.0191,0.05,0.1039,Y
2816,560,551,519,2991,0.8519,9.6517,1.8208,-0.0239,-0.0921,-0.009,W
2987,474,494,383,577,0.4325,9.5231,0.7665,0.0405,0.1015,0.0766,4
3101,2903,2777,2749,2730,0.6078,9.4386,0.8841,-0.0407,-0.0385,0.016,E
2821,514,415,3229,3174,0.2612,10.0269,1.0373,-0.115,0.0108,0.0533,2
1838,514,505,632,1842,0.7591,9.4912,1.3608,-0.0139,0.0085,-0.0343,6
3036,438,560,498,462,0.0814,9.8035,0.7589,-0.0245,-0.0247,-0.0622,4
477,500,370,3270,3114,-0.1324,9.2854,0.9353,0.1009,-0.0244,0.0105,3
2821,422,486,3325,3104,0.2913,9.75,0.5096,0.0306,-0.067,0.0317,U
2959,1214,1000,3304,3279,0.2105,9.0142,0.9693,-0.0481,0.062,-0.0388,R
3006,2967,3095,3015,3260,0.4062,9.5339,1.0788,0.0173,-0.048,-0.0495,M
1932,3317,3254,3075,3071,0.4075,9.6849,0.7966,-0.084,-0.0563,0.0823,T
2452,2518,519,410,477,0.6485,9.2704,1.9323,-0.0419,0.059,0.0428,F
2784,487,523,3066,3256,0.2044,9.4211,0.2405,-0.0134,0.0256,0.0071,U
2285,576,626,3059,3272,5.1805,6.7343,2.0755,0.0526,-0.0415,0.0221,H
562,585,448,3198,3300,0.4692,9.5336,1.413,0.0608,0.0402,-0.0535,3
3006,3271,3158,3281,504,0.2511,9.8268,0.6404,-0.0143,0.0335,-0.0016,I
2416,2589,467,486,552,1.1417,9.7975,0.9083,-0.0971,0.118,0.1134,F
2774,3379,3506,3444,3436,1.1495,9.3069,1.2784,0.0029,0.0134,0.0764,A
2140,432,3298,3162,3098,4.8545,6.901,2.4665,0.0462,0.0574,0.041,G
2246,1767,3120,3310,3290,0.8199,9.4996,1.2104,0.0869,0.0718,-0.0042,9
2845,463,283,356,3201,0.6008,9.2741,0.9921,0.0148,-0.0054,-0.0238,W
3040,2984,2718,2865,2695,0.4472,9.793,0.3784,-0.0102,-0.0282,-0.0351,E
3040,2968,2983,3211,3135,-0.1863,9.5846,1.0892,-0.0451,0.0077,0.0753,N
3088,464,503,527,581,-0.225,9.1594,1.2165,-0.0843,0.0459,0.0666,4
2910,457,546,551,3149,1.054,9.9885,0.8936,0.0101,0.0457,-0.0941,W
2109,668,1791,514,641,0.1676,9.4966,0.577,-0.0485,-0.0712,0.0399,8
2933,617,436,334,421,0.0499,9.6521,0.8675,0.0293,0.094,0.0014,4
2275,439,3161,3134,3261,0.7154,6.618,6.6173,0.0686,-0.0118,0.0157,Q
2147,531,3336,3273,3243,5.2177,7.432,2.3227,0.0283,0.0534,-0.0541,G
2128,3314,3411,3117,3136,0.2523,9.3437,1.0369,-0.0245,-0.0595,-0.0437,T
1826,477,686,531,1793,0.6509,9.4815,1.8187,-0.0011,0.0383,-0.006,6
2784,580,538,3105,3121,0.3014,9.4071,0.1518,-0.0373,-0.0139,-0.02,U
2935,601,558,539,684,0.0908,9.983,0.1328,0.0322,0.1129,-0.0525,4
2056,440,3057,3293,3198,4.3315,7.1127,1.8389,-0.0742,0.0839,0.0054,G
492,508,3256,3125,3229,0.5803,9.3446,1.2215,0.0298,0.0352,0.0057,L
3039,2939,2983,3109,3112,-0.1773,9.8303,1.1616,-0.1081,0.0919,-0.0006,N
3168,515,535,459,502,-0.5465,9.5025,0.6361,-0.0491,0.0029,0.0223,B
2856,463,630,495,3191,0.9811,9.2514,1.0779,-0.035,0.0102,-0.0368,W
2487,2568,560,548,477,0.1858,9.5236,1.3576,-0.1194,-0.0417,-0.0346,F
2154,465,3130,3302,3170,4.7825,7.2121,1.5859,0.0313,0.0891,0.0283,G
2264,2628,539,526,495,0.649,9.2208,1.385,-0.0654,0.0093,0.0281,F
1975,3178,3174,3168,3335,-0.1099,9.2465,0.8744,0.0012,0.0356,0.0433,T
2996,2973,2947,3039,3108,0.4251,9.7678,1.1251,-0.0562,-0.0753,0.0139,M
2806,363,483,3194,3132,0.6397,9.082,1.6393,0.0003,-0.0571,0.0478,V
2483,2548,529,497,620,-0.29,9.553,1.4153,0.0573,-0.0032,0.0104,F
2043,2037,1978,2044,1886,0.6189,9.096,1.4136,-0.0344,-0.0319,0.0644,0
3260,492,533,430,602,0.5125,9.8751,0.4611,0.029,-0.0353,0.0428,B
2487,2462,613,593,508,0.2164,9.0322,1.2045,0.0168,-0.0187,-0.024,F
2261,415,3143,3260,3131,4.6754,6.6464,2.1056,0.0155,-0.0342,0.0003,G
2970,2677,2782,2818,2768,-0.0996,9.2448,1.4364,0.0717,-0.0443,0.0336,E
386,480,3246,3254,3051,0.7119,9.326,1.4445,-0.1182,0.0747,0.0088,L
1911,511,539,386,1927,0.9011,9.3112,1.1687,0.059,0.1473,-0.0842,6
2924,3344,3175,3262,330,1.6975,8.0937,2.9393,0.1211,0.023,0.0848,J
2719,428,3013,3134,3123,3.0652,7.6116,3.8668,-0.034,-0.088,0.0119,Z
2172,494,3273,3236,3166,4.96,6.9043,1.7256,-0.0444,0.0514,-0.0914,G
2695,535,2685,2733,2631,-0.1272,9.6536,0.2106,-0.0741,-0.0001,-0.0272,D
2259,617,562,1959,429,0.6919,9.0623,1.5682,0.0364,-0.0187,-0.0578,7
3021,3145,3021,3318,477,-0.0349,9.6825,0.8613,-0.0161,0.0074,-0.0578,I
2141,570,3163,3138,3028,5.0307,6.811,2.0289,-0.115,0.0085,-0.1216,G
534,491,593,3172,3203,0.5267,9.6801,0.723,0.0417,-0.0263,0.103,3
2028,465,574,3220,3268,4.3951,7.0946,2.1962,-0.0675,0.0431,-0.0056,H
2890,3205,3224,3178,617,-0.4458,9.936,1.0373,0.0228,-0.1668,0.0642,I
2673,1171,1012,3197,3305,0.012,9.35,0.4826,0.0214,-0.0763,0.0372,R
521,454,3111,3176,3214,0.5749,9.7168,1.8922,0.0168,0.0259,0.0048,L
511,534,3164,3274,3228,0.5946,9.2128,1.0307,-0.0251,0.0141,-0.0222,L
2167,1813,3199,3201,3130,0.8925,9.1248,1.7574,0.0819,0.0125,0.0003,9
1531,525,435,3204,3174,0.298,7.0951,5.7253,-0.0602,0.0251,-0.0266,P
1559,528,494,3117,3254,0.4912,6.5416,5.7106,-0.1385,-0.0683,-0.0157,P
2355,521,3268,3191,3178,5.4989,7.1619,2.4354,0.0128,-0.0424,-0.0292,G
1686,1758,1849,1911,1808,1.3955,8.5925,1.367,-0.0144,-0.0057,0.0042,C
469,441,3114,3253,3269,0.6197,9.1516,1.5992,-0.0956,0.0662,-0.0649,L
2142,646,3227,3150,3152,4.8459,7.4118,1.6194,-0.0334,-0.0281,-0.0008,G
511,572,419,3066,3124,0.6581,9.363,0.6284,0.0635,-0.059,-0.0085,3
556,3267,3235,3218,374,0.5347,9.6342,1.0168,-0.0659,0.0746,-0.0749,Y
561,450,588,3174,3144,0.6868,9.9241,0.8183,0.0158,0.0228,-0.0474,3
3030,3307,3123,3235,433,2.3064,8.8036,2.8937,0.1105,0.0553,0.0353,J
2930,3094,3082,3246,3239,0.5714,9.2638,0.8099,-0.056,-0.0551,0.0184,N
3111,434,451,457,415,0.5669,9.6223,0.6058,-0.0285,-0.091,0.0135,B
2797,520,2749,2834,2742,-0.3097,9.2035,0.8063,-0.0566,-0.0034,-0.0537,D
2161,1993,1959,2010,2024,0.2423,9.4462,2.1344,0.0475,0.0332,0.024,0
1372,426,420,3315,3300,0.2125,6.806,6.0134,0.0037,-0.0481,-0.0125,P
2717,1165,1026,3186,3136,0.2129,9.5957,0.4745,0.0492,-0.022,-0.0036,R
463,497,507,554,475,0.035,9.8261,0.8797,-0.0092,-0.05,-0.0433,5
2763,478,677,3267,3205,0.8557,9.3447,1.4949,-0.0535,-0.0201,-0.0718,V
2839,545,552,3255,3222,0.3166,9.8787,1.008,-0.0741,-0.0086,-0.0902,U
2353,440,1747,505,569,0.7673,9.3925,1.0414,-0.0176,-0.0206,-0.0266,8
1474,476,347,3284,3193,1.2801,9.3783,1.0266,0.0273,-0.0551,0.0179,K
2733,624,463,3164,2989,0.2587,9.6331,1.4222,0.0496,-0.0377,-0.0734,V
2904,375,534,3207,3144,0.6154,9.3599,0.3154,-0.0156,-0.0459,0.013,2
1526,398,490,3191,3174,0.5155,9.1979,0.7349,0.0219,0.0671,-0.0011,K
2824,3465,3450,3333,3355,0.7242,9.6831,0.9937,0.0059,0.0639,-0.0296,A
1582,562,396,3186,3369,0.2487,9.2976,1.0512,-0.0234,-0.0397,-0.0242,K
2083,3153,3220,3268,3353,0.5863,9.5868,1.3791,-0.011,-0.0495,0.0352,T
1813,621,481,608,1623,0.2801,9.6375,1.7035,-0.0609,-0.0209,0.0083,6
2174,329,3110,3110,3235,0.3605,6.8663,6.3301,0.0735,0.0023,0.0099,Q
2208,488,608,1854,582,0.234,9.5998,0.687,-0.0366,0.0166,-0.0445,7
1968,3100,3228,3274,3279,-0.01,9.3851,1.3736,0.0116,0.0017,0.0005,T
2840,3443,3485,3370,3332,0.1866,8.9101,1.6169,-0.0552,-0.0111,-0.0138,A
2003,2096,2052,2015,1975,0.9507,9.1824,1.0799,-0.0948,-0.0618,0.0401,0
2195,1665,3180,3200,3260,0.7788,8.9871,0.8029,-0.069,0.0395,0.0173,9
2838,543,542,421,3143,0.2394,9.499,1.3975,-0.0348,0.0658,0.0651,W
2814,3420,3462,3301,3294,0.6566,9.5891,1.0751,0.0173,-0.034,0.0116,A
3067,464,523,472,488,0.3499,9.8952,0.7838,-0.0028,0.0157,0.0439,4
2723,414,596,542,3142,0.2047,9.1254,0.9841,0.0576,-0.0055,0.1066,W
2201,540,542,3204,3194,5.3134,7.0438,2.4197,0.031,-0.0309,-0.0249,H
550,626,3320,3247,3241,0.7088,9.6957,1.8896,-0.0118,0.0659,0.0171,L
2662,1845,3037,3168,3154,0.508,9.3002,1.1476,-0.0533,-0.0621,0.001,X
1485,388,458,3235,3170,0.3404,6.8805,5.8253,-0.0298,-0.0312,-0.0377,P
2805,440,524,3281,3308,0.2667,9.6202,1.0338,-0.0374,0.0368,-0.0116,U
597,405,3241,3234,3125,0.6382,9.485,1.4464,0.0431,-0.0286,0.0135,L
3330,470,480,348,463,-0.1119,9.5177,0.4588,0.0479,0.0104,0.0154,B
1820,1936,2050,2000,2108,0.6432,9.5651,0.9721,-0.0219,-0.0134,-0.0413,0
2904,597,513,555,438,0.596,10.0271,0.4176,-0.0562,-0.0403,0.0462,4
3085,2738,2757,2951,2787,0.46,9.4799,0.7535,0.0812,-0.0264,-0.0564,E
2197,645,1848,309,420,0.6549,9.2245,0.5931,0.0642,-0.0794,0.0389,8
2810,678,447,487,3262,0.2916,9.9785,1.2014,0.0281,0.001,0.0509,W
1643,393,601,3161,3227,-0.0962,9.6572,0.3984,0.0157,0.0129,0.0096,K
2668,1158,1067,3215,3150,-0.1772,9.5677,1.0566,0.035,0.0893,-0.0327,R
2105,578,379,1916,594,0.5744,9.0448,0.9522,-0.0026,0.0145,0.0277,7
1752,518,513,421,1663,0.4391,9.7302,1.1803,-0.0174,0.0865,0.0376,6
3075,498,509,601,604,0.4002,10.12,0.5306,-0.0014,0.1583,0.0355,4
2582,3370,3334,3506,3424,0.2483,9.5282,1.1526,-0.0785,0.0358,0.0204,S
1778,1802,1821,1710,1895,0.8209,8.4977,1.4673,0.0017,0.008,0.0681,C
2460,3271,3462,3286,3406,0.802,9.6495,0.9258,-0.0176,0.0633,-0.061,S
2690,1803,3178,3281,3289,0.349,8.9122,0.5577,0.0562,-0.0072,0.0875,X
2203,446,3228,3233,3206,5.0536,6.9479,2.2988,0.0368,-0.0492,-0.0505,G
2702,557,573,3149,3180,0.8141,9.8439,1.5195,-0.049,-0.0578,-0.0456,V
2034,407,3076,3230,3171,4.9341,7.3459,1.7926,0.0388,0.0756,-0.0228,G
403,3195,3138,2989,444,0.6816,9.1722,1.4565,0.052,0.0431,0.098,Y
2856,435,470,3232,3282,0.1853,9.4212,1.0948,0.0306,0.0074,0.0591,U
2726,552,418,3299,3182,0.6021,9.4618,1.5103,0.038,-0.1001,0.0258,V
3179,3276,3212,3106,453,-0.1308,9.5355,1.0778,-0.0002,0.0511,0.0169,I
1957,2056,2031,1855,2125,0.1739,9.1117,1.1283,-0.0331,-0.0448,-0.0436,O
2081,411,419,3124,3225,4.83,7.6218,2.5714,-0.0003,0.0978,0.0744,H
2016,1968,2009,2140,2011,0.084,9.1881,1.3036,0.0895,-0.0407,-0.0204,0
2289,1742,3169,3201,3200,0.6726,9.1751,1.1981,0.0314,-0.0958,0.0528,9
1919,3227,3066,3278,3130,0.9352,9.9112,1.1607,-0.0769,-0.0314,-0.0448,T
2264,698,3160,3193,3093,4.7571,7.5706,1.8434,0.096,-0.0622,-0.0527,G
2815,1671,3161,3104,3103,0.5411,9.1206,1.2304,0.0516,-0.0031,-0.0303,X
2979,3160,3197,3193,349,0.7561,9.305,0.5143,-0.0164,-0.0054,0.0729,I
3061,2768,2649,2839,2709,0.1114,9.5001,0.9715,-0.0706,0.0083,0.0483,E
1960,1953,1983,1903,2074,0.8411,9.2972,1.2228,-0.1373,-0.0417,-0.0116,0
527,559,528,3242,3061,1.1765,10.3462,1.4286,0.0058,-0.0202,-0.0192,3
573,569,530,427,580,0.3041,8.9934,1.0239,-0.058,-0.0303,0.0353,5
2163,552,468,1935,518,0.199,9.5926,1.2969,-0.0788,0.0634,0.017,7
1755,1755,1855,1893,1778,0.8978,9.15,1.0929,0.0112,0.0276,0.034,C
1505,591,286,3324,3141,0.3277,9.6323,0.954,0.0098,0.0794,-0.0192,K
2269,479,1754,494,538,0.8604,9.6053,1.588,0.0366,-0.0149,0.0446,8
2910,3303,3306,3184,468,1.4554,8.7088,3.496,-0.0319,-0.0058,0.0217,J
2876,3536,3391,3386,3405,0.8486,9.2218,1.0715,0.0488,0.0251,0.0095,A
2063,3283,3143,3123,3234,0.406,10.0998,0.4235,0.031,0.0302,-0.0381,T
2862,2883,2803,2758,2733,0.3296,9.7065,1.1643,-0.0353,-0.0423,0.0328,E
3112,381,440,595,576,0.2729,9.2402,0.4411,0.0151,0.0088,-0.0922,B
2753,537,450,457,3263,0.2313,9.0424,1.4056,-0.0244,-0.014,-0.0901,W
2772,552,457,3281,3246,0.5916,10.1646,0.0254,0.0377,0.0235,0.0224,U
2870,582,2957,2830,2785,0.6098,10.0362,0.656,-0.0361,0.0069,0.0416,D
2002,2086,2122,2012,1979,0.0669,9.4324,2.1225,0.0645,0.0087,0.0152,O
2148,1785,3175,3118,3166,0.6732,9.1252,1.0008,0.0622,0.0709,0.0416,9
2070,2016,2005,2010,1988,-0.1523,9.7406,1.6193,-0.0608,0.0714,-0.0295,O
3193,534,533,357,585,0.2758,10.1154,0.6333,0.0551,0.0233,0.0673,B
2718,1874,3252,3187,3263,0.6051,9.0541,1.0253,0.0706,0.0237,-0.1308,X
2818,572,2781,2914,2743,-0.0164,9.5798,0.7752,0.0385,-0.0387,0.0684,D
2947,3198,3331,3269,516,2.2772,8.6637,3.1189,0.049,0.0259,0.0429,J
2433,3372,3461,3500,3413,0.2298,9.3913,1.0299,0.0109,0.0217,-0.022,S
3157,514,532,510,493,-0.1586,10.1353,1.0422,-0.0841,-0.0512,-0.014,B
487,442,3219,3215,3198,0.6145,9.9291,1.3215,0.0022,-0.0324,0.0147,L
2808,1874,3134,3336,3251,1.0063,9.1474,0.6473,0.0186,0.0062,-0.0229,X
500,501,3082,3194,3225,0.9001,9.1744,2.1834,0.0278,-0.076,-0.0423,L
2443,3428,3273,3325,3447,0.4089,9.5244,0.9475,0.0268,0.0293,0.0396,S
1927,3211,3076,3207,3189,-0.3229,9.9854,0.9023,-0.013,0.0267,-0.0025,T
3019,3270,3193,3353,413,1.6375,8.3007,2.7893,0.0263,-0.0211,-0.0774,J
487,301,457,499,428,0.3633,9.9017,1.289,-0.0933,0.038,0.0281,5
2789,1224,1141,3269,3305,0.1558,9.2988,1.0404,-0.0008,0.0365,-0.0441,R
2722,517,2799,2786,2907,0.0885,9.1951,0.806,-0.02,0.1689,0.0338,D
2498,3448,3541,3353,3424,0.7013,9.2201,1.0534,0.0936,-0.017,0.0534,S
1988,2111,1985,2041,2089,0.321,8.96,1.9863,0.029,-0.0663,-0.0528,0
2040,332,3305,3196,3214,4.4628,6.774,1.9114,0.0104,-0.0199,-0.0519,G
2765,344,3184,3118,3110,0.093,9.9481,0.1667,-0.0444,0.0353,-0.0383,1
526,508,423,449,469,-0.0278,9.4056,0.7324,0.0341,-0.1523,-0.0124,5
2782,1187,1081,3221,3107,0.2744,9.4385,0.9563,0.0051,0.0565,-0.037,R
1457,546,512,3260,3159,0.8116,9.4792,1.2084,0.0598,0.0558,0.018,K
2656,494,3019,3128,3198,2.5725,7.5744,4.2946,-0.0798,-0.0059,0.0738,Z
2872,493,352,3161,3157,0.2956,10.0524,1.3021,-0.0116,-0.063,-0.0372,U
513,3235,3213,3186,511,0.6909,9.5546,1.8659,-0.0549,-0.0273,0.0426,Y
541,3218,3112,3249,576,0.7368,9.5893,1.2748,0.0426,-0.0079,0.1022,Y
1729,1735,1880,1796,1910,0.7985,8.9836,1.2233,0.0004,-0.0739,-0.0244,C
1790,604,491,534,1833,0.6739,9.0686,0.8894,-0.0374,0.0303,0.0131,6
1704,1723,1691,1673,1833,0.9358,9.1138,1.7071,0.0133,0.0329,-0.0035,C
2112,2005,2022,2009,2016,1.0942,9.6719,1.9813,-0.0097,-0.1062,0.0374,0
2123,1729,3037,3004,2995,0.0348,9.7499,2.2817,0.101,0.0124,-0.0388,9
2134,1713,3103,3253,3327,0.5314,9.9484,1.2083,0.0303,-0.0791,0.0406,9
2032,456,398,1777,533,0.537,8.9069,1.1725,0.0206,-0.0212,-0.0634,7
3108,553,537,361,445,0.5582,9.4057,0.3607,0.0231,0.0392,-0.0126,B
558,553,533,3146,3244,0.5044,9.622,1.4112,-0.0597,0.0193,0.0071,3
1929,1830,1839,1664,1786,0.7562,9.2484,1.8213,-0.1037,-0.0011,0.0561,C
1624,570,547,3159,3223,0.1261,9.6127,1.132,-0.098,0.0019,0.0207,K
3021,3006,3073,2987,3176,0.2312,9.3244,1.2341,0.057,-0.0607,0.0402,M
3340,625,462,487,494,0.0645,9.7585,0.2725,-0.0565,0.0311,0.0315,B
2943,540,535,478,586,0.1371,9.9268,0.8396,-0.0156,-0.0112,-0.0694,4
2430,2378,530,500,524,0.5686,8.9817,1.3541,0.0961,0.0205,-0.0213,F
380,575,487,3191,3020,0.7701,9.5743,0.8598,-0.0464,0.0391,0.0174,3
3021,3245,3221,3218,524,-0.2798,9.525,1.1487,0.1971,-0.0602,0.0212,I
1998,3305,3115,3148,3012,0.5109,9.2319,1.1797,-0.0251,0.1011,0.0897,T
2718,568,2864,2707,2858,0.758,10.1708,1.6596,-0.0451,0.1412,-0.0177,D
1814,1836,1936,1738,1697,0.7314,8.599,1.901,0.0774,0.016,0.0611,C
2175,497,614,3175,3105,4.8748,7.4112,2.0213,0.0965,0.0369,-0.0322,H
458,435,3336,3108,3171,0.5918,9.1191,1.6952,-0.0153,0.0332,0.0293,L
1430,453,452,3149,3175,0.3806,7.2292,5.9265,0.0163,0.0004,0.027,P
2158,506,1914,339,487,0.3675,9.1738,0.9532,-0.082,-0.0292,-0.0134,8
3017,3298,3226,3100,463,2.3628,8.5974,3.0357,-0.0277,0.0594,0.0831,J
2907,501,2825,2880,2924,-0.2855,9.2054,1.1928,-0.0138,-0.0336,-0.0627,D
3278,331,592,610,475,-0.5809,9.5916,0.4807,-0.0505,-0.0258,0.0765,B
2224,479,601,1712,578,-0.002,9.7843,0.7448,-0.0157,-0.0323,0.0981,7
1901,1810,1762,1720,1684,1.1999,9.1734,1.6732,-0.0064,0.0703,-0.0242,C
542,514,511,351,319,0.2897,9.6985,0.4666,0.0448,-0.0152,-0.0414,5
2880,3344,3580,3478,3374,-0.2498,10.1873,0.5831,-0.0823,0.0511,0.122,A
1523,428,296,3127,3119,0.216,6.7474,6.0338,0.044,0.0538,0.0419,P
2826,632,612,3229,3131,1.3302,9.6178,1.0557,-0.0878,-0.0713,-0.0247,V
1504,402,572,3190,3228,0.306,9.6759,1.1192,-0.0497,-0.0468,-0.0014,K
3107,3177,3303,3101,586,0.1515,9.2147,1.2881,0.0554,0.0106,0.0017,I
2860,3462,3434,3322,3396,0.4989,9.1525,1.451,0.0439,-0.011,0.0013,A
519,433,3234,3091,3111,0.466,9.6061,1.7602,0.0806,-0.0188,-0.0064,L
1468,429,531,3324,3227,0.3212,6.6112,5.9703,-0.0666,-0.0155,-0.0032,P
2068,2128,2122,1934,2199,0.7975,8.8721,1.6312,0.0115,-0.0058,-0.0102,0
2954,3149,3189,3202,651,2.4697,8.6863,3.4348,-0.0089,0.015,-0.0151,J
2733,525,566,3316,3219,0.2598,9.6132,1.1201,0.0394,-0.0008,-0.0932,U
2114,2009,1939,1957,1983,0.5836,9.3087,1.2425,0.0512,0.0129,-0.0526,O
2762,3419,3246,3262,3355,0.1962,9.5943,0.7276,-0.0706,0.0733,-0.0113,A
2851,416,588,3055,3285,0.5835,8.8038,0.8996,-0.0238,0.0356,-0.0695,V
3025,2792,2800,2753,2739,0.1004,9.0824,0.7361,-0.0087,0.0052,-0.0136,E
2333,1785,3225,3123,3156,0.2224,9.7839,0.9998,-0.0372,-0.0431,0.0191,9
2978,2918,2957,3191,3159,1.0806,9.7537,1.4003,0.0746,-0.032,0.0019,N
2160,1999,2094,1901,2057,0.716,9.4692,1.2925,-0.0191,-0.0618,0.0382,0
1703,1835,1690,1885,1779,1.3806,9.1474,1.133,0.0712,0.0776,0.0441,C
2806,500,466,3245,3267,0.3869,9.4525,0.4752,0.0177,-0.0502,0.008,2
1978,1794,2006,1861,2022,0.5556,9.3796,1.6309,0.0102,-0.0147,0.0916,O
3000,3037,2973,3030,3165,0.6672,10.3656,0.6822,0.024,0.0199,0.0069,M
2305,356,566,3309,3155,5.5083,6.7929,2.1323,-0.0153,-0.0153,-0.0309,H
1945,495,487,533,1829,0.3439,9.7639,1.5397,0.0371,0.0889,0.0387,6
3136,532,441,548,487,-0.1036,9.5855,0.8848,0.0717,0.0036,-0.0408,4
3157,327,587,461,430,0.408,9.5824,0.818,0.0309,0.0342,-0.0683,B
2792,593,2767,2856,2874,0.3625,8.8937,0.8055,0.0615,0.0264,0.0223,D
2733,1107,950,3121,3222,0.6653,9.6612,0.5238,0.0428,0.0148,0.0247,R
2672,460,451,3211,3214,1.0391,9.7119,0.9916,-0.0711,-0.0167,-0.0542,2
1539,458,438,3199,3071,0.443,8.9415,1.3362,0.0342,-0.0463,0.0331,K
1802,382,571,549,1784,-0.0433,9.4906,1.0416,-0.0275,-0.0039,0.0728,6
2242,456,643,3223,3212,4.8892,7.4773,2.1076,-0.0204,-0.0397,-0.0037,H
2728,3227,3342,3383,3321,0.4606,9.5231,0.9325,-0.0325,0.0084,0.0221,A
2737,1659,3170,3331,3277,0.5366,9.5732,0.891,0.0368,0.0283,-0.0042,X
2867,1134,921,3177,3026,0.2881,9.4021,0.8967,-0.0133,-0.0508,0.0655,R
2863,416,3284,3311,3237,0.2502,10.0074,0.8471,-0.0113,0.0042,-0.0407,1
2205,523,1836,308,613,-0.0896,9.496,0.7514,0.0148,-0.0915,0.0775,8
1590,508,409,3316,3143,0.4752,9.2524,0.3945,-0.0682,-0.0224,0.0449,K
3351,544,393,538,376,0.5248,9.5587,0.4719,0.0663,-0.0644,-0.0699,B
1955,3244,3203,3235,3219,0.5892,9.1038,1.3834,-0.0242,0.0029,-0.03,T
2715,549,558,3239,3398,0.5179,9.8903,1.3628,0.0425,-0.0276,0.0621,U
2750,429,399,3286,3274,0.2876,9.9953,0.9771,-0.054,-0.0729,0.0153,2
2562,3400,3682,3634,3511,0.1284,9.9299,0.4754,0.0698,-0.1278,-0.0159,S
3000,480,3259,3234,3187,3.1321,8.0631,4.746,-0.0049,-0.1303,0.1095,Z
3237,448,367,540,334,0.1048,9.9824,0.5576,0.0974,0.0513,-0.0327,B
1826,1829,1745,1697,1918,1.1474,8.9313,1.1589,-0.0411,0.0651,0.0069,C
2214,1736,3260,3195,3205,0.804,9.8024,0.8582,0.0866,-0.0032,-0.0029,9
2258,451,561,1734,514,0.4648,9.1845,0.8234,-0.1087,-0.019,0.0558,7
568,412,721,3387,3193,0.168,9.2066,1.0701,0.032,-0.0921,-0.0473,3
2235,439,1828,496,561,0.7225,10.4088,1.3929,0.0063,-0.0019,-0.0468,8
1765,1937,1738,1751,1764,0.6356,8.3375,1.4308,0.0068,-0.0026,-0.0072,C
3144,3133,3051,3252,480,-0.1123,9.5765,1.0183,-0.0074,-0.0393,-0.0112,I
3033,3043,3133,3247,424,2.411,8.3638,2.7302,0.0305,0.0804,0.0208,J
2055,3189,3285,3248,3241,0.6938,9.084,0.8391,0.1201,-0.0953,-0.0149,T
2175,589,3309,3101,3183,0.37,7.0945,5.8201,-0.073,-0.0059,0.0393,Q
504,510,3204,3111,3187,0.5795,9.4292,1.7861,0.031,-0.0435,-0.0083,L
2232,507,3035,3181,3397,0.5741,7.1813,6.3068,0.0122,-0.0006,0.0559,Q
1791,1955,1660,1807,1669,0.248,9.0892,1.5418,-0.0142,-0.0053,0.1549,C
2076,2001,2101,2041,2128,0.7454,9.6278,1.4639,0.1505,0.0056,-0.0987,O
2847,520,522,529,3150,0.3889,9.5207,1.3951,-0.0325,-0.0538,-0.0838,W
1911,3212,3123,3263,3189,0.5946,9.2043,0.6576,0.0839,-0.0075,0.0457,T
2735,468,2920,2713,2813,0.7485,9.2061,0.9182,-0.0401,-0.0252,-0.0402,D
2234,457,1801,638,615,0.1127,9.6374,1.5481,-0.0457,0.0484,-0.0084,8
2862,320,516,575,3243,0.6961,10.0187,1.187,0.0152,-0.047,-0.0317,W
2495,3347,3413,3550,3327,0.5851,9.5963,1.4424,0.0831,-0.0462,-0.0287,S
2600,2492,594,590,534,0.7526,9.5268,0.5959,0.0059,-0.0558,0.0086,F
1808,1727,1876,1853,1717,1.1144,9.2992,1.8546,-0.0033,-0.0179,0.0614,C
1951,1806,1717,1868,1831,1.1184,8.8723,1.6351,-0.0131,0.0278,-0.0952,C
2142,468,3169,3158,3111,0.5871,6.8633,6.2145,0.0243,0.0424,-0.0123,Q
2356,3387,3443,3459,3465,0.4754,9.3862,1.1504,-0.015,0.0451,0.0214,S
539,421,620,408,549,1.1254,9.4606,0.9135,0.0084,0.1113,0.0738,5
2731,542,3183,3042,3123,3.1218,7.9191,3.9697,0.0131,0.0228,0.0058,Z
3026,3125,3184,3239,473,0.6927,9.1467,1.1368,0.0331,-0.0284,-0.0462,I
2516,3404,3444,3203,3436,0.3175,9.6221,0.6462,0.0207,0.0649,0.0095,S
2056,511,1771,501,474,0.1326,9.1646,1.6145,-0.0149,0.0171,-0.0797,8
3047,3209,3155,3051,519,2.1591,8.0275,2.6299,0.0126,0.017,-0.0495,J
2752,384,2851,2939,2853,0.3614,9.7227,1.2245,-0.0437,-0.0056,-0.0226,D
2706,473,2888,2845,2851,0.3439,9.757,0.5598,-0.0155,0.0096,0.0139,D
495,507,534,3214,3203,0.3694,9.8171,1.1043,-0.0056,-0.0195,0.014,3
2909,3182,3119,3333,517,2.2915,8.4104,2.6579,-0.0655,-0.0454,0.0174,J
3080,3116,3123,3174,554,1.622,8.3178,2.8222,0.0471,0.0264,0.0452,J
2221,534,3314,3400,3115,0.1108,7.0308,5.8763,0.0325,0.0057,0.0184,Q
2982,1202,1024,3178,3176,-0.3744,9.8362,0.7109,-0.0094,0.0137,-0.0207,R
2987,2861,2832,2765,2790,0.3555,9.6516,0.8899,-0.0195,0.0984,0.047,E
1990,3259,3165,3245,3293,0.2481,10.4669,1.4259,0.0136,-0.0091,-0.0278,T
1931,1961,1959,1886,2068,0.6783,8.6948,1.4966,0.0831,0.0138,0.0802,0
2222,574,436,1798,494,0.5155,9.5233,1.8331,0.04,0.065,0.0135,7
2919,566,428,3223,3379,0.4521,9.3535,0.9008,-0.0495,-0.0428,0.0206,U
2827,505,519,3176,3254,0.172,9.1125,0.7768,0.0401,0.0246,0.0907,U
421,488,410,474,555,-0.2208,9.1847,1.4202,-0.0412,-0.1299,0.0086,5
2744,393,461,3113,3168,0.4627,9.6111,0.656,-0.0895,0.0416,-0.0176,U
2943,2847,2903,2822,2855,0.5829,9.9257,0.4151,0.0334,0.0492,-0.0669,E
2776,564,3265,3342,3249,-0.0076,9.9373,0.2907,-0.0033,0.0556,-0.0453,1
2657,1195,953,3067,3393,0.3934,9.6039,0.6887,0.0365,-0.0581,-0.0156,R
1729,481,466,523,1759,0.1554,9.5468,1.7443,0.0265,0.0038,-0.0107,6
2446,3446,3199,3389,3347,0.1729,9.3628,0.5562,0.0526,-0.1064,0.0085,S
2960,475,621,485,497,0.154,9.8321,0.0618,-0.0405,-0.049,0.0794,4
1303,614,606,3208,3225,0.0197,6.6415,5.4908,-0.0081,0.0531,-0.0192,P
1473,499,605,3205,3026,0.0311,7.8273,6.0406,0.0475,-0.0154,-0.0502,P
2705,477,3236,3303,3144,3.1179,8.5218,4.225,-0.0385,0.0051,0.0092,Z
2202,387,3228,3211,3209,0.1841,7.311,6.6424,-0.0591,0.1034,-0.0105,Q
482,540,523,3340,3121,0.6659,9.6904,1.0838,-0.0149,-0.0342,-0.002,3
2634,2558,600,507,435,0.5826,9.1586,1.6675,0.0395,0.026,0.0618,F
514,576,539,3257,3039,0.6129,9.5047,1.292,-0.0398,0.0597,-0.0603,3
1962,2018,2050,2019,2036,0.4673,9.2694,1.641,-0.0056,-0.0037,0.0199,O
2990,2707,2745,2892,2761,0.443,9.1773,1.101,-0.0229,0.0523,0.0387,E
2271,1728,3123,3227,3286,0.5994,10.0561,0.9197,-0.1083,0.0244,-0.0077,9
2761,506,3202,3273,3164,0.1807,9.5377,0.5724,0.0773,-0.1155,-0.0244,1
1685,1855,1857,1661,1906,1.7492,9.0138,1.3077,0.1412,-0.0659,0.001,C
2172,385,532,1723,590,0.4697,9.9534,1.0305,0.058,-0.0543,0.0493,7
466,3187,3250,3310,407,0.6073,8.9353,1.6001,0.0146,-0.0237,0.0117,Y
2171,444,570,3131,3102,5.0824,6.9451,1.6269,0.0318,0.0232,-0.018,H
2747,1325,933,3195,3116,0.0671,9.1677,1.0011,-0.0663,0.0454,0.0234,R
2525,3466,3513,3270,3354,0.3304,9.2065,0.9204,-0.0776,0.0461,-0.0259,S
2672,1762,3302,3248,3145,0.3428,9.8314,0.8151,-0.0543,0.044,0.0558,X
3016,3062,2774,2996,3131,0.7504,9.7843,0.8703,-0.0216,0.0199,-0.0464,M
1852,2095,2015,2022,2061,0.8791,9.3931,1.853,0.0276,-0.0328,-0.0117,O
1909,3208,3275,3317,3279,0.8657,9.5546,0.8135,0.0592,0.0682,0.0465,T
2148,431,1702,441,495,0.4917,9.3425,0.8409,-0.0521,0.0084,0.0024,8
2961,2799,2805,2741,2726,0.6104,9.7536,1.1811,0.0758,-0.0271,0.0837,E
2843,3383,3382,3487,3466,0.7441,9.8916,1.0063,0.0341,-0.0155,0.0162,A
2965,478,416,617,552,0.2462,9.7632,0.7669,-0.0151,-0.0378,-0.0369,4
2992,2953,3181,3117,3285,-0.1471,9.8592,0.8563,0.0612,0.0161,-0.0003,M
3105,3107,3095,3092,3193,0.268,9.2311,1.3244,-0.0243,0.017,0.0127,M
2903,515,3225,3097,3176,2.8134,7.7523,4.1402,-0.0169,0.0346,0.036,Z
1955,2077,2105,1994,1967,0.93,9.462,1.7862,0.0207,-0.004,-0.0044,0
2807,599,2809,2683,2930,0.4111,9.4232,0.424,0.0198,-0.0059,0.0787,D
2506,3269,3478,3377,3419,1.0606,9.8859,1.0632,-0.0687,-0.0678,0.0581,S
498,3114,3210,3290,607,0.4447,9.4984,1.0488,-0.0874,0.056,-0.1513,Y
3188,559,347,605,505,0.0766,9.6732,0.4887,-0.0866,0.0747,0.0021,B
2800,421,2859,2934,2827,0.8752,9.1423,0.4538,0.0428,0.0132,0.0657,D
2223,419,460,1764,538,0.1621,9.3576,1.0972,0.0693,0.0219,0.0565,7
561,538,3195,3372,3156,0.9363,8.9937,1.7441,0.0718,-0.0954,0.0069,L
2823,366,512,3203,3295,0.4463,9.8289,1.3837,0.002,0.0767,0.0062,2
3093,442,449,582,565,0.4031,8.9467,1.1837,-0.0305,-0.029,-0.01,4
2817,3403,3347,3571,3450,-0.1075,9.5559,0.8015,0.0426,-0.0396,-0.0057,A
2985,2895,3024,3183,3209,0.1299,9.4034,0.8472,-0.0115,0.0862,0.0399,N
2988,2833,2760,2873,2832,0.1558,9.1504,0.5619,0.0094,0.0286,0.0325,E
2889,2861,2920,2764,2708,-0.3375,9.2058,0.9659,0.08,0.0337,0.0153,E
2498,2442,456,534,389,0.7779,9.2834,1.4477,0.0481,-0.0837,-0.0291,F
2767,457,468,3257,3149,0.2861,9.7929,0.9332,-0.0344,0.0483,0.0455,2
2168,267,3084,3261,3361,5.2708,7.0971,1.9936,0.0841,0.1074,-0.0293,G
2948,424,510,561,3143,-0.1772,8.8272,0.5339,0.077,0.0307,0.0378,W
491,527,614,434,534,0.092,9.3515,1.0567,-0.0074,-0.0683,0.0257,5
2205,403,648,1718,402,0.3748,9.6397,0.7302,0.0348,-0.0247,0.1223,7
3173,534,595,390,443,0.1134,9.4649,1.0205,-0.0428,-0.0278,0.0102,B
2751,471,3297,3212,3183,3.1151,7.6147,3.929,-0.0039,-0.0047,-0.0197,Z
1455,430,560,3229,3156,0.5519,9.3641,1.0189,0.0488,-0.0302,-0.0586,K
2223,557,3272,3123,3234,4.7943,6.5533,1.7214,-0.0375,0.0261,0.0576,G
377,530,3227,3297,3175,0.5036,9.2072,1.6794,-0.0392,-0.0446,-0.0034,L
1814,1873,1881,1752,1750,0.6879,9.2096,1.9346,-0.0158,-0.0121,0.0733,C
2177,385,544,3103,3107,5.3578,6.6411,1.3051,0.0311,-0.0152,-0.0109,H
1958,3221,3263,3319,3298,0.0642,9.8456,1.5058,-0.0287,-0.0447,-0.0012,T
2815,581,3094,3236,3119,2.9463,7.7743,4.3119,0.0161,0.0059,0.0681,Z
2265,500,3077,3296,3146,4.864,7.6936,1.7889,0.0371,0.0281,0.0195,G
2117,2048,1905,2052,1894,0.6011,9.5632,1.7128,-0.0043,-0.0172,-0.0579,0
2958,1663,3213,3339,3277,0.5129,9.8849,0.7995,0.0259,-0.0056,-0.0067,X
2818,1132,1068,3007,3179,0.268,8.9935,0.9152,-0.0087,0.0281,0.1,R
2912,2896,2966,2873,3355,-0.4154,9.4648,0.8321,-0.0388,0.0106,-0.04,M
2415,2405,624,571,638,0.762,9.271,1.597,-0.0017,0.011,-0.0021,F
2864,1852,3000,3145,3245,0.3371,9.7434,1.3126,-0.0107,0.03,0.0728,X
2694,385,407,521,3184,0.9581,8.6484,1.2122,0.0217,0.0449,0.0072,W
2878,571,3083,3137,3242,0.1533,9.4878,0.7471,-0.0414,0.1241,0.0797,1
438,565,671,500,442,0.7704,9.3154,0.8668,0.0208,0.0571,0.0035,5
1607,593,403,3250,3196,0.218,8.9334,0.6968,0.0354,0.0407,-0.0105,K
2213,1931,2037,2066,1799,1.1332,9.5229,1.0517,0.0185,0.0182,-0.0067,0
2126,558,1757,447,700,0.4209,9.4483,0.9593,-0.0339,-0.0036,0.097,8
3176,3047,3188,3238,502,0.4146,9.3846,0.6201,-0.0074,-0.0565,-0.0022,I
579,612,521,361,359,0.0206,9.7161,0.5774,-0.0117,-0.0211,0.018,5
2002,1862,2049,1892,1901,0.505,9.2145,0.974,-0.0074,-0.0044,-0.0064,0
2934,3168,3229,3254,587,2.1573,7.9138,2.6828,-0.0079,0.0074,0.0431,J
3097,515,580,399,514,0.4814,9.7037,1.3605,-0.0834,0.0529,-0.0086,B
2239,513,512,3269,3203,5.1441,7.2148,1.8487,0.015,-0.0125,-0.0066,H
1573,395,551,3148,3238,0.6722,9.546,0.6401,-0.0448,-0.0364,-0.0948,K
1842,1746,1803,1774,1810,0.2858,8.4511,1.6848,0.0519,-0.0455,-0.0122,C
2112,503,3203,3156,3249,0.7706,6.9945,6.4195,-0.0011,-0.0249,-0.0849,Q
2961,2957,2911,3060,3184,0.2047,9.633,0.7489,-0.1,-0.0245,0.0448,M
1457,659,620,3138,3211,0.4986,9.5611,1.5444,0.0044,0.0119,0.0344,K
1875,3030,3253,3258,3172,0.0187,9.4562,1.3534,-0.0635,0.0529,-0.0848,T
381,567,592,330,526,0.4807,9.2592,0.7623,-0.0528,-0.0961,-0.0527,5
2552,3393,3292,3413,3480,0.3463,9.8064,1.1095,0.0146,-0.0158,-0.0728,S
2843,1301,1085,3199,3143,0.4497,9.3943,1.3444,0.0434,0.0104,0.0256,R
2947,2967,2978,3211,3241,0.5422,10.2767,0.837,0.0368,-0.0794,-0.019,N
2732,494,551,476,2953,0.0966,8.7526,1.2204,-0.0003,-0.0175,-0.0313,W
2758,569,3214,3152,3271,3.2337,8.1741,4.5246,0.0918,0.0027,-0.0053,Z
1699,608,527,535,1885,0.7557,9.6165,1.3908,0.0069,0.0105,0.0458,6
1759,468,583,528,1759,0.0751,9.7034,1.1399,-0.0579,-0.0341,-0.0213,6
1865,1733,1844,1772,1790,1.0443,8.7715,1.5631,0.0765,-0.0389,0.0586,C
2936,1863,3177,3222,3250,0.2717,9.8103,1.3818,-0.0131,-0.0238,-0.0053,X
2972,2974,2946,2914,3248,0.1987,9.7857,0.4665,-0.0333,-0.0111,-0.0064,M
2590,3342,3425,3376,3397,0.7461,9.553,0.7232,-0.0282,0.043,0.0242,S
2886,545,577,3251,3275,0.1216,9.0322,1.1686,-0.06,0.0003,-0.0724,V
515,460,583,3186,3229,0.5329,9.1959,1.4048,-0.0326,0.0404,0.0364,3
1987,2058,2027,1912,2092,0.6288,9.8751,1.4604,0.0579,-0.0179,-0.0118,0
2957,3109,3255,3084,395,-0.0188,9.4754,0.3991,-0.0969,-0.0568,0.0321,I
3048,3034,3026,3076,3209,0.3299,9.4272,0.7072,-0.1191,-0.0549,0.0461,N
627,474,547,3261,3366,0.4109,9.6583,0.7651,-0.0241,-0.0379,0.0423,3
3110,3145,3223,3234,555,0.6382,9.3848,0.7657,-0.0305,-0.0026,0.0349,I
1405,392,449,3229,3261,0.1155,9.2572,0.4661,0.0107,-0.0366,0.0832,K
2077,387,3180,3317,3357,0.2335,7.0159,6.5465,0.0359,0.0442,-0.0557,Q
401,628,3354,3163,3089,0.601,9.2554,1.8524,-0.0394,0.0272,0.0057,L
2729,341,490,3193,3167,0.9617,9.083,1.1107,-0.0399,-0.061,-0.0306,V
2245,535,3130,3008,3227,4.9543,6.83,2.2292,-0.0022,-0.066,-0.0966,G
489,548,332,492,539,0.252,9.2604,0.9543,-0.0292,-0.0123,-0.0236,5
1873,471,530,585,1753,0.5873,9.3811,1.2676,0.005,0.0073,-0.0143,6
2043,3076,3281,3178,3219,-0.2702,9.5675,0.6871,-0.0176,-0.0784,-0.0441,T
2903,466,3306,3408,3274,0.4837,9.5581,1.0571,0.0444,-0.023,0.075,1
2225,623,572,3158,3303,5.0792,6.8816,2.0835,0.0556,0.0228,0.0911,H
549,559,499,444,478,0.2145,9.1272,0.9103,0.0925,-0.0139,-0.0756,5
1499,565,434,3058,3122,0.7207,9.4536,1.0276,-0.0527,0.0033,-0.0511,K
596,535,3134,3265,3173,0.7144,9.2894,1.606,-0.0259,-0.0247,-0.0783,L
3253,426,372,473,482,0.3489,9.5394,0.6534,0.0968,0.0408,-0.0024,B
1706,530,483,495,1904,0.8731,9.3483,1.5322,0.0575,0.0555,0.0074,6
1471,562,464,3247,3294,0.6605,6.5263,5.8976,0.0141,-0.0122,0.004,P
2016,2004,2145,1911,1914,-0.1539,8.9764,1.3005,0.016,0.048,-0.0482,0
2788,414,570,3170,2981,0.282,9.5664,0.9164,0.0091,0.0329,-0.0062,2
2204,542,1774,446,558,0.3709,9.7594,0.8354,0.0356,0.0156,-0.0667,8
3001,456,562,3358,3271,0.3778,9.1703,1.4123,0.0433,-0.0707,0.0772,U
2744,492,2778,2643,2775,0.5643,9.7622,0.9857,-0.0188,-0.0328,0.0635,D
1491,481,556,3141,3109,0.4223,7.0578,5.4528,-0.0005,-0.0613,0.0313,P
2955,3372,3344,3259,423,0.5679,9.5284,0.1541,0.0144,-0.0421,-0.0404,I
2249,477,3103,3136,3187,0.1235,6.9889,6.5182,-0.0179,0.0105,-0.0807,Q
2662,3508,3390,3499,3272,0.3202,9.5016,1.0141,-0.0225,0.0311,-0.0534,A
2865,700,396,380,3256,0.3988,9.1043,1.1152,-0.0309,0.0862,0.1131,W
3009,2733,2809,2836,2816,0.5373,9.6301,0.4684,0.0318,-0.0336,-0.0548,E
1960,1968,1958,1907,2010,0.651,9.2876,2.0517,0.02,-0.0558,0.0316,0
1969,3153,3268,3234,3198,0.0361,9.2097,1.0526,0.0112,-0.0008,0.0332,T
2056,2056,1953,1957,1953,0.5476,9.5659,1.8608,-0.0107,0.0549,0.0221,0
2700,267,460,3373,3164,0.4139,9.81,0.7876,-0.0167,0.0614,0.002,U
2980,2678,2803,2859,2919,0.4604,9.4421,0.4065,0.0013,0.0036,0.0319,E
3017,2763,2772,2807,2816,0.3987,10.0116,0.7028,-0.0032,-0.0787,0.0186,E
489,628,631,3324,3232,0.2163,9.0551,1.1784,0.0335,0.0131,-0.0664,3
2284,379,518,3138,3371,5.4319,6.7775,1.9618,0.0122,0.0432,0.0015,H
2300,657,515,3132,3156,4.9451,6.691,1.6463,0.1049,0.0151,-0.0417,H
2871,479,594,3163,3257,-0.2348,9.5321,0.6839,-0.0699,0.0556,-0.032,U
2914,461,735,3194,3311,0.5886,9.691,1.1927,0.0075,-0.0038,-0.0023,2
2906,399,343,3083,3254,0.7698,8.8204,1.5299,-0.0162,0.028,0.0397,V
2290,540,3263,3303,3133,4.8925,6.4315,2.9421,-0.0075,0.0519,-0.0619,G
2095,414,484,1771,406,0.8422,9.9106,0.8979,0.0505,0.0711,-0.0005,7
2105,550,1784,524,453,0.9998,9.5717,0.8861,-0.0568,-0.0699,0.031,8
2894,2879,2757,2788,2693,0.3963,9.4015,0.985,0.0736,0.0089,-0.0397,E
2894,2959,3128,3228,3202,0.6936,9.8089,0.7556,0.0108,-0.0384,-0.0281,N
2728,562,3081,3140,3363,3.6536,7.5917,4.3622,0.0807,0.0532,-0.0033,Z
3057,3017,3094,3303,482,-0.2587,9.3903,0.523,-0.0083,-0.0185,0.0089,I
2313,514,3174,3289,3109,4.9324,7.0413,1.8676,0.005,-0.0094,-0.07,G
2503,3424,3311,3458,3437,0.3022,9.277,1.5543,0.0191,-0.0459,0.0428,S
2168,343,3168,3122,3177,4.9223,7.3592,2.2086,0.0132,-0.0001,-0.0529,G
2909,3141,3252,3331,560,2.3918,8.7922,3.2499,-0.0169,0.007,-0.021,J
2627,1889,3214,3135,3062,-0.0096,9.0217,1.0682,0.0119,0.0306,0.0366,X
2958,630,520,473,584,0.4793,9.7801,0.7189,-0.0448,-0.0505,0.0051,4
1599,648,458,3210,3184,0.0678,7.1694,6.2334,-0.0538,-0.0187,-0.0236,P
1430,469,390,3200,3218,0.0988,10.0821,1.0191,-0.0408,-0.0815,0.003,K
3030,2889,2789,2816,2809,0.4005,9.1732,1.3325,0.0148,0.0197,-0.0403,E
542,3194,3199,3136,531,0.3721,9.286,1.354,-0.0401,-0.0104,0.0593,Y
2848,542,599,3186,3273,-0.0781,9.7253,0.9685,0.0573,0.0354,0.0102,U
2694,373,405,3325,3098,0.5634,9.3315,1.0225,-0.0436,0.0338,-0.0219,V
2805,3286,3356,3408,3307,0.6127,9.3198,0.9125,-0.0301,0.0926,-0.0007,A
1426,440,489,3231,2992,0.4051,9.2762,1.4207,0.1471,-0.018,-0.0861,K
3001,2725,2806,2911,2835,0.4093,9.4515,1.0993,0.0375,0.0305,-0.0166,E
2988,3099,2928,3124,3234,0.1894,9.6785,1.3979,0.0197,0.0106,-0.0435,N
3163,2922,3014,2987,3271,0.3345,9.646,0.0097,-0.0417,0.0372,0.0327,M
2777,3343,3254,3138,497,1.6552,9.0479,2.7277,-0.0262,-0.0365,0.004,J
2231,498,541,3107,3332,5.5775,7.0141,2.7269,-0.02,0.02,0.0716,H
2970,3106,3254,3195,475,1.6669,8.1519,3.5808,-0.0314,0.0305,0.0081,J
2798,503,3193,3216,3177,2.8895,8.2256,3.9855,0.0527,-0.0947,0.0761,Z
2281,560,444,1770,437,0.0216,9.6281,0.6157,0.0331,0.0909,0.0188,7
2827,2902,2986,3186,3240,0.4391,9.0688,0.9556,0.0089,0.0312,0.0533,N
2817,471,2825,2846,2896,0.2927,10.0917,1.0724,-0.0354,0.1105,0.0163,D
2981,3414,3419,3363,3332,0.7491,9.2432,1.0215,-0.0239,0.0239,0.0167,A
2960,3293,3303,3088,580,0.5457,10.0661,0.9155,-0.0022,0.0573,0.0349,I
1904,3133,3141,3189,3214,0.068,9.3759,0.7027,-0.0518,0.0567,-0.0696,T
2876,3180,3098,3061,3147,0.2286,9.5995,1.1943,0.0201,0.0263,-0.0084,M
2063,2060,2048,1997,2137,0.71,9.4666,1.67,-0.02,-0.0029,-0.1041,O
2811,2925,2886,2835,2952,0.1068,10.0663,0.7104,0.0119,-0.0637,0.0007,E
605,537,429,3098,3196,0.4327,9.6186,0.3402,-0.0094,-0.0438,0.0638,3
3036,2770,2728,2845,2919,0.6174,9.7769,0.8438,-0.0799,0.0745,0.1027,E
2864,520,483,3336,3126,0.7562,9.4475,1.2385,0.0255,0.0537,-0.0057,V
2872,1059,1034,3220,3277,0.3771,9.4863,0.5554,0.0495,0.0248,-0.0247,R
2219,522,3123,3253,3257,4.6235,6.5602,2.0,0.0896,0.085,0.0282,G
2911,1089,1186,3224,3205,0.1379,9.7971,0.7387,0.015,0.0421,0.0335,R
2939,2776,2800,2689,2762,0.5163,9.1168,1.347,0.0635,-0.0623,0.0679,E
2831,493,3305,3147,3029,0.693,9.7143,0.5285,-0.0394,-0.0942,-0.0409,1
418,3362,3169,3118,595,0.4558,8.6918,2.1249,0.0292,-0.0756,0.0698,Y
2988,3127,3195,3219,532,2.0541,8.4301,2.9829,-0.0277,0.0157,-0.0111,J
2797,450,3045,3136,3095,3.2245,7.5547,4.4261,0.108,-0.037,-0.0307,Z
2646,3397,3404,3597,3384,0.5905,9.4896,0.6494,0.0571,0.0376,0.0396,A
2805,1350,938,3218,3290,0.1023,9.8111,0.2503,0.0879,0.0497,-0.034,R
2776,528,3121,3136,3172,0.3503,10.0337,0.4559,0.0414,-0.022,0.0294,1
2333,558,427,3202,3398,4.6272,7.1585,1.9032,0.0353,0.0634,-0.0193,H
3022,2732,2803,2690,2884,0.4246,8.9696,0.9098,0.0232,-0.0167,-0.0138,E
546,551,472,3172,3174,0.2362,9.0859,1.6437,0.054,0.0013,-0.0734,3
2756,458,431,3210,3217,0.3022,10.1085,0.9713,0.0879,0.0065,-0.0366,2
2798,505,499,3192,3210,0.6766,8.9967,1.3763,-0.0175,-0.0039,0.0665,U
1478,739,599,3124,3259,0.4198,9.267,0.679,0.0497,-0.0299,-0.0051,K
3011,350,487,322,468,0.8524,9.8809,0.3717,-0.0272,-0.0088,0.0253,4
2396,1873,3331,3202,3242,0.5785,8.8634,0.4613,-0.0562,0.0622,-0.0198,9
541,478,3241,3193,3280,0.7169,9.6431,1.4384,0.0963,0.0242,0.0124,L
3066,2826,2840,2839,2870,0.4864,9.6077,1.3566,-0.0333,-0.0428,-0.0593,E
2769,472,528,484,3154,1.109,9.7925,0.5932,-0.0141,0.0315,0.0665,W
3023,2904,2934,3273,3350,-0.0002,9.3788,0.668,-0.0274,0.0967,-0.0265,N
2830,435,2913,2823,2858,0.7176,9.6066,0.8951,0.0405,-0.0362,0.0027,D
1839,1800,1833,1928,1777,1.0416,8.6742,1.2395,0.0049,0.0552,-0.0128,C
2695,513,487,3167,3283,0.5041,8.7456,1.4324,-0.037,0.0061,-0.0457,V
2719,3449,3564,3401,3341,0.4451,9.9125,0.8062,-0.04,-0.0241,-0.0477,A
1424,445,409,3091,3116,0.497,9.515,1.1668,-0.0033,-0.0653,0.0247,K
517,425,563,457,499,0.0364,9.512,1.0571,0.0018,-0.039,0.0564,5
2450,2507,543,409,601,1.0295,9.1832,1.2581,0.0321,-0.0273,0.0241,F
2901,1191,839,3362,3147,0.3585,9.8182,1.2227,0.0903,-0.0182,0.0595,R
1478,444,562,3137,3163,0.4216,9.9123,1.0578,0.0264,-0.0149,-0.0039,K
2519,3532,3352,3532,3430,0.8021,9.5478,0.9628,0.0919,0.0361,-0.0118,S
2935,3067,2843,3223,3191,0.5549,9.725,0.6008,-0.0355,-0.0261,0.029,N
2983,468,522,483,3206,0.3395,9.4617,1.374,-0.1201,-0.0164,-0.0183,W
2741,585,472,655,3255,0.8465,8.9123,1.5178,-0.0425,0.0358,-0.0182,W
2759,533,448,3162,3198,0.3443,9.3318,0.1192,0.0148,0.0184,0.0182,2
2126,1828,3185,3239,3105,0.9198,9.4745,1.4379,0.0002,0.0302,-0.1123,9
2680,604,416,3095,3108,1.1258,9.0914,1.0843,-0.042,-0.0024,0.0446,V
2901,2940,2895,3076,3208,1.0448,9.3873,0.5423,0.0767,0.0529,0.0192,M
2261,657,3310,3092,3268,4.8011,6.8253,1.8614,0.0353,0.048,-0.0049,G
2978,3001,3153,3268,535,0.1216,9.6122,0.4775,-0.0001,0.1465,0.0923,I
2903,1155,860,3122,3142,0.6433,9.1011,0.3983,0.049,-0.0225,0.0114,R
3301,558,523,367,423,0.1632,9.728,0.1609,0.1206,0.0758,0.0301,B
2682,1763,3152,3201,3141,0.2355,9.4453,1.1915,0.0046,0.1332,-0.0632,X
2330,1767,3272,3080,3138,0.1744,9.0267,1.0451,0.0184,0.0767,-0.0101,9
3226,525,537,377,560,0.3837,9.395,0.4268,-0.002,-0.0067,0.0167,B
2206,386,1822,453,463,0.578,9.6574,0.7733,0.0109,0.001,-0.0431,8
2790,521,468,472,3128,0.4874,9.5343,1.1193,-0.0387,-0.0048,0.0199,W
1463,540,440,3151,3333,0.7693,8.5113,1.347,-0.0037,-0.0354,-0.0504,K
2129,485,489,1707,392,0.1447,9.8006,1.7911,0.073,-0.0179,0.0208,7
2888,356,501,3257,3204,0.3432,9.8629,0.5574,-0.039,-0.0923,0.0163,2
3027,2720,2788,2784,2814,0.4998,9.6679,1.0713,-0.0605,-0.0469,-0.0273,E
2066,3408,3184,3186,3244,0.3147,9.9018,0.8788,-0.0016,-0.0721,-0.0118,T
2204,1789,3303,3322,3344,1.1478,8.9261,1.1433,-0.0347,-0.0449,0.0704,9
484,389,550,3301,3063,0.3754,9.4491,1.0969,0.0427,-0.0139,0.047,3
2946,3152,3132,3339,499,1.989,8.6656,3.1708,-0.1667,-0.0323,-0.0706,J
2946,451,470,362,528,0.8689,9.6905,0.7336,0.0334,0.0037,0.0029,4
2793,535,529,3176,3250,1.306,9.2642,1.5284,-0.0306,-0.0196,0.0624,V
3004,2996,3004,2996,3170,-0.1368,9.5776,1.1057,0.0907,-0.0119,-0.0065,M
1813,1892,1702,1837,1706,0.6658,8.8107,1.2174,-0.0274,-0.0107,0.0419,C
2303,417,3343,3102,3183,0.8914,7.152,6.1283,0.0568,0.017,-0.0208,Q
2781,500,2891,2705,2833,0.2958,9.5,1.0656,0.044,-0.0473,-0.0091,D
3146,467,659,433,455,0.1559,9.9522,0.5623,-0.0646,-0.0266,-0.0304,B
2824,1138,995,3217,3237,0.7536,9.9828,0.8595,-0.0021,0.0198,-0.0304,R
2448,2449,384,431,656,0.3624,9.042,1.296,-0.0055,-0.0098,0.0705,F
2788,595,3273,3124,3081,-0.0678,9.5931,0.5663,-0.0027,0.0315,-0.0007,1
2284,1695,3287,3138,3095,0.4163,9.4622,1.3004,0.0645,-0.0279,0.0822,9
2861,543,501,3230,3152,0.2855,10.0023,0.8032,-0.0109,0.0105,-0.0583,U
2995,3163,3078,3206,3267,0.2832,9.9055,0.1861,-0.007,-0.1043,0.0081,N
3200,2761,2855,2671,2777,0.3618,9.6418,0.1833,0.0083,-0.0575,0.0162,E
497,535,497,518,437,0.1852,9.4986,1.0359,0.0024,-0.0295,0.0036,5
2789,1134,970,3118,3269,0.6098,10.104,0.9302,-0.017,-0.0234,0.0245,R
1952,3278,3378,3325,3167,0.6606,9.6018,0.8022,0.0214,-0.0237,0.0062,T
2894,3405,3564,3540,3380,0.7915,9.6936,1.4106,-0.0482,0.0343,0.0529,A
2828,452,535,238,3167,0.4957,9.1137,1.3091,-0.0211,-0.0003,-0.0276,W
2701,503,493,3178,3098,0.6816,9.1001,1.5258,-0.0279,-0.0019,-0.0655,V
2121,2104,1897,2016,1981,0.9255,8.9768,2.5807,-0.0087,0.0369,0.0694,O
2039,1863,1838,1945,1896,-0.0767,9.5228,1.2627,-0.0172,0.007,0.0252,0
2276,1860,3151,3014,3159,0.4854,9.8071,1.0308,0.0489,-0.0252,0.0284,9
1976,2002,1931,1971,2071,0.4479,9.1908,1.7657,-0.0109,0.0669,-0.0819,0
3127,2983,3086,3208,3151,0.067,9.2709,0.5775,0.0558,0.0353,-0.0621,N
2278,426,3163,3249,3162,0.3741,7.5587,6.5286,0.0882,-0.0912,-0.0315,Q
2371,2426,488,429,434,0.495,9.5949,1.0972,0.0539,-0.0499,-0.0626,F
1759,539,443,510,1770,0.1628,9.4683,1.4326,-0.0658,0.0304,-0.0558,6
2644,309,2827,2839,2965,0.3474,9.8459,0.7414,0.0149,0.0834,-0.1062,D
2171,1704,3212,3309,3304,0.058,9.7213,0.7541,-0.0201,-0.026,0.0133,9
2306,591,614,3316,3211,4.6524,6.6842,1.3739,-0.0542,0.0034,-0.028,H
2747,362,488,467,3356,0.3433,9.3075,1.2658,-0.0285,0.022,-0.0508,W
1428,504,625,3073,3307,0.1012,7.0881,6.1238,0.0095,0.1114,-0.015,P
2939,2845,2809,2831,2810,0.7569,9.6037,0.9814,0.0521,0.0117,0.0061,E
2989,3041,3063,3005,3289,0.4976,9.0635,0.3785,0.0591,-0.0123,0.0082,M
2775,490,3316,3023,3255,2.974,7.9815,3.8781,0.0251,0.0475,-0.0948,Z
1783,498,492,476,1767,0.7026,9.9352,1.9762,0.0547,-0.1144,0.0525,6
509,547,550,3257,3333,0.5386,9.2162,0.871,-0.0202,-0.046,-0.1257,3
544,3231,3211,3293,430,0.2984,9.9328,0.5449,0.056,0.0282,-0.0001,Y
3162,2959,2789,2753,2855,0.2957,9.153,1.3844,0.0608,0.0078,-0.0631,E
2182,391,432,3232,3200,4.9074,6.7266,2.4731,-0.0419,0.0126,-0.0244,H
2098,2052,1989,2066,2024,0.1441,8.6807,1.3298,0.0542,-0.0214,0.023,O
2755,503,478,3236,3191,0.2971,9.0846,2.0828,0.0284,-0.1049,0.0604,V
2731,428,2631,2907,2745,0.649,9.9206,0.4142,-0.0544,0.128,0.0875,D
2868,619,604,579,3346,1.1094,9.4498,1.6293,0.0212,-0.0108,-0.0025,W
1937,2960,3245,3275,3273,0.9656,9.9521,0.8998,0.0555,-0.0049,-0.0213,T
3240,465,381,483,596,-0.2582,9.3835,0.5379,-0.0492,-0.0396,-0.0212,B
2688,398,522,3250,3179,1.0799,8.8776,1.6196,-0.0426,-0.0465,-0.0382,V
2213,1945,3348,3146,3264,0.1547,9.4219,1.161,-0.0438,-0.006,0.0422,9
2005,3240,3160,3144,3276,0.5638,9.5948,0.3563,0.0603,0.0092,-0.0081,T
1838,1885,1729,1827,1789,1.2541,8.9654,1.3845,0.027,0.0438,-0.0334,C
404,3206,3312,3183,516,0.5652,9.9344,1.7245,0.1035,0.0872,-0.0114,Y
2745,408,3145,3222,3174,3.1707,8.0325,3.5982,0.062,-0.0256,0.0393,Z
527,436,591,3165,3173,0.6137,10.2499,0.8304,-0.0815,0.0145,0.0342,3
2258,516,3224,3138,3138,0.7133,7.274,6.7107,-0.0235,-0.0196,-0.0466,Q
2752,3330,3403,3333,3421,0.4849,9.4283,0.7277,-0.0288,0.0378,0.025,A
2131,407,1711,394,413,0.3984,9.7215,0.5942,-0.0402,0.0402,-0.0079,8
2230,1863,3088,3106,3123,0.118,9.5198,0.9925,0.0125,-0.0374,-0.017,9
2405,3242,3382,3329,3443,0.5301,9.504,1.4445,-0.0003,-0.0729,-0.0112,S
2489,3372,3424,3300,3392,0.0233,9.3453,0.9708,0.0254,0.0295,0.038,S
1778,464,373,409,1512,0.0946,9.202,1.647,0.0357,0.0162,0.1083,6
1970,2096,2074,1973,1964,0.3863,9.5453,1.5709,0.0144,-0.018,0.0729,0
1899,2024,1985,2025,1863,0.4428,9.0054,1.6479,-0.0301,0.0235,-0.0267,0
2286,528,1855,559,554,0.5066,9.5428,0.8783,0.0263,0.0155,-0.0454,8
3056,2995,2913,3038,3131,0.7729,9.7484,0.7169,0.0055,0.0452,0.0093,M
2796,581,400,3138,3136,0.0688,9.0695,0.8579,0.0193,-0.0473,-0.0373,2
3009,3102,3158,3177,692,0.0346,9.5651,0.6387,0.025,-0.0261,-0.057,I
2191,652,1846,481,429,0.5602,9.5414,0.8646,-0.0343,0.0275,-0.0204,8
479,513,553,3134,3200,0.0357,9.8133,1.5058,0.005,-0.0376,0.0131,3
2873,446,607,3260,3239,0.458,9.2562,1.2516,0.0476,0.0123,0.0122,U
3185,491,579,636,368,-0.3359,9.5134,0.6748,0.0248,0.0535,-0.06,B
3322,457,363,410,598,0.1532,9.5355,0.548,0.0251,0.0559,0.0724,B
2461,3354,3362,3448,3396,0.6961,9.6393,1.0094,0.0186,0.0598,0.0328,S
2188,502,3079,3281,3250,5.1671,6.7561,1.7679,0.0112,-0.0347,0.0217,G
1707,498,606,672,1746,-0.1825,8.9538,0.6653,0.0208,0.0049,0.0109,6
2159,327,1811,556,455,1.0021,9.8097,0.5582,-0.0097,-0.042,-0.0184,8
2089,3061,3234,3267,3192,0.1833,9.4889,0.7727,0.0257,0.0473,0.0223,T
2377,3349,3603,3426,3254,-0.0201,9.5678,1.0302,-0.0294,0.1097,0.1309,S
3271,390,528,341,503,0.7693,9.4156,0.2497,0.0382,-0.0771,-0.0316,B
2720,569,578,3353,3174,0.0961,9.5622,0.5907,-0.0315,0.0237,0.0546,2
1405,357,598,3170,3245,0.2545,6.6515,6.1957,0.0164,-0.0118,0.0151,P
2199,650,1734,394,579,-0.9389,9.3143,0.9023,-0.0471,-0.0047,-0.0324,8
1524,468,547,3226,3181,0.4391,6.9669,5.8154,0.049,-0.0212,-0.0043,P
2169,554,1907,434,474,0.84,9.4872,0.7616,0.0085,0.0004,0.0528,8
481,657,3134,3293,3326,0.5136,9.196,1.6538,0.0097,-0.043,-0.0329,L
2714,501,503,3045,3141,0.6477,9.5226,0.0633,0.0801,-0.0446,-0.0235,U
2846,1229,949,3236,3323,-0.0037,9.8261,0.4661,0.0588,-0.0356,-0.0375,R
2143,492,515,3282,3129,4.9212,7.0134,2.1988,-0.0454,-0.0658,0.0337,H
2929,3301,3352,3397,3422,0.2571,9.6272,0.8578,-0.0007,0.0273,0.0003,A
2847,613,431,3121,3288,0.4775,8.948,1.5626,-0.0023,0.0078,0.0269,V
2998,555,457,523,469,-0.126,9.9925,0.9044,0.0386,-0.0364,0.0592,4
2725,1138,1141,3298,3209,-0.0933,10.2043,0.7411,0.0124,0.0456,-0.0981,R
2895,435,476,3201,3156,1.0517,9.6714,1.1683,-0.0229,0.0662,0.0162,V
2747,492,3252,3251,3240,2.8574,7.9351,3.9362,-0.0304,0.0447,-0.092,Z
446,654,426,3252,3145,0.3602,9.7468,0.9372,-0.076,-0.0399,0.0361,3
460,539,447,3365,3184,0.5808,9.2124,0.8745,0.0247,-0.0023,-0.1391,3
3090,2964,2820,2847,2882,0.3174,9.5547,0.6057,0.0069,0.0249,0.0258,E
2754,3356,3397,3356,3342,0.5319,9.4235,1.4512,-0.1325,0.0546,0.0623,A
2176,468,3078,3095,3302,4.8578,7.0066,1.3867,-0.0659,0.0305,0.0189,G
2732,429,3125,3085,3087,3.1142,7.7217,4.1038,0.0051,0.044,-0.0509,Z
2229,605,1722,485,431,0.282,9.4696,0.7361,-0.0812,-0.0653,0.0222,8
1603,485,561,3276,3107,0.6647,9.0725,0.589,0.0982,0.0556,0.1037,K
2193,515,417,3154,3150,5.2536,6.7342,1.4733,-0.0984,-0.0735,0.0681,H
2825,3305,3495,3362,3416,0.585,9.4223,1.176,-0.0237,0.0436,-0.0673,A
1836,1680,1726,1905,1786,1.0239,9.2276,1.7089,0.0139,-0.0104,-0.0156,C
2877,543,523,504,3402,0.4528,9.1909,0.8481,0.0453,0.0816,-0.0424,W
1898,3265,3139,3137,3213,0.6029,9.7851,1.3244,-0.0353,-0.0572,-0.0171,T
2991,3276,3279,2967,551,0.3084,9.2067,1.0641,0.1123,0.0278,0.055,I
2767,415,2649,2717,2809,0.7282,9.9365,0.8687,-0.0162,0.0134,-0.0259,D
3134,3197,3226,3203,467,0.311,9.0114,0.3357,0.0175,0.0784,0.0174,I
3025,427,432,439,472,0.3106,9.724,0.553,-0.0678,0.0197,0.0414,4
2804,444,527,462,3324,1.2468,9.8167,1.6,0.0407,-0.0105,-0.095,W
505,3230,3281,3152,440,1.1074,9.835,1.3412,0.0571,0.1102,0.0658,Y
2933,3054,2981,3114,3052,0.52,9.7955,0.873,-0.0248,-0.0557,-0.0026,N
513,602,484,3183,3178,0.7378,9.7556,0.6771,-0.0088,0.0553,-0.0167,3
2802,475,498,3261,3195,0.2517,9.5296,0.502,0.052,-0.0223,0.0735,U
2129,566,3264,3208,3374,4.8687,6.73,2.1254,-0.0337,0.0248,-0.0417,G
1813,488,470,537,1688,-0.422,9.4257,0.9762,-0.0458,-0.0788,0.0602,6
2133,2048,2031,2075,2072,0.9743,9.2193,1.387,-0.0461,-0.0016,-0.0066,O
2800,3399,3373,3412,3466,0.2399,9.3026,0.9089,-0.0673,-0.041,-0.0238,A
2573,2559,485,407,540,0.2946,9.1725,0.9062,-0.0069,0.0585,-0.0003,F
1433,605,436,3228,3184,0.0949,9.7703,0.8158,-0.085,-0.1441,-0.0438,K
2973,612,604,559,516,0.1452,9.5134,0.6996,0.0196,-0.0016,-0.0003,4
3044,448,546,474,460,0.4888,9.4367,1.3476,0.0216,-0.0684,-0.006,4
2805,3468,3438,3332,3348,0.809,9.3996,0.8789,-0.0478,0.0212,0.1031,A
2687,533,580,3248,3261,1.0769,9.7585,0.7205,-0.0063,0.0818,-0.0635,U
491,3141,3231,3235,477,0.912,9.2101,1.9464,-0.0327,0.0425,-0.011,Y
583,484,418,3201,3257,0.0632,9.4193,0.7594,0.1091,0.0046,0.0776,3
2181,623,3206,3126,3271,0.7446,6.6996,6.1421,0.0205,-0.0016,-0.0235,Q
2666,1742,3193,3137,3268,0.9606,9.3384,1.2668,-0.0179,-0.0465,-0.0356,X
2093,1894,1951,1984,2080,0.3421,9.122,1.5488,-0.0107,-0.0234,0.0108,O
2373,3376,3331,3410,3293,0.2363,9.2398,1.1571,-0.0257,-0.0186,0.0255,S
2229,394,3186,3141,3228,5.1002,7.1443,2.0862,-0.0303,-0.0131,0.046,G
2290,365,528,1816,386,0.3201,9.6182,1.015,-0.0012,-0.0007,-0.0233,7
520,539,457,3101,3373,0.8367,9.6674,1.0144,0.007,0.0314,0.0721,3
2827,383,663,3144,3131,0.3915,8.889,0.9085,-0.0495,-0.0961,0.0072,2
2541,3442,3480,3473,3513,0.5765,9.5615,0.8228,-0.0412,0.0441,-0.0056,S
1869,430,454,434,1842,0.409,9.5705,0.3989,0.0997,-0.0505,0.0384,6
2853,1820,3296,3187,3208,-0.0522,9.7506,1.0188,-0.0062,-0.0115,-0.0141,X
1432,465,437,3148,3269,0.5699,7.2626,6.4027,0.0554,-0.0504,-0.0262,P
2054,1981,1944,2007,1902,1.0347,9.5294,1.4736,0.0523,-0.0361,-0.0578,O
408,467,592,455,524,0.7626,9.1584,1.0519,0.0323,-0.071,-0.0519,5
3100,3129,3279,3322,622,0.5964,9.8903,0.7092,-0.0419,-0.0176,-0.0832,I
1888,2033,1906,2035,2046,0.2751,9.687,1.4175,-0.0736,0.0773,-0.0462,O
1747,1796,1856,2049,1864,0.7456,8.8729,1.364,-0.0898,-0.0165,0.0366,C
2734,595,2788,2622,2688,0.2252,9.2511,0.676,0.0016,0.0731,-0.0145,D
2775,449,440,3123,3237,0.7064,9.6428,0.6143,0.0461,0.018,-0.0045,V
484,3215,3287,3286,412,0.4028,9.4181,1.3186,0.0249,-0.0674,0.0131,Y
2910,611,580,391,491,0.1771,9.5866,1.1263,-0.019,0.0492,-0.0865,4
1425,424,512,3151,3372,0.0827,9.9202,1.0659,0.0403,0.0373,-0.1109,K
2613,581,528,3214,3154,0.1956,9.4203,0.8136,-0.0568,0.0381,0.1018,U
417,485,420,2983,3135,0.1809,9.7325,1.1442,-0.0521,0.0646,0.0363,3
2953,3307,3036,3270,450,0.075,9.6785,0.3531,-0.0408,-0.0425,-0.0111,I
2853,1743,3373,3154,3116,0.263,10.2881,1.0782,-0.0514,-0.0394,-0.0874,X
2786,468,3176,3219,3063,0.2253,9.6607,0.4975,0.0087,0.0016,0.0203,1
450,451,453,436,442,0.443,9.9049,0.7024,-0.0651,0.0163,0.0266,5
2830,3397,3234,3392,3295,0.7009,9.61,0.718,-0.0257,-0.053,-0.0031,A
2801,467,3236,3253,3102,1.0843,9.4657,-0.3059,-0.0041,-0.0574,-0.0027,1
1380,468,472,3130,3269,0.513,9.2867,1.1817,-0.0079,-0.0445,-0.0356,K
2071,3182,3192,3276,3189,-0.2232,9.9512,0.7074,0.0108,-0.0659,-0.0255,T
1456,431,413,3262,3195,0.4944,9.5455,1.1323,-0.0127,-0.0241,-0.0408,K
2882,3281,3421,3471,3406,0.8196,9.3448,1.4228,0.1149,-0.0181,-0.0223,A
2944,565,690,3231,3123,0.4814,9.7646,0.9842,-0.0221,0.0902,-0.0635,2
2285,1796,3119,3089,3163,0.0942,9.1868,0.8455,-0.0327,0.0892,-0.0062,9
2868,2927,3065,3135,3177,0.2767,9.2168,0.6918,0.0457,0.0365,0.0557,N
1632,619,549,3197,3182,0.1286,6.9191,6.2726,0.0912,-0.0408,-0.0998,P
1555,630,712,3140,3054,0.5678,9.9831,1.2441,0.0803,-0.0113,-0.0305,K
2003,1842,1811,1894,1987,1.2612,9.2846,1.5392,-0.0071,-0.0238,-0.0413,C
1496,523,476,3307,3170,-0.1122,10.3228,0.9018,0.0657,0.0702,0.0473,K
2984,2995,3030,2999,3189,0.6927,9.7697,0.5124,0.037,0.0262,-0.0273,M
2150,470,3181,3264,3188,5.2474,7.1757,2.1715,0.0694,-0.056,-0.0237,G
2730,1049,822,3169,3220,0.4967,9.1913,0.3964,-0.0264,0.0002,0.0504,R
2102,480,3145,3053,3284,4.7913,7.3588,2.2645,0.0278,0.0306,-0.0308,G
3151,516,596,460,349,0.3859,9.5094,0.1431,-0.0312,-0.0092,-0.0302,B
1811,491,458,502,1799,0.6809,9.2406,0.9564,-0.0221,-0.0044,-0.0011,6
3006,3036,2973,2922,3134,0.0648,9.5991,0.3332,-0.0624,0.0068,-0.0064,M
2850,1932,3228,3229,3227,0.8078,9.6613,0.8411,0.0212,0.0217,-0.0106,X
3044,3043,2973,3081,3171,-0.2189,9.5356,0.936,-0.0803,-0.0443,-0.0615,M
2185,499,3169,3140,3298,0.3522,6.8421,6.4612,0.0712,0.0566,-0.0197,Q
1347,380,480,3250,3252,0.8764,7.0305,6.0709,-0.0125,-0.0101,0.104,P
2104,3190,3087,3188,3080,0.3047,9.3932,1.5451,0.0805,0.0043,0.0606,T
2967,2919,2968,3306,3138,0.4833,9.829,0.4761,-0.0422,0.0534,-0.0463,N
533,3186,3170,3354,382,0.5156,8.9395,1.8763,-0.0031,-0.0234,-0.0918,Y
2748,474,485,3004,3139,0.6339,9.8672,1.5681,-0.0399,-0.0219,0.0213,V
1541,400,550,3209,3301,0.6422,9.6651,0.4947,-0.0045,-0.0279,0.0126,K
2908,3013,3056,3214,3288,0.213,8.9237,0.856,0.009,0.0156,0.0553,N
3063,3119,2937,3250,3259,0.2064,9.6366,0.714,0.1054,0.0052,0.0226,N
2893,1809,3072,3230,3152,0.4184,9.572,1.3647,-0.0564,0.0286,0.0664,X
2004,1900,2096,2049,1993,0.2343,9.2362,1.418,-0.054,-0.0581,0.0383,0
2285,408,3077,3141,3283,5.3645,6.7226,2.0922,0.0917,0.0208,0.0711,G
2102,518,504,1775,595,0.3963,9.4286,1.3394,-0.0075,-0.0201,-0.0585,7
1748,583,495,533,1807,1.2404,9.6989,1.1947,-0.0132,-0.0348,-0.0487,6
2797,457,546,3065,3151,0.1637,9.9732,0.3867,0.0465,0.0194,0.02,2
2117,449,1748,505,427,0.681,9.8224,0.7847,0.0264,-0.042,0.0089,8
2839,465,3219,3083,3381,3.1244,8.5122,3.9202,-0.0525,-0.0246,-0.0022,Z
2126,491,3183,3123,3221,5.6788,6.8486,1.8699,0.028,-0.0279,0.0334,G
1772,437,438,546,1877,0.4323,9.5506,1.8287,-0.042,-0.0817,0.0416,6
2251,1958,3147,3292,3219,0.1581,8.8538,1.4166,-0.0653,0.0484,-0.1092,9
2097,472,481,3286,3027,4.8503,6.4718,1.9145,-0.0236,0.004,-0.0302,H
1724,478,626,417,1780,0.5819,9.5396,0.9406,-0.0089,-0.0145,0.0152,6
1419,554,363,3264,3235,0.6226,6.8592,6.153,-0.0586,-0.0207,0.0018,P
2855,480,424,524,2966,0.4676,9.6296,1.5141,-0.0265,-0.1121,-0.1317,W
444,3252,3173,3280,435,0.7597,8.9529,1.6844,-0.025,0.0446,-0.122,Y
2191,437,458,1798,498,0.5581,9.6714,1.3656,-0.0753,0.0456,-0.017,7
585,3108,3108,3346,459,0.353,9.0958,1.6066,-0.07,0.0119,-0.0703,Y
2888,1123,951,3145,3160,0.6536,9.5019,0.7095,-0.0371,-0.013,0.0108,R
3088,3098,3161,3131,578,2.3977,8.5477,2.7475,-0.0221,-0.0315,-0.0489,J
1908,1860,1660,1751,1925,1.4343,9.2816,1.4472,0.0041,-0.0065,0.0564,C
2841,565,528,3250,3258,0.1812,9.4699,1.468,0.0663,-0.0024,0.0341,U
2208,449,3111,3296,3156,5.0415,7.0888,1.8236,0.0725,-0.0559,0.0131,G
2725,478,414,3167,3391,0.1706,9.5546,1.2176,0.0219,-0.0069,-0.0346,2
2911,2834,2782,2665,2838,-0.0319,9.5419,1.0715,0.0443,0.0891,-0.0682,E
2956,1223,913,3137,3169,0.4087,9.7455,0.8601,-0.0105,-0.0068,-0.0064,R
2331,3571,3449,3291,3507,0.1749,9.2886,0.4597,-0.0432,-0.0373,0.0409,S
2689,529,555,3227,3287,0.6103,9.5497,1.6685,0.0583,-0.0256,-0.0593,V
1461,510,463,3353,3150,0.0835,7.2426,6.2796,0.0015,-0.0301,-0.095,P
1369,578,487,3283,3276,0.8229,9.5855,0.7331,0.0464,0.0059,-0.0117,K
2765,518,2725,2903,2749,0.6387,9.5299,0.8606,-0.0247,-0.0508,-0.0872,D
2774,340,635,417,3243,0.3593,9.1465,1.1292,-0.0178,-0.0093,-0.0393,W
2954,2811,2846,2876,2863,0.3485,9.456,1.7047,0.0475,-0.0461,0.005,E
3032,2653,2775,2681,2902,0.3817,9.442,1.269,0.0211,-0.0564,-0.0035,E
2749,523,3146,3103,3126,3.2653,7.3766,3.9196,-0.0058,-0.0378,-0.0479,Z
2827,574,461,3295,3078,0.6157,9.0596,0.9358,-0.0264,-0.0026,-0.0545,V
2655,3273,3421,3440,3273,0.7685,9.3551,1.044,0.0806,0.0448,-0.0134,A
2689,641,561,3074,3153,-0.0868,9.7941,1.183,0.0115,0.061,0.0092,2
2794,606,480,453,3134,0.4476,9.1794,0.9406,-0.0445,-0.0415,-0.038,W
1933,3027,3139,3063,3270,0.0452,9.6632,1.23,0.0351,-0.0934,0.0561,T
3046,2905,3230,3084,3241,-0.0493,9.8843,0.6497,-0.0097,-0.084,-0.0621,M
2124,491,1551,525,391,0.3337,9.6415,0.8289,-0.0219,0.0129,-0.0279,8
2127,479,3172,3165,3360,4.8679,6.7575,1.7712,0.0522,-0.0826,-0.0381,G
2073,2094,2075,1869,2075,0.4563,9.8888,1.5781,0.0608,0.0278,0.0216,0
1748,449,468,585,1766,0.8332,9.6931,1.0985,-0.0256,-0.0238,-0.0072,6
2190,1957,2004,2124,2054,1.1725,9.0912,1.8142,0.0245,0.0498,0.0422,0
2908,418,373,605,383,0.3102,9.1227,1.3051,-0.0581,0.0161,-0.0784,4
2256,504,405,1705,394,0.3599,9.6923,0.8728,0.0442,0.0805,0.0196,7
2231,359,3155,3147,3095,0.2492,7.0004,6.9241,-0.0477,-0.0564,-0.03,Q
2097,412,3343,3148,3219,0.3578,7.181,6.4962,0.0127,0.0644,0.022,Q
3280,526,481,434,442,0.8149,9.7002,0.7346,-0.0395,-0.039,0.0541,B
3062,3014,3002,3118,3019,0.2411,9.2759,0.2116,-0.0597,0.0009,-0.0363,M
2168,470,516,1791,636,0.1189,9.6517,0.3995,0.0189,0.0436,0.072,7
2790,558,527,494,3166,0.3172,10.3197,0.7377,-0.0723,0.0122,0.0102,W
3079,2846,2776,2762,2825,0.5721,9.9194,1.3574,-0.0271,-0.0051,0.0336,E
1417,538,366,3174,3203,0.745,7.1843,6.2888,0.0151,-0.0423,-0.0307,P
2838,1318,1069,3231,3175,0.4144,10.035,1.0477,0.0083,-0.0086,0.0249,R
2079,1959,1928,2142,1903,0.865,9.2396,1.1354,-0.0188,-0.0113,-0.0815,0
623,612,373,340,545,0.5616,9.9446,1.1178,-0.0281,0.052,-0.0522,5
2883,3359,3378,3321,3364,0.6132,9.7271,0.7234,0.0435,0.0678,0.0207,A
2836,506,529,3157,3292,0.3751,9.3766,0.6295,0.0451,-0.0043,-0.0002,U
2788,1199,973,3073,3148,0.1095,9.7901,0.9259,-0.0776,-0.0194,-0.025,R
2989,3171,3206,3217,420,1.8952,8.1834,2.988,-0.0296,0.0385,0.0336,J
2117,491,582,3084,3316,4.9484,6.7797,1.5199,0.0353,-0.0086,0.0085,H
395,3203,3134,3134,495,0.3069,8.7999,1.6676,0.0433,-0.0125,0.031,Y
383,3183,3160,3148,426,0.4434,9.7909,1.0168,0.042,0.0767,-0.0313,Y
2963,580,581,3084,3263,0.3718,9.834,0.4893,-0.0536,-0.0071,-0.019,U
2141,492,3285,3217,3199,0.5715,6.6617,6.1569,-0.0794,0.0103,0.0459,Q
550,3278,3284,3219,617,0.2969,9.6855,1.7729,0.002,0.0112,0.0518,Y
3009,2739,2892,2815,2800,0.4534,9.1788,0.8417,0.0002,-0.0097,0.0636,E
2838,377,502,3220,3272,0.3203,9.5481,0.1851,0.114,0.0153,0.0219,2
2195,443,3235,3061,3158,0.4889,7.064,6.4573,-0.0347,0.046,-0.0826,Q
1509,521,524,3139,3284,0.2673,9.635,0.9508,0.0188,-0.0107,0.0197,K
2135,433,1859,566,288,0.6821,9.3766,0.8103,-0.0163,-0.0631,-0.0084,8
2733,527,3202,3305,3109,2.8452,8.3035,3.9385,0.0273,0.0607,0.0281,Z
3154,433,375,505,567,0.2354,9.7899,0.6355,0.1196,0.0307,-0.0242,4
1433,337,537,3203,3232,0.4516,7.2863,5.9774,0.0506,-0.0388,-0.0359,P
2853,545,3142,3194,3104,0.4729,9.8294,0.7098,-0.0387,0.0482,0.0236,1
2737,526,2659,2836,2729,0.1125,9.2696,1.0196,0.0504,0.0012,-0.0432,D
2196,520,467,1831,488,0.7808,9.6524,1.0032,-0.0158,0.0401,0.0016,7
2778,1211,1112,3155,3139,0.5087,9.9628,0.7842,0.0335,0.0056,-0.0126,R
3235,576,418,537,478,0.454,9.0618,0.4703,-0.0301,0.0216,0.0235,B
2169,1858,3223,3274,3158,0.8383,9.6674,1.1271,-0.0333,0.0297,-0.0793,9
2846,619,576,589,3189,-0.1762,9.4311,1.0007,0.0394,-0.0885,0.0414,W
1636,342,426,404,1852,0.878,9.4974,0.631,-0.0705,0.0175,-0.0086,6
513,467,3189,3194,3185,1.1269,9.2887,1.5508,-0.0202,0.0392,0.0088,L
3034,2944,2982,3260,3364,-0.3148,10.193,0.722,0.0482,0.0581,0.0782,N
1495,550,544,3238,3207,0.7077,9.8713,1.2212,-0.0294,-0.0529,-0.0272,K
2102,521,3056,3179,3174,0.4313,6.9064,6.3515,-0.0133,0.0119,0.0133,Q
2684,535,2832,2724,2889,0.5417,9.8927,0.8027,-0.0708,0.0489,-0.0135,D
2920,2745,2732,2778,2743,0.1542,9.8475,1.3671,0.0475,0.0262,0.0046,E
530,411,500,414,451,0.2292,9.4216,0.7779,0.0142,0.0499,-0.018,5
635,404,3167,3198,3193,0.5209,10.1223,1.1754,-0.0357,0.0822,-0.0308,L
2929,2731,2741,2761,2819,0.6597,9.8244,0.7487,-0.0422,0.0658,0.0323,E
2202,502,3155,3175,3156,0.3525,6.7694,6.2719,-0.1,-0.0112,-0.0978,Q
3031,3189,3180,3103,333,0.5454,9.673,1.0706,-0.0219,-0.0356,0.0003,I
465,459,597,3182,3170,0.8386,9.9049,0.7506,-0.0622,0.0258,-0.0104,3
2794,567,406,635,3135,0.4603,9.5534,0.966,0.054,-0.0331,0.0415,W
2853,473,3215,3260,3101,0.0585,9.977,-0.0189,-0.0545,-0.0607,0.0459,1
3059,3261,3262,3202,429,0.0599,10.0591,1.2307,0.0061,-0.0258,0.0684,I
2875,586,3160,3164,3165,2.7445,8.2734,4.0466,-0.0363,0.0032,-0.0189,Z
3226,600,464,444,342,0.231,10.3126,0.5832,-0.0011,0.0161,-0.0006,B
2430,3484,3383,3461,3288,0.1935,9.7578,1.2621,-0.0601,0.0152,0.0165,S
2749,414,454,3173,3127,0.8023,8.9463,1.478,-0.0248,-0.0061,0.0197,V
2894,453,2713,2802,2748,0.7451,9.3796,0.3802,-0.1076,-0.0015,-0.0281,D
2674,1181,988,3237,3248,0.3297,9.111,0.4337,-0.0303,0.0326,0.0309,R
1943,1958,2081,1788,1953,0.2706,9.3881,1.6671,0.0287,0.0754,0.0277,0
501,3245,3038,3141,463,0.8109,9.04,1.4007,0.0405,0.002,0.0767,Y
3103,2742,2874,2944,2897,0.4317,9.4005,0.5414,0.0155,-0.0558,-0.0397,E
2213,630,471,1964,464,0.2016,9.7488,0.9781,0.0194,-0.0509,-0.05,7
1826,659,523,407,1731,0.2296,9.7963,1.3183,-0.0787,0.0651,0.0283,6
454,444,3249,3216,3102,-0.0843,9.9645,1.1333,0.0264,0.0755,0.0074,L
3002,2967,2944,3198,3204,0.1093,10.0839,1.0192,0.0448,-0.0052,0.0256,N
2907,1722,3277,3072,3160,0.5716,9.715,1.1311,0.0493,-0.0144,0.0696,X
2980,439,3020,3095,3279,2.8563,8.6996,4.2181,-0.0327,-0.0389,-0.0223,Z
506,396,296,596,496,0.1836,9.3266,0.7675,-0.0176,-0.0056,0.0344,5
1730,561,448,518,1797,0.8576,9.6496,0.6703,-0.0405,-0.0318,0.0346,6
1873,1877,1937,1973,1981,0.4467,8.9299,1.7922,-0.0227,0.0592,-0.0509,0
2954,1108,1059,3135,3290,0.3197,9.5943,1.1622,0.0313,-0.0402,0.0894,R
694,3218,3318,3283,296,0.7233,9.2952,1.4813,-0.0013,0.0527,0.0823,Y
1866,2000,2131,1965,2051,0.6248,9.4737,1.8212,0.0472,0.0455,-0.0307,0
3012,3179,3156,3146,371,1.7264,8.2177,2.8478,0.0781,-0.0079,0.0121,J
2721,573,530,3170,3202,0.1866,9.8076,1.3064,-0.0363,0.021,-0.0765,U
2913,1848,3083,3212,3175,0.3315,9.5002,1.3378,-0.0407,0.0102,0.0145,X
436,597,579,3265,3156,0.2929,9.0052,1.2034,0.0968,0.0728,0.0015,3
2034,2026,1972,2037,2016,0.9881,8.9766,1.4122,0.0501,0.0271,-0.1151,0
524,577,394,556,368,0.144,9.6823,0.7486,0.0014,-0.0461,0.03,5
411,3406,3193,3221,519,0.6061,9.0459,1.6316,0.0911,-0.1005,0.0016,Y
2280,486,1729,549,409,0.7472,9.2757,1.2221,0.0188,-0.0486,0.0605,8
2949,419,3215,3062,3319,2.5852,8.3367,3.9276,-0.0081,-0.063,0.061,Z
2477,3452,3311,3334,3271,0.4102,9.7586,1.3994,0.0774,-0.0345,0.0125,S
1818,389,524,472,1838,0.9712,9.248,1.3163,0.0431,0.0677,0.0493,6
2336,1909,3192,3359,3324,0.4783,9.4754,1.0014,-0.0048,-0.0777,-0.0293,9
478,597,454,3180,3262,0.1154,9.4965,0.7085,-0.0134,0.0118,0.053,3
3105,614,472,616,493,-0.3526,9.9676,0.323,0.0349,0.0013,-0.0772,B
428,553,520,413,451,-0.1834,9.1427,0.4349,-0.0773,0.084,-0.02,5
1860,523,651,513,1785,0.9527,9.5786,1.0759,0.0119,0.0109,-0.0103,6
1674,1886,1803,1887,1794,0.2433,8.9544,1.818,-0.0447,-0.0194,-0.0088,C
2115,526,345,1768,468,0.2773,9.9835,0.5992,-0.0112,0.0377,-0.0658,7
2623,554,3198,3025,3150,2.4793,7.9137,3.8488,-0.0763,0.0126,-0.0541,Z
2737,525,496,3270,3206,0.675,9.5323,0.9503,-0.1291,-0.0794,-0.0172,V
2704,1261,883,3231,3206,-0.1653,9.1518,0.5439,-0.0172,0.074,-0.0055,R
3248,570,463,462,521,0.069,9.6802,1.1299,-0.0124,-0.0179,-0.0324,B
2008,387,2939,3368,3217,4.7226,7.1358,2.0568,0.031,0.0605,-0.0145,G
2838,1342,995,3287,3117,0.3621,9.5176,1.1563,-0.027,0.0839,-0.0154,R
2856,2808,2980,3156,3281,0.3474,10.0952,0.6355,0.0243,-0.0126,0.0691,N
2918,582,3276,3388,3060,2.8817,8.0093,3.7806,0.0062,0.065,0.0055,Z
2796,1720,3135,3293,3326,0.614,9.325,1.4283,0.0306,0.0168,0.0921,X
2838,519,496,3159,3280,0.1719,10.0717,0.8463,0.0026,0.038,-0.0327,U
2945,3296,3387,3252,619,2.2162,8.3397,3.06,0.1007,-0.0262,-0.052,J
1802,478,686,548,1800,0.3986,9.6936,0.9554,-0.0642,-0.0679,0.0649,6
1856,1957,2083,1943,1881,0.8392,9.5334,1.4793,-0.0049,0.0514,0.0147,O
1474,391,454,3088,3101,0.0577,7.286,6.4467,-0.0768,0.079,-0.0563,P
2181,648,3230,3238,3243,5.1838,6.9751,1.9038,0.0083,0.0578,0.0563,G
3114,3245,3109,3151,529,0.028,9.3824,1.2035,-0.0307,0.0477,0.0628,I
2631,1251,1058,3100,3106,0.4553,9.6583,0.2076,-0.0411,0.0157,0.0338,R
2658,1230,948,3129,3306,0.2235,9.4945,0.9031,-0.1076,0.0677,0.0952,R
3000,538,466,602,393,0.4254,9.3272,0.727,-0.046,-0.0184,-0.0535,4
1998,2014,2166,1945,2052,0.2623,9.4963,1.5605,0.0395,0.0604,-0.029,O
2948,3066,3268,3190,475,0.1363,10.1615,0.9064,0.0275,0.0081,0.0135,I
2963,472,3308,3194,3273,0.2368,9.3596,0.9805,0.0931,-0.021,0.0468,1
2481,3503,3423,3548,3257,0.5447,8.6981,0.9826,0.051,0.0723,0.0369,S
2092,631,3118,3350,3114,0.1478,7.264,6.7777,0.0278,0.0338,-0.0401,Q
2253,417,3217,3150,3276,0.6278,6.803,6.8122,0.0254,-0.0694,-0.0836,Q
2819,1204,982,3139,3325,0.1289,9.3208,0.7758,0.1079,-0.0411,0.0355,R
492,312,562,465,516,0.1096,9.2773,1.2809,0.0811,-0.0214,0.0756,5
2868,606,3229,3056,3248,2.8069,7.8417,4.1086,0.0553,-0.0831,0.0029,Z
2835,1217,914,3174,3047,0.3258,9.999,0.2613,0.0064,0.0334,0.0408,R
2739,439,2768,2830,2695,0.1809,9.5876,0.4703,0.0898,-0.0427,-0.0335,D
1645,574,440,3349,3090,0.7024,6.3752,5.6562,-0.0574,-0.0375,0.0006,P
500,376,583,603,438,0.2116,9.7925,0.9027,0.0568,-0.0391,-0.0156,5
2904,3524,3402,3339,3436,0.2967,10.104,1.041,-0.0183,0.0092,-0.0674,A
1929,3130,3161,3093,3153,0.6141,9.9368,1.6226,-0.02,0.06,0.0168,T
2157,1889,1989,2092,2009,0.4414,9.637,1.3202,0.0426,-0.0627,-0.076,O
2641,564,3255,3041,3208,0.1695,10.1253,0.2488,0.04,0.0499,-0.0196,1
2849,522,530,635,3212,0.5684,8.9808,1.6872,-0.0082,-0.0408,0.0104,W
2807,1092,1093,3287,3228,0.336,9.4473,0.3813,0.0153,0.0378,0.101,R
2997,3057,3139,3124,3157,0.2713,9.3076,1.0936,-0.0035,0.0061,0.031,N
2901,2808,2760,2772,2881,0.62,9.9134,0.7028,-0.0172,0.0379,0.0224,E
2923,3267,3060,3277,387,0.5888,9.4939,0.4304,0.029,0.0464,-0.0219,I
2910,2777,2770,2822,2755,0.2214,9.9308,1.0854,-0.0281,-0.0125,0.0823,E
2298,508,3132,3161,3309,1.1249,7.0959,6.33,-0.0062,-0.0381,-0.0308,Q
2156,1695,3194,3165,3275,0.711,9.8647,1.5331,-0.0137,0.0174,0.1017,9
1445,593,470,3327,3079,0.0664,9.3405,1.1252,-0.0111,-0.0245,0.071,K
2264,616,433,1978,644,0.9152,9.4381,0.7858,0.0052,0.0142,0.0429,7
2936,2946,3037,3012,3189,0.5072,9.7137,0.713,-0.0518,-0.041,-0.0733,M
3452,410,519,333,544,0.0355,10.277,0.2676,-0.0845,-0.0236,-0.0988,B
452,345,3080,3332,3320,0.726,9.0655,1.953,0.0225,0.0327,0.0223,L
3173,486,516,420,418,-0.2166,9.2199,0.1348,0.008,-0.0446,0.0257,B
2977,2884,2706,2771,2876,0.31,9.6381,0.9581,0.0128,-0.0114,0.0334,E
524,3364,3108,3260,561,0.4171,9.1859,1.427,0.0351,0.0736,0.037,Y
2194,471,3100,3210,3203,0.2481,6.5209,6.0067,-0.0127,0.0153,0.0925,Q
1742,613,601,520,1961,0.6466,9.9622,1.6379,0.0814,-0.0574,0.0334,6
2267,679,1748,481,369,0.4384,9.6533,1.6276,0.0852,0.0758,-0.0348,8
2231,430,3246,3152,3094,0.3776,7.6283,6.4713,0.0323,0.0084,-0.0703,Q
2769,639,506,3225,3196,0.4423,9.5349,1.0321,-0.0196,0.0688,0.0248,U
1776,447,454,688,1861,0.3982,8.6691,0.6888,0.0043,-0.0145,-0.0576,6
1469,526,634,3189,3020,0.3274,9.858,0.9742,0.0765,0.0226,-0.0919,K
3018,3180,3190,3195,522,1.7122,8.0604,3.1963,0.0449,0.0373,0.0077,J
2825,488,2769,3052,2872,0.4239,9.53,0.6646,-0.0065,0.0146,-0.094,D
2157,1803,3163,3423,3190,0.5901,9.4503,0.8241,0.0102,-0.0736,0.0902,9
2931,2841,3010,3203,3225,0.5224,9.7355,0.4651,0.0147,0.0427,-0.0362,N
2761,3525,3301,3282,3417,0.8141,10.0052,0.8623,0.0539,-0.0019,-0.0086,A
2821,517,446,3033,3211,0.8893,9.0979,1.1772,-0.0637,0.0084,0.0041,V
2447,3460,3319,3296,3337,0.665,9.6017,0.465,0.0299,-0.0024,-0.0209,S
2078,2090,2031,2081,1830,0.4308,8.4758,0.9762,-0.0273,-0.0333,0.0021,O
334,470,3271,3102,3246,0.7289,9.0185,1.4317,0.0789,0.0325,-0.0131,L
525,378,491,3178,3206,0.6269,9.7552,0.7431,0.0242,-0.0364,-0.0455,3
471,638,372,499,559,0.0577,9.5572,0.726,-0.0613,0.0311,0.0912,5
2142,574,3277,3141,3213,0.4432,7.2069,7.1626,0.0354,-0.0335,-0.0039,Q
1864,562,572,446,1817,0.4281,9.4636,1.0479,0.0794,-0.0009,-0.007,6
1982,1889,2056,2002,2124,0.5669,9.182,0.936,0.0403,-0.0649,-0.0204,O
2229,405,391,1775,545,0.1621,9.3667,1.0565,-0.041,-0.1003,0.0155,7
2062,1908,1979,1939,2063,0.3586,10.0603,1.5654,0.0591,-0.0507,0.0006,O
3004,3304,3188,3117,372,1.7684,8.377,3.246,-0.056,0.0777,-0.0669,J
2810,585,610,2956,3183,-0.2303,9.9485,0.793,0.0576,0.0129,-0.0675,2
2765,1797,3264,3191,3204,0.6281,9.477,0.5246,-0.0286,-0.0962,-0.0125,X
2986,3174,3183,3139,520,1.6585,7.9331,3.0659,0.0011,-0.0286,-0.0641,J
2969,2933,2990,3134,3180,0.0844,9.9165,0.8245,-0.0501,0.042,-0.0479,N
458,435,3342,3150,3204,0.4394,9.4664,1.3156,-0.01,0.0197,-0.0432,L
1987,2085,1995,2055,1991,0.7138,9.5604,1.1759,0.0324,0.0527,0.1095,0
454,457,3083,3207,3234,1.0581,9.5409,1.3651,-0.068,-0.0611,-0.0648,L
3036,2736,2873,2894,2720,0.2527,9.3404,1.7897,-0.0215,0.0839,-0.0633,E
1543,452,498,3345,3342,0.2778,6.9453,5.8143,-0.0963,0.0518,0.1211,P
2549,2565,341,466,575,0.6823,9.041,0.471,-0.0183,-0.0036,-0.0442,F
2873,3049,2887,3010,3274,0.1986,10.107,1.3754,0.0119,0.0271,0.053,M
451,385,3084,3230,3316,0.3814,9.2333,1.7092,-0.0343,0.0137,0.0021,L
1732,1805,1638,1915,1759,1.0168,8.9071,1.8438,-0.1419,-0.0008,-0.0053,C
2950,2733,2818,2889,2706,0.355,8.9803,0.882,0.0017,-0.0427,-0.0228,E
2135,536,3167,3259,3318,4.2183,7.0333,1.4793,0.1221,-0.0234,0.0373,G
1675,1865,1833,1722,1756,0.86,8.5551,1.2547,-0.0567,-0.0206,-0.0369,C
1413,358,442,3255,3152,0.3001,8.9832,0.761,-0.0231,0.0321,-0.0837,K
2163,605,478,1802,482,0.5617,9.2834,0.9488,-0.0091,-0.0035,-0.0283,7
2785,561,455,3160,3117,0.1097,9.7666,1.2448,0.0521,0.0729,0.0392,2
2708,585,447,3216,3201,0.5822,9.5961,0.7195,0.0207,0.0164,-0.0531,2
2860,437,3099,3160,3179,0.5046,9.0094,0.2106,0.09,0.0008,0.0031,1
2271,486,3283,3474,3209,4.6065,6.8241,2.1876,-0.0802,0.0085,0.019,G
2914,2889,3044,3190,3195,-0.2116,9.5899,0.9901,-0.0921,-0.0268,-0.0785,N
2851,311,516,3294,3090,0.6932,9.0991,0.7356,0.0271,-0.0127,0.0589,2
2210,509,1849,593,514,0.5051,9.3802,0.9527,-0.0318,-0.0517,-0.0602,8
3040,3175,3185,3131,573,1.9337,8.6824,2.6419,0.0867,0.0639,-0.0955,J
1338,415,639,3005,3265,0.1899,7.0764,6.4241,0.0147,0.0717,-0.0246,P
2759,480,550,3240,3139,0.0677,9.9921,0.7118,0.0057,0.0393,-0.004,U
1480,593,479,3101,3074,0.5088,9.2718,1.2006,-0.0666,-0.0269,-0.0665,K
2610,3259,3414,3337,3506,0.3458,9.1859,0.9353,0.0175,0.1388,-0.1055,S
289,3305,3160,3266,388,0.8334,9.7149,1.5309,0.0264,-0.0513,0.0023,Y
2961,3153,3175,3087,423,2.258,8.5905,3.4903,-0.015,-0.0181,-0.0204,J
2754,557,547,3172,3306,0.6221,10.1471,0.5631,-0.005,-0.0098,0.1302,U
2204,1809,3305,3174,3174,0.0453,9.5945,0.7592,-0.0249,-0.0355,0.0445,9
1486,458,527,3210,3159,0.5414,7.2814,5.7643,0.1271,-0.0766,-0.0426,P
2222,530,3221,3195,3320,4.6062,7.3064,2.2467,0.0349,0.0558,-0.0046,G
1516,498,627,3219,3199,0.3285,9.753,1.2124,-0.0137,-0.0578,-0.0451,K
2894,2939,3100,3051,3254,0.7483,9.8449,0.9195,-0.0232,-0.0323,-0.1124,N
2885,2844,2735,2798,2797,0.2419,9.1929,0.9143,0.0813,-0.0681,0.0846,E
1322,493,422,3080,3109,0.5139,9.6215,1.4381,0.0004,-0.0879,-0.0119,K
2818,1890,3224,3151,3233,0.5549,9.2959,1.2475,-0.0017,-0.0875,-0.0067,X
2803,570,3243,3215,3291,3.0383,7.842,3.769,0.0276,-0.0551,0.0174,Z
370,457,563,3231,3089,-0.0789,9.1732,0.3466,0.0046,-0.023,-0.0191,3
2594,3388,3404,3322,3353,0.2159,9.417,0.5025,0.0545,-0.0008,0.0101,S
2793,1173,983,3329,3208,0.4147,8.9974,1.0238,0.1426,0.0673,-0.022,R
2892,1824,3178,3224,3142,0.3119,9.4834,0.8423,0.0779,-0.0208,0.1041,X
2246,554,3293,3201,3263,5.2154,7.1617,1.9034,0.0086,-0.0294,0.0006,G
2987,3310,3164,3291,475,2.0525,8.1589,2.6702,0.0363,0.0441,0.0013,J
464,404,3261,3153,2955,1.2391,9.2288,1.327,0.0836,-0.0604,0.0568,L
3052,3038,2962,3105,3216,0.1846,10.333,0.7651,0.0127,0.0088,-0.0065,M
1379,513,530,3207,3201,0.0794,9.4583,0.8955,0.0536,0.019,-0.0139,K
2366,2529,441,432,639,0.5359,9.099,1.0923,-0.065,0.0717,-0.0348,F
527,495,523,3241,3212,-0.1105,9.2332,1.4793,-0.0584,0.004,-0.0361,3
2213,1665,3255,3266,3017,0.5899,9.4825,1.3128,-0.0616,0.0238,-0.063,9
2809,527,552,3231,3217,0.8029,9.7045,1.4201,0.0001,0.0776,0.0163,V
2907,3060,2999,3153,3102,-0.0439,9.3784,0.755,0.0302,-0.015,-0.0117,N
2996,3348,3357,3350,3355,0.3088,9.8567,1.4262,-0.0285,-0.0416,0.0236,A
2160,2030,2022,1923,1913,0.5894,9.8375,1.3355,0.1104,-0.0305,0.0115,O
534,3156,3247,3152,484,0.3523,9.7307,1.8621,-0.0502,0.0669,-0.0399,Y
2146,324,3237,3279,3235,4.8079,6.6595,2.1483,0.0071,-0.0063,0.0911,G
554,540,569,3157,3105,0.2166,9.0404,0.8439,-0.1863,0.0362,0.0286,3
389,437,669,461,621,0.466,9.0649,1.2642,0.0158,-0.0431,-0.033,5
3100,2890,2808,2763,2722,0.3887,9.6709,0.9027,-0.1099,0.0634,0.0095,E
2062,3106,3230,3215,3296,0.4091,9.4708,0.8329,0.0746,-0.1178,0.0256,T
2832,589,3042,3036,3332,0.2281,9.7268,0.1795,0.0022,0.0684,0.0248,1
522,367,603,3265,3151,-0.0589,9.4386,0.8925,-0.0272,0.0525,0.0607,3
2193,412,1782,433,402,0.5825,9.6036,0.7243,-0.0162,0.0153,0.0129,8
2006,1950,1895,1990,1931,0.2596,8.975,1.5749,-0.0188,0.0268,0.0229,O
2176,634,3240,3274,3182,0.4631,7.2435,6.7134,-0.0624,0.0064,0.0237,Q
2766,513,3155,3214,3314,0.2416,9.6117,0.8311,-0.0632,0.0042,-0.0364,1
2902,3071,3118,2880,3186,0.191,9.8566,0.0818,0.0908,-0.0056,0.0458,M
2227,1894,3100,3240,3299,0.311,9.0136,1.5426,-0.0211,-0.0289,-0.094,9
3067,2922,2982,3203,3054,-0.1191,9.9859,0.4805,0.0629,-0.0673,0.0329,N
2046,2040,1975,2087,1910,0.5109,9.5243,1.7579,-0.0386,0.1071,-0.0065,0
2968,1188,1096,3082,3132,-0.0029,9.7237,0.7463,0.0119,0.061,-0.0327,R
3112,429,643,441,632,0.1271,9.7007,0.8211,0.0636,-0.0055,-0.0194,B
2961,3245,3096,3166,530,2.2074,8.274,2.8678,0.073,0.0581,0.0104,J
2839,652,291,547,3305,0.0331,9.1838,1.0819,-0.0365,-0.0403,-0.0187,W
457,491,575,435,491,0.3393,9.4503,0.8669,-0.0195,0.0838,-0.0211,5
2233,379,432,1759,462,0.2961,9.3722,1.0377,-0.034,0.0217,-0.0421,7
2779,487,481,3137,3162,-0.0117,8.9118,0.6259,0.0012,0.0315,-0.0288,U
3017,3190,3215,3205,599,0.3933,9.4367,1.1144,0.0615,-0.0669,0.0766,I
2437,2551,518,493,603,0.7215,9.1484,0.9957,0.0341,0.0521,0.0276,F
2495,3338,3489,3444,3568,0.5579,9.683,0.5604,0.0155,-0.0158,0.0413,S
2677,1081,1036,3149,3146,-0.0237,9.7015,0.8677,0.006,-0.0291,-0.0376,R
2200,379,1846,587,431,-0.1521,9.3855,1.5688,-0.032,0.1266,-0.028,8
3053,503,310,622,544,0.1859,9.4737,1.0101,-0.0022,0.0029,0.0075,4
2088,2115,2002,1642,1940,0.6006,9.1302,1.5555,0.0949,0.0713,0.0404,O
3052,3278,3120,3215,530,1.88,8.6394,3.3695,-0.0211,-0.0027,-0.041,J
2129,1688,3096,3152,3304,0.4263,9.3652,1.2687,-0.047,-0.0035,0.0123,9
550,610,596,503,496,0.3325,9.8025,1.0736,0.1231,-0.0032,0.0761,5
523,510,3203,3147,3093,1.0089,9.5891,1.8017,-0.0042,-0.0082,0.0245,L
1656,494,662,459,1733,0.7452,9.233,1.5778,0.0416,-0.0095,0.049,6
2027,460,3343,3235,3213,5.5956,6.2992,1.7554,-0.0201,0.0429,0.0438,G
3240,300,422,630,453,-0.1522,9.6406,1.1204,-0.0916,-0.0526,0.0749,B
3028,3268,3290,3167,539,0.4478,9.6983,0.6562,-0.0514,0.0251,-0.0853,I
2521,3544,3387,3530,3425,0.6868,8.794,1.1909,0.0241,-0.018,0.0948,S
1877,418,523,552,1740,0.7319,9.4408,1.118,0.0071,-0.079,0.007,6
1508,315,567,3220,3092,0.8849,8.9612,1.1591,0.0278,-0.062,-0.0019,K
505,574,3251,3139,3025,0.4473,8.7709,1.2027,-0.0437,-0.0284,0.041,L
2997,3254,2961,3305,510,-0.1703,9.6303,1.1278,0.03,0.055,-0.0683,I
3039,637,425,417,400,0.5265,9.2961,0.968,0.068,-0.0331,-0.0381,4
3157,538,411,554,532,0.1077,9.4484,0.234,0.0267,0.0614,-0.0319,B
276,423,510,594,523,0.6987,9.5473,1.0654,-0.0121,0.0525,0.0823,5
1490,370,581,3057,3076,0.3465,9.5755,1.1267,-0.0033,0.088,0.0033,K
2967,1897,3204,3194,3256,0.3828,8.9536,1.46,0.0584,0.0186,-0.021,X
3077,2742,2863,2852,2823,0.7948,9.3384,0.9439,0.0048,-0.0515,0.0113,E
2534,3382,3306,3520,3277,-0.271,9.7624,0.5622,0.0626,0.0188,0.0142,S
1440,520,521,3389,3225,0.1567,9.062,0.9172,-0.006,-0.1105,-0.0357,K
2913,416,236,3137,3224,1.059,9.1775,1.4168,-0.0015,0.0871,0.0189,V
2978,3310,3014,3100,441,1.6765,8.953,3.3773,0.0296,-0.0319,0.0668,J
3100,3163,3071,3212,463,1.6098,8.5893,2.9361,0.0153,-0.0447,0.0243,J
2075,588,568,3154,3302,5.4348,6.966,1.8648,0.113,0.0361,0.0128,H
2730,512,334,585,3228,0.4522,9.2738,1.3964,0.0919,0.0188,0.0951,W
2813,1728,3181,3215,3281,0.3035,9.8062,0.7733,0.0167,-0.0253,0.0772,X
1946,310,501,463,1743,0.2231,9.2659,1.1132,-0.0175,-0.1011,0.0064,6
2823,1706,3156,3176,3211,1.122,10.268,0.8836,0.074,-0.0555,0.02,X
2842,502,475,3226,2943,1.3608,9.2443,1.5547,0.105,-0.0371,0.1166,V
2846,1835,3159,3214,3133,0.2729,9.6071,0.455,0.0865,-0.0667,0.0944,X
3269,570,438,503,554,0.1372,10.0219,1.2092,-0.0393,-0.0691,0.0152,B
2688,608,2967,2796,2972,0.3274,9.4859,0.6109,0.0819,-0.039,0.0368,D
1818,614,603,474,1734,0.2802,8.9563,1.4184,-0.0697,-0.1129,0.0364,6
2372,2541,548,465,380,0.6024,9.3977,0.8635,-0.0726,-0.0044,-0.0117,F
2788,578,3322,3210,3193,0.4409,9.4487,0.6641,0.0076,-0.0653,-0.0647,1
2873,515,339,3313,3344,0.6439,9.3821,1.1689,-0.0141,-0.0033,0.0599,2
2779,518,3243,3218,3241,-0.1554,9.9712,0.2772,-0.0824,0.0924,0.0705,1
2198,368,1577,545,555,0.5312,9.4318,0.9256,-0.0053,0.0293,-0.0067,8
2978,2961,2895,3287,3261,0.2097,9.3299,0.854,-0.0249,-0.0111,-0.0632,N
3066,2829,2817,2882,2953,0.1141,9.8234,0.9741,-0.0065,-0.0768,-0.0142,E
2925,604,421,3216,3189,1.1654,9.0872,1.7634,-0.0494,-0.0053,-0.0442,V
2748,596,3280,3179,3143,0.1691,9.5593,0.6481,0.0097,0.0411,0.0744,1
2841,394,3150,3325,3202,2.5663,8.6582,3.8291,-0.0036,-0.0342,-0.0478,Z
3038,3043,3119,2867,3171,0.2292,9.8227,0.5922,-0.0601,-0.0605,0.0575,M
2808,669,440,3271,3152,-0.0806,10.028,1.362,0.0205,-0.0315,-0.0569,2
1923,1943,2096,1996,1954,0.3501,9.3967,1.8009,-0.008,0.0395,0.0234,O
2840,3311,3227,3431,3599,0.4982,9.7515,1.0245,-0.0049,0.046,-0.0145,A
2662,716,2794,2729,2687,0.234,9.5618,0.8308,-0.0149,0.0317,-0.0194,D
436,563,508,3241,3046,0.2477,9.6948,0.7294,0.0412,0.0144,-0.0586,3
2715,3465,3302,3416,3243,0.1015,9.5591,1.2215,0.0086,-0.0058,-0.0151,A
2765,509,538,3108,3066,0.0205,9.8638,0.9119,-0.0201,0.0984,0.0643,U
444,467,413,3206,3251,0.996,9.4828,0.9327,-0.1334,0.0112,0.0014,3
1858,1744,1747,1754,1842,1.3102,8.8778,1.7724,0.0062,-0.0062,-0.0106,C
2874,3332,3375,3426,3478,0.3562,9.4443,0.6681,-0.0598,0.0406,0.0678,A
2095,2129,1861,1962,1909,0.5329,9.2727,0.9844,0.0184,-0.0225,0.039,0
3105,2744,2949,2746,2807,0.3156,9.537,1.1334,0.0217,-0.0377,-0.0561,E
2974,2900,2983,2954,3244,0.1986,8.7868,1.9075,0.0071,0.0045,-0.0771,M
2634,471,618,3307,3194,0.929,8.9345,1.5334,-0.0262,0.0027,-0.0137,V
2462,2459,418,449,401,0.7286,8.9632,1.3811,0.0314,-0.0831,0.0775,F
3146,3114,2853,2897,3137,-0.0507,9.1039,0.7967,0.0353,0.0477,-0.0237,M
3247,424,537,390,567,-0.1698,9.8657,0.6877,-0.0348,0.0291,0.013,B
2207,1846,3395,3291,3147,0.6574,9.6095,1.3866,-0.049,0.1016,-0.0612,9
2592,2608,453,506,514,0.7858,9.4043,1.2571,-0.0122,0.0058,0.0649,F
2095,1986,2014,1936,1863,1.0365,8.7033,0.9492,0.0898,0.0008,-0.0563,O
2530,3640,3526,3389,3513,-0.1766,9.6511,1.1582,0.0353,-0.0254,0.0191,S
1723,535,525,380,1740,0.2926,9.2667,0.9132,0.047,0.053,-0.0394,6
540,529,3234,3222,3139,0.7898,9.6978,1.2635,0.0266,0.0437,-0.0235,L
2843,1340,996,3152,3362,0.5408,10.0121,0.4371,0.0261,-0.0542,-0.0653,R
2846,1332,1114,3153,3253,0.4651,9.5869,0.8531,0.0342,0.0442,-0.0406,R
3108,3088,2870,2936,3303,0.0807,9.5829,0.2884,0.0577,-0.0956,-0.0821,M
2822,514,560,3068,3128,0.2677,10.0572,1.6162,-0.0674,0.0546,0.0043,2
3029,3222,3280,3154,576,0.187,9.1575,0.5007,0.0284,-0.0473,0.0805,I
2198,518,1882,440,434,0.3302,9.4811,1.1926,0.0971,-0.0021,0.0018,8
609,634,3185,3229,3208,0.0163,8.9344,1.5147,-0.0212,0.0946,-0.0118,L
2983,3068,2913,3166,3193,0.679,8.9408,0.7002,-0.0183,-0.1038,-0.0232,N
488,493,602,509,690,0.3878,9.7415,1.1452,-0.0287,-0.0516,0.0019,5
2315,519,3215,3370,3219,4.7875,6.9154,1.6594,0.0628,0.0287,0.0562,G
2784,1190,934,3287,3272,0.5368,9.6336,0.3204,0.0543,0.0029,-0.0154,R
1938,3326,3187,3147,3140,0.2404,9.6598,0.5119,0.0049,0.0212,-0.0868,T
3017,391,446,465,287,0.3249,9.7838,1.3851,0.0298,-0.0513,-0.0226,4
2137,477,403,1761,478,0.4089,8.9525,1.0154,-0.0556,-0.0683,0.0616,7
405,624,3282,3298,3350,0.5244,9.0961,1.4691,-0.0283,-0.0355,0.0075,L
2912,3245,3260,3278,386,2.0764,9.0148,2.9703,0.0242,0.039,-0.0513,J
2970,1203,992,3324,3189,0.5628,9.6583,1.0763,0.0363,-0.0202,-0.0922,R
3014,3249,3134,3334,501,-0.0261,9.5952,0.7061,0.1392,0.0525,0.0025,I
2859,467,3216,3242,3213,-0.3873,9.3439,1.0298,0.0163,-0.135,0.0035,1
2977,2931,3019,3352,3321,0.3732,9.8338,0.5814,0.0732,-0.0781,0.0456,N
2860,605,427,3240,3204,0.529,9.9447,0.7545,-0.0348,-0.0526,0.0877,2
2164,495,535,1870,393,0.4329,9.205,0.601,0.0162,0.0051,0.0247,7
2910,2884,2858,2936,3032,0.6236,9.7269,0.7245,0.0555,-0.0536,-0.041,M
2864,446,550,3183,3148,0.604,9.9414,0.8386,0.0225,0.0662,-0.0198,U
2766,1921,3223,3086,3287,0.4329,9.7671,1.4751,-0.0489,0.0792,-0.0037,X
2272,507,582,3165,3093,4.6348,6.6125,2.1433,0.0738,-0.0282,0.0315,H
2696,406,570,3289,2986,0.9323,9.2338,1.5222,0.0066,-0.0381,0.0326,V
1369,533,366,3120,3171,0.8632,9.1781,1.0037,0.029,0.0742,0.0389,K
2387,2631,459,542,383,0.5428,9.4874,1.2981,0.0077,0.0247,-0.0565,F
1866,533,478,534,1772,0.5566,9.4645,1.55,0.0245,0.0524,0.0197,6
3349,531,430,542,289,0.201,9.7983,0.7773,-0.0507,0.0043,-0.0463,B
2801,3427,3356,3337,3415,0.2065,9.6225,0.4892,0.0515,0.0236,0.0128,A
2932,3183,3224,3243,428,0.1157,9.1041,1.1119,-0.0171,0.0233,0.0711,I
2247,440,3227,3243,3286,0.3847,6.6658,6.2648,0.0482,0.1041,0.0417,Q
2784,1114,996,3077,3225,0.2834,9.6466,1.0364,0.0112,-0.0638,-0.0278,R
2820,1755,3135,3261,3192,0.5023,9.4579,1.0898,0.0195,0.1213,0.0201,X
2783,3346,3483,3351,3546,0.7034,9.3536,1.6472,-0.0303,0.0371,0.015,A
1864,2021,2034,1986,2088,0.4028,9.6613,1.7364,0.0931,-0.0886,-0.0243,0
2267,598,3281,3210,3144,4.9756,7.1376,2.2725,0.0167,-0.019,0.0278,G
3146,3239,3241,3067,563,2.1519,8.9873,2.9066,-0.0494,-0.0341,-0.0252,J
1795,541,527,471,1687,0.3433,9.2411,1.3666,-0.0033,-0.0406,-0.0082,6
1793,392,606,595,1788,0.3147,9.4174,0.6557,-0.0674,-0.015,0.0308,6
1499,479,409,3236,3337,-0.4019,9.3397,0.6263,0.0036,-0.0163,-0.0303,K
2878,453,684,526,3194,0.833,9.6002,1.6005,0.0697,-0.0177,0.0094,W
2699,443,536,3215,3197,0.3926,8.8616,0.8446,-0.0318,-0.0185,-0.0795,2
2169,528,437,1885,491,0.9122,9.1844,1.1027,0.023,0.0136,-0.0024,7
1578,460,404,3294,3207,0.9661,6.86,5.8665,0.0502,0.0506,0.0077,P
483,438,558,595,531,0.5716,9.1414,0.6166,-0.0675,0.0525,-0.0194,5
2206,553,3215,3302,3318,0.2719,7.2651,6.6524,0.1252,-0.0399,-0.0058,Q
1731,516,477,352,1814,0.1903,9.4367,1.1619,0.0215,-0.1136,-0.0495,6
302,379,518,3179,3236,0.486,9.8953,1.1711,0.0438,0.0509,-0.0596,3
2929,2984,3133,3214,3222,0.6502,9.4496,0.7898,0.0408,0.0619,-0.1183,N
2967,2753,2912,2816,2631,0.1979,9.2425,0.8361,0.0281,-0.0054,-0.0038,E
2941,3128,3177,3112,509,0.2383,9.7082,1.2191,0.0409,0.0245,-0.0983,I
2983,477,3263,3266,3116,2.8116,8.1194,3.5362,-0.0045,-0.1198,0.0005,Z
2747,597,3194,3239,3209,2.7874,8.0926,4.2901,0.0369,0.024,-0.01,Z
529,3155,3187,2986,430,0.3691,9.1731,1.4,-0.0593,-0.0166,0.0543,Y
2785,544,3253,3231,3383,0.4175,9.607,0.4299,-0.0403,0.0147,0.0541,1
2809,1830,3210,3266,3162,0.6509,9.6717,0.9484,0.0923,0.0226,0.0098,X
3090,547,283,449,460,0.39,9.7068,0.0783,-0.0492,0.0099,-0.004,B
2044,423,3167,3295,3177,0.5764,7.1254,6.1929,0.073,-0.0332,0.078,Q
1560,544,607,3241,3202,0.1716,9.3564,1.243,-0.0751,0.0553,-0.0141,K
2735,632,541,3246,3204,0.6332,10.1745,0.6874,0.0533,0.0017,-0.0999,U
2860,482,392,578,3153,0.2426,9.2511,1.1421,0.0229,-0.0438,0.0505,W
1695,1836,1771,1802,1855,0.6302,8.7947,1.6372,0.1049,-0.0069,0.0296,C
648,3325,3375,3223,477,0.4092,9.4126,1.1958,-0.1205,-0.02,0.002,Y
2950,3338,3300,3257,3519,0.6963,9.4833,1.084,-0.0563,0.1223,0.0065,A
2903,504,2963,2669,2755,0.3098,9.9412,0.9198,0.0155,-0.0564,-0.0578,D
3076,520,588,538,499,0.0232,9.3724,0.7504,0.0457,-0.0773,0.0795,B
3212,3037,2978,3205,3218,0.1079,9.4448,0.7527,-0.0362,-0.0198,0.0177,N
356,426,422,3240,3250,0.1783,9.1077,0.5611,0.0489,0.0458,0.0325,3
2297,469,3267,3242,3131,4.8239,7.3881,1.7674,0.0062,-0.0391,-0.0157,G
2070,438,462,1826,475,-0.2594,9.7211,1.4004,0.0216,-0.0228,0.0102,7
2861,1799,3101,2996,3127,0.7163,9.7889,0.7612,-0.0118,0.0349,-0.0069,X
1493,528,392,3137,3282,0.4002,9.602,0.836,0.001,-0.1151,0.0423,K
1912,1915,1912,2078,1985,0.3758,8.9988,1.0967,-0.0359,-0.0718,-0.0217,0
2837,587,3292,3123,3241,2.6503,8.3479,3.7441,-0.019,0.0109,0.0369,Z
2681,474,612,449,3201,0.5481,9.3921,1.4066,0.0468,0.0632,-0.0157,W
2512,3423,3402,3399,3408,0.0832,9.4313,0.6268,-0.031,0.0598,-0.009,S
2599,446,508,3340,3029,0.2993,9.4444,0.2252,-0.0562,-0.0236,0.0234,U
2055,1912,1982,2041,1978,0.7878,9.4271,0.9135,0.042,-0.0059,-0.0885,O
2816,642,534,3219,3186,0.8897,9.4295,1.0748,0.035,-0.0742,0.0351,V
2706,476,3179,3273,3290,3.0323,7.0431,3.7332,-0.0599,0.0579,-0.0461,Z
576,409,3218,3152,3256,0.2606,9.6315,1.4525,-0.0469,0.0032,-0.0969,L
495,367,3181,3164,3189,0.3322,8.9477,1.3901,0.0465,0.0631,0.122,L
1934,2060,1927,2061,1930,1.2051,9.4945,1.7523,-0.0086,0.0304,-0.0626,0
1921,526,472,400,1720,0.8042,9.0177,1.1461,-0.0693,-0.0049,-0.0531,6
318,526,3267,3336,3082,0.8618,9.8933,0.8948,0.0239,0.0309,-0.0164,L
539,548,558,3287,3214,1.2187,9.5701,0.3092,0.0112,0.056,-0.0689,3
2975,3173,3227,3189,571,0.549,9.7774,0.0422,0.0064,-0.0054,0.0084,I
2767,476,3290,3180,3291,2.9839,7.9385,3.6936,0.1072,0.0007,-0.0001,Z
3083,3203,3137,3129,514,1.9365,7.9694,2.6923,-0.0159,0.0364,-0.0008,J
534,602,377,617,442,0.0314,9.8111,0.6663,0.0707,-0.1091,-0.0378,5
1534,449,604,3238,3322,0.4411,7.3233,6.1388,-0.0225,0.0094,-0.0417,P
589,566,3196,3141,3198,0.6267,8.9639,1.4541,-0.0413,0.0507,-0.0275,L
1691,1784,1716,1845,1773,0.8444,9.256,1.5088,0.0258,-0.0491,-0.0702,C
2816,460,3228,3228,3100,0.5318,10.37,0.6638,-0.1015,-0.0213,-0.064,1
1887,3177,3304,3074,3382,0.4608,9.2543,1.1056,0.0555,-0.0413,-0.0341,T
2136,534,438,1876,482,0.3482,9.5754,0.9596,0.014,-0.0459,-0.1361,7
2766,1773,3131,3227,3132,0.1657,9.6492,0.9274,0.0031,-0.0856,-0.0262,X
2879,514,3119,3209,3151,0.6857,9.3413,0.6973,0.0318,0.0448,0.0098,1
508,528,397,486,632,0.4001,9.7782,0.9935,-0.0058,0.0287,-0.1456,5
1448,701,475,3129,3361,0.6665,7.2174,5.7501,0.0596,0.0408,0.0074,P
2680,468,562,3145,3120,0.2843,10.317,0.7232,-0.0104,-0.0558,0.0193,U
2994,3121,3201,3305,512,1.5478,8.1245,3.1766,-0.0112,-0.0037,-0.0306,J
2831,474,2736,2780,2825,0.2052,9.6943,0.9317,0.0417,0.0641,0.0039,D
2932,562,370,3237,3133,-0.3289,10.0972,0.8226,0.0108,-0.0628,-0.0577,U
2894,532,2689,2762,3035,0.5173,10.3108,1.2186,0.0121,0.0151,-0.0018,D
559,688,517,513,524,-0.0092,9.1113,0.9752,-0.1149,-0.0565,-0.0249,5
2990,3307,3207,3165,545,2.3177,8.5889,3.2068,-0.0073,-0.0041,0.0057,J
2126,514,3281,3087,3388,0.5606,7.1145,6.0681,-0.0023,0.0486,0.0105,Q
3296,511,342,410,485,0.293,9.683,0.8657,-0.0976,0.0072,-0.0909,B
3075,3269,3009,3180,411,0.3431,9.4747,0.9776,-0.001,-0.0948,-0.0484,I
2021,1921,2081,2058,1984,0.2336,9.4439,1.3076,0.0394,0.0278,0.1468,O
2910,659,411,509,3273,0.0101,9.7193,1.712,0.0642,0.0219,0.077,W
2910,2900,2873,2770,2782,0.3591,9.2665,0.867,-0.0135,0.0806,0.0473,E
2948,368,584,586,442,0.5132,9.8631,0.7962,0.0476,0.0147,0.0573,4
2179,427,1673,382,542,0.2991,9.0459,1.4368,-0.0356,0.0265,-0.0054,8
2972,626,519,552,481,0.5212,9.7197,1.1395,-0.0251,0.0475,-0.1219,4
555,471,558,339,535,0.6333,8.716,0.8419,0.0172,0.0652,-0.0689,5
2852,520,2694,2765,2870,0.4055,9.7706,0.9149,0.0813,0.0118,-0.0193,D
2991,3211,3271,3274,284,1.9183,8.4327,3.2008,-0.0033,0.036,-0.0539,J
2610,503,469,3119,3183,0.1748,9.6507,0.7163,0.0223,0.0087,0.0637,U
2080,3247,3204,3245,3182,0.7133,9.9042,0.6111,0.0558,0.1119,0.0263,T
2762,498,427,3197,3223,0.5337,9.2263,0.6115,0.0294,-0.0741,0.0053,U
2010,3126,3163,3269,3180,0.4073,9.4765,0.7323,-0.0086,-0.0229,-0.0346,T
2829,523,620,3189,3192,0.5789,8.7004,1.6119,-0.0315,-0.1005,-0.008,V
2679,419,3296,3264,3312,0.228,9.6672,0.6848,-0.0676,0.0098,0.1268,1
3082,471,532,467,547,0.4482,9.4847,0.1618,-0.04,0.0172,0.0442,4
3156,3012,2977,3084,3311,0.035,9.4641,1.0026,-0.0066,-0.0477,0.027,M
2739,496,673,3298,3247,0.8428,9.5782,0.7813,-0.0528,0.0639,0.0978,U
1559,520,550,3106,3055,0.1591,7.1281,6.5871,-0.0515,-0.0049,-0.0375,P
592,633,427,3200,3263,0.414,9.4224,0.8805,-0.093,0.0529,-0.0505,3
2868,1222,1067,3240,3252,0.4326,9.298,0.4488,-0.0177,0.0776,-0.0086,R
2031,2011,1986,2121,2088,0.4019,9.6412,1.9694,0.0551,-0.0068,-0.0795,O
2813,540,3372,3407,3207,0.577,9.8977,0.8231,0.0521,-0.0264,0.0991,1
2817,1198,971,3258,3204,1.0766,9.6623,-0.024,-0.0556,0.0266,-0.0322,R
2876,3407,3518,3308,3384,0.285,8.94,0.9752,-0.0061,0.0757,0.0315,A
588,3194,3281,3221,430,0.0479,8.8644,1.2327,0.051,0.065,0.0046,Y
1551,448,417,3184,3090,0.1187,9.6774,0.8459,0.0355,0.015,0.0926,K
1482,552,558,3157,3131,0.0214,9.51,0.5731,0.005,0.0608,-0.0177,K
1397,560,621,3122,3220,0.6421,7.0713,5.9254,-0.032,0.0993,0.0048,P
438,3208,3059,3122,498,0.5659,9.0921,0.6745,0.0097,0.0364,0.0383,Y
2932,1820,3255,3411,3287,0.3804,9.6531,1.4212,0.0311,0.0392,0.0644,X
2818,348,3232,3316,3155,3.2876,8.2547,4.0882,0.0085,0.028,0.0208,Z
520,425,374,532,570,-0.1741,9.4726,1.1297,0.0145,-0.0295,0.0024,5
2836,491,428,3161,3207,0.947,9.0531,1.308,0.0131,-0.0042,0.0073,V
2855,332,513,3135,3128,0.661,9.2748,1.493,0.0395,-0.0087,-0.0051,V
2218,341,3158,3207,3347,5.3086,6.7235,2.7255,-0.0016,0.0623,-0.0578,G
1351,579,425,3111,3196,0.4907,9.3407,0.8384,-0.0196,0.0708,-0.0001,K
2891,434,532,528,3247,0.5004,9.8255,1.8331,0.0313,0.0157,0.0007,W
3061,3069,2833,2975,3277,-0.0505,9.6275,0.9558,0.0221,0.0184,0.0299,M
2140,494,3177,3209,3140,4.617,6.9876,2.5145,0.0041,-0.0166,0.0377,G
516,613,521,534,511,0.2846,9.6344,1.5106,-0.066,-0.0229,-0.0426,5
2249,646,3378,3185,3135,4.4407,7.6734,1.8681,0.0568,-0.0371,0.0769,G
2231,1863,3190,3214,3288,0.5878,9.6011,1.6221,-0.0223,0.0398,-0.0222,9
1571,588,545,3100,3202,0.3394,9.3512,1.0428,0.0385,-0.0229,-0.0086,K
2873,562,516,451,3245,0.0061,9.1984,1.5314,-0.0246,0.032,-0.0182,W
1574,466,453,3233,3135,0.2026,9.3145,0.9371,0.0886,-0.0688,0.0648,K
2752,1938,3298,3204,3102,0.6232,9.8249,0.7218,-0.0072,0.0038,0.0543,X
1986,3194,3169,3302,3124,0.1831,9.4171,0.6556,-0.0296,0.0568,0.0326,T
2189,545,3186,3149,3167,4.8378,6.809,2.0521,0.1154,-0.0372,-0.0159,G
2223,464,3128,3327,3114,0.3894,7.1709,6.9352,-0.0108,-0.0367,-0.0053,Q
2103,415,3140,3184,3196,0.452,6.9657,7.0644,0.0425,0.0594,0.0232,Q
2085,1932,1907,2036,2127,0.725,8.9779,1.3154,0.049,0.0791,0.0114,O
2766,1812,3104,3198,3180,0.1186,9.3061,1.3414,-0.0089,-0.049,0.0224,X
3114,3105,3099,3095,428,2.3313,8.6681,2.8365,-0.0006,0.0702,0.0954,J
524,3307,3246,3059,446,0.2932,9.0804,1.79,-0.1102,0.0712,0.0499,Y
1440,555,457,3328,3182,0.3716,7.1781,6.2436,0.046,0.0888,0.0331,P
3110,574,489,458,391,-0.1239,9.0935,0.4696,-0.0299,-0.0483,-0.0034,B
3149,394,483,435,494,0.5712,9.5628,0.4872,0.0029,0.0424,-0.1123,B
2395,2317,482,537,512,0.9697,9.5312,1.0308,-0.1163,-0.0119,0.0514,F
3103,3312,3168,3125,415,2.0757,9.1911,3.1617,-0.0797,-0.0363,-0.0312,J
2781,505,441,3097,3185,0.6505,8.7307,1.6823,-0.0364,-0.0135,-0.011,V
1989,3301,3164,3134,3228,0.5974,9.3663,0.8201,0.023,-0.0562,-0.0269,T
2793,623,2747,2752,2838,0.1268,9.6458,0.3345,0.1107,-0.0674,-0.0161,D
1690,391,632,3186,3158,0.57,9.901,0.6562,-0.0255,0.0423,0.0144,K
2863,637,543,439,3271,0.4849,9.3779,1.0544,0.0052,-0.0035,-0.1202,W
2785,438,2933,2769,2855,-0.2625,9.954,1.1157,0.0049,-0.0113,0.02,D
3268,533,537,503,544,-0.5589,9.611,0.5724,-0.0576,0.0193,-0.0102,B
569,526,446,604,408,0.5822,9.1133,0.6828,-0.0031,0.0352,0.0502,5
2309,524,459,3206,3283,4.4023,6.9136,2.4149,-0.0256,0.0773,0.0707,H
471,685,446,455,468,0.5653,9.3599,1.2452,-0.0026,-0.016,-0.0281,5
2782,1149,991,3202,3201,-0.0788,9.8677,0.6341,-0.0329,-0.0352,-0.0526,R
1695,465,471,3138,3290,0.6445,9.2369,0.7293,0.0476,0.0192,0.0379,K
2887,3245,3270,3263,588,2.3723,7.8614,3.1351,-0.0265,-0.0374,0.028,J
2237,428,535,1800,590,0.2746,9.3084,1.5757,0.0426,0.0543,0.0418,7
2137,509,1861,695,594,0.4675,9.5854,0.9564,0.0056,0.0388,0.0376,8
2829,514,535,498,3369,0.6734,9.4592,0.9786,-0.0171,0.0755,-0.1242,W
2839,627,3227,3207,3276,0.2788,8.9921,0.4224,-0.0753,-0.0194,-0.0273,1
2752,526,2753,2831,2694,0.2284,9.9857,0.7829,0.0071,0.0238,0.0585,D
2291,1773,3215,3254,3225,0.6509,9.3576,0.3808,0.0338,0.0054,0.0063,9
2152,513,353,1762,457,0.1631,9.614,1.3233,0.0846,-0.0248,-0.0141,7
1564,454,374,3309,3111,1.1355,9.3532,1.64,-0.0684,0.0513,0.025,K
539,626,468,3268,3213,0.1776,9.4507,0.9905,-0.0318,-0.0803,-0.0206,3
1968,1951,2090,1880,2043,1.016,9.1264,1.9416,0.0579,-0.0175,0.0409,0
2724,452,400,3222,3223,0.6251,9.5364,1.12,0.0326,0.123,0.0834,U
226,3058,3145,3127,560,0.591,9.8802,1.654,-0.0325,0.0612,-0.0232,Y
3046,3000,2954,3110,3253,0.5002,9.7987,0.9283,0.0472,0.0703,-0.0938,N
1761,568,449,508,1757,0.3826,9.0117,1.4282,0.0391,0.039,-0.0215,6
2176,613,634,3038,3287,5.075,7.2772,1.8349,-0.0884,0.0292,-0.047,H
507,616,499,3147,3156,0.452,9.1363,1.4207,0.0462,0.0539,-0.0752,3
3035,3134,3180,3176,542,0.6126,9.2555,1.3516,0.0803,-0.0438,0.0036,I
2922,3149,3086,3267,3200,0.7525,9.269,1.0259,-0.0222,-0.0124,0.0363,N
1391,489,592,3205,3275,0.2224,9.257,1.2547,0.0185,-0.0593,-0.04,K
2906,433,555,601,3164,0.4619,9.4572,1.129,0.0089,0.0337,-0.0057,W
2837,1809,3311,3302,3220,-0.3177,9.7014,0.7685,0.0441,0.0156,0.0328,X
1645,1739,1729,1807,1838,1.449,8.8515,1.3507,0.0575,0.0148,0.0634,C
3090,541,649,533,522,0.2026,9.2287,0.9067,-0.0305,0.0252,-0.0782,B
1665,500,568,510,1707,0.9756,9.0431,0.9681,-0.0563,-0.0518,0.0022,6
1534,551,527,3113,3140,0.4703,8.9937,0.9277,0.0758,-0.009,-0.0744,K
3055,3229,3120,3099,485,-0.0612,9.2816,0.8347,-0.0483,0.0213,0.0745,I
1719,476,494,569,1834,0.6556,9.7656,1.1334,0.0731,-0.0044,0.0448,6
2751,472,3242,3194,3146,0.4871,10.1069,0.0131,-0.0341,0.0256,-0.0616,1
2815,1922,3139,3037,3122,0.2757,9.9082,1.3107,-0.0022,0.0233,-0.0354,X
1965,3213,3129,3358,3201,0.6643,9.4973,1.2992,-0.105,-0.0352,-0.0261,T
1885,2032,1909,2105,2034,0.1786,9.4004,1.2912,0.0113,-0.0664,0.0615,0
2685,503,619,3159,3218,-0.0161,9.5702,0.916,0.0063,-0.0216,0.0221,U
591,3175,3232,3232,353,0.4201,9.8155,1.2672,0.1136,0.0272,0.0258,Y
398,465,466,3158,3217,0.6302,9.5043,1.2703,0.0195,-0.0247,-0.0054,3
1817,389,585,415,1790,0.9429,9.3453,0.8724,-0.1255,0.0203,0.0155,6
1920,1957,2120,2167,1879,0.8717,8.9675,1.272,0.0104,0.0245,-0.0364,0
3142,554,618,453,519,0.3499,9.8416,0.5228,0.0371,0.0241,-0.0619,B
1485,607,479,3152,3059,0.8541,9.6707,1.2388,0.0481,-0.0082,0.0042,K
1411,525,592,3120,3086,0.0202,7.1185,5.6176,-0.0068,0.0686,-0.0026,P
2843,582,622,429,3426,0.5415,9.4416,1.0761,-0.0205,0.0308,0.0319,W
2861,3059,3250,3239,510,1.736,8.7231,3.2041,0.0043,-0.0589,-0.0213,J
2201,551,565,1691,504,0.6321,9.2381,1.5401,-0.0247,0.051,0.0346,7
2882,462,3203,3188,3381,2.7741,7.8846,3.7128,0.0652,0.0689,-0.0108,Z
410,3279,3291,3189,504,0.2357,8.5927,1.4189,-0.0107,0.0022,-0.1639,Y
2814,504,2862,2769,2925,0.0636,9.7971,1.2301,-0.0689,-0.0172,0.0571,D
2054,2061,1893,1957,2070,0.2549,9.4846,1.9274,-0.1196,-0.0171,0.0131,O
2781,3286,3366,3372,3335,0.4516,9.6212,1.5659,0.0087,0.0129,-0.0037,A
3015,3240,3231,3310,458,2.2197,8.8232,3.3646,-0.113,-0.03,-0.051,J
2995,3294,3317,3180,563,2.1092,8.5022,3.0613,-0.0344,-0.0153,-0.029,J
458,3318,3286,3189,369,-0.21,9.5969,1.0167,-0.0461,0.0239,-0.065,Y
3057,493,433,573,456,0.165,9.5093,1.0217,-0.0161,0.0916,0.0407,B
2867,524,486,3114,3089,0.3746,9.6043,0.7216,-0.0056,0.0682,0.0814,2
2985,568,620,544,3206,0.6092,9.7369,1.725,0.0151,-0.0311,0.0462,W
2034,500,536,420,1857,0.9141,9.3548,1.3846,0.0288,0.0035,0.0645,6
2290,531,447,3183,3143,5.0111,6.7811,1.6916,0.024,0.0314,-0.0094,H
2037,1782,2072,2064,1971,-0.0923,9.4727,1.598,-0.022,0.0093,0.0536,O
2801,2840,2921,2809,2717,0.2461,10.031,1.273,0.032,0.0178,-0.0331,E
494,511,504,601,443,0.3719,9.3702,1.2029,0.0389,0.0186,0.1077,5
3018,2855,2938,3029,3291,0.1349,9.5878,0.3197,0.073,0.0557,0.0326,M
3038,420,581,511,471,0.0651,9.4035,0.723,-0.0513,0.0019,-0.0083,4
2693,401,3122,3294,3181,2.7155,7.9411,4.0516,-0.0539,0.008,-0.0068,Z
2130,2004,2073,1990,2073,0.3681,9.2874,1.3605,0.0934,-0.0594,0.1035,0
3018,483,483,389,608,0.1946,9.7779,0.603,-0.003,-0.0459,-0.0124,4
2553,3211,3293,3572,3494,0.2251,9.0535,0.6251,0.0255,0.0988,0.0957,S
512,3209,3242,3126,433,0.388,9.0908,0.9741,0.0288,-0.0499,0.0906,Y
2740,604,512,3262,3063,0.0604,10.2259,1.0562,-0.0537,0.0113,-0.0498,U
546,3273,3196,3237,386,1.3775,9.432,1.7344,0.0467,-0.007,0.0039,Y
3267,2982,3036,3156,3097,0.4303,9.6085,0.0843,0.0805,0.0208,0.0037,N
1832,1722,1736,1808,1614,1.502,9.1325,1.8681,-0.079,0.0622,0.1116,C
2981,2901,3085,3248,3220,-0.497,9.5886,0.7276,-0.0309,0.0377,0.0357,N
1864,590,413,510,1669,0.1693,9.4371,1.2665,0.0197,-0.0325,0.0213,6
1807,525,476,378,1730,0.4034,9.5308,0.6754,-0.1156,0.0724,0.0299,6
2759,538,3198,3260,3168,0.6256,10.2626,-0.0101,-0.0046,-0.0046,-0.0358,1
2436,2501,560,562,535,0.9756,9.3631,1.09,-0.0173,0.0429,0.0183,F
2667,496,3244,3027,3194,2.9716,7.7256,4.2281,0.0472,0.0907,-0.0014,Z
2805,481,509,424,3146,0.9741,10.2645,1.356,0.0417,0.0126,0.0228,W
2660,501,2896,2752,2832,0.5555,9.3271,0.6646,-0.0509,-0.0411,-0.0644,D
1381,408,590,3039,3249,0.2879,7.048,6.4674,-0.0066,0.0313,0.0029,P
3236,405,513,553,622,0.4663,9.9283,0.518,0.0194,0.0625,-0.0666,B
2876,434,3312,3142,3079,3.1575,7.866,3.5258,0.0127,-0.0653,-0.0995,Z
1962,2021,1996,2050,2045,0.6095,9.0103,2.1357,-0.0778,-0.0064,-0.0547,O
2967,2910,2903,3195,3378,0.5273,9.9032,1.0392,-0.0349,0.0155,0.0549,N
2228,547,3301,3188,3110,5.3903,6.8411,1.7929,-0.0898,0.0286,-0.0811,G
2647,654,3350,3168,3271,3.1456,7.2544,3.9665,-0.0633,-0.0678,-0.0143,Z
1824,1698,1766,1720,1843,1.5404,8.6095,0.9441,-0.0062,0.0008,0.0109,C
2943,3115,3076,3297,3302,0.1601,9.6887,0.8228,0.033,-0.0145,0.0046,N
2224,561,3187,3018,3154,0.7717,6.5685,6.7088,-0.0223,-0.0009,-0.0343,Q
2583,3500,3253,3316,3561,0.4696,9.5011,0.8721,-0.0515,-0.0097,0.0487,S
2134,471,3138,3125,3070,5.0208,6.8294,2.2899,-0.0724,-0.0271,0.0906,G
2708,1217,1103,3277,3240,0.2756,9.15,0.6683,-0.0113,-0.0149,-0.0767,R
2079,489,495,1734,655,0.2204,9.5637,0.9427,0.047,-0.0167,-0.0634,7
1893,1927,2032,1881,1977,0.9205,9.1522,1.0376,-0.0138,0.0339,-0.0649,0
2718,563,611,3143,3045,0.6912,9.9817,0.5798,0.0387,0.0166,-0.0055,2
2187,379,3195,3205,3260,0.3639,7.0823,6.4714,-0.0209,-0.0835,-0.0056,Q
2206,436,3235,3213,3223,5.5025,6.9887,2.227,0.1026,0.0653,0.0577,G
2903,581,559,399,514,0.0219,9.4633,1.0435,0.0495,0.0356,-0.0135,4
2760,1361,896,3222,3320,0.1875,9.3739,1.0301,0.0502,-0.04,0.0731,R
2847,504,472,3276,3178,0.8002,9.9962,0.6093,0.0557,0.0056,-0.0197,2
2828,604,548,3050,3244,0.0538,9.3225,0.9476,-0.0485,-0.0555,-0.0002,2
2183,495,3166,3207,3197,4.7477,7.5049,1.5539,0.0359,-0.0051,0.095,G
2770,590,431,3163,3233,0.5823,9.5205,0.8669,-0.0082,0.0396,-0.0073,2
2034,2036,2004,2101,2130,0.2548,8.6175,1.3532,-0.0491,-0.0219,0.091,0
2056,430,1699,540,638,0.4036,9.3033,1.0916,-0.036,-0.0272,-0.0097,8
2712,506,436,3238,3229,0.4558,9.8355,1.4631,-0.1332,0.019,-0.1299,V
2099,564,3124,3172,3214,0.6066,7.0196,6.3197,0.053,-0.0264,0.0627,Q
2039,2054,2063,1941,1910,0.2046,9.6373,1.7002,-0.0479,0.1066,-0.0538,O
2758,556,508,3238,3249,0.3499,10.0746,0.6405,-0.041,-0.0882,0.0374,U
1962,2011,2015,1988,1974,0.9864,9.0141,1.5443,-0.0645,-0.1004,0.0598,0
562,3136,3141,3209,680,0.9271,9.461,1.4387,0.019,0.0095,0.0091,Y
3126,3206,3174,3205,492,1.5029,8.9657,3.0737,-0.0582,-0.1034,-0.1164,J
465,464,386,539,484,0.3583,9.3861,0.7025,0.0313,-0.0031,0.0404,5
2238,463,287,1723,613,0.8641,9.3511,1.5392,-0.0163,-0.0767,-0.0153,7
2136,1789,3310,3149,3178,1.0816,9.5164,1.4716,0.0355,0.0253,-0.0363,9
1406,535,552,3253,3178,0.4764,9.3049,1.5024,0.0572,0.0541,0.0397,K
2731,3353,3447,3533,3431,0.1412,9.6334,1.359,-0.0305,-0.0067,0.0007,A
1988,2033,2133,1970,2047,0.5462,9.5889,1.1234,-0.0268,0.0331,0.0291,0
2682,596,3284,3185,3202,2.7259,8.0757,4.0678,-0.0243,0.0323,0.0166,Z
3000,2744,2775,2832,2853,0.3664,8.926,0.7105,0.0448,-0.137,0.0594,E
2973,2660,2744,2785,2790,-0.0447,9.8455,0.9694,0.0019,0.02,-0.0394,E
1792,575,474,550,1845,0.2978,9.2059,1.5667,0.066,0.0313,-0.0434,6
2279,379,508,3226,3226,4.9151,7.0814,2.1413,0.0367,0.0867,0.0117,H
2260,489,3158,3140,3079,5.2976,6.9476,1.6261,-0.0413,-0.0433,0.0022,G
1770,1666,1962,1837,1760,1.3984,8.7082,1.622,-0.0086,0.0319,-0.0032,C
2920,510,360,3026,3183,1.2001,9.6692,1.5499,-0.0369,-0.0209,0.0104,V
3049,3099,3124,3116,485,1.8943,8.4996,2.7284,0.0503,0.0417,-0.0087,J
1384,430,561,3291,3168,-0.1605,6.533,5.6797,-0.0647,0.0133,0.0969,P
3040,3145,3213,3158,417,1.8984,8.7095,3.0131,0.0725,0.0383,0.0329,J
2224,493,3243,3197,3172,4.9775,7.0087,1.9085,-0.0102,-0.0202,0.0428,G
3173,2884,2881,2893,2720,0.0333,9.1679,1.4004,-0.0274,-0.0626,-0.0215,E
547,3240,3106,3184,628,0.3974,9.6148,1.497,-0.0155,0.0093,-0.0416,Y
1698,1883,1839,1741,1788,1.4795,9.2201,1.5026,-0.0119,0.0038,-0.0256,C
2750,369,544,3278,3272,0.1305,9.7233,0.6518,-0.0634,-0.0374,-0.141,2
2210,465,361,1692,568,0.5064,9.0677,0.5691,0.0924,0.0678,0.0148,7
2431,3384,3473,3334,3461,0.2562,9.801,1.2931,-0.0045,-0.05,-0.0196,S
2139,660,441,1897,512,0.4396,9.348,0.9401,0.0894,0.0428,-0.0681,7
411,3271,3062,3329,473,0.2604,9.1377,1.2406,0.0757,0.0336,0.0048,Y
2750,1774,3245,3149,3211,0.514,9.3982,1.2159,-0.022,0.0471,0.0065,X
2831,483,522,3237,3231,0.5866,9.0745,1.3211,0.0535,0.059,0.1592,V
2878,1183,1039,3337,3244,0.3692,9.4448,0.7766,-0.0568,0.0267,-0.1067,R
2792,563,417,3098,3070,0.4704,9.5509,1.0479,0.0025,-0.0685,-0.0178,U
2415,3326,3607,3395,3479,0.4526,8.9047,1.4598,0.0201,-0.0061,0.088,S
2382,1859,3215,3102,3139,0.7356,9.3003,1.1379,-0.0541,0.0203,0.0052,9
2768,627,2917,2728,2805,0.1048,9.502,1.4007,-0.0154,0.018,0.0271,D
2840,445,619,3224,3367,0.6537,9.8511,0.5135,0.0042,-0.0158,0.0013,U
563,684,3160,3149,3106,0.8422,9.1398,1.3888,-0.0924,0.0442,0.0579,L
1906,1970,1842,2010,1983,0.228,9.6928,1.824,0.0036,0.0569,-0.0046,0
1951,1841,2094,1921,1967,0.4547,9.3847,1.7886,0.0003,-0.0064,0.0509,O
2954,3053,3310,3096,543,1.9895,8.8869,2.7623,0.0031,-0.0849,-0.0969,J
2763,1092,899,3191,3183,0.1572,10.2159,0.9811,0.0005,-0.1379,0.0413,R
1550,562,562,3144,3189,0.4331,7.5832,5.6529,-0.0364,-0.0181,-0.0337,P
3147,3060,3256,3047,436,2.4683,8.7494,2.8361,-0.0259,0.005,0.0257,J
2575,2450,393,762,562,0.5199,9.6607,1.1627,0.0434,0.008,0.0046,F
2108,480,3142,3235,3148,4.4265,6.9338,1.593,0.0102,-0.0594,-0.0244,G
2847,359,472,3276,3285,0.5954,9.964,1.1845,-0.0114,-0.0585,0.0217,V
1852,1941,1883,1807,1759,0.2339,8.9495,1.4022,0.0195,-0.0077,-0.016,C
3022,3344,3192,3307,569,0.5206,8.9966,1.0788,-0.0064,-0.0222,-0.0741,I
1769,1767,1881,1769,1966,1.1293,8.6173,1.4614,-0.0326,-0.1097,0.08,C
1908,492,310,465,1735,0.4811,9.3036,1.279,-0.0335,0.0108,0.0185,6
3041,3248,3080,3199,417,2.1204,8.6437,2.6483,0.0484,0.1169,0.0417,J
2279,427,3184,3202,3208,5.2749,7.1226,1.1191,-0.0656,-0.1094,0.0088,G
2918,357,518,3309,3135,0.4079,9.8708,-0.1127,-0.0025,-0.0786,0.0482,2
2390,3329,3297,3185,3467,0.8289,9.6668,1.114,0.0042,0.0028,0.0848,S
560,483,3033,3244,3129,0.3915,9.8659,2.0318,-0.0288,0.0289,-0.0276,L
2780,523,3288,3118,3249,-0.1358,9.7757,0.8203,-0.057,0.0414,0.0112,1
2210,336,3131,3254,3139,0.1093,7.3185,6.6547,-0.0544,0.0069,-0.0528,Q
2968,498,482,555,566,-0.1647,8.8709,0.9965,-0.0106,0.0328,-0.014,4
2184,488,437,3211,3286,5.0943,6.6667,1.8967,-0.0276,0.0026,0.0665,H
2334,574,3149,3229,3213,5.1363,6.6943,2.108,-0.0114,0.0141,-0.0362,G
2955,2950,2862,3165,3061,0.9201,9.3435,1.1327,0.0909,0.0108,-0.005,N
1854,1997,2046,2053,1909,0.0126,9.3063,1.6549,0.0233,0.0786,-0.0187,O
2801,449,3238,3133,3111,1.1153,9.419,0.7385,-0.0471,-0.077,-0.0045,1
536,591,497,489,537,0.0939,9.5126,0.9693,0.0438,-0.0229,0.0045,5
2383,2508,385,528,329,0.0445,9.6456,1.0359,-0.0494,0.0635,0.0164,F
2919,544,525,3201,3242,0.16,9.8818,1.041,-0.0049,-0.0136,-0.1079,2
1894,1963,1901,1907,2007,0.5827,9.5363,1.7299,-0.0437,-0.0968,-0.0474,0
2062,462,470,3138,3172,5.3098,6.7858,2.1635,-0.0483,-0.0095,0.0162,H
2226,597,3193,3084,3101,0.5565,7.2986,7.0447,-0.0591,0.007,-0.0515,Q
2279,528,3093,3205,3242,0.5702,6.8595,6.4178,-0.028,-0.0663,-0.0731,Q
3035,3080,3054,3052,3194,0.178,9.6867,1.0464,0.0002,0.0605,-0.0108,M
3048,2845,2805,2780,2876,0.1043,9.2679,0.6976,0.0042,-0.0544,-0.0342,E
598,3109,3089,3299,494,0.5645,8.8599,1.9416,0.0336,-0.0288,0.1043,Y
2875,477,587,3242,3201,1.0707,9.5294,1.1859,0.0742,0.0173,0.0688,V
2766,460,2756,2837,2806,0.2136,9.6549,0.5025,0.0053,0.0075,-0.0752,D
2195,1915,3031,3210,3281,0.0124,9.5783,1.2976,-0.1065,0.0548,-0.0446,9
2490,2384,655,424,391,0.5361,9.1116,1.1845,0.0344,0.0498,0.0407,F
2168,477,483,1786,573,0.1521,9.5691,0.5461,-0.0261,-0.0654,0.0809,7
2177,458,3280,3163,3235,0.5999,6.4495,6.4803,-0.0871,0.0176,-0.0365,Q
2086,1901,1878,2161,2024,0.691,9.7456,1.3417,0.0413,0.0337,-0.0647,O
1951,1992,1953,1933,1917,0.1585,9.4086,1.4278,-0.0568,-0.0614,-0.0622,0
2715,352,3197,3053,3172,3.2623,8.4584,3.5303,-0.0472,0.0182,0.0377,Z
1594,386,538,3151,3264,0.4476,9.6214,1.0194,0.0664,0.0174,-0.0353,K
2656,2506,594,540,589,-0.24,9.3087,1.5921,-0.0286,0.0881,0.0742,F
3034,3048,2967,3418,3186,-0.2035,9.964,0.9821,0.0116,-0.0232,0.0197,N
2452,2531,528,432,406,0.6845,9.3454,1.8472,0.0018,0.0907,-0.0585,F
2210,501,3087,3019,3124,0.3407,6.6465,6.4833,0.0545,0.0363,0.0233,Q
2521,3449,3465,3428,3362,0.7038,9.4405,1.0272,0.0359,-0.0029,-0.0909,S
2732,564,3226,3149,3119,-0.0293,9.5242,0.9091,-0.0072,0.0474,-0.074,1
1927,2005,2044,2012,1928,0.7097,9.3744,0.6382,-0.0492,0.0701,0.0742,O
2862,605,458,528,3183,0.3158,9.3054,1.2386,-0.0459,-0.0541,-0.0445,W
1407,688,427,3321,3231,1.0137,6.9045,5.5177,0.0001,-0.0743,0.1339,P
514,3207,3343,3307,530,0.7382,9.4049,1.8224,0.0431,-0.0151,0.005,Y
2691,3437,3397,3270,3493,0.2796,9.2569,1.0602,0.0574,-0.0508,0.0031,A
2136,1666,3220,3268,3000,0.6195,9.0615,0.7744,-0.0145,-0.0577,-0.0885,9
2726,1257,958,3307,3242,-0.1667,9.5606,0.2156,-0.0582,-0.0551,-0.032,R
383,3217,3281,3108,534,0.6826,9.8184,1.3981,0.0106,-0.0278,-0.007,Y
2933,2857,2997,3316,2976,0.2135,9.8026,0.253,-0.0107,-0.057,-0.0504,N
2667,546,2778,2813,2884,-0.0583,9.2962,0.2194,-0.0275,0.0665,-0.006,D
3173,3264,3235,3153,416,2.1569,8.4785,2.5982,-0.0758,-0.0479,0.091,J
2936,3085,2930,3050,3302,0.1846,9.9468,0.9193,0.0426,-0.0418,0.0107,M
2679,336,512,3146,3187,0.8989,9.733,0.9757,-0.0506,-0.0043,-0.057,V
2883,442,582,3227,3142,0.2688,9.2885,0.586,-0.0572,0.0478,-0.0035,U
3202,496,373,424,455,-0.4109,9.7142,0.4253,-0.0836,0.0202,0.0358,B
2908,361,336,3175,3290,0.4468,9.472,0.4773,0.0362,0.0769,-0.0935,2
482,342,490,526,576,0.7443,9.3868,1.2522,-0.0576,-0.0259,0.081,5
2116,391,1860,580,657,1.1271,9.7917,1.11,-0.021,-0.0437,0.0033,8
2826,382,322,609,3118,0.4418,9.6767,0.7685,-0.072,-0.0316,0.0481,W
2275,444,3184,3120,3183,5.2052,7.0404,2.3934,-0.0571,0.025,-0.0624,G
1822,345,496,339,1765,0.6533,9.3144,1.5446,0.011,-0.0562,0.045,6
598,488,392,3032,3287,1.0952,9.5131,0.6512,-0.0548,0.0591,0.0084,3
1770,1673,1734,1831,1846,0.9951,9.3471,1.6192,-0.0374,-0.014,-0.0701,C
476,365,499,478,613,0.2764,9.7938,0.9344,-0.0591,0.0236,0.0609,5
2009,3156,3240,3309,3156,0.6273,9.5602,0.8849,0.0003,0.0649,-0.0086,T
1920,1893,2082,1943,2050,1.2516,9.5382,1.3743,-0.0372,-0.0153,-0.0514,0
675,419,427,3081,3200,0.4034,9.4676,1.1221,0.0491,-0.0585,0.001,3
554,3240,3270,3163,466,0.9961,9.6059,1.7257,-0.0912,0.0979,-0.0046,Y
2059,1983,2032,1819,2040,0.2838,8.8363,2.0654,0.0301,0.0114,0.0625,O
2285,1750,3234,3181,3246,0.2466,9.3167,1.1842,-0.0537,-0.0304,-0.082,9
629,568,3315,3225,3203,0.6272,9.721,1.4259,0.0684,0.0183,-0.1203,L
2741,568,471,3296,3213,0.7656,9.7894,0.53,-0.0996,0.0391,0.0283,2
2467,3375,3314,3412,3158,0.3257,9.8807,0.581,-0.0809,0.0558,0.0626,S
2695,1311,931,3268,3130,0.4855,9.3112,1.1109,0.0423,-0.03,0.0289,R
1998,3185,3173,3195,3238,0.1615,9.5405,1.1052,-0.0477,0.0252,0.0179,T
2859,559,457,3223,3301,0.201,9.9936,1.1355,-0.0355,-0.0554,0.0083,U
1640,530,427,522,1692,0.5694,9.8132,1.0216,-0.0308,0.0216,0.0106,6
1440,501,491,3163,3177,0.1841,9.6205,1.6166,-0.0437,0.0197,0.0022,K
2145,485,520,1694,389,0.7376,9.5227,0.6819,-0.0157,-0.028,0.0004,7
2775,514,3226,3317,3057,3.0034,7.8071,3.8402,-0.0425,0.027,-0.1225,Z
2244,547,387,3265,3224,4.8094,6.7751,1.8998,-0.0649,0.0861,0.0743,H
2626,475,451,3014,3368,0.1866,8.9678,0.7178,0.0825,0.0954,0.0029,U
2441,2561,426,568,516,0.5865,9.203,0.7933,-0.0324,-0.0165,-0.1185,F
3177,3046,3040,3126,3153,-0.2965,9.5036,0.1824,0.054,0.0194,-0.1013,N
397,535,442,526,462,0.723,9.676,0.7033,-0.0839,0.0595,-0.0353,5
2077,2022,2095,2087,1987,0.9907,9.0628,2.2171,-0.0439,-0.0024,-0.0284,O
2928,3009,2917,2939,3249,-0.0718,9.26,0.6804,-0.0152,0.0505,-0.045,M
542,374,501,3259,3142,0.5427,9.5904,0.7328,0.0565,0.016,-0.0838,3
2792,1149,1039,3330,3261,0.718,9.1792,0.5973,0.0283,0.0754,0.0325,R
2843,473,2706,2816,2675,0.3119,9.1731,0.9384,-0.0462,-0.0225,0.0147,D
2064,1999,2182,2052,2049,0.3841,9.4148,1.3768,0.072,-0.0805,0.0683,O
2233,523,3203,3174,3165,0.4558,7.5473,6.1874,0.0102,0.0356,-0.0142,Q
2774,582,2776,2834,2790,0.2832,9.4868,1.2035,-0.0366,-0.037,0.106,D
1840,1729,1859,1748,1817,0.909,8.9343,1.7299,-0.052,0.0973,-0.0911,C
1480,518,413,3129,3124,-0.016,6.7133,5.9406,-0.0671,-0.0069,-0.0352,P
2130,460,475,3200,3231,4.9458,6.6911,1.5806,0.1299,-0.0565,-0.0259,H
2903,404,429,3184,3187,0.2624,10.001,0.8632,-0.0018,-0.0304,-0.0526,2
3123,2773,2707,2714,2665,0.3678,9.9817,0.9575,0.0151,0.0688,-0.0202,E
2211,495,3089,3089,3293,0.7647,7.3091,6.2532,-0.0079,0.0616,-0.0614,Q
2063,3167,3170,3316,3162,0.4408,9.2719,1.0777,0.029,0.0841,-0.0469,T
2869,525,2865,2786,2896,0.3026,9.6174,0.7203,0.0342,-0.0211,0.0488,D
2898,3303,3533,3433,3343,0.4833,9.6675,1.0228,0.0269,-0.046,0.0085,A
1873,1763,1713,1750,1815,1.1637,8.3485,1.4976,0.0079,-0.0139,0.0646,C
1464,434,478,3206,3109,0.2625,7.3045,6.0382,0.0635,0.0182,-0.0544,P
2933,3175,3236,3067,421,0.3391,9.6255,0.9133,0.0222,0.0169,0.0097,I
2232,1788,3355,3199,3115,0.4897,8.9967,0.8299,0.0121,-0.0663,-0.0308,9
2689,416,601,3168,3310,-0.0502,9.6221,1.0315,-0.0453,0.0837,-0.0195,U
2011,2010,2069,1900,2047,0.105,9.6332,1.8188,-0.0335,0.061,-0.0787,O
2292,559,505,1882,524,0.553,9.7912,0.7198,-0.0011,0.0057,-0.06,7
1429,349,430,3255,3368,0.2712,10.1828,1.2489,-0.0697,0.0107,0.0432,K
2564,419,2875,2812,2718,0.1099,9.0281,0.7735,0.1105,0.0402,0.1095,D
2932,2962,3100,3143,3098,-0.0011,9.5569,0.1487,0.001,0.0593,-0.0719,M
2065,3288,3123,3104,3136,0.4146,9.6067,1.2365,0.0486,0.0181,0.0115,T
2065,552,3168,3135,3305,0.5821,6.8004,6.3187,0.0183,0.0144,0.0015,Q
2844,329,569,3166,3164,0.0781,9.1688,0.7826,0.0098,-0.0046,0.0547,2
2787,567,539,3266,3206,0.2276,9.6406,0.6499,0.049,0.0735,0.029,U
3011,2931,2960,2989,3283,0.5786,9.5836,1.1797,-0.1006,0.0939,0.0346,M
2690,475,385,3263,3148,0.769,9.2483,1.5349,-0.0078,-0.0486,0.0042,V
2542,2608,459,542,417,1.3337,9.6809,1.1422,-0.0386,-0.0057,-0.017,F
1999,3262,3194,3248,3090,0.3922,9.845,1.4233,0.0087,-0.005,0.0684,T
1999,1865,2058,2175,2057,0.5182,9.4203,1.7401,0.0057,0.0657,-0.0566,0
2832,540,3211,3220,3241,0.1177,9.1905,0.4737,-0.0085,0.081,0.0148,1
1949,2113,1913,2004,1906,0.545,9.6813,1.6417,-0.0461,-0.0261,-0.019,0
2823,703,451,3184,3197,0.2775,9.9291,1.3405,-0.0852,-0.0467,0.0623,2
2881,1188,1027,3311,3167,0.4081,9.4291,0.6209,0.0171,0.0121,0.0278,R
2864,2994,3085,3174,3232,0.7279,10.0205,0.9286,0.0085,-0.0759,-0.0315,N
3001,480,3191,3306,3217,2.9704,7.9599,4.0582,0.0487,0.0673,0.0516,Z
2849,611,527,3198,3258,0.4433,9.8656,0.7604,0.0455,0.0429,0.0107,U
2121,582,355,3188,3248,5.1026,6.7848,2.1981,-0.0443,-0.0011,0.0326,H
3140,3045,3063,3083,3209,0.3372,9.9844,0.8334,-0.0364,0.0293,-0.1057,M
2486,3363,3344,3412,3302,0.6788,9.1755,0.6199,-0.0126,-0.0186,0.0178,S
2285,1836,3131,3092,3262,0.4277,9.6094,1.1251,0.0106,0.0403,-0.0751,9
2984,3401,3210,3152,408,-0.2478,9.7091,0.9964,-0.0198,-0.0007,-0.0585,I
3113,2797,2811,2888,2679,0.3031,9.9007,1.2926,0.0185,-0.0753,-0.0025,E
2844,1230,953,3261,3170,0.6905,9.376,0.6424,-0.0076,0.0424,-0.0018,R
450,359,522,397,502,0.6119,9.8814,0.9036,0.0312,-0.0004,-0.0936,5
2980,2821,2820,2733,2854,0.2082,9.4531,1.206,-0.0321,-0.0285,0.0296,E
2880,543,644,664,3176,0.1542,9.3133,1.2355,0.1113,-0.0187,0.0139,W
1725,445,516,454,1870,0.4606,9.2575,1.2995,-0.0203,-0.039,-0.0169,6
440,578,562,3151,3219,0.4357,9.5349,1.2249,-0.0163,-0.0828,0.0298,3
3131,698,521,602,487,0.36,9.9518,0.8655,0.0529,0.0436,-0.0158,B
2046,2172,1948,2073,2015,0.0651,8.9584,1.3644,0.0174,0.0439,-0.0785,O
1766,477,398,3119,3178,0.8556,6.9441,6.4698,0.0217,0.0542,0.0194,P
2728,1756,3282,3159,3276,-0.0575,9.5861,0.7747,0.0261,-0.0128,0.0399,X
2288,432,3250,3146,3240,5.143,6.585,1.9634,0.0133,-0.0218,0.0157,G
2515,2398,577,491,490,0.8683,9.5003,0.8443,-0.0162,0.0331,0.0255,F
2037,1942,1958,1996,1842,0.354,9.4013,1.8929,-0.0308,0.0406,-0.103,O
2930,3160,3307,3324,408,0.3749,9.4707,0.5909,0.0142,0.057,0.0226,I
2960,3026,3104,2971,3209,-0.109,9.3703,0.6997,-0.053,0.0661,-0.0419,M
2373,3342,3440,3349,3491,0.2912,9.5979,1.1492,0.0767,-0.0358,0.0221,S
2179,505,3186,3178,3218,0.6594,6.6568,6.4243,-0.0987,-0.0081,0.0075,Q
2219,500,486,1784,519,0.8129,9.1606,0.4695,-0.0415,0.0064,-0.0148,7
535,426,584,3250,3310,0.5154,9.827,0.1832,-0.0243,-0.0456,0.0351,3
436,506,450,3137,3122,0.4594,9.4378,0.752,0.0005,0.0125,0.0176,3
1620,521,546,3189,3223,0.6799,9.2011,1.0795,0.0348,0.0772,0.0974,K
2960,670,422,594,3226,0.7963,9.483,1.3845,0.0661,-0.0875,0.018,W
2141,1751,3357,3206,3078,0.0908,9.9113,1.3421,-0.0525,0.0169,-0.0416,9
2728,538,3284,3129,3209,-0.0739,9.3499,0.593,0.0357,-0.0755,0.1024,1
3090,3288,3203,3142,515,0.5827,9.9073,0.6711,0.0158,-0.0654,0.0492,I
2711,1765,3143,3041,3132,0.6239,9.9047,0.968,0.0017,0.0143,0.0981,X
1725,529,636,400,1870,0.0382,9.1593,1.3684,-0.0136,0.0727,0.0064,6
2886,2925,3124,2885,3382,0.1286,10.0742,0.7083,0.04,0.0698,0.0695,M
2186,527,566,1900,543,0.8125,9.504,0.9391,-0.016,-0.0575,-0.1399,7
443,549,3014,3163,3212,0.3965,8.8519,1.7274,-0.0624,-0.0034,0.0077,L
1994,1960,2060,2002,2004,0.0346,9.1856,1.7256,-0.0551,0.0133,0.0206,O
1919,1840,2109,1988,1968,0.9495,9.1229,1.7287,0.0012,0.0123,0.0815,0
2360,526,1824,393,474,0.2413,9.4907,0.9035,-0.0309,-0.0114,-0.0541,8
1477,500,506,3300,3123,0.0005,7.1807,5.8479,0.1212,0.0472,-0.0263,P
2837,516,3363,3162,3255,3.3523,8.3133,3.7713,0.1408,0.0835,0.053,Z
547,483,552,3230,3168,-0.1687,9.2401,0.6381,-0.0607,0.0252,0.1012,3
1654,360,504,3182,3155,0.1907,9.4979,0.9323,-0.0196,-0.0649,-0.0809,K
2976,429,3038,3309,3087,2.7563,8.2186,4.2066,-0.1187,-0.0172,0.0426,Z
1665,491,502,3231,3113,0.7964,6.6924,5.6246,-0.0083,-0.064,0.0781,P
2835,511,3266,3193,3121,2.6724,7.9965,3.922,0.0428,0.0477,0.0024,Z
1884,543,465,1803,594,0.1141,9.1626,0.5812,0.1102,0.0596,0.0336,7
2605,518,405,3157,3181,0.9229,9.6367,1.016,0.0252,-0.1211,-0.02,U
2051,552,3129,3271,3160,1.0178,6.5699,6.8069,0.0452,0.0263,-0.0559,Q
2999,3082,3063,3187,3077,0.5489,9.6509,0.8067,-0.0233,0.0372,0.0174,N
2823,441,3098,3397,3060,3.1011,7.824,4.3127,-0.0608,0.0804,-0.0063,Z
2841,1254,1029,3270,3151,0.379,9.8094,1.2059,0.0022,-0.0107,-0.0028,R
3012,3119,3122,3040,433,0.5382,9.9971,1.0057,0.0277,-0.0063,0.0387,I
2894,541,394,3081,3024,0.7125,9.1581,1.6542,-0.0343,0.0487,0.0327,V
1425,530,448,3162,3303,0.124,7.4698,5.8957,-0.0568,-0.0277,0.0034,P
512,513,3182,3329,3189,0.9858,9.5692,1.6054,-0.0057,0.0487,0.0056,L
1964,1684,1758,1789,1835,1.3804,8.9927,1.0733,0.0421,0.0377,-0.0971,C
2112,540,447,3137,3240,4.6879,6.5628,2.5178,0.029,-0.0132,-0.0002,H
2883,1685,3253,3195,3077,0.241,9.0188,0.498,-0.0218,0.0593,0.0156,X
2774,473,474,3096,3339,0.5996,9.6764,1.0445,0.0377,-0.0496,0.0318,U
1919,1984,1904,1951,2022,0.8189,9.4599,0.9838,-0.0018,0.0259,0.0474,0
2247,444,3262,3256,3298,0.7407,7.0855,6.3086,-0.0647,0.011,-0.0202,Q
511,3204,3246,3105,528,-0.0034,8.6414,2.0484,0.0523,-0.0002,-0.1011,Y
2878,447,529,547,3243,0.3358,9.0556,0.8063,0.1485,0.0228,0.092,W
2564,3461,3326,3405,3327,0.5283,9.7461,0.6985,-0.0648,0.0548,0.0971,S
1820,1951,1729,1738,1730,1.2174,9.1345,1.4524,-0.0459,0.0046,-0.0782,C
2047,2112,1861,1899,2044,0.844,9.4965,2.3126,-0.0458,0.0185,-0.0035,0
1949,1983,1893,1980,1948,0.9166,8.8613,1.3574,-0.0262,0.0335,-0.0638,0
2023,2012,1942,2095,2010,0.435,9.375,1.6332,-0.0036,-0.004,0.0533,O
1812,1823,1737,1856,1966,0.6976,8.8981,1.5695,0.0393,-0.028,-0.1417,C
2824,1795,3238,3171,3336,0.5751,9.288,1.3003,-0.0578,-0.0427,-0.04,X
2662,2426,477,469,480,0.5006,9.4838,0.6869,0.0519,0.0316,-0.0621,F
2958,3226,3142,3150,584,0.3445,9.3892,0.8053,0.0689,0.0147,0.0296,I
2529,2593,514,392,423,0.2454,9.2386,1.1451,-0.0583,0.0735,-0.0663,F
2945,3224,3169,3154,464,1.7949,8.5597,2.5762,0.0152,0.0338,-0.029,J
2608,2390,620,530,512,1.0844,9.8034,1.3954,0.0237,0.0308,-0.02,F
1917,2091,2054,1999,1940,0.3256,9.9469,1.5535,0.0665,0.0121,-0.0226,O
434,418,644,3333,3110,0.47,9.3031,1.5513,-0.091,0.0233,0.0639,3
2985,3431,3415,3375,3410,0.4543,9.7124,1.287,-0.0393,-0.0666,-0.0918,A
2749,441,2684,2762,2886,0.2924,9.7883,1.2994,0.0132,-0.0279,0.0234,D
2021,1894,3168,3161,3246,0.2335,9.2651,1.3784,-0.0268,-0.0353,-0.0354,9
3014,552,488,616,617,0.0644,9.7149,0.5013,0.0408,-0.0197,-0.0399,4
2889,453,3221,3125,3084,3.4075,7.36,4.0573,-0.0185,0.0274,-0.0342,Z
2657,3483,3531,3463,3332,0.5523,9.1939,0.8208,0.0158,0.0091,0.0232,S
539,519,572,3339,3154,0.3403,9.4139,0.9901,0.0364,-0.0034,-0.0427,3
3097,2961,2819,2821,2678,0.2406,9.4421,1.3151,-0.0306,0.0398,-0.0001,E
2837,3397,3465,3511,3444,0.5031,9.1064,0.6805,-0.0153,-0.0305,-0.0093,A
2909,1815,3212,3143,3311,0.3724,9.4089,0.8821,0.0318,0.0042,0.0095,X
2030,445,1869,502,456,0.5289,9.3349,1.413,0.0709,-0.0289,-0.0388,8
2211,506,1868,482,436,0.8212,9.0682,1.013,-0.0032,-0.0417,-0.0659,8
2188,1740,3190,3338,3226,0.8228,8.9165,1.1408,-0.05,-0.026,-0.0383,9
2755,387,2967,2798,2795,0.4764,9.8887,1.0838,0.0537,-0.0315,-0.0149,D
2838,516,485,428,3043,0.9564,9.1662,1.1429,-0.0053,0.0717,-0.0383,W
2798,511,395,3224,3172,1.1253,9.5445,1.8968,-0.0469,0.0643,0.0047,V
2775,400,532,3208,3317,-0.1373,9.9648,0.5065,0.0172,-0.0573,0.0101,U
2957,2678,2843,2793,2663,0.1496,9.601,0.8371,-0.0348,-0.0037,0.0172,E
2993,2919,2751,2780,2663,0.5122,9.5793,1.0191,-0.0108,-0.0146,0.0251,E
506,3245,3142,3202,486,0.4335,9.6404,1.5645,0.0847,0.0124,0.1096,Y
1952,2030,1856,2005,2092,0.8594,9.2851,1.5062,0.0746,0.0685,-0.0047,0
2168,2039,2010,2041,1923,0.6591,9.2074,1.3919,0.0479,-0.0132,0.005,0
2681,3342,3363,3484,3427,-0.0289,9.5972,0.8845,-0.0338,0.0306,0.0515,A
1429,415,480,3266,3107,0.7149,6.5072,5.926,-0.0707,-0.1305,0.0183,P
2817,454,428,3196,3207,0.0407,9.0162,0.2824,-0.0727,-0.0603,-0.0042,2
1439,602,560,3250,3234,0.1209,6.8783,6.2499,-0.0603,-0.052,0.0153,P
1911,370,562,421,1835,0.4269,9.1934,1.5522,-0.0839,0.0906,0.0316,6
2962,2959,3072,3122,3329,0.2545,10.4586,0.5921,0.0125,-0.0176,-0.0397,N
3071,2982,2974,2974,3192,0.1745,9.3446,1.0968,-0.0312,-0.0192,0.0215,M
2636,477,3041,3132,3086,3.1585,7.7807,4.3714,-0.0924,-0.0122,0.0042,Z
1939,3178,3226,3326,3258,0.1686,9.1868,1.1706,0.0451,0.0614,-0.0134,T
540,3038,3232,3293,571,0.2313,9.4871,1.7113,0.0853,0.0183,0.0513,Y
2835,1624,3125,3262,3233,0.3526,9.2314,0.8707,0.0288,-0.0066,-0.0618,X
3021,3276,3097,3264,454,0.6288,9.7004,0.7371,-0.0295,0.0412,0.063,I
1824,606,359,581,1775,-0.0363,9.2023,1.3536,-0.0043,0.0674,-0.0169,6
1854,413,524,394,1792,0.6077,9.6081,1.3189,-0.0947,0.0151,0.109,6
561,540,446,555,551,0.769,9.7541,0.8983,-0.0381,0.1008,-0.0257,5
2517,2385,654,491,488,0.3104,9.4072,1.6161,0.0518,0.0427,0.0273,F
2329,537,3164,3229,3045,0.7487,6.682,6.8367,0.099,-0.0725,-0.0025,Q
1888,1857,1985,1757,1876,0.9682,9.37,1.4977,-0.0194,0.0653,-0.0246,C
2594,3410,3385,3521,3462,0.1462,9.2827,0.8831,0.058,0.0737,0.1076,S
2568,3214,3374,3327,3452,0.8134,9.3164,0.6734,0.0059,-0.0577,-0.0113,S
2820,456,396,3238,3138,0.2277,9.9235,0.7336,-0.0222,-0.014,-0.0126,U
2919,2742,2829,2736,2939,0.7081,9.7425,0.9641,0.0757,-0.0109,-0.0016,E
2916,3282,3137,3108,565,2.1722,7.9829,3.2565,-0.0371,-0.0187,0.0094,J
3011,3121,2924,3340,3084,0.2636,9.652,0.5352,-0.0311,0.0398,0.0721,N
511,387,476,3234,3187,0.2797,9.5261,1.1521,-0.046,0.0172,0.0162,3
590,3296,3150,3272,417,0.3797,9.5037,1.1996,-0.037,0.0012,0.0019,Y
1937,1984,1957,1987,1839,1.1398,9.2086,1.7361,0.0123,-0.0136,-0.0639,0
2513,2382,536,411,575,0.3986,9.3516,1.6117,0.0248,-0.054,-0.0507,F
2397,570,636,1807,398,0.551,9.8765,1.3891,-0.0844,0.0106,-0.0799,7
3069,586,501,494,564,0.1171,9.9267,0.889,-0.0787,0.0923,0.0092,4
3007,2785,2862,2673,2731,-0.0915,9.4221,1.3634,-0.0253,-0.0255,0.0436,E
2842,2969,2885,3256,3107,0.7455,9.5983,0.8178,-0.099,0.0072,-0.004,N
2766,482,507,552,3077,-0.1046,9.7764,0.903,0.1061,-0.0432,-0.0092,W
2352,496,390,1851,575,0.6257,8.993,0.6571,0.0469,-0.0576,0.0509,7
2151,3187,3070,3206,3261,0.8886,9.2012,0.4767,0.0248,0.0233,-0.0706,T
597,629,3261,3401,3154,0.2496,9.8408,1.5368,-0.0688,-0.0158,0.0128,L
2880,543,360,3144,3164,0.2964,9.7881,0.479,-0.004,0.085,0.0015,U
2876,1701,3176,3108,3167,0.9728,9.4835,0.9154,-0.0282,-0.015,-0.0404,X
2819,519,526,3272,3266,0.2925,9.5438,0.806,-0.0206,0.089,-0.0635,U
1923,1847,1936,1989,1940,0.7458,9.3313,2.0621,-0.0281,0.007,-0.0144,O
2690,554,514,3232,3103,0.5371,9.6886,0.3549,0.0066,-0.0121,-0.0177,2
1808,1774,1850,1793,1816,0.513,9.5665,1.4507,0.0349,-0.0418,0.0154,C
2999,3038,2936,3069,3228,0.2211,9.4537,1.0523,-0.0075,-0.0349,-0.0192,M
2791,525,3157,3079,3110,2.3045,8.2328,4.1193,-0.0007,-0.0349,-0.0081,Z
3093,3200,3243,3132,450,2.1062,9.0678,3.4289,0.0291,0.0076,0.0701,J
331,522,584,3388,3206,0.7578,9.5066,1.4859,-0.0212,0.0165,0.0302,3
1568,1933,1727,1840,1793,1.3773,9.1218,1.4295,-0.0447,0.0399,-0.0937,C
1956,2036,1909,1921,1995,0.312,9.5006,1.323,0.0798,0.0347,0.034,O
444,533,510,3240,3100,0.7909,9.5123,1.4175,0.0796,0.0118,0.0495,3
2874,414,3074,3095,3313,-0.1047,10.1829,0.5719,-0.0123,-0.0572,0.0632,1
2856,520,481,3316,3200,0.9158,9.5062,1.3449,-0.0256,0.0021,-0.0673,V
1311,611,400,3185,3242,0.7926,6.7624,5.2472,0.0539,-0.0625,0.018,P
2881,516,2772,2876,2851,0.0947,9.2017,0.7134,0.0758,0.0573,-0.0556,D
2849,622,545,3055,3149,0.3054,9.1696,0.8094,0.0235,0.0704,0.0909,U
2187,493,587,3333,3304,4.6801,6.9799,2.0833,-0.013,0.0194,0.041,H
2931,2956,3099,2954,3098,0.3394,9.6088,0.6524,-0.0081,0.0488,0.0335,M
2810,3555,3319,3345,3441,0.5539,9.6052,1.1468,0.0317,0.0555,0.0205,A
1628,439,437,3127,3180,0.4008,6.6023,6.029,0.0283,-0.0733,-0.0261,P
2969,3325,3139,3217,561,0.2975,9.5107,1.0178,0.0946,0.015,-0.0258,I
2030,1970,2026,2059,2046,1.1476,9.4382,1.5081,-0.0091,0.0276,-0.0016,O
2152,1870,3220,3310,3171,0.256,9.4432,0.7179,0.0079,0.0283,0.0549,9
2874,1792,3238,3174,3137,0.7497,9.0494,0.8201,-0.0047,0.0429,-0.0439,X
2118,3225,3214,3174,3286,0.7693,9.3704,1.1076,0.0116,0.0201,-0.0386,T
3049,3033,3020,3288,3212,0.9855,9.8882,0.4581,-0.0088,0.0199,0.0022,N
3063,3297,3120,3108,541,1.5976,8.4129,3.2314,0.0707,-0.0127,-0.0325,J
2844,513,3283,3196,3313,0.5145,9.3213,0.4599,0.0162,-0.0348,0.054,1
1773,1913,1861,1787,1824,0.8199,9.0419,1.522,0.0484,0.0484,0.0247,C
2098,409,467,1877,497,0.2617,9.4879,0.637,-0.0853,-0.0494,-0.0524,7
479,526,424,3003,3207,0.0908,9.4319,1.1233,-0.0972,0.0103,0.0413,3
2940,3117,3257,3226,577,2.1538,8.2741,3.0228,0.0063,-0.046,-0.0552,J
1565,575,512,3142,3235,0.5461,9.7022,1.2596,-0.0681,-0.0255,-0.0949,K
2722,3496,3347,3316,3442,0.8557,9.7157,1.2988,-0.0378,-0.0711,0.0751,A
2272,432,3225,3260,3310,0.7915,7.1717,6.3087,-0.0393,-0.0569,-0.0617,Q
2190,529,3110,3319,3234,0.4047,7.1271,6.322,0.0626,0.0508,0.0187,Q
2245,1889,3129,3164,3363,0.8072,9.5265,1.6031,0.0981,0.0759,0.0525,9
2984,471,539,376,355,0.3338,9.0772,0.228,0.0451,0.0083,0.009,4
1981,2088,1884,2111,2075,0.9813,9.7332,1.4703,-0.0586,-0.0301,-0.0881,O
2900,2669,2740,2864,2926,0.675,9.8172,0.9758,-0.0871,-0.0228,-0.0129,E
433,638,3097,3262,3087,0.4053,9.428,1.354,-0.0091,-0.0693,-0.0494,L
2826,3424,3449,3308,3483,0.4773,9.7011,0.6784,-0.0777,0.0409,0.0188,A
2501,2500,455,521,587,0.3891,8.94,1.411,0.0162,-0.056,-0.0367,F
2831,418,3193,3089,3178,3.2916,7.7469,3.6335,0.0189,-0.0394,0.1211,Z
2784,532,2752,2919,2787,0.4855,10.0367,1.1095,-0.0704,0.0222,0.0425,D
2194,534,1778,583,521,0.7265,9.1633,0.8222,0.0267,0.0026,-0.0094,8
2699,482,2830,2856,2819,0.1003,9.7107,0.8373,0.0468,0.0388,0.0015,D
2817,539,493,3157,3173,1.1582,9.2113,1.6286,-0.0484,0.102,0.0159,V
3235,666,418,471,533,0.1838,9.4053,0.8366,0.116,0.0098,-0.0452,B
2203,507,471,1752,476,0.2721,9.546,1.5499,-0.0095,-0.0296,-0.0125,7
2821,1271,942,3052,3117,0.1655,9.2306,0.6204,-0.0276,-0.0008,-0.0727,R
2345,485,1772,522,524,-0.3487,9.6943,1.5625,0.0028,-0.0054,0.0397,8
2429,2452,623,449,508,0.3739,9.6528,1.0384,-0.0049,-0.0842,-0.0807,F
2147,505,1873,435,507,1.1974,10.0445,0.3304,-0.0907,0.0903,0.0448,8
2175,1614,3237,3253,3117,0.6697,9.6432,0.5852,0.0558,0.0589,-0.0154,9
2964,2919,2927,3049,3270,0.2019,9.4703,0.5439,0.0468,0.0015,0.0184,M
2342,1706,3268,3152,3050,0.7781,9.9458,1.8333,0.015,-0.0722,-0.0104,9
2519,2505,565,360,506,0.579,9.6176,1.1437,-0.0519,0.0004,-0.0541,F
3047,3131,2938,3019,3232,0.4603,9.8308,0.8499,0.0257,-0.0456,0.0082,M
467,498,3341,3248,3287,0.2244,9.7288,1.6917,-0.075,0.027,-0.0257,L
2197,482,3269,3171,3206,5.4228,7.0058,1.4915,0.0184,-0.0348,0.0433,G
2801,3516,3378,3617,3450,0.2429,9.1787,1.1447,-0.0112,0.0357,0.0237,A
1572,536,361,3249,3261,0.8181,6.715,5.983,0.0284,-0.0264,0.0276,P
2327,1741,3091,3157,3217,0.2762,9.4215,1.2754,0.0001,-0.0045,0.0882,9
2799,1799,3266,3253,3282,0.3869,9.2041,1.0711,-0.0289,0.0327,0.0144,X
2821,1725,3202,3302,3335,0.4766,9.1163,0.9069,-0.0907,-0.0147,0.0482,X
2876,2770,2823,2842,2919,0.2827,9.9438,0.8023,0.0664,0.0409,-0.0457,E
1387,485,482,3222,3266,-0.1744,6.7987,5.7108,0.0625,-0.0104,-0.0256,P
2100,547,1727,389,665,0.949,9.5444,1.4641,-0.0163,-0.0068,-0.0088,8
2808,447,397,3165,3223,0.546,9.6967,0.2641,0.0069,0.0169,0.0174,2
3057,2744,2687,2696,2683,0.7029,9.0456,1.0822,-0.0133,-0.0051,0.0682,E
1615,357,391,399,1870,0.4548,9.5046,1.2624,-0.0769,-0.0282,-0.0114,6
574,3155,3149,3261,513,0.72,9.3154,1.3874,-0.0108,0.0154,0.012,Y
3257,481,616,392,555,0.0182,10.2158,1.0978,-0.0383,-0.0275,0.043,B
2956,499,551,521,429,0.3611,9.6416,0.6316,-0.0432,0.0077,-0.0699,4
2161,338,3210,3140,3207,-0.0899,6.992,7.0096,0.0027,-0.0387,-0.001,Q
467,557,454,3013,3058,0.1622,9.3225,0.9978,-0.0259,-0.0024,-0.0248,3
2945,2966,2941,3161,3200,0.3473,9.8164,0.4354,0.0548,-0.0304,0.0915,M
1661,1956,1795,1740,1833,1.3501,8.9931,1.8836,0.0541,-0.0538,-0.0337,C
2638,991,967,3210,3181,0.1305,9.1226,0.2332,0.0184,-0.0114,-0.0182,R
502,372,390,515,418,0.7627,9.4328,1.0765,-0.002,-0.0034,0.076,5
3089,590,509,518,426,-0.5016,9.6613,0.5121,-0.0213,-0.0413,0.0162,4
3031,3184,3053,3065,578,0.0803,9.3278,0.7893,-0.0322,0.005,-0.0101,I
2495,2461,446,480,465,0.7661,9.5261,1.3775,0.063,0.0931,0.0062,F
2801,1135,1053,3014,3256,-0.2453,9.537,0.5873,-0.018,-0.0765,0.083,R
2836,465,448,471,3082,0.3558,9.191,0.7512,0.0229,0.0004,0.0123,W
2943,2779,2681,2806,2899,0.4406,9.9624,1.4002,0.0389,0.0037,0.0011,E
2165,1811,3365,3120,3200,0.5292,9.3735,0.5974,-0.0138,-0.0676,0.1144,9
2856,2932,2900,3178,3253,0.4662,9.977,1.1102,-0.0264,0.001,-0.0016,N
2239,1856,3275,3148,3130,-0.0051,9.4383,0.9653,0.0226,0.058,0.0465,9
2841,1835,3285,3241,3221,0.0203,9.5738,0.9487,-0.0561,0.025,0.0259,X
2272,221,1772,563,383,0.1897,9.3521,0.901,-0.0301,-0.0509,-0.0035,8
2153,593,3115,3121,3195,4.7684,6.7345,2.0315,-0.0753,-0.0504,0.1027,G
2022,2064,2032,2086,2228,0.7516,9.042,1.8116,-0.0073,0.0169,0.0183,0
2732,404,3291,3182,3221,-0.1631,9.1735,0.2294,0.0812,-0.0546,-0.0313,1
2220,565,1802,604,556,0.1318,9.7195,0.9897,-0.0015,0.0166,0.046,8
2160,556,406,3371,3201,5.0147,6.8,2.149,-0.0579,0.1082,0.0659,H
2032,3143,3126,3136,3178,-0.3142,9.2762,1.2858,0.0162,0.021,-0.0914,T
2237,1868,3077,3177,3246,0.5766,9.3472,1.4215,0.0498,-0.1026,0.0788,9
2211,439,3318,3084,3173,4.7912,6.6521,1.916,-0.0432,0.0006,0.0014,G
2107,1896,3230,3254,3189,0.5673,9.3098,0.9416,0.0343,0.0119,0.0861,9
2815,609,549,3189,3062,0.8534,9.458,0.5141,0.0125,0.0714,0.0202,2
2931,3459,3406,3271,3380,0.247,10.1513,0.9472,0.0062,0.0276,0.0022,A
2829,398,507,3096,3293,0.6694,9.5137,1.1195,-0.0378,-0.007,-0.0292,U
415,394,527,3210,3097,0.4838,9.4846,1.2214,0.1053,-0.104,0.0401,3
2909,2901,2675,2969,2767,0.4437,8.9324,0.9814,0.0114,-0.0043,-0.0282,E
2671,3405,3593,3355,3377,0.6019,9.2549,1.1981,-0.0259,-0.0772,-0.0871,S
2175,520,3237,3216,3092,0.5516,7.5562,6.5723,0.0069,0.078,-0.0373,Q
1904,1844,1928,2033,2115,0.5162,9.0359,1.236,-0.0424,-0.0203,0.056,O
2631,3569,3436,3392,3505,0.7501,9.7645,0.5262,0.0604,0.0179,-0.0447,S
2841,567,490,442,3211,0.3183,9.1887,1.266,-0.0094,0.0088,-0.0776,W
361,3081,3206,3246,406,0.4172,9.1263,2.1096,-0.0192,-0.0214,-0.0408,Y
3014,434,377,509,437,0.3466,9.6872,1.0151,-0.0586,-0.0444,-0.0157,4
1908,2080,1942,1860,1959,0.6532,8.8508,1.786,-0.072,-0.0198,-0.0204,O
586,489,476,3212,3318,0.5762,8.8522,0.7546,-0.0142,0.0432,-0.0621,3
417,448,3093,3168,3142,0.6127,9.5781,1.578,-0.0118,-0.0131,-0.0419,L
2920,3468,3372,3372,3374,1.123,9.6146,1.129,0.0515,0.0119,-0.013,A
2028,615,1724,424,442,0.4412,9.6916,0.9101,-0.0524,0.1149,-0.0246,8
3010,2883,2922,2956,3139,0.6758,9.6021,0.5664,-0.0245,-0.0252,-0.0144,M
1443,472,551,3189,3111,0.4335,7.1157,6.4119,0.0576,-0.0032,-0.0274,P
3116,461,471,438,396,0.0632,9.7544,0.6785,-0.0279,-0.0206,-0.0463,B
1998,3127,3414,3176,3226,0.532,9.3401,0.8723,0.0744,-0.0369,0.0206,T
2807,581,632,3270,3072,0.2149,9.8631,0.7641,-0.081,-0.0276,-0.1136,U
2151,679,434,3133,3116,5.1679,7.0428,2.326,0.0336,-0.069,-0.0404,H
2845,520,3217,3211,3319,0.5532,9.4928,0.1665,-0.0397,0.0214,-0.0552,1
3011,3269,3169,3176,725,0.6236,9.945,0.3619,-0.0354,0.0037,-0.0501,I
2815,1894,3325,3178,3112,0.1541,10.0843,1.4442,-0.0546,0.0831,-0.0356,X
2701,1864,3283,3312,3173,0.1577,9.9485,1.4142,-0.0494,-0.0188,0.0395,X
1934,3149,3128,3040,3134,-0.0797,9.4819,0.6548,0.0365,-0.0832,0.0597,T
2913,3239,3240,3174,557,-0.2574,9.3879,0.749,-0.0586,-0.0874,-0.0154,I
1428,517,408,3221,3339,0.023,6.9932,5.5146,-0.0416,0.0351,-0.0215,P
2951,607,619,555,409,0.5134,9.4385,0.622,0.0226,0.0214,0.0228,4
389,552,375,438,582,0.6952,9.2168,0.6581,0.0013,0.1002,0.028,5
2786,440,536,426,3262,0.5046,9.4706,1.7189,-0.0725,0.0012,0.0319,W
2445,2588,613,489,389,0.4428,9.3448,1.3517,-0.0504,-0.0385,0.0255,F
392,500,3276,3304,3182,0.8182,9.4217,1.0406,-0.0004,-0.0309,0.0459,L
2875,3348,3290,3088,512,0.27,9.5178,0.6773,0.0191,0.0409,0.0201,I
1460,532,402,3294,3102,0.6175,6.6474,6.5425,-0.0036,0.0975,-0.0409,P
1644,414,424,3235,3317,0.3994,9.1312,0.9374,-0.0515,-0.0334,-0.0152,K
2788,500,500,3264,3177,0.0841,9.6125,0.6161,-0.0037,-0.0526,0.0525,U
2311,1746,3338,3184,3147,0.0294,9.6615,1.0904,0.0072,0.0131,-0.0244,9
1462,449,395,3151,3177,0.5034,6.989,5.8905,-0.0456,0.02,-0.0249,P
2831,343,443,491,3291,0.4262,9.354,1.1736,-0.0912,0.033,0.0309,W
2648,3242,3450,3393,3395,0.4906,9.7993,1.0795,0.0501,0.0023,-0.0517,S
513,444,630,679,544,0.6635,9.9099,1.2295,-0.0412,-0.0222,-0.0226,5
2869,691,3206,3193,3200,0.0225,9.636,0.1218,0.0587,0.0369,-0.058,1
1567,577,460,3095,3195,0.4669,9.3584,1.0833,0.0165,-0.0455,0.0197,K
609,3138,3039,3090,473,0.5788,9.3048,1.736,-0.06,0.0862,0.0673,Y
2593,3249,3392,3446,3612,0.7625,9.5398,1.1562,-0.0949,-0.0525,0.0325,S
2235,1832,3194,3149,3118,1.2438,8.7638,0.8283,0.13,-0.0517,-0.0281,9
2661,501,2935,2812,2776,0.1146,9.8696,0.5523,0.0923,0.0967,0.0128,D
1779,574,636,401,1853,1.0484,9.3253,0.8526,0.0393,-0.0673,0.0595,6
2137,558,1830,463,517,0.2668,9.5945,0.8469,0.0198,0.068,-0.0618,8
600,475,483,3161,3318,0.9172,9.844,1.2608,-0.0442,-0.0225,-0.0385,3
3151,536,280,460,457,0.6165,9.5845,0.6149,0.0071,-0.1065,0.0384,B
2773,523,482,3235,3169,-0.2178,9.5428,0.3438,0.0002,-0.0626,0.0259,2
2266,519,3170,3207,3284,0.6176,6.3527,6.7674,0.0407,-0.019,0.0058,Q
2874,496,476,3255,3060,0.2399,9.7344,0.8759,-0.0244,-0.0239,0.0772,U
2984,439,3097,3134,3195,0.2815,9.967,0.5093,-0.0247,0.0241,0.0582,1
353,403,337,597,645,0.475,9.0189,1.3605,0.0233,0.0615,0.0295,5
3037,522,432,364,430,0.722,9.6098,1.2984,-0.0359,0.0393,0.0084,4
2260,582,614,1788,401,0.0608,10.0205,1.4846,0.0669,-0.0293,0.0844,7
3065,3244,3128,3260,403,1.7487,8.4654,2.834,0.0445,0.0143,0.0883,J
2834,1844,3209,3180,3341,0.4445,8.7372,0.2717,0.0602,-0.0917,-0.0272,X
2264,1846,3123,3170,3246,0.026,9.6369,0.8362,-0.0676,-0.0266,-0.0343,9
409,548,3155,3342,3205,0.8781,9.1716,1.1254,-0.0117,0.0131,-0.0255,L
2198,475,449,1779,463,0.2026,9.4114,0.8037,0.0162,-0.0477,0.0508,7
2708,569,446,3252,3153,0.5057,9.447,0.4986,0.0073,-0.0606,0.0228,2
2871,3177,3114,3185,444,1.8867,8.8183,3.1426,0.0504,-0.08,0.0029,J
1926,2034,1996,1982,1936,-0.0317,9.4546,1.6137,-0.0496,-0.0267,0.0771,O
1760,1927,1700,1709,1712,0.9796,9.1295,1.7219,0.1286,-0.1125,0.0304,C
2978,3169,3092,3281,446,1.6739,8.5639,2.7699,-0.0263,0.0129,-0.0163,J
2899,3196,3298,3290,465,-0.0849,9.4706,0.6595,0.0223,-0.0053,-0.0377,I
1997,1955,1992,2059,1973,0.566,9.4709,1.4022,-0.0368,-0.0263,0.035,O
2083,460,3152,3147,3115,0.5808,6.9046,6.3739,-0.0704,-0.0149,0.0573,Q
2809,3529,3425,3379,3376,0.031,9.7649,0.9766,-0.009,0.1597,0.0149,A
3072,533,621,3327,3110,0.6172,9.6562,1.3225,0.0981,-0.0416,0.1721,2
3003,3204,3219,3179,506,2.3377,8.4748,2.9909,-0.0017,0.0649,-0.0554,J
2125,626,3203,3245,3160,5.0624,7.1951,2.1994,0.0387,-0.0184,-0.024,G
1783,633,503,576,1978,0.3579,9.4446,1.4451,0.0061,-0.0139,0.1172,6
3107,473,536,563,447,-0.2411,9.4558,0.9912,-0.0848,0.0126,0.042,4
1984,1984,2034,1983,2097,0.1093,9.7642,0.938,0.0073,-0.0166,-0.0758,O
2682,526,2741,2884,2877,0.5158,10.1459,0.7751,0.0324,-0.0292,0.1226,D
3095,3087,3388,3270,357,0.2328,9.5494,0.9176,-0.0495,0.0016,-0.0061,I
3135,2971,2947,3065,3143,0.2566,9.2043,0.8556,0.0034,0.0484,0.0429,M
2271,572,3081,3306,3390,0.3934,6.962,6.8718,0.0033,-0.0002,0.0948,Q
2901,541,472,2965,3131,0.9032,9.4057,1.603,-0.0674,0.0089,-0.0488,V
2544,2532,519,461,497,0.3853,9.3866,0.4992,0.0215,-0.0061,-0.0168,F
2125,536,3021,3116,3163,0.6072,7.2608,6.5248,0.0283,-0.008,0.0202,Q
2659,444,2837,2743,2780,0.4399,9.7562,0.4761,0.0499,0.0564,-0.0565,D
615,389,401,463,525,0.1098,9.0266,0.6338,-0.0208,-0.05,0.1112,5
2324,477,1822,610,400,0.2851,9.7639,1.7408,-0.0993,-0.0059,0.0314,8
2742,1210,1051,3331,3159,0.1611,9.769,0.8626,-0.0069,0.0796,-0.0841,R
3072,3117,3159,3205,519,1.8502,8.7361,3.1771,0.057,-0.0041,-0.0256,J
2699,3381,3437,3478,3393,0.404,9.5455,0.7495,0.1045,-0.0804,0.0092,A
2014,1864,1967,2028,1937,0.3912,9.5175,1.5218,0.0523,0.0192,-0.0478,O
570,398,3268,3272,3226,0.6631,9.7297,1.3513,0.0397,0.0582,0.088,L
2833,422,421,3249,3196,0.4439,9.0145,1.3882,-0.0571,-0.0144,-0.0126,V
2866,427,2657,2757,2738,0.2764,9.4089,1.0223,-0.0144,0.0075,0.0079,D
2829,329,729,468,3132,0.1501,9.5085,1.2873,-0.0566,-0.0686,0.0528,W
2830,486,475,3144,3308,0.7548,9.1314,1.4109,0.0177,0.0731,-0.0085,V
2261,568,3284,3060,3175,0.7979,6.7229,6.8658,0.0905,0.0596,0.0331,Q
3259,485,448,605,613,0.0199,9.14,0.8023,-0.0342,0.0395,-0.0985,B
2757,1286,1033,3211,3087,0.4755,9.4014,0.3701,0.0215,-0.0629,-0.1046,R
532,3153,3214,3208,470,-0.0494,9.5343,2.0971,0.007,-0.0307,0.0104,Y
509,399,509,416,530,0.5785,9.6581,1.2968,0.0235,0.0394,0.0646,5
2816,569,3206,3179,3255,0.3686,10.0013,0.9627,-0.0057,0.0323,0.0534,1
2937,3283,3211,3125,567,0.3539,9.8858,0.4557,0.0184,0.0387,-0.0212,I
2684,542,541,3292,3028,0.7516,9.934,1.1626,0.006,0.0111,0.0109,2
2981,2916,3002,3360,3123,0.5658,10.0008,0.692,-0.035,0.0287,0.0177,N
3077,3182,3115,3180,467,0.6027,9.4893,0.7171,0.0706,0.0254,0.0831,I
2854,555,3161,3263,3123,2.8749,8.1181,4.2773,-0.0112,-0.0241,-0.0021,Z
2047,1987,2085,2048,2027,0.5948,9.5689,1.7266,-0.0137,0.0407,-0.0327,0
2810,524,478,3051,3146,0.4133,9.3933,0.9456,-0.0732,-0.0969,0.0348,2
2715,1230,955,3184,3254,0.4437,9.3252,0.7839,-0.0467,0.0435,0.0768,R
1799,420,493,554,1901,0.7953,9.3818,1.1525,0.0622,-0.0055,0.0434,6
333,556,651,3179,3259,0.1986,9.7761,1.153,0.0109,0.008,0.0197,3
3013,2856,2850,2761,2757,0.592,9.7146,0.882,-0.0794,-0.0104,0.0312,E
2744,415,398,3264,3290,0.5625,9.455,0.9911,0.0305,-0.1013,-0.0175,2
550,393,463,539,529,0.5584,9.0542,1.096,0.0558,-0.0753,0.087,5
2702,1775,3230,3146,3134,0.6188,10.2896,1.1621,-0.0457,0.0436,0.0872,X
2751,481,643,3172,3297,0.4162,9.4341,0.9024,-0.0358,0.0452,0.0624,U
1397,494,454,3219,3108,0.4534,9.3683,0.6252,-0.0664,-0.0589,-0.0103,K
2743,429,2842,2735,2782,0.7627,9.8983,1.0707,-0.025,0.0272,-0.0117,D
2272,1753,3186,3282,3221,0.0045,9.4505,1.5256,-0.1167,0.0069,-0.0418,9
1760,2071,2021,2001,1895,-0.013,9.2096,1.6085,-0.0293,0.045,-0.0477,O
2593,3300,3421,3252,3421,1.0486,8.9661,0.6956,0.0364,0.0423,-0.0471,S
2937,3262,3108,3282,525,0.0656,9.8074,0.6229,0.0375,-0.0137,-0.0861,I
2912,1176,1021,3178,3244,0.3212,9.5794,0.9841,-0.0233,0.0186,-0.0087,R
2757,1166,1012,3103,3289,-0.0443,9.0819,1.0973,-0.0218,0.0035,0.0327,R
2214,393,3213,3309,3177,4.6486,6.9619,1.7504,0.0297,-0.0074,0.0855,G
2835,1865,3209,3226,3082,0.1509,9.5255,1.0557,0.02,0.0703,-0.0047,X
1789,376,467,508,1837,-0.1127,9.2563,0.5839,-0.0254,-0.0215,0.0315,6
2736,642,423,3235,3129,0.3288,9.5987,0.8077,0.0827,0.0714,-0.0375,2
3061,3150,3163,3239,458,2.164,8.5286,2.9748,-0.0786,-0.041,0.0301,J
1972,2089,1814,2088,2071,0.4232,9.2721,1.988,-0.0655,-0.0091,0.0324,0
2573,3467,3353,3448,3447,0.4948,9.8183,1.2399,0.0364,0.0683,0.0014,S
2303,366,3344,3311,3149,0.1649,7.3159,6.0891,-0.0334,-0.0658,0.0003,Q
2183,1931,3288,3270,3230,0.5301,10.0026,1.5386,0.0061,0.0362,-0.0125,9
2804,557,382,3164,3318,0.6915,9.7001,0.6864,-0.0468,-0.0265,0.0319,2
2413,3480,3412,3421,3334,0.0875,9.4513,0.3915,0.039,-0.0352,-0.0134,S
2692,1287,984,3118,3155,-0.0668,9.4152,0.2393,-0.0037,0.0294,-0.0674,R
2974,3147,3221,3202,459,2.3753,9.069,3.35,0.0279,0.0381,0.0928,J
2721,509,2766,2734,2715,0.0853,9.9364,0.6017,-0.0257,-0.0228,0.0169,D
2738,1807,3117,3171,3233,0.6535,9.1285,0.7754,0.0471,0.0662,-0.0387,X
1952,1994,2068,2065,2000,0.6686,9.2619,1.2081,-0.0029,-0.0367,-0.0498,0
2467,3386,3308,3435,3491,0.8571,9.3656,1.1935,-0.0048,0.044,-0.0002,S
2846,436,424,623,3055,0.65,9.5024,0.863,-0.0334,-0.0178,0.0108,W
2756,1947,3121,3207,3214,0.384,10.1445,1.5073,-0.0819,0.0244,-0.0006,X
2721,541,3173,3197,3309,0.4328,9.5072,0.2039,0.0153,-0.0486,0.0627,1
2749,552,3329,3284,3308,0.2582,9.3752,-0.1001,-0.1036,-0.0102,0.0253,1
2653,433,2745,2736,2815,0.2518,9.4334,0.9284,0.0862,0.082,-0.0961,D
2280,466,3141,3382,3345,5.1403,7.3417,1.3322,-0.0394,-0.0235,-0.0118,G
378,439,337,3437,3101,0.728,9.7181,0.7282,0.0387,-0.0534,-0.0407,3
2835,678,3207,3322,3202,3.1357,7.834,3.4344,-0.0913,-0.0042,-0.0119,Z
3023,2955,3159,3093,3292,-0.2012,10.1379,0.4575,0.0095,-0.0815,-0.0675,N
2214,548,490,1933,381,0.178,9.3094,1.0028,-0.0323,-0.062,-0.0178,7
2851,300,465,3275,3088,0.2,9.6959,0.5647,0.0004,0.0193,0.0151,U
2150,472,3316,3110,3141,4.7694,7.4854,2.598,0.0376,0.0392,-0.029,G
2801,518,3165,3278,3258,0.3377,9.7616,0.3603,0.0973,0.0404,-0.0051,1
2900,595,3386,3225,3364,0.543,9.2398,0.5086,-0.0458,0.0765,0.0084,1
504,418,3318,3080,2920,0.7308,9.6732,1.6242,-0.0651,-0.0029,-0.0139,L
2128,421,3173,3129,3398,0.3621,7.2963,6.3021,0.1117,0.017,0.0418,Q
2677,456,3126,3308,3079,0.5476,9.7591,0.1257,-0.0176,-0.0091,0.0292,1
1592,611,489,3242,3341,0.3804,9.1801,0.8847,-0.0652,0.0186,0.0532,K
2252,396,423,3039,3156,5.4532,7.0794,1.6405,0.0509,0.0616,0.0052,H
3021,3194,3093,3178,549,0.2632,9.8707,0.9151,-0.0439,-0.066,-0.0079,I
2922,577,3254,3231,3216,0.5363,9.7761,0.6134,0.0012,-0.0067,0.0958,1
2116,1835,3202,3174,3209,0.6713,8.896,1.0361,-0.0487,-0.0449,-0.0394,9
2248,1742,3214,3168,3155,0.0465,9.4892,0.7052,-0.0585,0.0343,-0.0083,9
2579,3244,3426,3419,3265,0.1609,9.2604,1.0158,0.0733,0.0537,-0.018,S
2762,488,482,3314,3267,0.3711,9.563,0.8864,0.0659,0.0041,-0.0287,2
2620,527,3144,2965,3287,2.6131,8.2846,3.7076,-0.0232,-0.1142,0.0212,Z
495,3249,3131,3212,507,0.5402,9.6082,1.3727,-0.0265,-0.0307,-0.0328,Y
2960,2988,2992,3328,3271,0.5372,9.1266,0.6031,0.0594,-0.0585,0.0042,N
1597,558,550,3190,3233,-0.2309,7.3951,4.9692,-0.0221,-0.0798,-0.025,P
2163,389,371,3364,3157,4.9443,6.6662,2.2845,-0.0391,-0.0246,0.015,H
2246,461,587,1726,415,0.5195,9.5644,0.7571,-0.0416,0.019,0.0125,7
2956,3080,3059,3175,3166,0.6292,9.6696,1.1134,-0.1194,0.0049,-0.0789,N
2815,3012,2929,3215,3227,-0.1987,9.5319,0.8467,0.0044,-0.0061,-0.061,N
348,480,533,3201,3374,0.628,9.4194,1.1824,-0.0656,0.05,-0.0252,3
1597,569,464,3204,3181,0.8886,6.6886,5.814,-0.0358,0.0155,0.0028,P
2145,534,3330,3201,3186,0.0891,6.8907,6.2854,0.0014,-0.0756,-0.0164,Q
2968,3129,3200,3255,441,0.2888,9.3968,0.8628,-0.0275,-0.037,-0.034,I
2011,1966,2005,1996,1883,0.4412,9.2225,2.0579,-0.008,0.0137,0.1076,0
2287,630,536,1767,528,0.4168,9.4433,0.8787,0.0274,0.0319,-0.0348,7
2578,2619,475,521,634,-0.0372,9.193,1.6398,0.0546,0.0261,-0.0224,F
2800,1641,3357,3051,3193,-0.3646,9.2523,1.5206,0.0572,0.0493,-0.0096,X
2076,534,3186,3212,3073,0.3744,7.1441,7.0629,-0.0103,0.0722,0.0394,Q
3005,3284,3276,3173,458,0.2301,10.0344,0.7163,0.0039,-0.0213,0.0353,I
2171,487,1759,564,540,0.348,9.3382,0.8302,0.0219,0.0028,0.0099,8
586,512,553,593,452,-0.0665,9.6659,1.3738,-0.0857,-0.0303,-0.0121,5
2092,625,518,1773,624,0.4878,9.4373,0.7655,0.0278,0.0261,0.0341,7
2948,3289,3161,3223,447,0.5812,9.4033,1.305,-0.0498,-0.0673,0.0476,I
3123,348,452,482,598,0.3884,9.5155,0.5776,0.0574,-0.0403,0.0106,4
2881,545,545,3111,3241,0.1802,9.6527,0.9656,-0.0578,0.0079,0.0118,U
2951,577,3256,3284,3256,2.3758,7.965,3.8141,0.0164,-0.0278,0.0296,Z
1876,1582,1788,1685,1761,0.9104,8.8925,1.3343,-0.0549,0.1146,0.0934,C
3116,2944,2925,3166,3177,0.7916,9.5016,1.59,0.0032,0.1029,0.0447,N
3031,2725,2703,2899,2858,0.4198,9.9995,0.9197,0.0661,0.0088,-0.0512,E
2172,561,566,3184,3177,5.4497,7.2799,2.0217,-0.0815,0.0172,0.0349,H
619,335,547,3265,3255,0.8287,9.4365,1.3759,-0.0345,-0.0303,0.1035,3
2683,503,3370,3152,3194,3.0409,7.8731,4.427,0.0605,0.0409,0.048,Z
3057,525,459,493,527,0.0538,9.4973,0.5102,-0.0544,-0.0543,0.034,B
2799,411,390,539,3343,0.6227,9.4526,1.2569,0.0052,0.0102,-0.0343,W
2250,407,1830,383,566,0.5009,9.3104,1.3379,-0.0179,-0.0167,0.0267,8
2969,2755,2760,2580,2832,0.1463,9.0169,1.226,-0.0541,-0.0169,0.0733,E
2798,499,476,544,3314,1.3952,9.3556,1.6578,0.05,0.0133,-0.1105,W
2136,527,1802,555,346,0.6018,9.98,0.4293,-0.0474,0.0283,-0.0067,8
1860,1750,1731,1751,1889,1.0039,8.9462,1.467,0.0646,-0.0375,0.0658,C
2460,2409,489,414,432,0.2074,9.3539,0.9401,0.0453,0.0203,-0.0035,F
2040,3245,3328,3172,3122,0.7402,9.6219,0.6674,0.0353,0.0919,-0.0347,T
2934,2887,3121,3182,2925,0.419,9.7127,0.24,-0.0416,-0.0438,-0.0371,N
2787,601,3249,3241,3259,0.3975,9.5988,0.7895,-0.0238,-0.0081,-0.0828,1
2181,503,342,1721,503,-0.0186,9.786,1.1739,-0.0794,-0.0115,0.0188,7
2837,470,3154,3261,3316,2.8448,8.0946,3.5773,0.0902,0.0573,-0.0292,Z
2103,524,520,3246,3189,4.7716,7.197,1.606,0.0729,-0.0116,0.0123,H
2961,3075,2974,3160,3231,0.7839,9.8561,0.9701,0.1375,-0.0366,-0.0377,N
563,530,427,3068,3184,0.8319,8.9091,1.5845,0.0417,0.0095,-0.0058,3
2994,2934,2994,3131,3208,0.5991,9.2475,0.3403,0.0025,-0.0384,0.0016,N
440,597,487,557,446,0.2065,9.1947,1.4335,0.0388,-0.0525,0.0571,5
3034,2740,2772,2809,2760,0.6007,10.0607,0.7737,-0.0833,-0.1001,-0.0075,E
507,451,518,3098,3179,0.4474,9.3186,1.7598,0.0651,0.01,0.0214,3
2547,3409,3369,3319,3367,0.455,9.674,1.0367,0.0325,-0.076,0.0433,S
2917,3059,3009,2937,3209,0.1179,9.3649,1.1492,0.0391,-0.0011,0.0072,M
2740,473,504,553,3193,0.6081,9.2698,1.2859,-0.0125,0.0134,-0.0883,W
1462,387,547,3126,3105,0.7947,7.2617,6.1157,-0.0619,0.0895,0.0514,P
594,3320,3071,3302,552,0.6465,9.5969,1.4206,0.0301,-0.0529,-0.0706,Y
414,464,419,3251,3281,0.7008,9.5499,1.1134,-0.0371,-0.0222,0.0003,3
3344,484,557,396,423,0.3417,10.1452,0.6067,-0.0157,-0.0,-0.0625,B
451,583,521,325,523,0.2119,9.0233,1.287,-0.0382,0.0131,0.046,5
1550,383,638,3179,3255,0.6171,6.2531,5.8029,0.042,0.0031,0.0344,P
3147,515,426,354,496,0.6918,9.4185,0.8944,0.037,0.0344,-0.0002,4
563,497,3224,3177,3115,0.4284,9.0933,1.1741,0.0603,-0.021,-0.0371,L
2780,1244,985,3153,3125,-0.7283,9.8205,0.3086,-0.044,0.0146,-0.0161,R
373,522,520,3120,3228,0.446,9.1606,0.9778,-0.0521,-0.032,0.044,3
2699,456,464,477,3103,-0.0438,9.438,1.2381,0.0311,0.0408,0.0196,W
1831,555,435,539,1750,0.2363,9.9731,1.0755,-0.0737,-0.0219,-0.0133,6
2733,627,509,564,3325,0.6474,9.1569,1.5659,0.0848,-0.0973,-0.0051,W
2757,491,459,3162,3154,0.309,9.8132,0.2896,0.0144,0.006,0.0692,2
3090,422,556,395,372,0.011,9.9196,0.4409,-0.0232,0.0022,-0.0873,B
2166,500,474,1743,654,0.3397,9.7995,0.629,0.0668,-0.0274,0.1401,7
2797,487,480,3132,3213,0.2485,9.6485,0.617,-0.0329,-0.0272,0.0635,2
1941,1995,2001,1915,1954,-0.0299,8.9278,1.4958,0.048,-0.0178,-0.0015,0
2062,542,493,3202,3287,5.2286,7.5764,2.0462,-0.0346,-0.0094,0.0208,H
2893,2955,2926,3284,3348,0.3926,9.7173,0.8274,0.0219,0.0387,0.0213,N
1523,457,577,3075,3254,0.6742,9.7869,0.5302,0.0157,-0.0334,-0.0703,K
2065,2071,2228,2039,1968,0.5091,9.617,1.1245,-0.0973,-0.0411,0.041,0
2837,610,3172,3321,3261,0.4353,9.6266,0.5276,-0.0224,0.0148,0.0126,1
2947,2923,2945,3143,3289,0.4323,9.8437,0.2324,0.0364,0.047,-0.112,M
2675,3448,3297,3540,3233,1.0089,9.5633,0.971,-0.0272,0.02,-0.0019,A
1813,3355,3047,3276,3074,0.827,9.4166,1.1153,-0.0993,0.0365,0.0208,T
1452,505,454,3174,3255,0.2498,9.0998,1.169,0.0133,0.0164,0.0313,K
1945,1892,1982,1892,2137,0.1627,9.7534,0.8984,0.1003,0.0292,0.0396,0
1738,1870,1743,1851,1769,0.4072,8.8289,1.1463,0.0017,-0.0595,0.0463,C
3143,376,487,461,422,0.1474,9.8475,0.4972,0.0153,0.0907,-0.0171,B
573,534,561,464,525,0.4436,10.5608,0.9072,-0.0393,0.1001,0.0172,5
514,3227,3206,3212,590,0.4329,9.4801,1.2386,0.0266,-0.0136,0.0214,Y
582,503,413,699,466,0.233,9.3535,1.1194,-0.0726,0.0068,-0.0843,5
2080,3252,3206,3194,3103,0.1703,9.2295,0.8946,0.005,-0.0054,0.0108,T
595,3261,3085,3049,491,0.3088,9.0117,1.2731,0.029,-0.0752,0.0924,Y
2498,2527,650,508,547,0.3073,9.6304,1.0421,0.0036,-0.0054,0.0516,F
3104,2810,2795,2822,2772,0.4681,9.3224,1.3823,-0.0057,-0.0191,-0.0462,E
3308,533,503,385,394,0.2843,9.0602,0.8038,-0.0079,0.1622,0.1154,B
2273,561,1845,449,545,0.1771,9.4738,0.2093,0.0579,0.0863,0.0112,8
1722,352,435,522,1893,0.3394,9.203,1.1639,-0.0134,-0.0506,0.0271,6
2520,2574,471,514,229,0.4651,9.6292,1.0829,-0.0233,-0.0521,0.0502,F
2329,472,3138,3259,3318,5.3353,7.1506,2.3261,-0.0858,-0.0261,-0.0456,G
2476,3443,3601,3406,3476,0.2712,9.8211,1.2718,-0.0305,0.0389,0.0412,S
2767,378,462,576,3247,0.7433,9.0389,0.8341,0.0567,0.0413,-0.0129,W
2085,513,3198,3167,3060,0.597,7.2663,7.3541,0.0654,-0.0649,-0.0006,Q
429,3128,3226,3107,449,0.5089,9.3992,1.8347,-0.0627,-0.0625,0.0653,Y
2032,498,447,581,1790,1.1272,9.1461,1.1458,0.0766,0.0244,-0.0148,6
3096,2748,2863,2739,2978,0.1921,9.8078,1.2531,0.0158,-0.0335,-0.0076,E
3107,3175,3105,3105,352,1.8624,8.3847,3.2363,0.0008,-0.0245,-0.0058,J
2784,416,381,3164,3178,1.1349,9.3199,1.1485,-0.0366,0.0357,-0.0212,V
2935,3350,3415,3340,3294,0.3165,9.4889,0.8712,-0.0346,-0.0703,-0.0042,A
2961,359,413,3177,3328,0.3283,9.3959,0.982,0.0453,-0.0384,-0.0344,2
2213,567,1663,396,563,0.0543,9.4231,1.063,0.0477,-0.0153,0.0246,8
1741,342,545,606,1835,0.299,9.4515,0.959,-0.0486,-0.0099,-0.0028,6
2867,1725,3259,3071,3046,0.8232,9.1931,1.0317,-0.0134,0.0172,0.0026,X
2127,574,444,3124,3242,5.3648,7.1464,2.0062,0.0155,0.0068,-0.0563,H
1998,3160,3108,3351,3205,0.3053,10.1365,1.0667,0.1272,-0.0708,-0.0119,T
2011,1911,2095,1934,2024,0.6827,9.465,1.2766,-0.0462,0.0427,0.0276,0
3032,3068,3083,3071,3195,0.9033,9.6357,0.5506,-0.004,-0.0192,-0.0588,N
2863,1080,998,3263,3192,-0.091,9.4553,0.8567,-0.1053,-0.0676,0.0987,R
2452,2515,488,492,514,0.2059,9.4119,1.249,0.0064,-0.0108,0.0569,F
1563,409,444,3160,3231,0.8714,6.8598,6.4616,0.1052,-0.0175,-0.0188,P
2138,3107,3160,3163,3223,0.5983,9.099,0.7946,0.0224,-0.0333,-0.0201,T
2178,747,374,3162,3086,5.0374,6.6392,1.9674,-0.0975,0.0309,0.0611,H
3048,3218,3248,3280,448,1.6535,8.4887,2.9011,0.0393,-0.0537,0.051,J
1422,430,632,3103,3238,-0.1333,6.9099,6.1755,-0.0015,0.0262,-0.0613,P
524,596,449,399,652,0.4225,9.7478,1.2665,0.064,0.0147,0.0169,5
2972,3338,3469,3414,3575,0.2575,9.2481,0.8202,-0.1062,-0.0263,-0.038,A
2837,576,418,3093,3188,-0.086,9.6923,0.5649,0.0095,-0.0087,0.0319,U
2715,474,2816,2880,2764,0.0354,9.1672,0.944,0.0692,0.0633,0.0355,D
2971,2912,3062,2871,3311,0.0192,9.851,0.8073,0.0135,-0.0295,0.0176,M
2282,499,627,3268,3171,4.975,7.1699,2.2901,0.0161,0.0553,-0.0148,H
2254,1838,3235,3319,3123,0.5525,9.3839,0.9363,0.0052,0.028,0.0292,9
2852,602,3087,3118,3320,0.7565,9.6951,0.493,0.0586,0.0266,0.0303,1
567,436,483,444,534,0.3223,9.804,1.0157,0.0532,-0.1056,-0.036,5
2219,475,3127,3298,3304,4.7348,6.9539,1.957,-0.0016,0.0032,0.0473,G
2228,1703,3260,3369,3200,0.6306,9.4794,0.9199,0.0158,0.0111,0.0886,9
2986,3012,2973,3163,3070,0.4012,9.0227,0.8093,-0.09,0.0025,-0.0003,N
2010,2009,1993,2010,1821,0.2571,9.8629,1.1409,0.0833,-0.0703,-0.0764,O
1614,489,393,3079,3376,0.333,9.6304,0.7686,0.016,0.073,-0.0326,K
3321,540,582,447,568,-0.1276,9.9671,0.5516,0.0277,-0.0588,-0.0448,B
1369,272,414,3150,3251,0.4202,9.5281,0.6957,-0.0265,-0.0465,-0.0612,K
475,439,3180,3243,3276,0.0191,9.309,1.4576,-0.0591,-0.006,0.0074,L
2696,504,2873,2833,2795,-0.2105,9.3571,0.8563,-0.0394,0.0102,0.0341,D
2932,2969,3060,2960,3278,0.6915,9.9431,1.3939,-0.0045,0.0089,0.016,M
1908,1935,2042,1958,1981,0.7408,9.5182,0.9212,-0.0862,-0.0193,-0.0557,0
520,589,550,403,525,0.8395,9.6492,1.3541,0.049,-0.0569,0.089,5
1965,2006,1857,2050,2006,0.8002,9.5824,1.536,-0.0178,0.0761,0.1085,O
2906,434,503,612,534,0.3316,9.9673,0.6808,0.0585,0.0868,-0.0077,4
2645,488,2610,2828,2721,0.349,9.9942,0.5154,0.0531,-0.0217,0.0877,D
2255,3142,3127,3106,3236,0.5033,9.5303,0.8667,0.068,0.0382,0.036,T
2845,1242,953,3209,3013,0.5971,10.1082,0.8572,-0.0803,0.0371,-0.0382,R
2093,439,3079,3308,3286,0.7218,7.1653,6.8745,-0.0121,0.0211,-0.0406,Q
2278,388,516,3296,3247,4.6994,6.805,1.8644,-0.0302,0.0764,-0.0961,H
2264,399,1852,551,535,0.894,8.8159,0.9462,0.0741,-0.0556,0.0325,8
2137,596,3219,3248,3128,4.1139,6.8431,1.74,0.0175,0.1643,0.0348,G
3062,3124,3175,3318,442,2.02,7.7127,2.5554,0.0079,0.0614,-0.0681,J
2820,1655,3278,3170,3202,0.2567,9.4706,0.9857,-0.0835,0.0433,0.0056,X
1423,584,603,3260,3170,0.4178,7.4707,6.3843,0.0997,-0.039,-0.0435,P
3054,3063,2891,3302,3160,0.1212,9.4203,1.0426,-0.0134,-0.0332,-0.0212,N
2325,1833,3150,3190,3067,0.4007,9.0067,1.3796,-0.0217,-0.0152,-0.0209,9
2763,3400,3448,3284,3216,0.3348,9.1338,0.8476,-0.0074,-0.0227,0.0726,A
2990,3037,3276,3152,527,2.0205,8.9615,2.9624,-0.0008,0.0789,-0.0329,J
2943,2765,2681,2616,2711,-0.0711,9.601,0.8446,-0.0269,-0.0492,-0.1616,E
3162,2992,3091,3167,3281,0.2472,9.2144,-0.2598,-0.0134,0.014,0.0665,N
1502,475,593,3127,3221,0.8364,9.288,0.9109,0.1173,0.0237,-0.0253,K
2913,2934,3061,3014,3187,0.3008,9.5863,0.7373,0.0259,0.0222,-0.0786,M
2318,2421,480,706,543,0.0577,9.1931,1.184,0.0127,-0.0657,-0.0067,F
1828,1840,1823,1759,1758,0.6403,9.5354,1.504,-0.0112,-0.0464,0.1468,C
1998,2063,2041,2060,2072,-0.0238,8.9757,1.8514,-0.0391,-0.0336,-0.0631,O
523,3257,3419,3134,544,0.9488,9.8155,1.5542,-0.0654,-0.0897,0.0413,Y
464,424,494,588,546,0.1675,9.7904,0.6472,0.0166,0.0697,-0.0588,5
2808,427,467,3153,3093,0.0276,9.5956,0.8896,-0.0342,-0.0601,-0.0178,U
2118,604,3044,3201,3219,0.5725,6.9071,6.5354,-0.0618,0.0433,0.0125,Q
2864,413,559,484,3228,0.6454,9.0668,1.3781,-0.0093,-0.062,-0.0073,W
2510,2584,564,497,453,0.6996,9.553,1.0282,0.0083,0.0618,0.1035,F
1884,455,368,507,1884,0.5471,9.1819,0.8852,0.0353,-0.0116,-0.026,6
2800,444,3166,3090,3253,2.7306,7.8008,3.7654,-0.0364,0.0072,0.0031,Z
1885,1929,2034,1892,2073,0.5174,9.5122,1.5103,-0.0049,-0.0544,-0.0274,0
2957,3017,2890,3045,3239,-0.0725,9.9095,0.9664,0.037,-0.0189,0.0089,M
2097,313,1811,613,486,0.1851,9.1641,1.3342,0.0041,0.0061,-0.0722,8
2851,665,580,3281,3290,0.6141,9.7393,0.5968,-0.0332,0.0216,0.0305,2
473,676,3245,3201,3265,0.3558,9.6769,1.7686,0.0627,-0.022,-0.0611,L
2927,439,2627,2836,2711,0.5966,9.4857,0.9811,0.0701,-0.0604,-0.0283,D
3031,3106,3282,3240,371,0.2887,9.7158,0.623,-0.074,0.0139,0.1106,I
2824,3465,3468,3353,3386,0.5848,9.4254,1.4822,0.0245,0.0367,0.0331,A
1951,1996,1880,2001,1904,0.0048,9.1159,1.6233,0.0202,0.0048,0.0496,O
1464,596,385,3144,3239,0.0944,7.1565,6.0511,-0.0757,0.0484,-0.0631,P
2833,1274,1099,3116,3144,0.5723,9.6444,0.1318,-0.0833,0.0331,0.042,R
630,533,492,415,563,0.492,8.794,0.4802,0.0175,-0.0416,-0.052,5
2786,435,3125,3251,3227,0.1696,9.6829,0.8636,-0.0036,-0.0003,0.0764,1
2718,580,500,495,3128,0.9723,9.3738,0.6313,0.0138,-0.0382,0.0455,W
2111,2094,1996,1970,1903,0.8076,8.7649,2.0116,0.0422,-0.0373,0.0615,0
1778,1798,1811,1807,1834,1.2532,9.1178,1.6361,-0.0791,0.0025,0.024,C
541,474,469,467,555,0.6889,9.6478,0.7907,0.0684,0.0128,0.0525,5
2650,483,501,3322,3177,0.4289,9.577,1.1967,-0.0597,-0.0392,-0.0426,2
1563,464,544,3160,3109,0.2371,6.5145,6.5365,0.0071,-0.0398,-0.0189,P
2447,3449,3451,3506,3500,0.1299,9.2764,0.7896,-0.0076,-0.0312,-0.0087,S
2806,556,3194,3316,3141,3.2582,8.1693,4.37,0.006,0.0165,0.0159,Z
2026,2090,2027,1970,2041,0.7351,9.4427,1.2351,-0.049,0.044,-0.0074,0
1995,2051,2181,1984,1863,0.331,9.4807,1.9538,-0.0473,-0.0022,0.001,0
3030,2796,2792,2820,2842,0.0251,9.9301,0.4421,-0.0342,-0.0047,0.0206,E
